{"Time":"2026-09-05T23:35:29.524618+09:00","Action":"start","Package":"waiting-room/internal/installplan"}
{"Time":"2026-09-05T23:35:29.52472+09:00","Action":"start","Package":"waiting-room/internal/installplan/preflight"}
{"Time":"2026-09-05T23:35:29.549468+09:00","Action":"start","Package":"waiting-room/internal/installplan/preview"}
{"Time":"2026-09-05T23:35:29.55363+09:00","Action":"start","Package":"waiting-room/cmd/wrctl"}
{"Time":"2026-09-05T23:35:29.727587+09:00","Action":"run","Package":"waiting-room/internal/installplan","Test":"TestCostReferenceSubtotals"}
{"Time":"2026-09-05T23:35:29.727614+09:00","Action":"output","Package":"waiting-room/internal/installplan","Test":"TestCostReferenceSubtotals","Output":"=== RUN   TestCostReferenceSubtotals\n"}
{"Time":"2026-09-05T23:35:29.728241+09:00","Action":"output","Package":"waiting-room/internal/installplan","Test":"TestCostReferenceSubtotals","Output":"--- PASS: TestCostReferenceSubtotals (0.00s)\n"}
{"Time":"2026-09-05T23:35:29.728249+09:00","Action":"pass","Package":"waiting-room/internal/installplan","Test":"TestCostReferenceSubtotals","Elapsed":0}
{"Time":"2026-09-05T23:35:29.728258+09:00","Action":"run","Package":"waiting-room/internal/installplan","Test":"TestCostRoundingAndZero"}
{"Time":"2026-09-05T23:35:29.72826+09:00","Action":"output","Package":"waiting-room/internal/installplan","Test":"TestCostRoundingAndZero","Output":"=== RUN   TestCostRoundingAndZero\n"}
{"Time":"2026-09-05T23:35:29.728697+09:00","Action":"output","Package":"waiting-room/internal/installplan","Test":"TestCostRoundingAndZero","Output":"--- PASS: TestCostRoundingAndZero (0.00s)\n"}
{"Time":"2026-09-05T23:35:29.728702+09:00","Action":"pass","Package":"waiting-room/internal/installplan","Test":"TestCostRoundingAndZero","Elapsed":0}
{"Time":"2026-09-05T23:35:29.728709+09:00","Action":"run","Package":"waiting-room/internal/installplan","Test":"TestCostInvalidInputs"}
{"Time":"2026-09-05T23:35:29.728711+09:00","Action":"output","Package":"waiting-room/internal/installplan","Test":"TestCostInvalidInputs","Output":"=== RUN   TestCostInvalidInputs\n"}
{"Time":"2026-09-05T23:35:29.728727+09:00","Action":"run","Package":"waiting-room/internal/installplan","Test":"TestCostInvalidInputs/missing-date"}
{"Time":"2026-09-05T23:35:29.728729+09:00","Action":"output","Package":"waiting-room/internal/installplan","Test":"TestCostInvalidInputs/missing-date","Output":"=== RUN   TestCostInvalidInputs/missing-date\n"}
{"Time":"2026-09-05T23:35:29.728937+09:00","Action":"output","Package":"waiting-room/internal/installplan","Test":"TestCostInvalidInputs/missing-date","Output":"--- PASS: TestCostInvalidInputs/missing-date (0.00s)\n"}
{"Time":"2026-09-05T23:35:29.728941+09:00","Action":"pass","Package":"waiting-room/internal/installplan","Test":"TestCostInvalidInputs/missing-date","Elapsed":0}
{"Time":"2026-09-05T23:35:29.728978+09:00","Action":"run","Package":"waiting-room/internal/installplan","Test":"TestCostInvalidInputs/region"}
{"Time":"2026-09-05T23:35:29.728981+09:00","Action":"output","Package":"waiting-room/internal/installplan","Test":"TestCostInvalidInputs/region","Output":"=== RUN   TestCostInvalidInputs/region\n"}
{"Time":"2026-09-05T23:35:29.729174+09:00","Action":"output","Package":"waiting-room/internal/installplan","Test":"TestCostInvalidInputs/region","Output":"--- PASS: TestCostInvalidInputs/region (0.00s)\n"}
{"Time":"2026-09-05T23:35:29.729179+09:00","Action":"pass","Package":"waiting-room/internal/installplan","Test":"TestCostInvalidInputs/region","Elapsed":0}
{"Time":"2026-09-05T23:35:29.729188+09:00","Action":"run","Package":"waiting-room/internal/installplan","Test":"TestCostInvalidInputs/currency"}
{"Time":"2026-09-05T23:35:29.729194+09:00","Action":"output","Package":"waiting-room/internal/installplan","Test":"TestCostInvalidInputs/currency","Output":"=== RUN   TestCostInvalidInputs/currency\n"}
{"Time":"2026-09-05T23:35:29.729393+09:00","Action":"output","Package":"waiting-room/internal/installplan","Test":"TestCostInvalidInputs/currency","Output":"--- PASS: TestCostInvalidInputs/currency (0.00s)\n"}
{"Time":"2026-09-05T23:35:29.729397+09:00","Action":"pass","Package":"waiting-room/internal/installplan","Test":"TestCostInvalidInputs/currency","Elapsed":0}
{"Time":"2026-09-05T23:35:29.72943+09:00","Action":"run","Package":"waiting-room/internal/installplan","Test":"TestCostInvalidInputs/precision-low"}
{"Time":"2026-09-05T23:35:29.729452+09:00","Action":"output","Package":"waiting-room/internal/installplan","Test":"TestCostInvalidInputs/precision-low","Output":"=== RUN   TestCostInvalidInputs/precision-low\n"}
{"Time":"2026-09-05T23:35:29.729618+09:00","Action":"output","Package":"waiting-room/internal/installplan","Test":"TestCostInvalidInputs/precision-low","Output":"--- PASS: TestCostInvalidInputs/precision-low (0.00s)\n"}
{"Time":"2026-09-05T23:35:29.729625+09:00","Action":"pass","Package":"waiting-room/internal/installplan","Test":"TestCostInvalidInputs/precision-low","Elapsed":0}
{"Time":"2026-09-05T23:35:29.729628+09:00","Action":"run","Package":"waiting-room/internal/installplan","Test":"TestCostInvalidInputs/precision-high"}
{"Time":"2026-09-05T23:35:29.72963+09:00","Action":"output","Package":"waiting-room/internal/installplan","Test":"TestCostInvalidInputs/precision-high","Output":"=== RUN   TestCostInvalidInputs/precision-high\n"}
{"Time":"2026-09-05T23:35:29.72984+09:00","Action":"output","Package":"waiting-room/internal/installplan","Test":"TestCostInvalidInputs/precision-high","Output":"--- PASS: TestCostInvalidInputs/precision-high (0.00s)\n"}
{"Time":"2026-09-05T23:35:29.729845+09:00","Action":"pass","Package":"waiting-room/internal/installplan","Test":"TestCostInvalidInputs/precision-high","Elapsed":0}
{"Time":"2026-09-05T23:35:29.729857+09:00","Action":"run","Package":"waiting-room/internal/installplan","Test":"TestCostInvalidInputs/storage-low"}
{"Time":"2026-09-05T23:35:29.729859+09:00","Action":"output","Package":"waiting-room/internal/installplan","Test":"TestCostInvalidInputs/storage-low","Output":"=== RUN   TestCostInvalidInputs/storage-low\n"}
{"Time":"2026-09-05T23:35:29.730062+09:00","Action":"output","Package":"waiting-room/internal/installplan","Test":"TestCostInvalidInputs/storage-low","Output":"--- PASS: TestCostInvalidInputs/storage-low (0.00s)\n"}
{"Time":"2026-09-05T23:35:29.730067+09:00","Action":"pass","Package":"waiting-room/internal/installplan","Test":"TestCostInvalidInputs/storage-low","Elapsed":0}
{"Time":"2026-09-05T23:35:29.73009+09:00","Action":"run","Package":"waiting-room/internal/installplan","Test":"TestCostInvalidInputs/hours-low"}
{"Time":"2026-09-05T23:35:29.730093+09:00","Action":"output","Package":"waiting-room/internal/installplan","Test":"TestCostInvalidInputs/hours-low","Output":"=== RUN   TestCostInvalidInputs/hours-low\n"}
{"Time":"2026-09-05T23:35:29.730342+09:00","Action":"output","Package":"waiting-room/internal/installplan","Test":"TestCostInvalidInputs/hours-low","Output":"--- PASS: TestCostInvalidInputs/hours-low (0.00s)\n"}
{"Time":"2026-09-05T23:35:29.730346+09:00","Action":"pass","Package":"waiting-room/internal/installplan","Test":"TestCostInvalidInputs/hours-low","Elapsed":0}
{"Time":"2026-09-05T23:35:29.730353+09:00","Action":"run","Package":"waiting-room/internal/installplan","Test":"TestCostInvalidInputs/hours-high"}
{"Time":"2026-09-05T23:35:29.730363+09:00","Action":"output","Package":"waiting-room/internal/installplan","Test":"TestCostInvalidInputs/hours-high","Output":"=== RUN   TestCostInvalidInputs/hours-high\n"}
{"Time":"2026-09-05T23:35:29.730585+09:00","Action":"output","Package":"waiting-room/internal/installplan","Test":"TestCostInvalidInputs/hours-high","Output":"--- PASS: TestCostInvalidInputs/hours-high (0.00s)\n"}
{"Time":"2026-09-05T23:35:29.730588+09:00","Action":"pass","Package":"waiting-room/internal/installplan","Test":"TestCostInvalidInputs/hours-high","Elapsed":0}
{"Time":"2026-09-05T23:35:29.730604+09:00","Action":"run","Package":"waiting-room/internal/installplan","Test":"TestCostInvalidInputs/storage-high"}
{"Time":"2026-09-05T23:35:29.730606+09:00","Action":"output","Package":"waiting-room/internal/installplan","Test":"TestCostInvalidInputs/storage-high","Output":"=== RUN   TestCostInvalidInputs/storage-high\n"}
{"Time":"2026-09-05T23:35:29.730806+09:00","Action":"output","Package":"waiting-room/internal/installplan","Test":"TestCostInvalidInputs/storage-high","Output":"--- PASS: TestCostInvalidInputs/storage-high (0.00s)\n"}
{"Time":"2026-09-05T23:35:29.73081+09:00","Action":"pass","Package":"waiting-room/internal/installplan","Test":"TestCostInvalidInputs/storage-high","Elapsed":0}
{"Time":"2026-09-05T23:35:29.730821+09:00","Action":"run","Package":"waiting-room/internal/installplan","Test":"TestCostInvalidInputs/egress-high"}
{"Time":"2026-09-05T23:35:29.730823+09:00","Action":"output","Package":"waiting-room/internal/installplan","Test":"TestCostInvalidInputs/egress-high","Output":"=== RUN   TestCostInvalidInputs/egress-high\n"}
{"Time":"2026-09-05T23:35:29.731012+09:00","Action":"output","Package":"waiting-room/internal/installplan","Test":"TestCostInvalidInputs/egress-high","Output":"--- PASS: TestCostInvalidInputs/egress-high (0.00s)\n"}
{"Time":"2026-09-05T23:35:29.731017+09:00","Action":"pass","Package":"waiting-room/internal/installplan","Test":"TestCostInvalidInputs/egress-high","Elapsed":0}
{"Time":"2026-09-05T23:35:29.731028+09:00","Action":"run","Package":"waiting-room/internal/installplan","Test":"TestCostInvalidInputs/provider"}
{"Time":"2026-09-05T23:35:29.731032+09:00","Action":"output","Package":"waiting-room/internal/installplan","Test":"TestCostInvalidInputs/provider","Output":"=== RUN   TestCostInvalidInputs/provider\n"}
{"Time":"2026-09-05T23:35:29.731199+09:00","Action":"output","Package":"waiting-room/internal/installplan","Test":"TestCostInvalidInputs/provider","Output":"--- PASS: TestCostInvalidInputs/provider (0.00s)\n"}
{"Time":"2026-09-05T23:35:29.731203+09:00","Action":"pass","Package":"waiting-room/internal/installplan","Test":"TestCostInvalidInputs/provider","Elapsed":0}
{"Time":"2026-09-05T23:35:29.731217+09:00","Action":"run","Package":"waiting-room/internal/installplan","Test":"TestCostInvalidInputs/date-year"}
{"Time":"2026-09-05T23:35:29.731219+09:00","Action":"output","Package":"waiting-room/internal/installplan","Test":"TestCostInvalidInputs/date-year","Output":"=== RUN   TestCostInvalidInputs/date-year\n"}
{"Time":"2026-09-05T23:35:29.731388+09:00","Action":"output","Package":"waiting-room/internal/installplan","Test":"TestCostInvalidInputs/date-year","Output":"--- PASS: TestCostInvalidInputs/date-year (0.00s)\n"}
{"Time":"2026-09-05T23:35:29.731393+09:00","Action":"pass","Package":"waiting-room/internal/installplan","Test":"TestCostInvalidInputs/date-year","Elapsed":0}
{"Time":"2026-09-05T23:35:29.7314+09:00","Action":"run","Package":"waiting-room/internal/installplan","Test":"TestCostInvalidInputs/egress-low"}
{"Time":"2026-09-05T23:35:29.731402+09:00","Action":"output","Package":"waiting-room/internal/installplan","Test":"TestCostInvalidInputs/egress-low","Output":"=== RUN   TestCostInvalidInputs/egress-low\n"}
{"Time":"2026-09-05T23:35:29.731583+09:00","Action":"output","Package":"waiting-room/internal/installplan","Test":"TestCostInvalidInputs/egress-low","Output":"--- PASS: TestCostInvalidInputs/egress-low (0.00s)\n"}
{"Time":"2026-09-05T23:35:29.731587+09:00","Action":"pass","Package":"waiting-room/internal/installplan","Test":"TestCostInvalidInputs/egress-low","Elapsed":0}
{"Time":"2026-09-05T23:35:29.731599+09:00","Action":"run","Package":"waiting-room/internal/installplan","Test":"TestCostInvalidInputs/version"}
{"Time":"2026-09-05T23:35:29.731603+09:00","Action":"output","Package":"waiting-room/internal/installplan","Test":"TestCostInvalidInputs/version","Output":"=== RUN   TestCostInvalidInputs/version\n"}
{"Time":"2026-09-05T23:35:29.731784+09:00","Action":"output","Package":"waiting-room/internal/installplan","Test":"TestCostInvalidInputs/version","Output":"--- PASS: TestCostInvalidInputs/version (0.00s)\n"}
{"Time":"2026-09-05T23:35:29.731788+09:00","Action":"pass","Package":"waiting-room/internal/installplan","Test":"TestCostInvalidInputs/version","Elapsed":0}
{"Time":"2026-09-05T23:35:29.731797+09:00","Action":"run","Package":"waiting-room/internal/installplan","Test":"TestCostInvalidInputs/date"}
{"Time":"2026-09-05T23:35:29.731799+09:00","Action":"output","Package":"waiting-room/internal/installplan","Test":"TestCostInvalidInputs/date","Output":"=== RUN   TestCostInvalidInputs/date\n"}
{"Time":"2026-09-05T23:35:29.731996+09:00","Action":"output","Package":"waiting-room/internal/installplan","Test":"TestCostInvalidInputs/date","Output":"--- PASS: TestCostInvalidInputs/date (0.00s)\n"}
{"Time":"2026-09-05T23:35:29.732003+09:00","Action":"pass","Package":"waiting-room/internal/installplan","Test":"TestCostInvalidInputs/date","Elapsed":0}
{"Time":"2026-09-05T23:35:29.732006+09:00","Action":"run","Package":"waiting-room/internal/installplan","Test":"TestCostInvalidInputs/host/"}
{"Time":"2026-09-05T23:35:29.732007+09:00","Action":"output","Package":"waiting-room/internal/installplan","Test":"TestCostInvalidInputs/host/","Output":"=== RUN   TestCostInvalidInputs/host/\n"}
{"Time":"2026-09-05T23:35:29.732285+09:00","Action":"output","Package":"waiting-room/internal/installplan","Test":"TestCostInvalidInputs/host/","Output":"--- PASS: TestCostInvalidInputs/host/ (0.00s)\n"}
{"Time":"2026-09-05T23:35:29.732291+09:00","Action":"pass","Package":"waiting-room/internal/installplan","Test":"TestCostInvalidInputs/host/","Elapsed":0}
{"Time":"2026-09-05T23:35:29.73231+09:00","Action":"run","Package":"waiting-room/internal/installplan","Test":"TestCostInvalidInputs/worker/"}
{"Time":"2026-09-05T23:35:29.732313+09:00","Action":"output","Package":"waiting-room/internal/installplan","Test":"TestCostInvalidInputs/worker/","Output":"=== RUN   TestCostInvalidInputs/worker/\n"}
{"Time":"2026-09-05T23:35:29.732511+09:00","Action":"output","Package":"waiting-room/internal/installplan","Test":"TestCostInvalidInputs/worker/","Output":"--- PASS: TestCostInvalidInputs/worker/ (0.00s)\n"}
{"Time":"2026-09-05T23:35:29.732518+09:00","Action":"pass","Package":"waiting-room/internal/installplan","Test":"TestCostInvalidInputs/worker/","Elapsed":0}
{"Time":"2026-09-05T23:35:29.732528+09:00","Action":"run","Package":"waiting-room/internal/installplan","Test":"TestCostInvalidInputs/volume/"}
{"Time":"2026-09-05T23:35:29.732532+09:00","Action":"output","Package":"waiting-room/internal/installplan","Test":"TestCostInvalidInputs/volume/","Output":"=== RUN   TestCostInvalidInputs/volume/\n"}
{"Time":"2026-09-05T23:35:29.732719+09:00","Action":"output","Package":"waiting-room/internal/installplan","Test":"TestCostInvalidInputs/volume/","Output":"--- PASS: TestCostInvalidInputs/volume/ (0.00s)\n"}
{"Time":"2026-09-05T23:35:29.732723+09:00","Action":"pass","Package":"waiting-room/internal/installplan","Test":"TestCostInvalidInputs/volume/","Elapsed":0}
{"Time":"2026-09-05T23:35:29.732735+09:00","Action":"run","Package":"waiting-room/internal/installplan","Test":"TestCostInvalidInputs/host/-1"}
{"Time":"2026-09-05T23:35:29.732738+09:00","Action":"output","Package":"waiting-room/internal/installplan","Test":"TestCostInvalidInputs/host/-1","Output":"=== RUN   TestCostInvalidInputs/host/-1\n"}
{"Time":"2026-09-05T23:35:29.732954+09:00","Action":"output","Package":"waiting-room/internal/installplan","Test":"TestCostInvalidInputs/host/-1","Output":"--- PASS: TestCostInvalidInputs/host/-1 (0.00s)\n"}
{"Time":"2026-09-05T23:35:29.732957+09:00","Action":"pass","Package":"waiting-room/internal/installplan","Test":"TestCostInvalidInputs/host/-1","Elapsed":0}
{"Time":"2026-09-05T23:35:29.732967+09:00","Action":"run","Package":"waiting-room/internal/installplan","Test":"TestCostInvalidInputs/worker/-1"}
{"Time":"2026-09-05T23:35:29.732969+09:00","Action":"output","Package":"waiting-room/internal/installplan","Test":"TestCostInvalidInputs/worker/-1","Output":"=== RUN   TestCostInvalidInputs/worker/-1\n"}
{"Time":"2026-09-05T23:35:29.733192+09:00","Action":"output","Package":"waiting-room/internal/installplan","Test":"TestCostInvalidInputs/worker/-1","Output":"--- PASS: TestCostInvalidInputs/worker/-1 (0.00s)\n"}
{"Time":"2026-09-05T23:35:29.733207+09:00","Action":"pass","Package":"waiting-room/internal/installplan","Test":"TestCostInvalidInputs/worker/-1","Elapsed":0}
{"Time":"2026-09-05T23:35:29.733218+09:00","Action":"run","Package":"waiting-room/internal/installplan","Test":"TestCostInvalidInputs/volume/-1"}
{"Time":"2026-09-05T23:35:29.733223+09:00","Action":"output","Package":"waiting-room/internal/installplan","Test":"TestCostInvalidInputs/volume/-1","Output":"=== RUN   TestCostInvalidInputs/volume/-1\n"}
{"Time":"2026-09-05T23:35:29.733393+09:00","Action":"output","Package":"waiting-room/internal/installplan","Test":"TestCostInvalidInputs/volume/-1","Output":"--- PASS: TestCostInvalidInputs/volume/-1 (0.00s)\n"}
{"Time":"2026-09-05T23:35:29.733397+09:00","Action":"pass","Package":"waiting-room/internal/installplan","Test":"TestCostInvalidInputs/volume/-1","Elapsed":0}
{"Time":"2026-09-05T23:35:29.733401+09:00","Action":"run","Package":"waiting-room/internal/installplan","Test":"TestCostInvalidInputs/host/+1"}
{"Time":"2026-09-05T23:35:29.733403+09:00","Action":"output","Package":"waiting-room/internal/installplan","Test":"TestCostInvalidInputs/host/+1","Output":"=== RUN   TestCostInvalidInputs/host/+1\n"}
{"Time":"2026-09-05T23:35:29.733576+09:00","Action":"output","Package":"waiting-room/internal/installplan","Test":"TestCostInvalidInputs/host/+1","Output":"--- PASS: TestCostInvalidInputs/host/+1 (0.00s)\n"}
{"Time":"2026-09-05T23:35:29.733579+09:00","Action":"pass","Package":"waiting-room/internal/installplan","Test":"TestCostInvalidInputs/host/+1","Elapsed":0}
{"Time":"2026-09-05T23:35:29.733599+09:00","Action":"run","Package":"waiting-room/internal/installplan","Test":"TestCostInvalidInputs/worker/+1"}
{"Time":"2026-09-05T23:35:29.733604+09:00","Action":"output","Package":"waiting-room/internal/installplan","Test":"TestCostInvalidInputs/worker/+1","Output":"=== RUN   TestCostInvalidInputs/worker/+1\n"}
{"Time":"2026-09-05T23:35:29.733913+09:00","Action":"output","Package":"waiting-room/internal/installplan","Test":"TestCostInvalidInputs/worker/+1","Output":"--- PASS: TestCostInvalidInputs/worker/+1 (0.00s)\n"}
{"Time":"2026-09-05T23:35:29.733917+09:00","Action":"pass","Package":"waiting-room/internal/installplan","Test":"TestCostInvalidInputs/worker/+1","Elapsed":0}
{"Time":"2026-09-05T23:35:29.733926+09:00","Action":"run","Package":"waiting-room/internal/installplan","Test":"TestCostInvalidInputs/volume/+1"}
{"Time":"2026-09-05T23:35:29.733928+09:00","Action":"output","Package":"waiting-room/internal/installplan","Test":"TestCostInvalidInputs/volume/+1","Output":"=== RUN   TestCostInvalidInputs/volume/+1\n"}
{"Time":"2026-09-05T23:35:29.734113+09:00","Action":"output","Package":"waiting-room/internal/installplan","Test":"TestCostInvalidInputs/volume/+1","Output":"--- PASS: TestCostInvalidInputs/volume/+1 (0.00s)\n"}
{"Time":"2026-09-05T23:35:29.734117+09:00","Action":"pass","Package":"waiting-room/internal/installplan","Test":"TestCostInvalidInputs/volume/+1","Elapsed":0}
{"Time":"2026-09-05T23:35:29.734129+09:00","Action":"run","Package":"waiting-room/internal/installplan","Test":"TestCostInvalidInputs/host/1e3"}
{"Time":"2026-09-05T23:35:29.734132+09:00","Action":"output","Package":"waiting-room/internal/installplan","Test":"TestCostInvalidInputs/host/1e3","Output":"=== RUN   TestCostInvalidInputs/host/1e3\n"}
{"Time":"2026-09-05T23:35:29.734308+09:00","Action":"output","Package":"waiting-room/internal/installplan","Test":"TestCostInvalidInputs/host/1e3","Output":"--- PASS: TestCostInvalidInputs/host/1e3 (0.00s)\n"}
{"Time":"2026-09-05T23:35:29.734311+09:00","Action":"pass","Package":"waiting-room/internal/installplan","Test":"TestCostInvalidInputs/host/1e3","Elapsed":0}
{"Time":"2026-09-05T23:35:29.734325+09:00","Action":"run","Package":"waiting-room/internal/installplan","Test":"TestCostInvalidInputs/worker/1e3"}
{"Time":"2026-09-05T23:35:29.734328+09:00","Action":"output","Package":"waiting-room/internal/installplan","Test":"TestCostInvalidInputs/worker/1e3","Output":"=== RUN   TestCostInvalidInputs/worker/1e3\n"}
{"Time":"2026-09-05T23:35:29.734512+09:00","Action":"output","Package":"waiting-room/internal/installplan","Test":"TestCostInvalidInputs/worker/1e3","Output":"--- PASS: TestCostInvalidInputs/worker/1e3 (0.00s)\n"}
{"Time":"2026-09-05T23:35:29.734516+09:00","Action":"pass","Package":"waiting-room/internal/installplan","Test":"TestCostInvalidInputs/worker/1e3","Elapsed":0}
{"Time":"2026-09-05T23:35:29.734525+09:00","Action":"run","Package":"waiting-room/internal/installplan","Test":"TestCostInvalidInputs/volume/1e3"}
{"Time":"2026-09-05T23:35:29.734529+09:00","Action":"output","Package":"waiting-room/internal/installplan","Test":"TestCostInvalidInputs/volume/1e3","Output":"=== RUN   TestCostInvalidInputs/volume/1e3\n"}
{"Time":"2026-09-05T23:35:29.734717+09:00","Action":"output","Package":"waiting-room/internal/installplan","Test":"TestCostInvalidInputs/volume/1e3","Output":"--- PASS: TestCostInvalidInputs/volume/1e3 (0.00s)\n"}
{"Time":"2026-09-05T23:35:29.734724+09:00","Action":"pass","Package":"waiting-room/internal/installplan","Test":"TestCostInvalidInputs/volume/1e3","Elapsed":0}
{"Time":"2026-09-05T23:35:29.734726+09:00","Action":"run","Package":"waiting-room/internal/installplan","Test":"TestCostInvalidInputs/host/NaN"}
{"Time":"2026-09-05T23:35:29.734727+09:00","Action":"output","Package":"waiting-room/internal/installplan","Test":"TestCostInvalidInputs/host/NaN","Output":"=== RUN   TestCostInvalidInputs/host/NaN\n"}
{"Time":"2026-09-05T23:35:29.734908+09:00","Action":"output","Package":"waiting-room/internal/installplan","Test":"TestCostInvalidInputs/host/NaN","Output":"--- PASS: TestCostInvalidInputs/host/NaN (0.00s)\n"}
{"Time":"2026-09-05T23:35:29.734923+09:00","Action":"pass","Package":"waiting-room/internal/installplan","Test":"TestCostInvalidInputs/host/NaN","Elapsed":0}
{"Time":"2026-09-05T23:35:29.734931+09:00","Action":"run","Package":"waiting-room/internal/installplan","Test":"TestCostInvalidInputs/worker/NaN"}
{"Time":"2026-09-05T23:35:29.734933+09:00","Action":"output","Package":"waiting-room/internal/installplan","Test":"TestCostInvalidInputs/worker/NaN","Output":"=== RUN   TestCostInvalidInputs/worker/NaN\n"}
{"Time":"2026-09-05T23:35:29.735109+09:00","Action":"output","Package":"waiting-room/internal/installplan","Test":"TestCostInvalidInputs/worker/NaN","Output":"--- PASS: TestCostInvalidInputs/worker/NaN (0.00s)\n"}
{"Time":"2026-09-05T23:35:29.735114+09:00","Action":"pass","Package":"waiting-room/internal/installplan","Test":"TestCostInvalidInputs/worker/NaN","Elapsed":0}
{"Time":"2026-09-05T23:35:29.735127+09:00","Action":"run","Package":"waiting-room/internal/installplan","Test":"TestCostInvalidInputs/volume/NaN"}
{"Time":"2026-09-05T23:35:29.735131+09:00","Action":"output","Package":"waiting-room/internal/installplan","Test":"TestCostInvalidInputs/volume/NaN","Output":"=== RUN   TestCostInvalidInputs/volume/NaN\n"}
{"Time":"2026-09-05T23:35:29.735317+09:00","Action":"output","Package":"waiting-room/internal/installplan","Test":"TestCostInvalidInputs/volume/NaN","Output":"--- PASS: TestCostInvalidInputs/volume/NaN (0.00s)\n"}
{"Time":"2026-09-05T23:35:29.73532+09:00","Action":"pass","Package":"waiting-room/internal/installplan","Test":"TestCostInvalidInputs/volume/NaN","Elapsed":0}
{"Time":"2026-09-05T23:35:29.73533+09:00","Action":"run","Package":"waiting-room/internal/installplan","Test":"TestCostInvalidInputs/host/Inf"}
{"Time":"2026-09-05T23:35:29.735333+09:00","Action":"output","Package":"waiting-room/internal/installplan","Test":"TestCostInvalidInputs/host/Inf","Output":"=== RUN   TestCostInvalidInputs/host/Inf\n"}
{"Time":"2026-09-05T23:35:29.735533+09:00","Action":"output","Package":"waiting-room/internal/installplan","Test":"TestCostInvalidInputs/host/Inf","Output":"--- PASS: TestCostInvalidInputs/host/Inf (0.00s)\n"}
{"Time":"2026-09-05T23:35:29.735538+09:00","Action":"pass","Package":"waiting-room/internal/installplan","Test":"TestCostInvalidInputs/host/Inf","Elapsed":0}
{"Time":"2026-09-05T23:35:29.73555+09:00","Action":"run","Package":"waiting-room/internal/installplan","Test":"TestCostInvalidInputs/worker/Inf"}
{"Time":"2026-09-05T23:35:29.735555+09:00","Action":"output","Package":"waiting-room/internal/installplan","Test":"TestCostInvalidInputs/worker/Inf","Output":"=== RUN   TestCostInvalidInputs/worker/Inf\n"}
{"Time":"2026-09-05T23:35:29.735742+09:00","Action":"output","Package":"waiting-room/internal/installplan","Test":"TestCostInvalidInputs/worker/Inf","Output":"--- PASS: TestCostInvalidInputs/worker/Inf (0.00s)\n"}
{"Time":"2026-09-05T23:35:29.735746+09:00","Action":"pass","Package":"waiting-room/internal/installplan","Test":"TestCostInvalidInputs/worker/Inf","Elapsed":0}
{"Time":"2026-09-05T23:35:29.735758+09:00","Action":"run","Package":"waiting-room/internal/installplan","Test":"TestCostInvalidInputs/volume/Inf"}
{"Time":"2026-09-05T23:35:29.73576+09:00","Action":"output","Package":"waiting-room/internal/installplan","Test":"TestCostInvalidInputs/volume/Inf","Output":"=== RUN   TestCostInvalidInputs/volume/Inf\n"}
{"Time":"2026-09-05T23:35:29.735951+09:00","Action":"output","Package":"waiting-room/internal/installplan","Test":"TestCostInvalidInputs/volume/Inf","Output":"--- PASS: TestCostInvalidInputs/volume/Inf (0.00s)\n"}
{"Time":"2026-09-05T23:35:29.735955+09:00","Action":"pass","Package":"waiting-room/internal/installplan","Test":"TestCostInvalidInputs/volume/Inf","Elapsed":0}
{"Time":"2026-09-05T23:35:29.735966+09:00","Action":"run","Package":"waiting-room/internal/installplan","Test":"TestCostInvalidInputs/host/1.0000001"}
{"Time":"2026-09-05T23:35:29.735976+09:00","Action":"output","Package":"waiting-room/internal/installplan","Test":"TestCostInvalidInputs/host/1.0000001","Output":"=== RUN   TestCostInvalidInputs/host/1.0000001\n"}
{"Time":"2026-09-05T23:35:29.73615+09:00","Action":"output","Package":"waiting-room/internal/installplan","Test":"TestCostInvalidInputs/host/1.0000001","Output":"--- PASS: TestCostInvalidInputs/host/1.0000001 (0.00s)\n"}
{"Time":"2026-09-05T23:35:29.736154+09:00","Action":"pass","Package":"waiting-room/internal/installplan","Test":"TestCostInvalidInputs/host/1.0000001","Elapsed":0}
{"Time":"2026-09-05T23:35:29.736165+09:00","Action":"run","Package":"waiting-room/internal/installplan","Test":"TestCostInvalidInputs/worker/1.0000001"}
{"Time":"2026-09-05T23:35:29.736168+09:00","Action":"output","Package":"waiting-room/internal/installplan","Test":"TestCostInvalidInputs/worker/1.0000001","Output":"=== RUN   TestCostInvalidInputs/worker/1.0000001\n"}
{"Time":"2026-09-05T23:35:29.736343+09:00","Action":"output","Package":"waiting-room/internal/installplan","Test":"TestCostInvalidInputs/worker/1.0000001","Output":"--- PASS: TestCostInvalidInputs/worker/1.0000001 (0.00s)\n"}
{"Time":"2026-09-05T23:35:29.736352+09:00","Action":"pass","Package":"waiting-room/internal/installplan","Test":"TestCostInvalidInputs/worker/1.0000001","Elapsed":0}
{"Time":"2026-09-05T23:35:29.736356+09:00","Action":"run","Package":"waiting-room/internal/installplan","Test":"TestCostInvalidInputs/volume/1.0000001"}
{"Time":"2026-09-05T23:35:29.736358+09:00","Action":"output","Package":"waiting-room/internal/installplan","Test":"TestCostInvalidInputs/volume/1.0000001","Output":"=== RUN   TestCostInvalidInputs/volume/1.0000001\n"}
{"Time":"2026-09-05T23:35:29.736558+09:00","Action":"output","Package":"waiting-room/internal/installplan","Test":"TestCostInvalidInputs/volume/1.0000001","Output":"--- PASS: TestCostInvalidInputs/volume/1.0000001 (0.00s)\n"}
{"Time":"2026-09-05T23:35:29.736562+09:00","Action":"pass","Package":"waiting-room/internal/installplan","Test":"TestCostInvalidInputs/volume/1.0000001","Elapsed":0}
{"Time":"2026-09-05T23:35:29.736572+09:00","Action":"run","Package":"waiting-room/internal/installplan","Test":"TestCostInvalidInputs/host/01"}
{"Time":"2026-09-05T23:35:29.736575+09:00","Action":"output","Package":"waiting-room/internal/installplan","Test":"TestCostInvalidInputs/host/01","Output":"=== RUN   TestCostInvalidInputs/host/01\n"}
{"Time":"2026-09-05T23:35:29.736765+09:00","Action":"output","Package":"waiting-room/internal/installplan","Test":"TestCostInvalidInputs/host/01","Output":"--- PASS: TestCostInvalidInputs/host/01 (0.00s)\n"}
{"Time":"2026-09-05T23:35:29.736768+09:00","Action":"pass","Package":"waiting-room/internal/installplan","Test":"TestCostInvalidInputs/host/01","Elapsed":0}
{"Time":"2026-09-05T23:35:29.736778+09:00","Action":"run","Package":"waiting-room/internal/installplan","Test":"TestCostInvalidInputs/worker/01"}
{"Time":"2026-09-05T23:35:29.736781+09:00","Action":"output","Package":"waiting-room/internal/installplan","Test":"TestCostInvalidInputs/worker/01","Output":"=== RUN   TestCostInvalidInputs/worker/01\n"}
{"Time":"2026-09-05T23:35:29.736983+09:00","Action":"output","Package":"waiting-room/internal/installplan","Test":"TestCostInvalidInputs/worker/01","Output":"--- PASS: TestCostInvalidInputs/worker/01 (0.00s)\n"}
{"Time":"2026-09-05T23:35:29.736986+09:00","Action":"pass","Package":"waiting-room/internal/installplan","Test":"TestCostInvalidInputs/worker/01","Elapsed":0}
{"Time":"2026-09-05T23:35:29.736988+09:00","Action":"run","Package":"waiting-room/internal/installplan","Test":"TestCostInvalidInputs/volume/01"}
{"Time":"2026-09-05T23:35:29.736989+09:00","Action":"output","Package":"waiting-room/internal/installplan","Test":"TestCostInvalidInputs/volume/01","Output":"=== RUN   TestCostInvalidInputs/volume/01\n"}
{"Time":"2026-09-05T23:35:29.737194+09:00","Action":"output","Package":"waiting-room/internal/installplan","Test":"TestCostInvalidInputs/volume/01","Output":"--- PASS: TestCostInvalidInputs/volume/01 (0.00s)\n"}
{"Time":"2026-09-05T23:35:29.737197+09:00","Action":"pass","Package":"waiting-room/internal/installplan","Test":"TestCostInvalidInputs/volume/01","Elapsed":0}
{"Time":"2026-09-05T23:35:29.737215+09:00","Action":"run","Package":"waiting-room/internal/installplan","Test":"TestCostInvalidInputs/host/.1"}
{"Time":"2026-09-05T23:35:29.737218+09:00","Action":"output","Package":"waiting-room/internal/installplan","Test":"TestCostInvalidInputs/host/.1","Output":"=== RUN   TestCostInvalidInputs/host/.1\n"}
{"Time":"2026-09-05T23:35:29.737409+09:00","Action":"output","Package":"waiting-room/internal/installplan","Test":"TestCostInvalidInputs/host/.1","Output":"--- PASS: TestCostInvalidInputs/host/.1 (0.00s)\n"}
{"Time":"2026-09-05T23:35:29.737412+09:00","Action":"pass","Package":"waiting-room/internal/installplan","Test":"TestCostInvalidInputs/host/.1","Elapsed":0}
{"Time":"2026-09-05T23:35:29.737421+09:00","Action":"run","Package":"waiting-room/internal/installplan","Test":"TestCostInvalidInputs/worker/.1"}
{"Time":"2026-09-05T23:35:29.737422+09:00","Action":"output","Package":"waiting-room/internal/installplan","Test":"TestCostInvalidInputs/worker/.1","Output":"=== RUN   TestCostInvalidInputs/worker/.1\n"}
{"Time":"2026-09-05T23:35:29.737608+09:00","Action":"output","Package":"waiting-room/internal/installplan","Test":"TestCostInvalidInputs/worker/.1","Output":"--- PASS: TestCostInvalidInputs/worker/.1 (0.00s)\n"}
{"Time":"2026-09-05T23:35:29.737613+09:00","Action":"pass","Package":"waiting-room/internal/installplan","Test":"TestCostInvalidInputs/worker/.1","Elapsed":0}
{"Time":"2026-09-05T23:35:29.737621+09:00","Action":"run","Package":"waiting-room/internal/installplan","Test":"TestCostInvalidInputs/volume/.1"}
{"Time":"2026-09-05T23:35:29.737622+09:00","Action":"output","Package":"waiting-room/internal/installplan","Test":"TestCostInvalidInputs/volume/.1","Output":"=== RUN   TestCostInvalidInputs/volume/.1\n"}
{"Time":"2026-09-05T23:35:29.73782+09:00","Action":"output","Package":"waiting-room/internal/installplan","Test":"TestCostInvalidInputs/volume/.1","Output":"--- PASS: TestCostInvalidInputs/volume/.1 (0.00s)\n"}
{"Time":"2026-09-05T23:35:29.737833+09:00","Action":"pass","Package":"waiting-room/internal/installplan","Test":"TestCostInvalidInputs/volume/.1","Elapsed":0}
{"Time":"2026-09-05T23:35:29.737834+09:00","Action":"run","Package":"waiting-room/internal/installplan","Test":"TestCostInvalidInputs/host/1."}
{"Time":"2026-09-05T23:35:29.737836+09:00","Action":"output","Package":"waiting-room/internal/installplan","Test":"TestCostInvalidInputs/host/1.","Output":"=== RUN   TestCostInvalidInputs/host/1.\n"}
{"Time":"2026-09-05T23:35:29.738022+09:00","Action":"output","Package":"waiting-room/internal/installplan","Test":"TestCostInvalidInputs/host/1.","Output":"--- PASS: TestCostInvalidInputs/host/1. (0.00s)\n"}
{"Time":"2026-09-05T23:35:29.738026+09:00","Action":"pass","Package":"waiting-room/internal/installplan","Test":"TestCostInvalidInputs/host/1.","Elapsed":0}
{"Time":"2026-09-05T23:35:29.738035+09:00","Action":"run","Package":"waiting-room/internal/installplan","Test":"TestCostInvalidInputs/worker/1."}
{"Time":"2026-09-05T23:35:29.738038+09:00","Action":"output","Package":"waiting-room/internal/installplan","Test":"TestCostInvalidInputs/worker/1.","Output":"=== RUN   TestCostInvalidInputs/worker/1.\n"}
{"Time":"2026-09-05T23:35:29.738242+09:00","Action":"output","Package":"waiting-room/internal/installplan","Test":"TestCostInvalidInputs/worker/1.","Output":"--- PASS: TestCostInvalidInputs/worker/1. (0.00s)\n"}
{"Time":"2026-09-05T23:35:29.738247+09:00","Action":"pass","Package":"waiting-room/internal/installplan","Test":"TestCostInvalidInputs/worker/1.","Elapsed":0}
{"Time":"2026-09-05T23:35:29.738249+09:00","Action":"run","Package":"waiting-room/internal/installplan","Test":"TestCostInvalidInputs/volume/1."}
{"Time":"2026-09-05T23:35:29.73825+09:00","Action":"output","Package":"waiting-room/internal/installplan","Test":"TestCostInvalidInputs/volume/1.","Output":"=== RUN   TestCostInvalidInputs/volume/1.\n"}
{"Time":"2026-09-05T23:35:29.738452+09:00","Action":"output","Package":"waiting-room/internal/installplan","Test":"TestCostInvalidInputs/volume/1.","Output":"--- PASS: TestCostInvalidInputs/volume/1. (0.00s)\n"}
{"Time":"2026-09-05T23:35:29.738455+09:00","Action":"pass","Package":"waiting-room/internal/installplan","Test":"TestCostInvalidInputs/volume/1.","Elapsed":0}
{"Time":"2026-09-05T23:35:29.738469+09:00","Action":"run","Package":"waiting-room/internal/installplan","Test":"TestCostInvalidInputs/host/1000000000"}
{"Time":"2026-09-05T23:35:29.738484+09:00","Action":"output","Package":"waiting-room/internal/installplan","Test":"TestCostInvalidInputs/host/1000000000","Output":"=== RUN   TestCostInvalidInputs/host/1000000000\n"}
{"Time":"2026-09-05T23:35:29.738946+09:00","Action":"output","Package":"waiting-room/internal/installplan","Test":"TestCostInvalidInputs/host/1000000000","Output":"--- PASS: TestCostInvalidInputs/host/1000000000 (0.00s)\n"}
{"Time":"2026-09-05T23:35:29.738963+09:00","Action":"pass","Package":"waiting-room/internal/installplan","Test":"TestCostInvalidInputs/host/1000000000","Elapsed":0}
{"Time":"2026-09-05T23:35:29.738996+09:00","Action":"run","Package":"waiting-room/internal/installplan","Test":"TestCostInvalidInputs/worker/1000000000"}
{"Time":"2026-09-05T23:35:29.738999+09:00","Action":"output","Package":"waiting-room/internal/installplan","Test":"TestCostInvalidInputs/worker/1000000000","Output":"=== RUN   TestCostInvalidInputs/worker/1000000000\n"}
{"Time":"2026-09-05T23:35:29.739323+09:00","Action":"output","Package":"waiting-room/internal/installplan","Test":"TestCostInvalidInputs/worker/1000000000","Output":"--- PASS: TestCostInvalidInputs/worker/1000000000 (0.00s)\n"}
{"Time":"2026-09-05T23:35:29.73934+09:00","Action":"pass","Package":"waiting-room/internal/installplan","Test":"TestCostInvalidInputs/worker/1000000000","Elapsed":0}
{"Time":"2026-09-05T23:35:29.73936+09:00","Action":"run","Package":"waiting-room/internal/installplan","Test":"TestCostInvalidInputs/volume/1000000000"}
{"Time":"2026-09-05T23:35:29.739362+09:00","Action":"output","Package":"waiting-room/internal/installplan","Test":"TestCostInvalidInputs/volume/1000000000","Output":"=== RUN   TestCostInvalidInputs/volume/1000000000\n"}
{"Time":"2026-09-05T23:35:29.739671+09:00","Action":"output","Package":"waiting-room/internal/installplan","Test":"TestCostInvalidInputs/volume/1000000000","Output":"--- PASS: TestCostInvalidInputs/volume/1000000000 (0.00s)\n"}
{"Time":"2026-09-05T23:35:29.739677+09:00","Action":"pass","Package":"waiting-room/internal/installplan","Test":"TestCostInvalidInputs/volume/1000000000","Elapsed":0}
{"Time":"2026-09-05T23:35:29.739695+09:00","Action":"run","Package":"waiting-room/internal/installplan","Test":"TestCostInvalidInputs/host/0_"}
{"Time":"2026-09-05T23:35:29.739697+09:00","Action":"output","Package":"waiting-room/internal/installplan","Test":"TestCostInvalidInputs/host/0_","Output":"=== RUN   TestCostInvalidInputs/host/0_\n"}
{"Time":"2026-09-05T23:35:29.739996+09:00","Action":"output","Package":"waiting-room/internal/installplan","Test":"TestCostInvalidInputs/host/0_","Output":"--- PASS: TestCostInvalidInputs/host/0_ (0.00s)\n"}
{"Time":"2026-09-05T23:35:29.740008+09:00","Action":"pass","Package":"waiting-room/internal/installplan","Test":"TestCostInvalidInputs/host/0_","Elapsed":0}
{"Time":"2026-09-05T23:35:29.740024+09:00","Action":"run","Package":"waiting-room/internal/installplan","Test":"TestCostInvalidInputs/worker/0_"}
{"Time":"2026-09-05T23:35:29.740027+09:00","Action":"output","Package":"waiting-room/internal/installplan","Test":"TestCostInvalidInputs/worker/0_","Output":"=== RUN   TestCostInvalidInputs/worker/0_\n"}
{"Time":"2026-09-05T23:35:29.740326+09:00","Action":"output","Package":"waiting-room/internal/installplan","Test":"TestCostInvalidInputs/worker/0_","Output":"--- PASS: TestCostInvalidInputs/worker/0_ (0.00s)\n"}
{"Time":"2026-09-05T23:35:29.740339+09:00","Action":"pass","Package":"waiting-room/internal/installplan","Test":"TestCostInvalidInputs/worker/0_","Elapsed":0}
{"Time":"2026-09-05T23:35:29.740349+09:00","Action":"run","Package":"waiting-room/internal/installplan","Test":"TestCostInvalidInputs/volume/0_"}
{"Time":"2026-09-05T23:35:29.740353+09:00","Action":"output","Package":"waiting-room/internal/installplan","Test":"TestCostInvalidInputs/volume/0_","Output":"=== RUN   TestCostInvalidInputs/volume/0_\n"}
{"Time":"2026-09-05T23:35:29.74064+09:00","Action":"output","Package":"waiting-room/internal/installplan","Test":"TestCostInvalidInputs/volume/0_","Output":"--- PASS: TestCostInvalidInputs/volume/0_ (0.00s)\n"}
{"Time":"2026-09-05T23:35:29.740646+09:00","Action":"pass","Package":"waiting-room/internal/installplan","Test":"TestCostInvalidInputs/volume/0_","Elapsed":0}
{"Time":"2026-09-05T23:35:29.740661+09:00","Action":"run","Package":"waiting-room/internal/installplan","Test":"TestCostInvalidInputs/host/DO-NOT-ECHO"}
{"Time":"2026-09-05T23:35:29.740663+09:00","Action":"output","Package":"waiting-room/internal/installplan","Test":"TestCostInvalidInputs/host/DO-NOT-ECHO","Output":"=== RUN   TestCostInvalidInputs/host/DO-NOT-ECHO\n"}
{"Time":"2026-09-05T23:35:29.740972+09:00","Action":"output","Package":"waiting-room/internal/installplan","Test":"TestCostInvalidInputs/host/DO-NOT-ECHO","Output":"--- PASS: TestCostInvalidInputs/host/DO-NOT-ECHO (0.00s)\n"}
{"Time":"2026-09-05T23:35:29.740977+09:00","Action":"pass","Package":"waiting-room/internal/installplan","Test":"TestCostInvalidInputs/host/DO-NOT-ECHO","Elapsed":0}
{"Time":"2026-09-05T23:35:29.74099+09:00","Action":"run","Package":"waiting-room/internal/installplan","Test":"TestCostInvalidInputs/worker/DO-NOT-ECHO"}
{"Time":"2026-09-05T23:35:29.740991+09:00","Action":"output","Package":"waiting-room/internal/installplan","Test":"TestCostInvalidInputs/worker/DO-NOT-ECHO","Output":"=== RUN   TestCostInvalidInputs/worker/DO-NOT-ECHO\n"}
{"Time":"2026-09-05T23:35:29.741278+09:00","Action":"output","Package":"waiting-room/internal/installplan","Test":"TestCostInvalidInputs/worker/DO-NOT-ECHO","Output":"--- PASS: TestCostInvalidInputs/worker/DO-NOT-ECHO (0.00s)\n"}
{"Time":"2026-09-05T23:35:29.741289+09:00","Action":"pass","Package":"waiting-room/internal/installplan","Test":"TestCostInvalidInputs/worker/DO-NOT-ECHO","Elapsed":0}
{"Time":"2026-09-05T23:35:29.741306+09:00","Action":"run","Package":"waiting-room/internal/installplan","Test":"TestCostInvalidInputs/volume/DO-NOT-ECHO"}
{"Time":"2026-09-05T23:35:29.741308+09:00","Action":"output","Package":"waiting-room/internal/installplan","Test":"TestCostInvalidInputs/volume/DO-NOT-ECHO","Output":"=== RUN   TestCostInvalidInputs/volume/DO-NOT-ECHO\n"}
{"Time":"2026-09-05T23:35:29.74161+09:00","Action":"output","Package":"waiting-room/internal/installplan","Test":"TestCostInvalidInputs/volume/DO-NOT-ECHO","Output":"--- PASS: TestCostInvalidInputs/volume/DO-NOT-ECHO (0.00s)\n"}
{"Time":"2026-09-05T23:35:29.741621+09:00","Action":"pass","Package":"waiting-room/internal/installplan","Test":"TestCostInvalidInputs/volume/DO-NOT-ECHO","Elapsed":0}
{"Time":"2026-09-05T23:35:29.741643+09:00","Action":"output","Package":"waiting-room/internal/installplan","Test":"TestCostInvalidInputs","Output":"--- PASS: TestCostInvalidInputs (0.01s)\n"}
{"Time":"2026-09-05T23:35:29.74166+09:00","Action":"pass","Package":"waiting-room/internal/installplan","Test":"TestCostInvalidInputs","Elapsed":0.01}
{"Time":"2026-09-05T23:35:29.741682+09:00","Action":"run","Package":"waiting-room/internal/installplan","Test":"TestCostStrictDecode"}
{"Time":"2026-09-05T23:35:29.741684+09:00","Action":"output","Package":"waiting-room/internal/installplan","Test":"TestCostStrictDecode","Output":"=== RUN   TestCostStrictDecode\n"}
{"Time":"2026-09-05T23:35:29.741773+09:00","Action":"run","Package":"waiting-room/internal/installplan","Test":"TestCostStrictDecode/duplicate"}
{"Time":"2026-09-05T23:35:29.741776+09:00","Action":"output","Package":"waiting-room/internal/installplan","Test":"TestCostStrictDecode/duplicate","Output":"=== RUN   TestCostStrictDecode/duplicate\n"}
{"Time":"2026-09-05T23:35:29.741856+09:00","Action":"output","Package":"waiting-room/internal/installplan","Test":"TestCostStrictDecode/duplicate","Output":"--- PASS: TestCostStrictDecode/duplicate (0.00s)\n"}
{"Time":"2026-09-05T23:35:29.741869+09:00","Action":"pass","Package":"waiting-room/internal/installplan","Test":"TestCostStrictDecode/duplicate","Elapsed":0}
{"Time":"2026-09-05T23:35:29.741881+09:00","Action":"run","Package":"waiting-room/internal/installplan","Test":"TestCostStrictDecode/number-price"}
{"Time":"2026-09-05T23:35:29.741884+09:00","Action":"output","Package":"waiting-room/internal/installplan","Test":"TestCostStrictDecode/number-price","Output":"=== RUN   TestCostStrictDecode/number-price\n"}
{"Time":"2026-09-05T23:35:29.742042+09:00","Action":"output","Package":"waiting-room/internal/installplan","Test":"TestCostStrictDecode/number-price","Output":"--- PASS: TestCostStrictDecode/number-price (0.00s)\n"}
{"Time":"2026-09-05T23:35:29.742055+09:00","Action":"pass","Package":"waiting-room/internal/installplan","Test":"TestCostStrictDecode/number-price","Elapsed":0}
{"Time":"2026-09-05T23:35:29.742067+09:00","Action":"run","Package":"waiting-room/internal/installplan","Test":"TestCostStrictDecode/secret"}
{"Time":"2026-09-05T23:35:29.742069+09:00","Action":"output","Package":"waiting-room/internal/installplan","Test":"TestCostStrictDecode/secret","Output":"=== RUN   TestCostStrictDecode/secret\n"}
{"Time":"2026-09-05T23:35:29.742197+09:00","Action":"output","Package":"waiting-room/internal/installplan","Test":"TestCostStrictDecode/secret","Output":"--- PASS: TestCostStrictDecode/secret (0.00s)\n"}
{"Time":"2026-09-05T23:35:29.742201+09:00","Action":"pass","Package":"waiting-room/internal/installplan","Test":"TestCostStrictDecode/secret","Elapsed":0}
{"Time":"2026-09-05T23:35:29.742215+09:00","Action":"run","Package":"waiting-room/internal/installplan","Test":"TestCostStrictDecode/trailing"}
{"Time":"2026-09-05T23:35:29.742217+09:00","Action":"output","Package":"waiting-room/internal/installplan","Test":"TestCostStrictDecode/trailing","Output":"=== RUN   TestCostStrictDecode/trailing\n"}
{"Time":"2026-09-05T23:35:29.742358+09:00","Action":"output","Package":"waiting-room/internal/installplan","Test":"TestCostStrictDecode/trailing","Output":"--- PASS: TestCostStrictDecode/trailing (0.00s)\n"}
{"Time":"2026-09-05T23:35:29.742363+09:00","Action":"pass","Package":"waiting-room/internal/installplan","Test":"TestCostStrictDecode/trailing","Elapsed":0}
{"Time":"2026-09-05T23:35:29.742385+09:00","Action":"run","Package":"waiting-room/internal/installplan","Test":"TestCostStrictDecode/array"}
{"Time":"2026-09-05T23:35:29.742388+09:00","Action":"output","Package":"waiting-room/internal/installplan","Test":"TestCostStrictDecode/array","Output":"=== RUN   TestCostStrictDecode/array\n"}
{"Time":"2026-09-05T23:35:29.742404+09:00","Action":"output","Package":"waiting-room/internal/installplan","Test":"TestCostStrictDecode/array","Output":"--- PASS: TestCostStrictDecode/array (0.00s)\n"}
{"Time":"2026-09-05T23:35:29.742421+09:00","Action":"pass","Package":"waiting-room/internal/installplan","Test":"TestCostStrictDecode/array","Elapsed":0}
{"Time":"2026-09-05T23:35:29.742433+09:00","Action":"run","Package":"waiting-room/internal/installplan","Test":"TestCostStrictDecode/missing"}
{"Time":"2026-09-05T23:35:29.742435+09:00","Action":"output","Package":"waiting-room/internal/installplan","Test":"TestCostStrictDecode/missing","Output":"=== RUN   TestCostStrictDecode/missing\n"}
{"Time":"2026-09-05T23:35:29.74255+09:00","Action":"output","Package":"waiting-room/internal/installplan","Test":"TestCostStrictDecode/missing","Output":"--- PASS: TestCostStrictDecode/missing (0.00s)\n"}
{"Time":"2026-09-05T23:35:29.742554+09:00","Action":"pass","Package":"waiting-room/internal/installplan","Test":"TestCostStrictDecode/missing","Elapsed":0}
{"Time":"2026-09-05T23:35:29.742569+09:00","Action":"run","Package":"waiting-room/internal/installplan","Test":"TestCostStrictDecode/null"}
{"Time":"2026-09-05T23:35:29.742572+09:00","Action":"output","Package":"waiting-room/internal/installplan","Test":"TestCostStrictDecode/null","Output":"=== RUN   TestCostStrictDecode/null\n"}
{"Time":"2026-09-05T23:35:29.742644+09:00","Action":"output","Package":"waiting-room/internal/installplan","Test":"TestCostStrictDecode/null","Output":"--- PASS: TestCostStrictDecode/null (0.00s)\n"}
{"Time":"2026-09-05T23:35:29.742648+09:00","Action":"pass","Package":"waiting-room/internal/installplan","Test":"TestCostStrictDecode/null","Elapsed":0}
{"Time":"2026-09-05T23:35:29.742665+09:00","Action":"run","Package":"waiting-room/internal/installplan","Test":"TestCostStrictDecode/wrong-case"}
{"Time":"2026-09-05T23:35:29.742668+09:00","Action":"output","Package":"waiting-room/internal/installplan","Test":"TestCostStrictDecode/wrong-case","Output":"=== RUN   TestCostStrictDecode/wrong-case\n"}
{"Time":"2026-09-05T23:35:29.742798+09:00","Action":"output","Package":"waiting-room/internal/installplan","Test":"TestCostStrictDecode/wrong-case","Output":"--- PASS: TestCostStrictDecode/wrong-case (0.00s)\n"}
{"Time":"2026-09-05T23:35:29.742811+09:00","Action":"pass","Package":"waiting-room/internal/installplan","Test":"TestCostStrictDecode/wrong-case","Elapsed":0}
{"Time":"2026-09-05T23:35:29.74282+09:00","Action":"run","Package":"waiting-room/internal/installplan","Test":"TestCostStrictDecode/oversized"}
{"Time":"2026-09-05T23:35:29.742822+09:00","Action":"output","Package":"waiting-room/internal/installplan","Test":"TestCostStrictDecode/oversized","Output":"=== RUN   TestCostStrictDecode/oversized\n"}
{"Time":"2026-09-05T23:35:29.742913+09:00","Action":"output","Package":"waiting-room/internal/installplan","Test":"TestCostStrictDecode/oversized","Output":"--- PASS: TestCostStrictDecode/oversized (0.00s)\n"}
{"Time":"2026-09-05T23:35:29.742918+09:00","Action":"pass","Package":"waiting-room/internal/installplan","Test":"TestCostStrictDecode/oversized","Elapsed":0}
{"Time":"2026-09-05T23:35:29.742949+09:00","Action":"output","Package":"waiting-room/internal/installplan","Test":"TestCostStrictDecode","Output":"--- PASS: TestCostStrictDecode (0.00s)\n"}
{"Time":"2026-09-05T23:35:29.742953+09:00","Action":"pass","Package":"waiting-room/internal/installplan","Test":"TestCostStrictDecode","Elapsed":0}
{"Time":"2026-09-05T23:35:29.74297+09:00","Action":"run","Package":"waiting-room/internal/installplan","Test":"TestCostMaximumAndDeterminism"}
{"Time":"2026-09-05T23:35:29.742972+09:00","Action":"output","Package":"waiting-room/internal/installplan","Test":"TestCostMaximumAndDeterminism","Output":"=== RUN   TestCostMaximumAndDeterminism\n"}
{"Time":"2026-09-05T23:35:29.743651+09:00","Action":"run","Package":"waiting-room/internal/installplan","Test":"TestCostMaximumAndDeterminism/repeat"}
{"Time":"2026-09-05T23:35:29.743654+09:00","Action":"output","Package":"waiting-room/internal/installplan","Test":"TestCostMaximumAndDeterminism/repeat","Output":"=== RUN   TestCostMaximumAndDeterminism/repeat\n"}
{"Time":"2026-09-05T23:35:29.743669+09:00","Action":"output","Package":"waiting-room/internal/installplan","Test":"TestCostMaximumAndDeterminism/repeat","Output":"=== PAUSE TestCostMaximumAndDeterminism/repeat\n"}
{"Time":"2026-09-05T23:35:29.743671+09:00","Action":"pause","Package":"waiting-room/internal/installplan","Test":"TestCostMaximumAndDeterminism/repeat"}
{"Time":"2026-09-05T23:35:29.743703+09:00","Action":"run","Package":"waiting-room/internal/installplan","Test":"TestCostMaximumAndDeterminism/repeat#01"}
{"Time":"2026-09-05T23:35:29.743706+09:00","Action":"output","Package":"waiting-room/internal/installplan","Test":"TestCostMaximumAndDeterminism/repeat#01","Output":"=== RUN   TestCostMaximumAndDeterminism/repeat#01\n"}
{"Time":"2026-09-05T23:35:29.743722+09:00","Action":"output","Package":"waiting-room/internal/installplan","Test":"TestCostMaximumAndDeterminism/repeat#01","Output":"=== PAUSE TestCostMaximumAndDeterminism/repeat#01\n"}
{"Time":"2026-09-05T23:35:29.743725+09:00","Action":"pause","Package":"waiting-room/internal/installplan","Test":"TestCostMaximumAndDeterminism/repeat#01"}
{"Time":"2026-09-05T23:35:29.74375+09:00","Action":"run","Package":"waiting-room/internal/installplan","Test":"TestCostMaximumAndDeterminism/repeat#02"}
{"Time":"2026-09-05T23:35:29.743756+09:00","Action":"output","Package":"waiting-room/internal/installplan","Test":"TestCostMaximumAndDeterminism/repeat#02","Output":"=== RUN   TestCostMaximumAndDeterminism/repeat#02\n"}
{"Time":"2026-09-05T23:35:29.743773+09:00","Action":"output","Package":"waiting-room/internal/installplan","Test":"TestCostMaximumAndDeterminism/repeat#02","Output":"=== PAUSE TestCostMaximumAndDeterminism/repeat#02\n"}
{"Time":"2026-09-05T23:35:29.743777+09:00","Action":"pause","Package":"waiting-room/internal/installplan","Test":"TestCostMaximumAndDeterminism/repeat#02"}
{"Time":"2026-09-05T23:35:29.743801+09:00","Action":"run","Package":"waiting-room/internal/installplan","Test":"TestCostMaximumAndDeterminism/repeat#03"}
{"Time":"2026-09-05T23:35:29.743804+09:00","Action":"output","Package":"waiting-room/internal/installplan","Test":"TestCostMaximumAndDeterminism/repeat#03","Output":"=== RUN   TestCostMaximumAndDeterminism/repeat#03\n"}
{"Time":"2026-09-05T23:35:29.743819+09:00","Action":"output","Package":"waiting-room/internal/installplan","Test":"TestCostMaximumAndDeterminism/repeat#03","Output":"=== PAUSE TestCostMaximumAndDeterminism/repeat#03\n"}
{"Time":"2026-09-05T23:35:29.743822+09:00","Action":"pause","Package":"waiting-room/internal/installplan","Test":"TestCostMaximumAndDeterminism/repeat#03"}
{"Time":"2026-09-05T23:35:29.743846+09:00","Action":"run","Package":"waiting-room/internal/installplan","Test":"TestCostMaximumAndDeterminism/repeat#04"}
{"Time":"2026-09-05T23:35:29.743849+09:00","Action":"output","Package":"waiting-room/internal/installplan","Test":"TestCostMaximumAndDeterminism/repeat#04","Output":"=== RUN   TestCostMaximumAndDeterminism/repeat#04\n"}
{"Time":"2026-09-05T23:35:29.743866+09:00","Action":"output","Package":"waiting-room/internal/installplan","Test":"TestCostMaximumAndDeterminism/repeat#04","Output":"=== PAUSE TestCostMaximumAndDeterminism/repeat#04\n"}
{"Time":"2026-09-05T23:35:29.743868+09:00","Action":"pause","Package":"waiting-room/internal/installplan","Test":"TestCostMaximumAndDeterminism/repeat#04"}
{"Time":"2026-09-05T23:35:29.743892+09:00","Action":"run","Package":"waiting-room/internal/installplan","Test":"TestCostMaximumAndDeterminism/repeat#05"}
{"Time":"2026-09-05T23:35:29.743894+09:00","Action":"output","Package":"waiting-room/internal/installplan","Test":"TestCostMaximumAndDeterminism/repeat#05","Output":"=== RUN   TestCostMaximumAndDeterminism/repeat#05\n"}
{"Time":"2026-09-05T23:35:29.743912+09:00","Action":"output","Package":"waiting-room/internal/installplan","Test":"TestCostMaximumAndDeterminism/repeat#05","Output":"=== PAUSE TestCostMaximumAndDeterminism/repeat#05\n"}
{"Time":"2026-09-05T23:35:29.743914+09:00","Action":"pause","Package":"waiting-room/internal/installplan","Test":"TestCostMaximumAndDeterminism/repeat#05"}
{"Time":"2026-09-05T23:35:29.743935+09:00","Action":"run","Package":"waiting-room/internal/installplan","Test":"TestCostMaximumAndDeterminism/repeat#06"}
{"Time":"2026-09-05T23:35:29.743937+09:00","Action":"output","Package":"waiting-room/internal/installplan","Test":"TestCostMaximumAndDeterminism/repeat#06","Output":"=== RUN   TestCostMaximumAndDeterminism/repeat#06\n"}
{"Time":"2026-09-05T23:35:29.743954+09:00","Action":"output","Package":"waiting-room/internal/installplan","Test":"TestCostMaximumAndDeterminism/repeat#06","Output":"=== PAUSE TestCostMaximumAndDeterminism/repeat#06\n"}
{"Time":"2026-09-05T23:35:29.743956+09:00","Action":"pause","Package":"waiting-room/internal/installplan","Test":"TestCostMaximumAndDeterminism/repeat#06"}
{"Time":"2026-09-05T23:35:29.743975+09:00","Action":"run","Package":"waiting-room/internal/installplan","Test":"TestCostMaximumAndDeterminism/repeat#07"}
{"Time":"2026-09-05T23:35:29.743978+09:00","Action":"output","Package":"waiting-room/internal/installplan","Test":"TestCostMaximumAndDeterminism/repeat#07","Output":"=== RUN   TestCostMaximumAndDeterminism/repeat#07\n"}
{"Time":"2026-09-05T23:35:29.743995+09:00","Action":"output","Package":"waiting-room/internal/installplan","Test":"TestCostMaximumAndDeterminism/repeat#07","Output":"=== PAUSE TestCostMaximumAndDeterminism/repeat#07\n"}
{"Time":"2026-09-05T23:35:29.743999+09:00","Action":"pause","Package":"waiting-room/internal/installplan","Test":"TestCostMaximumAndDeterminism/repeat#07"}
{"Time":"2026-09-05T23:35:29.744023+09:00","Action":"run","Package":"waiting-room/internal/installplan","Test":"TestCostMaximumAndDeterminism/repeat#08"}
{"Time":"2026-09-05T23:35:29.744026+09:00","Action":"output","Package":"waiting-room/internal/installplan","Test":"TestCostMaximumAndDeterminism/repeat#08","Output":"=== RUN   TestCostMaximumAndDeterminism/repeat#08\n"}
{"Time":"2026-09-05T23:35:29.744043+09:00","Action":"output","Package":"waiting-room/internal/installplan","Test":"TestCostMaximumAndDeterminism/repeat#08","Output":"=== PAUSE TestCostMaximumAndDeterminism/repeat#08\n"}
{"Time":"2026-09-05T23:35:29.744046+09:00","Action":"pause","Package":"waiting-room/internal/installplan","Test":"TestCostMaximumAndDeterminism/repeat#08"}
{"Time":"2026-09-05T23:35:29.744067+09:00","Action":"run","Package":"waiting-room/internal/installplan","Test":"TestCostMaximumAndDeterminism/repeat#09"}
{"Time":"2026-09-05T23:35:29.74407+09:00","Action":"output","Package":"waiting-room/internal/installplan","Test":"TestCostMaximumAndDeterminism/repeat#09","Output":"=== RUN   TestCostMaximumAndDeterminism/repeat#09\n"}
{"Time":"2026-09-05T23:35:29.744088+09:00","Action":"output","Package":"waiting-room/internal/installplan","Test":"TestCostMaximumAndDeterminism/repeat#09","Output":"=== PAUSE TestCostMaximumAndDeterminism/repeat#09\n"}
{"Time":"2026-09-05T23:35:29.744091+09:00","Action":"pause","Package":"waiting-room/internal/installplan","Test":"TestCostMaximumAndDeterminism/repeat#09"}
{"Time":"2026-09-05T23:35:29.744107+09:00","Action":"run","Package":"waiting-room/internal/installplan","Test":"TestCostMaximumAndDeterminism/repeat#10"}
{"Time":"2026-09-05T23:35:29.74411+09:00","Action":"output","Package":"waiting-room/internal/installplan","Test":"TestCostMaximumAndDeterminism/repeat#10","Output":"=== RUN   TestCostMaximumAndDeterminism/repeat#10\n"}
{"Time":"2026-09-05T23:35:29.74413+09:00","Action":"output","Package":"waiting-room/internal/installplan","Test":"TestCostMaximumAndDeterminism/repeat#10","Output":"=== PAUSE TestCostMaximumAndDeterminism/repeat#10\n"}
{"Time":"2026-09-05T23:35:29.744132+09:00","Action":"pause","Package":"waiting-room/internal/installplan","Test":"TestCostMaximumAndDeterminism/repeat#10"}
{"Time":"2026-09-05T23:35:29.744156+09:00","Action":"run","Package":"waiting-room/internal/installplan","Test":"TestCostMaximumAndDeterminism/repeat#11"}
{"Time":"2026-09-05T23:35:29.744159+09:00","Action":"output","Package":"waiting-room/internal/installplan","Test":"TestCostMaximumAndDeterminism/repeat#11","Output":"=== RUN   TestCostMaximumAndDeterminism/repeat#11\n"}
{"Time":"2026-09-05T23:35:29.744173+09:00","Action":"output","Package":"waiting-room/internal/installplan","Test":"TestCostMaximumAndDeterminism/repeat#11","Output":"=== PAUSE TestCostMaximumAndDeterminism/repeat#11\n"}
{"Time":"2026-09-05T23:35:29.744176+09:00","Action":"pause","Package":"waiting-room/internal/installplan","Test":"TestCostMaximumAndDeterminism/repeat#11"}
{"Time":"2026-09-05T23:35:29.744197+09:00","Action":"run","Package":"waiting-room/internal/installplan","Test":"TestCostMaximumAndDeterminism/repeat#12"}
{"Time":"2026-09-05T23:35:29.7442+09:00","Action":"output","Package":"waiting-room/internal/installplan","Test":"TestCostMaximumAndDeterminism/repeat#12","Output":"=== RUN   TestCostMaximumAndDeterminism/repeat#12\n"}
{"Time":"2026-09-05T23:35:29.744216+09:00","Action":"output","Package":"waiting-room/internal/installplan","Test":"TestCostMaximumAndDeterminism/repeat#12","Output":"=== PAUSE TestCostMaximumAndDeterminism/repeat#12\n"}
{"Time":"2026-09-05T23:35:29.744218+09:00","Action":"pause","Package":"waiting-room/internal/installplan","Test":"TestCostMaximumAndDeterminism/repeat#12"}
{"Time":"2026-09-05T23:35:29.74424+09:00","Action":"run","Package":"waiting-room/internal/installplan","Test":"TestCostMaximumAndDeterminism/repeat#13"}
{"Time":"2026-09-05T23:35:29.744243+09:00","Action":"output","Package":"waiting-room/internal/installplan","Test":"TestCostMaximumAndDeterminism/repeat#13","Output":"=== RUN   TestCostMaximumAndDeterminism/repeat#13\n"}
{"Time":"2026-09-05T23:35:29.74426+09:00","Action":"output","Package":"waiting-room/internal/installplan","Test":"TestCostMaximumAndDeterminism/repeat#13","Output":"=== PAUSE TestCostMaximumAndDeterminism/repeat#13\n"}
{"Time":"2026-09-05T23:35:29.744262+09:00","Action":"pause","Package":"waiting-room/internal/installplan","Test":"TestCostMaximumAndDeterminism/repeat#13"}
{"Time":"2026-09-05T23:35:29.744282+09:00","Action":"run","Package":"waiting-room/internal/installplan","Test":"TestCostMaximumAndDeterminism/repeat#14"}
{"Time":"2026-09-05T23:35:29.744286+09:00","Action":"output","Package":"waiting-room/internal/installplan","Test":"TestCostMaximumAndDeterminism/repeat#14","Output":"=== RUN   TestCostMaximumAndDeterminism/repeat#14\n"}
{"Time":"2026-09-05T23:35:29.744302+09:00","Action":"output","Package":"waiting-room/internal/installplan","Test":"TestCostMaximumAndDeterminism/repeat#14","Output":"=== PAUSE TestCostMaximumAndDeterminism/repeat#14\n"}
{"Time":"2026-09-05T23:35:29.744304+09:00","Action":"pause","Package":"waiting-room/internal/installplan","Test":"TestCostMaximumAndDeterminism/repeat#14"}
{"Time":"2026-09-05T23:35:29.744323+09:00","Action":"run","Package":"waiting-room/internal/installplan","Test":"TestCostMaximumAndDeterminism/repeat#15"}
{"Time":"2026-09-05T23:35:29.744326+09:00","Action":"output","Package":"waiting-room/internal/installplan","Test":"TestCostMaximumAndDeterminism/repeat#15","Output":"=== RUN   TestCostMaximumAndDeterminism/repeat#15\n"}
{"Time":"2026-09-05T23:35:29.744342+09:00","Action":"output","Package":"waiting-room/internal/installplan","Test":"TestCostMaximumAndDeterminism/repeat#15","Output":"=== PAUSE TestCostMaximumAndDeterminism/repeat#15\n"}
{"Time":"2026-09-05T23:35:29.744343+09:00","Action":"pause","Package":"waiting-room/internal/installplan","Test":"TestCostMaximumAndDeterminism/repeat#15"}
{"Time":"2026-09-05T23:35:29.744366+09:00","Action":"run","Package":"waiting-room/internal/installplan","Test":"TestCostMaximumAndDeterminism/repeat#16"}
{"Time":"2026-09-05T23:35:29.744369+09:00","Action":"output","Package":"waiting-room/internal/installplan","Test":"TestCostMaximumAndDeterminism/repeat#16","Output":"=== RUN   TestCostMaximumAndDeterminism/repeat#16\n"}
{"Time":"2026-09-05T23:35:29.744386+09:00","Action":"output","Package":"waiting-room/internal/installplan","Test":"TestCostMaximumAndDeterminism/repeat#16","Output":"=== PAUSE TestCostMaximumAndDeterminism/repeat#16\n"}
{"Time":"2026-09-05T23:35:29.744387+09:00","Action":"pause","Package":"waiting-room/internal/installplan","Test":"TestCostMaximumAndDeterminism/repeat#16"}
{"Time":"2026-09-05T23:35:29.744412+09:00","Action":"run","Package":"waiting-room/internal/installplan","Test":"TestCostMaximumAndDeterminism/repeat#17"}
{"Time":"2026-09-05T23:35:29.744416+09:00","Action":"output","Package":"waiting-room/internal/installplan","Test":"TestCostMaximumAndDeterminism/repeat#17","Output":"=== RUN   TestCostMaximumAndDeterminism/repeat#17\n"}
{"Time":"2026-09-05T23:35:29.744428+09:00","Action":"output","Package":"waiting-room/internal/installplan","Test":"TestCostMaximumAndDeterminism/repeat#17","Output":"=== PAUSE TestCostMaximumAndDeterminism/repeat#17\n"}
{"Time":"2026-09-05T23:35:29.74443+09:00","Action":"pause","Package":"waiting-room/internal/installplan","Test":"TestCostMaximumAndDeterminism/repeat#17"}
{"Time":"2026-09-05T23:35:29.744452+09:00","Action":"run","Package":"waiting-room/internal/installplan","Test":"TestCostMaximumAndDeterminism/repeat#18"}
{"Time":"2026-09-05T23:35:29.744454+09:00","Action":"output","Package":"waiting-room/internal/installplan","Test":"TestCostMaximumAndDeterminism/repeat#18","Output":"=== RUN   TestCostMaximumAndDeterminism/repeat#18\n"}
{"Time":"2026-09-05T23:35:29.744471+09:00","Action":"output","Package":"waiting-room/internal/installplan","Test":"TestCostMaximumAndDeterminism/repeat#18","Output":"=== PAUSE TestCostMaximumAndDeterminism/repeat#18\n"}
{"Time":"2026-09-05T23:35:29.744473+09:00","Action":"pause","Package":"waiting-room/internal/installplan","Test":"TestCostMaximumAndDeterminism/repeat#18"}
{"Time":"2026-09-05T23:35:29.744497+09:00","Action":"run","Package":"waiting-room/internal/installplan","Test":"TestCostMaximumAndDeterminism/repeat#19"}
{"Time":"2026-09-05T23:35:29.7445+09:00","Action":"output","Package":"waiting-room/internal/installplan","Test":"TestCostMaximumAndDeterminism/repeat#19","Output":"=== RUN   TestCostMaximumAndDeterminism/repeat#19\n"}
{"Time":"2026-09-05T23:35:29.744518+09:00","Action":"output","Package":"waiting-room/internal/installplan","Test":"TestCostMaximumAndDeterminism/repeat#19","Output":"=== PAUSE TestCostMaximumAndDeterminism/repeat#19\n"}
{"Time":"2026-09-05T23:35:29.744521+09:00","Action":"pause","Package":"waiting-room/internal/installplan","Test":"TestCostMaximumAndDeterminism/repeat#19"}
{"Time":"2026-09-05T23:35:29.744544+09:00","Action":"run","Package":"waiting-room/internal/installplan","Test":"TestCostMaximumAndDeterminism/repeat#20"}
{"Time":"2026-09-05T23:35:29.744547+09:00","Action":"output","Package":"waiting-room/internal/installplan","Test":"TestCostMaximumAndDeterminism/repeat#20","Output":"=== RUN   TestCostMaximumAndDeterminism/repeat#20\n"}
{"Time":"2026-09-05T23:35:29.744615+09:00","Action":"output","Package":"waiting-room/internal/installplan","Test":"TestCostMaximumAndDeterminism/repeat#20","Output":"=== PAUSE TestCostMaximumAndDeterminism/repeat#20\n"}
{"Time":"2026-09-05T23:35:29.744618+09:00","Action":"pause","Package":"waiting-room/internal/installplan","Test":"TestCostMaximumAndDeterminism/repeat#20"}
{"Time":"2026-09-05T23:35:29.744626+09:00","Action":"run","Package":"waiting-room/internal/installplan","Test":"TestCostMaximumAndDeterminism/repeat#21"}
{"Time":"2026-09-05T23:35:29.744629+09:00","Action":"output","Package":"waiting-room/internal/installplan","Test":"TestCostMaximumAndDeterminism/repeat#21","Output":"=== RUN   TestCostMaximumAndDeterminism/repeat#21\n"}
{"Time":"2026-09-05T23:35:29.744644+09:00","Action":"output","Package":"waiting-room/internal/installplan","Test":"TestCostMaximumAndDeterminism/repeat#21","Output":"=== PAUSE TestCostMaximumAndDeterminism/repeat#21\n"}
{"Time":"2026-09-05T23:35:29.744647+09:00","Action":"pause","Package":"waiting-room/internal/installplan","Test":"TestCostMaximumAndDeterminism/repeat#21"}
{"Time":"2026-09-05T23:35:29.74467+09:00","Action":"run","Package":"waiting-room/internal/installplan","Test":"TestCostMaximumAndDeterminism/repeat#22"}
{"Time":"2026-09-05T23:35:29.744673+09:00","Action":"output","Package":"waiting-room/internal/installplan","Test":"TestCostMaximumAndDeterminism/repeat#22","Output":"=== RUN   TestCostMaximumAndDeterminism/repeat#22\n"}
{"Time":"2026-09-05T23:35:29.74469+09:00","Action":"output","Package":"waiting-room/internal/installplan","Test":"TestCostMaximumAndDeterminism/repeat#22","Output":"=== PAUSE TestCostMaximumAndDeterminism/repeat#22\n"}
{"Time":"2026-09-05T23:35:29.744693+09:00","Action":"pause","Package":"waiting-room/internal/installplan","Test":"TestCostMaximumAndDeterminism/repeat#22"}
{"Time":"2026-09-05T23:35:29.74471+09:00","Action":"run","Package":"waiting-room/internal/installplan","Test":"TestCostMaximumAndDeterminism/repeat#23"}
{"Time":"2026-09-05T23:35:29.744712+09:00","Action":"output","Package":"waiting-room/internal/installplan","Test":"TestCostMaximumAndDeterminism/repeat#23","Output":"=== RUN   TestCostMaximumAndDeterminism/repeat#23\n"}
{"Time":"2026-09-05T23:35:29.744728+09:00","Action":"output","Package":"waiting-room/internal/installplan","Test":"TestCostMaximumAndDeterminism/repeat#23","Output":"=== PAUSE TestCostMaximumAndDeterminism/repeat#23\n"}
{"Time":"2026-09-05T23:35:29.74473+09:00","Action":"pause","Package":"waiting-room/internal/installplan","Test":"TestCostMaximumAndDeterminism/repeat#23"}
{"Time":"2026-09-05T23:35:29.744757+09:00","Action":"run","Package":"waiting-room/internal/installplan","Test":"TestCostMaximumAndDeterminism/repeat#24"}
{"Time":"2026-09-05T23:35:29.74476+09:00","Action":"output","Package":"waiting-room/internal/installplan","Test":"TestCostMaximumAndDeterminism/repeat#24","Output":"=== RUN   TestCostMaximumAndDeterminism/repeat#24\n"}
{"Time":"2026-09-05T23:35:29.744776+09:00","Action":"output","Package":"waiting-room/internal/installplan","Test":"TestCostMaximumAndDeterminism/repeat#24","Output":"=== PAUSE TestCostMaximumAndDeterminism/repeat#24\n"}
{"Time":"2026-09-05T23:35:29.744778+09:00","Action":"pause","Package":"waiting-room/internal/installplan","Test":"TestCostMaximumAndDeterminism/repeat#24"}
{"Time":"2026-09-05T23:35:29.744802+09:00","Action":"run","Package":"waiting-room/internal/installplan","Test":"TestCostMaximumAndDeterminism/repeat#25"}
{"Time":"2026-09-05T23:35:29.744804+09:00","Action":"output","Package":"waiting-room/internal/installplan","Test":"TestCostMaximumAndDeterminism/repeat#25","Output":"=== RUN   TestCostMaximumAndDeterminism/repeat#25\n"}
{"Time":"2026-09-05T23:35:29.744821+09:00","Action":"output","Package":"waiting-room/internal/installplan","Test":"TestCostMaximumAndDeterminism/repeat#25","Output":"=== PAUSE TestCostMaximumAndDeterminism/repeat#25\n"}
{"Time":"2026-09-05T23:35:29.744823+09:00","Action":"pause","Package":"waiting-room/internal/installplan","Test":"TestCostMaximumAndDeterminism/repeat#25"}
{"Time":"2026-09-05T23:35:29.744844+09:00","Action":"run","Package":"waiting-room/internal/installplan","Test":"TestCostMaximumAndDeterminism/repeat#26"}
{"Time":"2026-09-05T23:35:29.744845+09:00","Action":"output","Package":"waiting-room/internal/installplan","Test":"TestCostMaximumAndDeterminism/repeat#26","Output":"=== RUN   TestCostMaximumAndDeterminism/repeat#26\n"}
{"Time":"2026-09-05T23:35:29.744862+09:00","Action":"output","Package":"waiting-room/internal/installplan","Test":"TestCostMaximumAndDeterminism/repeat#26","Output":"=== PAUSE TestCostMaximumAndDeterminism/repeat#26\n"}
{"Time":"2026-09-05T23:35:29.744865+09:00","Action":"pause","Package":"waiting-room/internal/installplan","Test":"TestCostMaximumAndDeterminism/repeat#26"}
{"Time":"2026-09-05T23:35:29.744893+09:00","Action":"run","Package":"waiting-room/internal/installplan","Test":"TestCostMaximumAndDeterminism/repeat#27"}
{"Time":"2026-09-05T23:35:29.744898+09:00","Action":"output","Package":"waiting-room/internal/installplan","Test":"TestCostMaximumAndDeterminism/repeat#27","Output":"=== RUN   TestCostMaximumAndDeterminism/repeat#27\n"}
{"Time":"2026-09-05T23:35:29.74491+09:00","Action":"output","Package":"waiting-room/internal/installplan","Test":"TestCostMaximumAndDeterminism/repeat#27","Output":"=== PAUSE TestCostMaximumAndDeterminism/repeat#27\n"}
{"Time":"2026-09-05T23:35:29.744912+09:00","Action":"pause","Package":"waiting-room/internal/installplan","Test":"TestCostMaximumAndDeterminism/repeat#27"}
{"Time":"2026-09-05T23:35:29.744934+09:00","Action":"run","Package":"waiting-room/internal/installplan","Test":"TestCostMaximumAndDeterminism/repeat#28"}
{"Time":"2026-09-05T23:35:29.744936+09:00","Action":"output","Package":"waiting-room/internal/installplan","Test":"TestCostMaximumAndDeterminism/repeat#28","Output":"=== RUN   TestCostMaximumAndDeterminism/repeat#28\n"}
{"Time":"2026-09-05T23:35:29.744959+09:00","Action":"output","Package":"waiting-room/internal/installplan","Test":"TestCostMaximumAndDeterminism/repeat#28","Output":"=== PAUSE TestCostMaximumAndDeterminism/repeat#28\n"}
{"Time":"2026-09-05T23:35:29.744962+09:00","Action":"pause","Package":"waiting-room/internal/installplan","Test":"TestCostMaximumAndDeterminism/repeat#28"}
{"Time":"2026-09-05T23:35:29.744975+09:00","Action":"run","Package":"waiting-room/internal/installplan","Test":"TestCostMaximumAndDeterminism/repeat#29"}
{"Time":"2026-09-05T23:35:29.744978+09:00","Action":"output","Package":"waiting-room/internal/installplan","Test":"TestCostMaximumAndDeterminism/repeat#29","Output":"=== RUN   TestCostMaximumAndDeterminism/repeat#29\n"}
{"Time":"2026-09-05T23:35:29.744992+09:00","Action":"output","Package":"waiting-room/internal/installplan","Test":"TestCostMaximumAndDeterminism/repeat#29","Output":"=== PAUSE TestCostMaximumAndDeterminism/repeat#29\n"}
{"Time":"2026-09-05T23:35:29.744994+09:00","Action":"pause","Package":"waiting-room/internal/installplan","Test":"TestCostMaximumAndDeterminism/repeat#29"}
{"Time":"2026-09-05T23:35:29.745019+09:00","Action":"run","Package":"waiting-room/internal/installplan","Test":"TestCostMaximumAndDeterminism/repeat#30"}
{"Time":"2026-09-05T23:35:29.745021+09:00","Action":"output","Package":"waiting-room/internal/installplan","Test":"TestCostMaximumAndDeterminism/repeat#30","Output":"=== RUN   TestCostMaximumAndDeterminism/repeat#30\n"}
{"Time":"2026-09-05T23:35:29.745038+09:00","Action":"output","Package":"waiting-room/internal/installplan","Test":"TestCostMaximumAndDeterminism/repeat#30","Output":"=== PAUSE TestCostMaximumAndDeterminism/repeat#30\n"}
{"Time":"2026-09-05T23:35:29.745041+09:00","Action":"pause","Package":"waiting-room/internal/installplan","Test":"TestCostMaximumAndDeterminism/repeat#30"}
{"Time":"2026-09-05T23:35:29.745062+09:00","Action":"run","Package":"waiting-room/internal/installplan","Test":"TestCostMaximumAndDeterminism/repeat#31"}
{"Time":"2026-09-05T23:35:29.745064+09:00","Action":"output","Package":"waiting-room/internal/installplan","Test":"TestCostMaximumAndDeterminism/repeat#31","Output":"=== RUN   TestCostMaximumAndDeterminism/repeat#31\n"}
{"Time":"2026-09-05T23:35:29.745077+09:00","Action":"output","Package":"waiting-room/internal/installplan","Test":"TestCostMaximumAndDeterminism/repeat#31","Output":"=== PAUSE TestCostMaximumAndDeterminism/repeat#31\n"}
{"Time":"2026-09-05T23:35:29.74508+09:00","Action":"pause","Package":"waiting-room/internal/installplan","Test":"TestCostMaximumAndDeterminism/repeat#31"}
{"Time":"2026-09-05T23:35:29.745102+09:00","Action":"run","Package":"waiting-room/internal/installplan","Test":"TestCostMaximumAndDeterminism/repeat#32"}
{"Time":"2026-09-05T23:35:29.745105+09:00","Action":"output","Package":"waiting-room/internal/installplan","Test":"TestCostMaximumAndDeterminism/repeat#32","Output":"=== RUN   TestCostMaximumAndDeterminism/repeat#32\n"}
{"Time":"2026-09-05T23:35:29.745122+09:00","Action":"output","Package":"waiting-room/internal/installplan","Test":"TestCostMaximumAndDeterminism/repeat#32","Output":"=== PAUSE TestCostMaximumAndDeterminism/repeat#32\n"}
{"Time":"2026-09-05T23:35:29.745124+09:00","Action":"pause","Package":"waiting-room/internal/installplan","Test":"TestCostMaximumAndDeterminism/repeat#32"}
{"Time":"2026-09-05T23:35:29.745145+09:00","Action":"run","Package":"waiting-room/internal/installplan","Test":"TestCostMaximumAndDeterminism/repeat#33"}
{"Time":"2026-09-05T23:35:29.745147+09:00","Action":"output","Package":"waiting-room/internal/installplan","Test":"TestCostMaximumAndDeterminism/repeat#33","Output":"=== RUN   TestCostMaximumAndDeterminism/repeat#33\n"}
{"Time":"2026-09-05T23:35:29.745162+09:00","Action":"output","Package":"waiting-room/internal/installplan","Test":"TestCostMaximumAndDeterminism/repeat#33","Output":"=== PAUSE TestCostMaximumAndDeterminism/repeat#33\n"}
{"Time":"2026-09-05T23:35:29.745164+09:00","Action":"pause","Package":"waiting-room/internal/installplan","Test":"TestCostMaximumAndDeterminism/repeat#33"}
{"Time":"2026-09-05T23:35:29.745182+09:00","Action":"run","Package":"waiting-room/internal/installplan","Test":"TestCostMaximumAndDeterminism/repeat#34"}
{"Time":"2026-09-05T23:35:29.745183+09:00","Action":"output","Package":"waiting-room/internal/installplan","Test":"TestCostMaximumAndDeterminism/repeat#34","Output":"=== RUN   TestCostMaximumAndDeterminism/repeat#34\n"}
{"Time":"2026-09-05T23:35:29.745199+09:00","Action":"output","Package":"waiting-room/internal/installplan","Test":"TestCostMaximumAndDeterminism/repeat#34","Output":"=== PAUSE TestCostMaximumAndDeterminism/repeat#34\n"}
{"Time":"2026-09-05T23:35:29.745202+09:00","Action":"pause","Package":"waiting-room/internal/installplan","Test":"TestCostMaximumAndDeterminism/repeat#34"}
{"Time":"2026-09-05T23:35:29.745224+09:00","Action":"run","Package":"waiting-room/internal/installplan","Test":"TestCostMaximumAndDeterminism/repeat#35"}
{"Time":"2026-09-05T23:35:29.745226+09:00","Action":"output","Package":"waiting-room/internal/installplan","Test":"TestCostMaximumAndDeterminism/repeat#35","Output":"=== RUN   TestCostMaximumAndDeterminism/repeat#35\n"}
{"Time":"2026-09-05T23:35:29.745243+09:00","Action":"output","Package":"waiting-room/internal/installplan","Test":"TestCostMaximumAndDeterminism/repeat#35","Output":"=== PAUSE TestCostMaximumAndDeterminism/repeat#35\n"}
{"Time":"2026-09-05T23:35:29.745245+09:00","Action":"pause","Package":"waiting-room/internal/installplan","Test":"TestCostMaximumAndDeterminism/repeat#35"}
{"Time":"2026-09-05T23:35:29.745268+09:00","Action":"run","Package":"waiting-room/internal/installplan","Test":"TestCostMaximumAndDeterminism/repeat#36"}
{"Time":"2026-09-05T23:35:29.745271+09:00","Action":"output","Package":"waiting-room/internal/installplan","Test":"TestCostMaximumAndDeterminism/repeat#36","Output":"=== RUN   TestCostMaximumAndDeterminism/repeat#36\n"}
{"Time":"2026-09-05T23:35:29.745288+09:00","Action":"output","Package":"waiting-room/internal/installplan","Test":"TestCostMaximumAndDeterminism/repeat#36","Output":"=== PAUSE TestCostMaximumAndDeterminism/repeat#36\n"}
{"Time":"2026-09-05T23:35:29.745289+09:00","Action":"pause","Package":"waiting-room/internal/installplan","Test":"TestCostMaximumAndDeterminism/repeat#36"}
{"Time":"2026-09-05T23:35:29.745315+09:00","Action":"run","Package":"waiting-room/internal/installplan","Test":"TestCostMaximumAndDeterminism/repeat#37"}
{"Time":"2026-09-05T23:35:29.745318+09:00","Action":"output","Package":"waiting-room/internal/installplan","Test":"TestCostMaximumAndDeterminism/repeat#37","Output":"=== RUN   TestCostMaximumAndDeterminism/repeat#37\n"}
{"Time":"2026-09-05T23:35:29.745335+09:00","Action":"output","Package":"waiting-room/internal/installplan","Test":"TestCostMaximumAndDeterminism/repeat#37","Output":"=== PAUSE TestCostMaximumAndDeterminism/repeat#37\n"}
{"Time":"2026-09-05T23:35:29.745337+09:00","Action":"pause","Package":"waiting-room/internal/installplan","Test":"TestCostMaximumAndDeterminism/repeat#37"}
{"Time":"2026-09-05T23:35:29.745358+09:00","Action":"run","Package":"waiting-room/internal/installplan","Test":"TestCostMaximumAndDeterminism/repeat#38"}
{"Time":"2026-09-05T23:35:29.745361+09:00","Action":"output","Package":"waiting-room/internal/installplan","Test":"TestCostMaximumAndDeterminism/repeat#38","Output":"=== RUN   TestCostMaximumAndDeterminism/repeat#38\n"}
{"Time":"2026-09-05T23:35:29.745376+09:00","Action":"output","Package":"waiting-room/internal/installplan","Test":"TestCostMaximumAndDeterminism/repeat#38","Output":"=== PAUSE TestCostMaximumAndDeterminism/repeat#38\n"}
{"Time":"2026-09-05T23:35:29.745378+09:00","Action":"pause","Package":"waiting-room/internal/installplan","Test":"TestCostMaximumAndDeterminism/repeat#38"}
{"Time":"2026-09-05T23:35:29.745395+09:00","Action":"run","Package":"waiting-room/internal/installplan","Test":"TestCostMaximumAndDeterminism/repeat#39"}
{"Time":"2026-09-05T23:35:29.745397+09:00","Action":"output","Package":"waiting-room/internal/installplan","Test":"TestCostMaximumAndDeterminism/repeat#39","Output":"=== RUN   TestCostMaximumAndDeterminism/repeat#39\n"}
{"Time":"2026-09-05T23:35:29.745412+09:00","Action":"output","Package":"waiting-room/internal/installplan","Test":"TestCostMaximumAndDeterminism/repeat#39","Output":"=== PAUSE TestCostMaximumAndDeterminism/repeat#39\n"}
{"Time":"2026-09-05T23:35:29.745414+09:00","Action":"pause","Package":"waiting-room/internal/installplan","Test":"TestCostMaximumAndDeterminism/repeat#39"}
{"Time":"2026-09-05T23:35:29.745437+09:00","Action":"run","Package":"waiting-room/internal/installplan","Test":"TestCostMaximumAndDeterminism/repeat#40"}
{"Time":"2026-09-05T23:35:29.74544+09:00","Action":"output","Package":"waiting-room/internal/installplan","Test":"TestCostMaximumAndDeterminism/repeat#40","Output":"=== RUN   TestCostMaximumAndDeterminism/repeat#40\n"}
{"Time":"2026-09-05T23:35:29.745459+09:00","Action":"output","Package":"waiting-room/internal/installplan","Test":"TestCostMaximumAndDeterminism/repeat#40","Output":"=== PAUSE TestCostMaximumAndDeterminism/repeat#40\n"}
{"Time":"2026-09-05T23:35:29.745461+09:00","Action":"pause","Package":"waiting-room/internal/installplan","Test":"TestCostMaximumAndDeterminism/repeat#40"}
{"Time":"2026-09-05T23:35:29.745484+09:00","Action":"run","Package":"waiting-room/internal/installplan","Test":"TestCostMaximumAndDeterminism/repeat#41"}
{"Time":"2026-09-05T23:35:29.745487+09:00","Action":"output","Package":"waiting-room/internal/installplan","Test":"TestCostMaximumAndDeterminism/repeat#41","Output":"=== RUN   TestCostMaximumAndDeterminism/repeat#41\n"}
{"Time":"2026-09-05T23:35:29.7455+09:00","Action":"output","Package":"waiting-room/internal/installplan","Test":"TestCostMaximumAndDeterminism/repeat#41","Output":"=== PAUSE TestCostMaximumAndDeterminism/repeat#41\n"}
{"Time":"2026-09-05T23:35:29.745506+09:00","Action":"pause","Package":"waiting-room/internal/installplan","Test":"TestCostMaximumAndDeterminism/repeat#41"}
{"Time":"2026-09-05T23:35:29.745525+09:00","Action":"run","Package":"waiting-room/internal/installplan","Test":"TestCostMaximumAndDeterminism/repeat#42"}
{"Time":"2026-09-05T23:35:29.745527+09:00","Action":"output","Package":"waiting-room/internal/installplan","Test":"TestCostMaximumAndDeterminism/repeat#42","Output":"=== RUN   TestCostMaximumAndDeterminism/repeat#42\n"}
{"Time":"2026-09-05T23:35:29.745543+09:00","Action":"output","Package":"waiting-room/internal/installplan","Test":"TestCostMaximumAndDeterminism/repeat#42","Output":"=== PAUSE TestCostMaximumAndDeterminism/repeat#42\n"}
{"Time":"2026-09-05T23:35:29.745545+09:00","Action":"pause","Package":"waiting-room/internal/installplan","Test":"TestCostMaximumAndDeterminism/repeat#42"}
{"Time":"2026-09-05T23:35:29.745564+09:00","Action":"run","Package":"waiting-room/internal/installplan","Test":"TestCostMaximumAndDeterminism/repeat#43"}
{"Time":"2026-09-05T23:35:29.745566+09:00","Action":"output","Package":"waiting-room/internal/installplan","Test":"TestCostMaximumAndDeterminism/repeat#43","Output":"=== RUN   TestCostMaximumAndDeterminism/repeat#43\n"}
{"Time":"2026-09-05T23:35:29.745582+09:00","Action":"output","Package":"waiting-room/internal/installplan","Test":"TestCostMaximumAndDeterminism/repeat#43","Output":"=== PAUSE TestCostMaximumAndDeterminism/repeat#43\n"}
{"Time":"2026-09-05T23:35:29.745584+09:00","Action":"pause","Package":"waiting-room/internal/installplan","Test":"TestCostMaximumAndDeterminism/repeat#43"}
{"Time":"2026-09-05T23:35:29.745602+09:00","Action":"run","Package":"waiting-room/internal/installplan","Test":"TestCostMaximumAndDeterminism/repeat#44"}
{"Time":"2026-09-05T23:35:29.745604+09:00","Action":"output","Package":"waiting-room/internal/installplan","Test":"TestCostMaximumAndDeterminism/repeat#44","Output":"=== RUN   TestCostMaximumAndDeterminism/repeat#44\n"}
{"Time":"2026-09-05T23:35:29.74562+09:00","Action":"output","Package":"waiting-room/internal/installplan","Test":"TestCostMaximumAndDeterminism/repeat#44","Output":"=== PAUSE TestCostMaximumAndDeterminism/repeat#44\n"}
{"Time":"2026-09-05T23:35:29.745623+09:00","Action":"pause","Package":"waiting-room/internal/installplan","Test":"TestCostMaximumAndDeterminism/repeat#44"}
{"Time":"2026-09-05T23:35:29.745643+09:00","Action":"run","Package":"waiting-room/internal/installplan","Test":"TestCostMaximumAndDeterminism/repeat#45"}
{"Time":"2026-09-05T23:35:29.745647+09:00","Action":"output","Package":"waiting-room/internal/installplan","Test":"TestCostMaximumAndDeterminism/repeat#45","Output":"=== RUN   TestCostMaximumAndDeterminism/repeat#45\n"}
{"Time":"2026-09-05T23:35:29.745662+09:00","Action":"output","Package":"waiting-room/internal/installplan","Test":"TestCostMaximumAndDeterminism/repeat#45","Output":"=== PAUSE TestCostMaximumAndDeterminism/repeat#45\n"}
{"Time":"2026-09-05T23:35:29.745664+09:00","Action":"pause","Package":"waiting-room/internal/installplan","Test":"TestCostMaximumAndDeterminism/repeat#45"}
{"Time":"2026-09-05T23:35:29.745683+09:00","Action":"run","Package":"waiting-room/internal/installplan","Test":"TestCostMaximumAndDeterminism/repeat#46"}
{"Time":"2026-09-05T23:35:29.745685+09:00","Action":"output","Package":"waiting-room/internal/installplan","Test":"TestCostMaximumAndDeterminism/repeat#46","Output":"=== RUN   TestCostMaximumAndDeterminism/repeat#46\n"}
{"Time":"2026-09-05T23:35:29.745704+09:00","Action":"output","Package":"waiting-room/internal/installplan","Test":"TestCostMaximumAndDeterminism/repeat#46","Output":"=== PAUSE TestCostMaximumAndDeterminism/repeat#46\n"}
{"Time":"2026-09-05T23:35:29.745706+09:00","Action":"pause","Package":"waiting-room/internal/installplan","Test":"TestCostMaximumAndDeterminism/repeat#46"}
{"Time":"2026-09-05T23:35:29.745723+09:00","Action":"run","Package":"waiting-room/internal/installplan","Test":"TestCostMaximumAndDeterminism/repeat#47"}
{"Time":"2026-09-05T23:35:29.745724+09:00","Action":"output","Package":"waiting-room/internal/installplan","Test":"TestCostMaximumAndDeterminism/repeat#47","Output":"=== RUN   TestCostMaximumAndDeterminism/repeat#47\n"}
{"Time":"2026-09-05T23:35:29.745741+09:00","Action":"output","Package":"waiting-room/internal/installplan","Test":"TestCostMaximumAndDeterminism/repeat#47","Output":"=== PAUSE TestCostMaximumAndDeterminism/repeat#47\n"}
{"Time":"2026-09-05T23:35:29.745744+09:00","Action":"pause","Package":"waiting-room/internal/installplan","Test":"TestCostMaximumAndDeterminism/repeat#47"}
{"Time":"2026-09-05T23:35:29.745762+09:00","Action":"run","Package":"waiting-room/internal/installplan","Test":"TestCostMaximumAndDeterminism/repeat#48"}
{"Time":"2026-09-05T23:35:29.745765+09:00","Action":"output","Package":"waiting-room/internal/installplan","Test":"TestCostMaximumAndDeterminism/repeat#48","Output":"=== RUN   TestCostMaximumAndDeterminism/repeat#48\n"}
{"Time":"2026-09-05T23:35:29.745789+09:00","Action":"output","Package":"waiting-room/internal/installplan","Test":"TestCostMaximumAndDeterminism/repeat#48","Output":"=== PAUSE TestCostMaximumAndDeterminism/repeat#48\n"}
{"Time":"2026-09-05T23:35:29.745792+09:00","Action":"pause","Package":"waiting-room/internal/installplan","Test":"TestCostMaximumAndDeterminism/repeat#48"}
{"Time":"2026-09-05T23:35:29.745809+09:00","Action":"run","Package":"waiting-room/internal/installplan","Test":"TestCostMaximumAndDeterminism/repeat#49"}
{"Time":"2026-09-05T23:35:29.745812+09:00","Action":"output","Package":"waiting-room/internal/installplan","Test":"TestCostMaximumAndDeterminism/repeat#49","Output":"=== RUN   TestCostMaximumAndDeterminism/repeat#49\n"}
{"Time":"2026-09-05T23:35:29.745826+09:00","Action":"output","Package":"waiting-room/internal/installplan","Test":"TestCostMaximumAndDeterminism/repeat#49","Output":"=== PAUSE TestCostMaximumAndDeterminism/repeat#49\n"}
{"Time":"2026-09-05T23:35:29.745829+09:00","Action":"pause","Package":"waiting-room/internal/installplan","Test":"TestCostMaximumAndDeterminism/repeat#49"}
{"Time":"2026-09-05T23:35:29.74586+09:00","Action":"cont","Package":"waiting-room/internal/installplan","Test":"TestCostMaximumAndDeterminism/repeat"}
{"Time":"2026-09-05T23:35:29.745863+09:00","Action":"output","Package":"waiting-room/internal/installplan","Test":"TestCostMaximumAndDeterminism/repeat","Output":"=== CONT  TestCostMaximumAndDeterminism/repeat\n"}
{"Time":"2026-09-05T23:35:29.745895+09:00","Action":"cont","Package":"waiting-room/internal/installplan","Test":"TestCostMaximumAndDeterminism/repeat#24"}
{"Time":"2026-09-05T23:35:29.745898+09:00","Action":"output","Package":"waiting-room/internal/installplan","Test":"TestCostMaximumAndDeterminism/repeat#24","Output":"=== CONT  TestCostMaximumAndDeterminism/repeat#24\n"}
{"Time":"2026-09-05T23:35:29.745914+09:00","Action":"cont","Package":"waiting-room/internal/installplan","Test":"TestCostMaximumAndDeterminism/repeat#37"}
{"Time":"2026-09-05T23:35:29.745917+09:00","Action":"output","Package":"waiting-room/internal/installplan","Test":"TestCostMaximumAndDeterminism/repeat#37","Output":"=== CONT  TestCostMaximumAndDeterminism/repeat#37\n"}
{"Time":"2026-09-05T23:35:29.746004+09:00","Action":"cont","Package":"waiting-room/internal/installplan","Test":"TestCostMaximumAndDeterminism/repeat#12"}
{"Time":"2026-09-05T23:35:29.746016+09:00","Action":"output","Package":"waiting-room/internal/installplan","Test":"TestCostMaximumAndDeterminism/repeat#12","Output":"=== CONT  TestCostMaximumAndDeterminism/repeat#12\n"}
{"Time":"2026-09-05T23:35:29.746044+09:00","Action":"cont","Package":"waiting-room/internal/installplan","Test":"TestCostMaximumAndDeterminism/repeat#32"}
{"Time":"2026-09-05T23:35:29.746053+09:00","Action":"output","Package":"waiting-room/internal/installplan","Test":"TestCostMaximumAndDeterminism/repeat#32","Output":"=== CONT  TestCostMaximumAndDeterminism/repeat#32\n"}
{"Time":"2026-09-05T23:35:29.746107+09:00","Action":"output","Package":"waiting-room/internal/installplan","Test":"TestCostMaximumAndDeterminism/repeat","Output":"--- PASS: TestCostMaximumAndDeterminism/repeat (0.00s)\n"}
{"Time":"2026-09-05T23:35:29.74613+09:00","Action":"pass","Package":"waiting-room/internal/installplan","Test":"TestCostMaximumAndDeterminism/repeat","Elapsed":0}
{"Time":"2026-09-05T23:35:29.746135+09:00","Action":"cont","Package":"waiting-room/internal/installplan","Test":"TestCostMaximumAndDeterminism/repeat#34"}
{"Time":"2026-09-05T23:35:29.746137+09:00","Action":"output","Package":"waiting-room/internal/installplan","Test":"TestCostMaximumAndDeterminism/repeat#34","Output":"=== CONT  TestCostMaximumAndDeterminism/repeat#34\n"}
{"Time":"2026-09-05T23:35:29.746158+09:00","Action":"cont","Package":"waiting-room/internal/installplan","Test":"TestCostMaximumAndDeterminism/repeat#11"}
{"Time":"2026-09-05T23:35:29.746164+09:00","Action":"output","Package":"waiting-room/internal/installplan","Test":"TestCostMaximumAndDeterminism/repeat#11","Output":"=== CONT  TestCostMaximumAndDeterminism/repeat#11\n"}
{"Time":"2026-09-05T23:35:29.746201+09:00","Action":"cont","Package":"waiting-room/internal/installplan","Test":"TestCostMaximumAndDeterminism/repeat#14"}
{"Time":"2026-09-05T23:35:29.746206+09:00","Action":"output","Package":"waiting-room/internal/installplan","Test":"TestCostMaximumAndDeterminism/repeat#14","Output":"=== CONT  TestCostMaximumAndDeterminism/repeat#14\n"}
{"Time":"2026-09-05T23:35:29.746234+09:00","Action":"cont","Package":"waiting-room/internal/installplan","Test":"TestCostMaximumAndDeterminism/repeat#02"}
{"Time":"2026-09-05T23:35:29.746242+09:00","Action":"output","Package":"waiting-room/internal/installplan","Test":"TestCostMaximumAndDeterminism/repeat#02","Output":"=== CONT  TestCostMaximumAndDeterminism/repeat#02\n"}
{"Time":"2026-09-05T23:35:29.746268+09:00","Action":"cont","Package":"waiting-room/internal/installplan","Test":"TestCostMaximumAndDeterminism/repeat#10"}
{"Time":"2026-09-05T23:35:29.746273+09:00","Action":"output","Package":"waiting-room/internal/installplan","Test":"TestCostMaximumAndDeterminism/repeat#10","Output":"=== CONT  TestCostMaximumAndDeterminism/repeat#10\n"}
{"Time":"2026-09-05T23:35:29.746327+09:00","Action":"cont","Package":"waiting-room/internal/installplan","Test":"TestCostMaximumAndDeterminism/repeat#01"}
{"Time":"2026-09-05T23:35:29.746332+09:00","Action":"output","Package":"waiting-room/internal/installplan","Test":"TestCostMaximumAndDeterminism/repeat#01","Output":"=== CONT  TestCostMaximumAndDeterminism/repeat#01\n"}
{"Time":"2026-09-05T23:35:29.746334+09:00","Action":"cont","Package":"waiting-room/internal/installplan","Test":"TestCostMaximumAndDeterminism/repeat#36"}
{"Time":"2026-09-05T23:35:29.746364+09:00","Action":"output","Package":"waiting-room/internal/installplan","Test":"TestCostMaximumAndDeterminism/repeat#36","Output":"=== CONT  TestCostMaximumAndDeterminism/repeat#36\n"}
{"Time":"2026-09-05T23:35:29.746381+09:00","Action":"cont","Package":"waiting-room/internal/installplan","Test":"TestCostMaximumAndDeterminism/repeat#08"}
{"Time":"2026-09-05T23:35:29.746386+09:00","Action":"output","Package":"waiting-room/internal/installplan","Test":"TestCostMaximumAndDeterminism/repeat#08","Output":"=== CONT  TestCostMaximumAndDeterminism/repeat#08\n"}
{"Time":"2026-09-05T23:35:29.746432+09:00","Action":"cont","Package":"waiting-room/internal/installplan","Test":"TestCostMaximumAndDeterminism/repeat#27"}
{"Time":"2026-09-05T23:35:29.746435+09:00","Action":"output","Package":"waiting-room/internal/installplan","Test":"TestCostMaximumAndDeterminism/repeat#27","Output":"=== CONT  TestCostMaximumAndDeterminism/repeat#27\n"}
{"Time":"2026-09-05T23:35:29.746484+09:00","Action":"cont","Package":"waiting-room/internal/installplan","Test":"TestCostMaximumAndDeterminism/repeat#30"}
{"Time":"2026-09-05T23:35:29.746493+09:00","Action":"output","Package":"waiting-room/internal/installplan","Test":"TestCostMaximumAndDeterminism/repeat#30","Output":"=== CONT  TestCostMaximumAndDeterminism/repeat#30\n"}
{"Time":"2026-09-05T23:35:29.746805+09:00","Action":"cont","Package":"waiting-room/internal/installplan","Test":"TestCostMaximumAndDeterminism/repeat#07"}
{"Time":"2026-09-05T23:35:29.74681+09:00","Action":"output","Package":"waiting-room/internal/installplan","Test":"TestCostMaximumAndDeterminism/repeat#07","Output":"=== CONT  TestCostMaximumAndDeterminism/repeat#07\n"}
{"Time":"2026-09-05T23:35:29.746861+09:00","Action":"cont","Package":"waiting-room/internal/installplan","Test":"TestCostMaximumAndDeterminism/repeat#44"}
{"Time":"2026-09-05T23:35:29.746867+09:00","Action":"output","Package":"waiting-room/internal/installplan","Test":"TestCostMaximumAndDeterminism/repeat#44","Output":"=== CONT  TestCostMaximumAndDeterminism/repeat#44\n"}
{"Time":"2026-09-05T23:35:29.746871+09:00","Action":"cont","Package":"waiting-room/internal/installplan","Test":"TestCostMaximumAndDeterminism/repeat#45"}
{"Time":"2026-09-05T23:35:29.746872+09:00","Action":"output","Package":"waiting-room/internal/installplan","Test":"TestCostMaximumAndDeterminism/repeat#45","Output":"=== CONT  TestCostMaximumAndDeterminism/repeat#45\n"}
{"Time":"2026-09-05T23:35:29.746942+09:00","Action":"cont","Package":"waiting-room/internal/installplan","Test":"TestCostMaximumAndDeterminism/repeat#09"}
{"Time":"2026-09-05T23:35:29.746949+09:00","Action":"output","Package":"waiting-room/internal/installplan","Test":"TestCostMaximumAndDeterminism/repeat#09","Output":"=== CONT  TestCostMaximumAndDeterminism/repeat#09\n"}
{"Time":"2026-09-05T23:35:29.746952+09:00","Action":"cont","Package":"waiting-room/internal/installplan","Test":"TestCostMaximumAndDeterminism/repeat#05"}
{"Time":"2026-09-05T23:35:29.746954+09:00","Action":"output","Package":"waiting-room/internal/installplan","Test":"TestCostMaximumAndDeterminism/repeat#05","Output":"=== CONT  TestCostMaximumAndDeterminism/repeat#05\n"}
{"Time":"2026-09-05T23:35:29.747238+09:00","Action":"cont","Package":"waiting-room/internal/installplan","Test":"TestCostMaximumAndDeterminism/repeat#06"}
{"Time":"2026-09-05T23:35:29.747242+09:00","Action":"output","Package":"waiting-room/internal/installplan","Test":"TestCostMaximumAndDeterminism/repeat#06","Output":"=== CONT  TestCostMaximumAndDeterminism/repeat#06\n"}
{"Time":"2026-09-05T23:35:29.747243+09:00","Action":"cont","Package":"waiting-room/internal/installplan","Test":"TestCostMaximumAndDeterminism/repeat#03"}
{"Time":"2026-09-05T23:35:29.747244+09:00","Action":"output","Package":"waiting-room/internal/installplan","Test":"TestCostMaximumAndDeterminism/repeat#03","Output":"=== CONT  TestCostMaximumAndDeterminism/repeat#03\n"}
{"Time":"2026-09-05T23:35:29.747323+09:00","Action":"cont","Package":"waiting-room/internal/installplan","Test":"TestCostMaximumAndDeterminism/repeat#23"}
{"Time":"2026-09-05T23:35:29.747327+09:00","Action":"output","Package":"waiting-room/internal/installplan","Test":"TestCostMaximumAndDeterminism/repeat#23","Output":"=== CONT  TestCostMaximumAndDeterminism/repeat#23\n"}
{"Time":"2026-09-05T23:35:29.747381+09:00","Action":"output","Package":"waiting-room/internal/installplan","Test":"TestCostMaximumAndDeterminism/repeat#37","Output":"--- PASS: TestCostMaximumAndDeterminism/repeat#37 (0.00s)\n"}
{"Time":"2026-09-05T23:35:29.747416+09:00","Action":"pass","Package":"waiting-room/internal/installplan","Test":"TestCostMaximumAndDeterminism/repeat#37","Elapsed":0}
{"Time":"2026-09-05T23:35:29.747419+09:00","Action":"output","Package":"waiting-room/internal/installplan","Test":"TestCostMaximumAndDeterminism/repeat#07","Output":"--- PASS: TestCostMaximumAndDeterminism/repeat#07 (0.00s)\n"}
{"Time":"2026-09-05T23:35:29.74742+09:00","Action":"pass","Package":"waiting-room/internal/installplan","Test":"TestCostMaximumAndDeterminism/repeat#07","Elapsed":0}
{"Time":"2026-09-05T23:35:29.747421+09:00","Action":"output","Package":"waiting-room/internal/installplan","Test":"TestCostMaximumAndDeterminism/repeat#09","Output":"--- PASS: TestCostMaximumAndDeterminism/repeat#09 (0.00s)\n"}
{"Time":"2026-09-05T23:35:29.747424+09:00","Action":"pass","Package":"waiting-room/internal/installplan","Test":"TestCostMaximumAndDeterminism/repeat#09","Elapsed":0}
{"Time":"2026-09-05T23:35:29.747425+09:00","Action":"output","Package":"waiting-room/internal/installplan","Test":"TestCostMaximumAndDeterminism/repeat#12","Output":"--- PASS: TestCostMaximumAndDeterminism/repeat#12 (0.00s)\n"}
{"Time":"2026-09-05T23:35:29.747426+09:00","Action":"pass","Package":"waiting-room/internal/installplan","Test":"TestCostMaximumAndDeterminism/repeat#12","Elapsed":0}
{"Time":"2026-09-05T23:35:29.747427+09:00","Action":"cont","Package":"waiting-room/internal/installplan","Test":"TestCostMaximumAndDeterminism/repeat#22"}
{"Time":"2026-09-05T23:35:29.747428+09:00","Action":"output","Package":"waiting-room/internal/installplan","Test":"TestCostMaximumAndDeterminism/repeat#22","Output":"=== CONT  TestCostMaximumAndDeterminism/repeat#22\n"}
{"Time":"2026-09-05T23:35:29.747456+09:00","Action":"output","Package":"waiting-room/internal/installplan","Test":"TestCostMaximumAndDeterminism/repeat#05","Output":"--- PASS: TestCostMaximumAndDeterminism/repeat#05 (0.00s)\n"}
{"Time":"2026-09-05T23:35:29.747459+09:00","Action":"pass","Package":"waiting-room/internal/installplan","Test":"TestCostMaximumAndDeterminism/repeat#05","Elapsed":0}
{"Time":"2026-09-05T23:35:29.74746+09:00","Action":"cont","Package":"waiting-room/internal/installplan","Test":"TestCostMaximumAndDeterminism/repeat#26"}
{"Time":"2026-09-05T23:35:29.747461+09:00","Action":"output","Package":"waiting-room/internal/installplan","Test":"TestCostMaximumAndDeterminism/repeat#26","Output":"=== CONT  TestCostMaximumAndDeterminism/repeat#26\n"}
{"Time":"2026-09-05T23:35:29.747479+09:00","Action":"output","Package":"waiting-room/internal/installplan","Test":"TestCostMaximumAndDeterminism/repeat#11","Output":"--- PASS: TestCostMaximumAndDeterminism/repeat#11 (0.00s)\n"}
{"Time":"2026-09-05T23:35:29.747482+09:00","Action":"pass","Package":"waiting-room/internal/installplan","Test":"TestCostMaximumAndDeterminism/repeat#11","Elapsed":0}
{"Time":"2026-09-05T23:35:29.747483+09:00","Action":"cont","Package":"waiting-room/internal/installplan","Test":"TestCostMaximumAndDeterminism/repeat#16"}
{"Time":"2026-09-05T23:35:29.747484+09:00","Action":"output","Package":"waiting-room/internal/installplan","Test":"TestCostMaximumAndDeterminism/repeat#16","Output":"=== CONT  TestCostMaximumAndDeterminism/repeat#16\n"}
{"Time":"2026-09-05T23:35:29.747502+09:00","Action":"cont","Package":"waiting-room/internal/installplan","Test":"TestCostMaximumAndDeterminism/repeat#04"}
{"Time":"2026-09-05T23:35:29.747505+09:00","Action":"output","Package":"waiting-room/internal/installplan","Test":"TestCostMaximumAndDeterminism/repeat#04","Output":"=== CONT  TestCostMaximumAndDeterminism/repeat#04\n"}
{"Time":"2026-09-05T23:35:29.747522+09:00","Action":"cont","Package":"waiting-room/internal/installplan","Test":"TestCostMaximumAndDeterminism/repeat#17"}
{"Time":"2026-09-05T23:35:29.747527+09:00","Action":"output","Package":"waiting-room/internal/installplan","Test":"TestCostMaximumAndDeterminism/repeat#17","Output":"=== CONT  TestCostMaximumAndDeterminism/repeat#17\n"}
{"Time":"2026-09-05T23:35:29.747529+09:00","Action":"cont","Package":"waiting-room/internal/installplan","Test":"TestCostMaximumAndDeterminism/repeat#49"}
{"Time":"2026-09-05T23:35:29.74753+09:00","Action":"output","Package":"waiting-room/internal/installplan","Test":"TestCostMaximumAndDeterminism/repeat#49","Output":"=== CONT  TestCostMaximumAndDeterminism/repeat#49\n"}
{"Time":"2026-09-05T23:35:29.747532+09:00","Action":"cont","Package":"waiting-room/internal/installplan","Test":"TestCostMaximumAndDeterminism/repeat#47"}
{"Time":"2026-09-05T23:35:29.747533+09:00","Action":"output","Package":"waiting-room/internal/installplan","Test":"TestCostMaximumAndDeterminism/repeat#47","Output":"=== CONT  TestCostMaximumAndDeterminism/repeat#47\n"}
{"Time":"2026-09-05T23:35:29.747619+09:00","Action":"cont","Package":"waiting-room/internal/installplan","Test":"TestCostMaximumAndDeterminism/repeat#48"}
{"Time":"2026-09-05T23:35:29.74763+09:00","Action":"output","Package":"waiting-room/internal/installplan","Test":"TestCostMaximumAndDeterminism/repeat#48","Output":"=== CONT  TestCostMaximumAndDeterminism/repeat#48\n"}
{"Time":"2026-09-05T23:35:29.747634+09:00","Action":"cont","Package":"waiting-room/internal/installplan","Test":"TestCostMaximumAndDeterminism/repeat#18"}
{"Time":"2026-09-05T23:35:29.747637+09:00","Action":"output","Package":"waiting-room/internal/installplan","Test":"TestCostMaximumAndDeterminism/repeat#18","Output":"=== CONT  TestCostMaximumAndDeterminism/repeat#18\n"}
{"Time":"2026-09-05T23:35:29.747644+09:00","Action":"cont","Package":"waiting-room/internal/installplan","Test":"TestCostMaximumAndDeterminism/repeat#46"}
{"Time":"2026-09-05T23:35:29.747646+09:00","Action":"output","Package":"waiting-room/internal/installplan","Test":"TestCostMaximumAndDeterminism/repeat#46","Output":"=== CONT  TestCostMaximumAndDeterminism/repeat#46\n"}
{"Time":"2026-09-05T23:35:29.747666+09:00","Action":"cont","Package":"waiting-room/internal/installplan","Test":"TestCostMaximumAndDeterminism/repeat#38"}
{"Time":"2026-09-05T23:35:29.74767+09:00","Action":"output","Package":"waiting-room/internal/installplan","Test":"TestCostMaximumAndDeterminism/repeat#38","Output":"=== CONT  TestCostMaximumAndDeterminism/repeat#38\n"}
{"Time":"2026-09-05T23:35:29.747672+09:00","Action":"cont","Package":"waiting-room/internal/installplan","Test":"TestCostMaximumAndDeterminism/repeat#35"}
{"Time":"2026-09-05T23:35:29.747673+09:00","Action":"output","Package":"waiting-room/internal/installplan","Test":"TestCostMaximumAndDeterminism/repeat#35","Output":"=== CONT  TestCostMaximumAndDeterminism/repeat#35\n"}
{"Time":"2026-09-05T23:35:29.747755+09:00","Action":"cont","Package":"waiting-room/internal/installplan","Test":"TestCostMaximumAndDeterminism/repeat#25"}
{"Time":"2026-09-05T23:35:29.747776+09:00","Action":"output","Package":"waiting-room/internal/installplan","Test":"TestCostMaximumAndDeterminism/repeat#25","Output":"=== CONT  TestCostMaximumAndDeterminism/repeat#25\n"}
{"Time":"2026-09-05T23:35:29.747782+09:00","Action":"cont","Package":"waiting-room/internal/installplan","Test":"TestCostMaximumAndDeterminism/repeat#15"}
{"Time":"2026-09-05T23:35:29.747785+09:00","Action":"output","Package":"waiting-room/internal/installplan","Test":"TestCostMaximumAndDeterminism/repeat#15","Output":"=== CONT  TestCostMaximumAndDeterminism/repeat#15\n"}
{"Time":"2026-09-05T23:35:29.747787+09:00","Action":"cont","Package":"waiting-room/internal/installplan","Test":"TestCostMaximumAndDeterminism/repeat#13"}
{"Time":"2026-09-05T23:35:29.74779+09:00","Action":"output","Package":"waiting-room/internal/installplan","Test":"TestCostMaximumAndDeterminism/repeat#13","Output":"=== CONT  TestCostMaximumAndDeterminism/repeat#13\n"}
{"Time":"2026-09-05T23:35:29.747794+09:00","Action":"cont","Package":"waiting-room/internal/installplan","Test":"TestCostMaximumAndDeterminism/repeat#31"}
{"Time":"2026-09-05T23:35:29.747799+09:00","Action":"output","Package":"waiting-room/internal/installplan","Test":"TestCostMaximumAndDeterminism/repeat#31","Output":"=== CONT  TestCostMaximumAndDeterminism/repeat#31\n"}
{"Time":"2026-09-05T23:35:29.747802+09:00","Action":"cont","Package":"waiting-room/internal/installplan","Test":"TestCostMaximumAndDeterminism/repeat#29"}
{"Time":"2026-09-05T23:35:29.747804+09:00","Action":"output","Package":"waiting-room/internal/installplan","Test":"TestCostMaximumAndDeterminism/repeat#29","Output":"=== CONT  TestCostMaximumAndDeterminism/repeat#29\n"}
{"Time":"2026-09-05T23:35:29.747811+09:00","Action":"cont","Package":"waiting-room/internal/installplan","Test":"TestCostMaximumAndDeterminism/repeat#40"}
{"Time":"2026-09-05T23:35:29.747816+09:00","Action":"output","Package":"waiting-room/internal/installplan","Test":"TestCostMaximumAndDeterminism/repeat#40","Output":"=== CONT  TestCostMaximumAndDeterminism/repeat#40\n"}
{"Time":"2026-09-05T23:35:29.747843+09:00","Action":"cont","Package":"waiting-room/internal/installplan","Test":"TestCostMaximumAndDeterminism/repeat#21"}
{"Time":"2026-09-05T23:35:29.74785+09:00","Action":"output","Package":"waiting-room/internal/installplan","Test":"TestCostMaximumAndDeterminism/repeat#21","Output":"=== CONT  TestCostMaximumAndDeterminism/repeat#21\n"}
{"Time":"2026-09-05T23:35:29.747886+09:00","Action":"cont","Package":"waiting-room/internal/installplan","Test":"TestCostMaximumAndDeterminism/repeat#43"}
{"Time":"2026-09-05T23:35:29.747905+09:00","Action":"output","Package":"waiting-room/internal/installplan","Test":"TestCostMaximumAndDeterminism/repeat#43","Output":"=== CONT  TestCostMaximumAndDeterminism/repeat#43\n"}
{"Time":"2026-09-05T23:35:29.747908+09:00","Action":"cont","Package":"waiting-room/internal/installplan","Test":"TestCostMaximumAndDeterminism/repeat#33"}
{"Time":"2026-09-05T23:35:29.747908+09:00","Action":"output","Package":"waiting-room/internal/installplan","Test":"TestCostMaximumAndDeterminism/repeat#33","Output":"=== CONT  TestCostMaximumAndDeterminism/repeat#33\n"}
{"Time":"2026-09-05T23:35:29.747911+09:00","Action":"cont","Package":"waiting-room/internal/installplan","Test":"TestCostMaximumAndDeterminism/repeat#39"}
{"Time":"2026-09-05T23:35:29.747912+09:00","Action":"output","Package":"waiting-room/internal/installplan","Test":"TestCostMaximumAndDeterminism/repeat#39","Output":"=== CONT  TestCostMaximumAndDeterminism/repeat#39\n"}
{"Time":"2026-09-05T23:35:29.747921+09:00","Action":"cont","Package":"waiting-room/internal/installplan","Test":"TestCostMaximumAndDeterminism/repeat#42"}
{"Time":"2026-09-05T23:35:29.747931+09:00","Action":"output","Package":"waiting-room/internal/installplan","Test":"TestCostMaximumAndDeterminism/repeat#42","Output":"=== CONT  TestCostMaximumAndDeterminism/repeat#42\n"}
{"Time":"2026-09-05T23:35:29.747937+09:00","Action":"cont","Package":"waiting-room/internal/installplan","Test":"TestCostMaximumAndDeterminism/repeat#28"}
{"Time":"2026-09-05T23:35:29.747937+09:00","Action":"output","Package":"waiting-room/internal/installplan","Test":"TestCostMaximumAndDeterminism/repeat#28","Output":"=== CONT  TestCostMaximumAndDeterminism/repeat#28\n"}
{"Time":"2026-09-05T23:35:29.747939+09:00","Action":"output","Package":"waiting-room/internal/installplan","Test":"TestCostMaximumAndDeterminism/repeat#03","Output":"--- PASS: TestCostMaximumAndDeterminism/repeat#03 (0.00s)\n"}
{"Time":"2026-09-05T23:35:29.747955+09:00","Action":"pass","Package":"waiting-room/internal/installplan","Test":"TestCostMaximumAndDeterminism/repeat#03","Elapsed":0}
{"Time":"2026-09-05T23:35:29.747957+09:00","Action":"cont","Package":"waiting-room/internal/installplan","Test":"TestCostMaximumAndDeterminism/repeat#20"}
{"Time":"2026-09-05T23:35:29.747958+09:00","Action":"output","Package":"waiting-room/internal/installplan","Test":"TestCostMaximumAndDeterminism/repeat#20","Output":"=== CONT  TestCostMaximumAndDeterminism/repeat#20\n"}
{"Time":"2026-09-05T23:35:29.748001+09:00","Action":"output","Package":"waiting-room/internal/installplan","Test":"TestCostMaximumAndDeterminism/repeat#13","Output":"--- PASS: TestCostMaximumAndDeterminism/repeat#13 (0.00s)\n"}
{"Time":"2026-09-05T23:35:29.748016+09:00","Action":"pass","Package":"waiting-room/internal/installplan","Test":"TestCostMaximumAndDeterminism/repeat#13","Elapsed":0}
{"Time":"2026-09-05T23:35:29.748017+09:00","Action":"output","Package":"waiting-room/internal/installplan","Test":"TestCostMaximumAndDeterminism/repeat#14","Output":"--- PASS: TestCostMaximumAndDeterminism/repeat#14 (0.00s)\n"}
{"Time":"2026-09-05T23:35:29.74802+09:00","Action":"pass","Package":"waiting-room/internal/installplan","Test":"TestCostMaximumAndDeterminism/repeat#14","Elapsed":0}
{"Time":"2026-09-05T23:35:29.74808+09:00","Action":"cont","Package":"waiting-room/internal/installplan","Test":"TestCostMaximumAndDeterminism/repeat#41"}
{"Time":"2026-09-05T23:35:29.748084+09:00","Action":"output","Package":"waiting-room/internal/installplan","Test":"TestCostMaximumAndDeterminism/repeat#41","Output":"=== CONT  TestCostMaximumAndDeterminism/repeat#41\n"}
{"Time":"2026-09-05T23:35:29.74809+09:00","Action":"output","Package":"waiting-room/internal/installplan","Test":"TestCostMaximumAndDeterminism/repeat#36","Output":"--- PASS: TestCostMaximumAndDeterminism/repeat#36 (0.00s)\n"}
{"Time":"2026-09-05T23:35:29.748093+09:00","Action":"pass","Package":"waiting-room/internal/installplan","Test":"TestCostMaximumAndDeterminism/repeat#36","Elapsed":0}
{"Time":"2026-09-05T23:35:29.748097+09:00","Action":"cont","Package":"waiting-room/internal/installplan","Test":"TestCostMaximumAndDeterminism/repeat#19"}
{"Time":"2026-09-05T23:35:29.748101+09:00","Action":"output","Package":"waiting-room/internal/installplan","Test":"TestCostMaximumAndDeterminism/repeat#19","Output":"=== CONT  TestCostMaximumAndDeterminism/repeat#19\n"}
{"Time":"2026-09-05T23:35:29.748105+09:00","Action":"output","Package":"waiting-room/internal/installplan","Test":"TestCostMaximumAndDeterminism/repeat#43","Output":"--- PASS: TestCostMaximumAndDeterminism/repeat#43 (0.00s)\n"}
{"Time":"2026-09-05T23:35:29.748109+09:00","Action":"pass","Package":"waiting-room/internal/installplan","Test":"TestCostMaximumAndDeterminism/repeat#43","Elapsed":0}
{"Time":"2026-09-05T23:35:29.748111+09:00","Action":"output","Package":"waiting-room/internal/installplan","Test":"TestCostMaximumAndDeterminism/repeat#29","Output":"--- PASS: TestCostMaximumAndDeterminism/repeat#29 (0.00s)\n"}
{"Time":"2026-09-05T23:35:29.748115+09:00","Action":"pass","Package":"waiting-room/internal/installplan","Test":"TestCostMaximumAndDeterminism/repeat#29","Elapsed":0}
{"Time":"2026-09-05T23:35:29.748117+09:00","Action":"output","Package":"waiting-room/internal/installplan","Test":"TestCostMaximumAndDeterminism/repeat#27","Output":"--- PASS: TestCostMaximumAndDeterminism/repeat#27 (0.00s)\n"}
{"Time":"2026-09-05T23:35:29.748122+09:00","Action":"pass","Package":"waiting-room/internal/installplan","Test":"TestCostMaximumAndDeterminism/repeat#27","Elapsed":0}
{"Time":"2026-09-05T23:35:29.748125+09:00","Action":"output","Package":"waiting-room/internal/installplan","Test":"TestCostMaximumAndDeterminism/repeat#28","Output":"--- PASS: TestCostMaximumAndDeterminism/repeat#28 (0.00s)\n"}
{"Time":"2026-09-05T23:35:29.748198+09:00","Action":"pass","Package":"waiting-room/internal/installplan","Test":"TestCostMaximumAndDeterminism/repeat#28","Elapsed":0}
{"Time":"2026-09-05T23:35:29.748204+09:00","Action":"output","Package":"waiting-room/internal/installplan","Test":"TestCostMaximumAndDeterminism/repeat#39","Output":"--- PASS: TestCostMaximumAndDeterminism/repeat#39 (0.00s)\n"}
{"Time":"2026-09-05T23:35:29.748218+09:00","Action":"pass","Package":"waiting-room/internal/installplan","Test":"TestCostMaximumAndDeterminism/repeat#39","Elapsed":0}
{"Time":"2026-09-05T23:35:29.748223+09:00","Action":"output","Package":"waiting-room/internal/installplan","Test":"TestCostMaximumAndDeterminism/repeat#21","Output":"--- PASS: TestCostMaximumAndDeterminism/repeat#21 (0.00s)\n"}
{"Time":"2026-09-05T23:35:29.748255+09:00","Action":"pass","Package":"waiting-room/internal/installplan","Test":"TestCostMaximumAndDeterminism/repeat#21","Elapsed":0}
{"Time":"2026-09-05T23:35:29.748262+09:00","Action":"output","Package":"waiting-room/internal/installplan","Test":"TestCostMaximumAndDeterminism/repeat#20","Output":"--- PASS: TestCostMaximumAndDeterminism/repeat#20 (0.00s)\n"}
{"Time":"2026-09-05T23:35:29.748285+09:00","Action":"pass","Package":"waiting-room/internal/installplan","Test":"TestCostMaximumAndDeterminism/repeat#20","Elapsed":0}
{"Time":"2026-09-05T23:35:29.74829+09:00","Action":"output","Package":"waiting-room/internal/installplan","Test":"TestCostMaximumAndDeterminism/repeat#41","Output":"--- PASS: TestCostMaximumAndDeterminism/repeat#41 (0.00s)\n"}
{"Time":"2026-09-05T23:35:29.74831+09:00","Action":"pass","Package":"waiting-room/internal/installplan","Test":"TestCostMaximumAndDeterminism/repeat#41","Elapsed":0}
{"Time":"2026-09-05T23:35:29.748312+09:00","Action":"output","Package":"waiting-room/internal/installplan","Test":"TestCostMaximumAndDeterminism/repeat#06","Output":"--- PASS: TestCostMaximumAndDeterminism/repeat#06 (0.00s)\n"}
{"Time":"2026-09-05T23:35:29.748336+09:00","Action":"pass","Package":"waiting-room/internal/installplan","Test":"TestCostMaximumAndDeterminism/repeat#06","Elapsed":0}
{"Time":"2026-09-05T23:35:29.74834+09:00","Action":"output","Package":"waiting-room/internal/installplan","Test":"TestCostMaximumAndDeterminism/repeat#23","Output":"--- PASS: TestCostMaximumAndDeterminism/repeat#23 (0.00s)\n"}
{"Time":"2026-09-05T23:35:29.748352+09:00","Action":"pass","Package":"waiting-room/internal/installplan","Test":"TestCostMaximumAndDeterminism/repeat#23","Elapsed":0}
{"Time":"2026-09-05T23:35:29.748356+09:00","Action":"output","Package":"waiting-room/internal/installplan","Test":"TestCostMaximumAndDeterminism/repeat#24","Output":"--- PASS: TestCostMaximumAndDeterminism/repeat#24 (0.00s)\n"}
{"Time":"2026-09-05T23:35:29.748388+09:00","Action":"pass","Package":"waiting-room/internal/installplan","Test":"TestCostMaximumAndDeterminism/repeat#24","Elapsed":0}
{"Time":"2026-09-05T23:35:29.748394+09:00","Action":"output","Package":"waiting-room/internal/installplan","Test":"TestCostMaximumAndDeterminism/repeat#02","Output":"--- PASS: TestCostMaximumAndDeterminism/repeat#02 (0.00s)\n"}
{"Time":"2026-09-05T23:35:29.748397+09:00","Action":"pass","Package":"waiting-room/internal/installplan","Test":"TestCostMaximumAndDeterminism/repeat#02","Elapsed":0}
{"Time":"2026-09-05T23:35:29.748398+09:00","Action":"output","Package":"waiting-room/internal/installplan","Test":"TestCostMaximumAndDeterminism/repeat#22","Output":"--- PASS: TestCostMaximumAndDeterminism/repeat#22 (0.00s)\n"}
{"Time":"2026-09-05T23:35:29.748402+09:00","Action":"pass","Package":"waiting-room/internal/installplan","Test":"TestCostMaximumAndDeterminism/repeat#22","Elapsed":0}
{"Time":"2026-09-05T23:35:29.748406+09:00","Action":"output","Package":"waiting-room/internal/installplan","Test":"TestCostMaximumAndDeterminism/repeat#45","Output":"--- PASS: TestCostMaximumAndDeterminism/repeat#45 (0.00s)\n"}
{"Time":"2026-09-05T23:35:29.748419+09:00","Action":"pass","Package":"waiting-room/internal/installplan","Test":"TestCostMaximumAndDeterminism/repeat#45","Elapsed":0}
{"Time":"2026-09-05T23:35:29.748422+09:00","Action":"output","Package":"waiting-room/internal/installplan","Test":"TestCostMaximumAndDeterminism/repeat#16","Output":"--- PASS: TestCostMaximumAndDeterminism/repeat#16 (0.00s)\n"}
{"Time":"2026-09-05T23:35:29.748425+09:00","Action":"pass","Package":"waiting-room/internal/installplan","Test":"TestCostMaximumAndDeterminism/repeat#16","Elapsed":0}
{"Time":"2026-09-05T23:35:29.748426+09:00","Action":"output","Package":"waiting-room/internal/installplan","Test":"TestCostMaximumAndDeterminism/repeat#04","Output":"--- PASS: TestCostMaximumAndDeterminism/repeat#04 (0.00s)\n"}
{"Time":"2026-09-05T23:35:29.74844+09:00","Action":"pass","Package":"waiting-room/internal/installplan","Test":"TestCostMaximumAndDeterminism/repeat#04","Elapsed":0}
{"Time":"2026-09-05T23:35:29.748445+09:00","Action":"output","Package":"waiting-room/internal/installplan","Test":"TestCostMaximumAndDeterminism/repeat#47","Output":"--- PASS: TestCostMaximumAndDeterminism/repeat#47 (0.00s)\n"}
{"Time":"2026-09-05T23:35:29.74846+09:00","Action":"pass","Package":"waiting-room/internal/installplan","Test":"TestCostMaximumAndDeterminism/repeat#47","Elapsed":0}
{"Time":"2026-09-05T23:35:29.748467+09:00","Action":"output","Package":"waiting-room/internal/installplan","Test":"TestCostMaximumAndDeterminism/repeat#48","Output":"--- PASS: TestCostMaximumAndDeterminism/repeat#48 (0.00s)\n"}
{"Time":"2026-09-05T23:35:29.748478+09:00","Action":"pass","Package":"waiting-room/internal/installplan","Test":"TestCostMaximumAndDeterminism/repeat#48","Elapsed":0}
{"Time":"2026-09-05T23:35:29.748481+09:00","Action":"output","Package":"waiting-room/internal/installplan","Test":"TestCostMaximumAndDeterminism/repeat#49","Output":"--- PASS: TestCostMaximumAndDeterminism/repeat#49 (0.00s)\n"}
{"Time":"2026-09-05T23:35:29.748491+09:00","Action":"pass","Package":"waiting-room/internal/installplan","Test":"TestCostMaximumAndDeterminism/repeat#49","Elapsed":0}
{"Time":"2026-09-05T23:35:29.748494+09:00","Action":"output","Package":"waiting-room/internal/installplan","Test":"TestCostMaximumAndDeterminism/repeat#46","Output":"--- PASS: TestCostMaximumAndDeterminism/repeat#46 (0.00s)\n"}
{"Time":"2026-09-05T23:35:29.748504+09:00","Action":"pass","Package":"waiting-room/internal/installplan","Test":"TestCostMaximumAndDeterminism/repeat#46","Elapsed":0}
{"Time":"2026-09-05T23:35:29.748506+09:00","Action":"output","Package":"waiting-room/internal/installplan","Test":"TestCostMaximumAndDeterminism/repeat#18","Output":"--- PASS: TestCostMaximumAndDeterminism/repeat#18 (0.00s)\n"}
{"Time":"2026-09-05T23:35:29.748521+09:00","Action":"pass","Package":"waiting-room/internal/installplan","Test":"TestCostMaximumAndDeterminism/repeat#18","Elapsed":0}
{"Time":"2026-09-05T23:35:29.748524+09:00","Action":"output","Package":"waiting-room/internal/installplan","Test":"TestCostMaximumAndDeterminism/repeat#38","Output":"--- PASS: TestCostMaximumAndDeterminism/repeat#38 (0.00s)\n"}
{"Time":"2026-09-05T23:35:29.748535+09:00","Action":"pass","Package":"waiting-room/internal/installplan","Test":"TestCostMaximumAndDeterminism/repeat#38","Elapsed":0}
{"Time":"2026-09-05T23:35:29.748539+09:00","Action":"output","Package":"waiting-room/internal/installplan","Test":"TestCostMaximumAndDeterminism/repeat#15","Output":"--- PASS: TestCostMaximumAndDeterminism/repeat#15 (0.00s)\n"}
{"Time":"2026-09-05T23:35:29.748558+09:00","Action":"pass","Package":"waiting-room/internal/installplan","Test":"TestCostMaximumAndDeterminism/repeat#15","Elapsed":0}
{"Time":"2026-09-05T23:35:29.748566+09:00","Action":"output","Package":"waiting-room/internal/installplan","Test":"TestCostMaximumAndDeterminism/repeat#25","Output":"--- PASS: TestCostMaximumAndDeterminism/repeat#25 (0.00s)\n"}
{"Time":"2026-09-05T23:35:29.748571+09:00","Action":"pass","Package":"waiting-room/internal/installplan","Test":"TestCostMaximumAndDeterminism/repeat#25","Elapsed":0}
{"Time":"2026-09-05T23:35:29.748577+09:00","Action":"output","Package":"waiting-room/internal/installplan","Test":"TestCostMaximumAndDeterminism/repeat#31","Output":"--- PASS: TestCostMaximumAndDeterminism/repeat#31 (0.00s)\n"}
{"Time":"2026-09-05T23:35:29.748585+09:00","Action":"pass","Package":"waiting-room/internal/installplan","Test":"TestCostMaximumAndDeterminism/repeat#31","Elapsed":0}
{"Time":"2026-09-05T23:35:29.748588+09:00","Action":"output","Package":"waiting-room/internal/installplan","Test":"TestCostMaximumAndDeterminism/repeat#33","Output":"--- PASS: TestCostMaximumAndDeterminism/repeat#33 (0.00s)\n"}
{"Time":"2026-09-05T23:35:29.748606+09:00","Action":"pass","Package":"waiting-room/internal/installplan","Test":"TestCostMaximumAndDeterminism/repeat#33","Elapsed":0}
{"Time":"2026-09-05T23:35:29.748612+09:00","Action":"output","Package":"waiting-room/internal/installplan","Test":"TestCostMaximumAndDeterminism/repeat#10","Output":"--- PASS: TestCostMaximumAndDeterminism/repeat#10 (0.00s)\n"}
{"Time":"2026-09-05T23:35:29.748624+09:00","Action":"pass","Package":"waiting-room/internal/installplan","Test":"TestCostMaximumAndDeterminism/repeat#10","Elapsed":0}
{"Time":"2026-09-05T23:35:29.748627+09:00","Action":"output","Package":"waiting-room/internal/installplan","Test":"TestCostMaximumAndDeterminism/repeat#44","Output":"--- PASS: TestCostMaximumAndDeterminism/repeat#44 (0.00s)\n"}
{"Time":"2026-09-05T23:35:29.748641+09:00","Action":"pass","Package":"waiting-room/internal/installplan","Test":"TestCostMaximumAndDeterminism/repeat#44","Elapsed":0}
{"Time":"2026-09-05T23:35:29.748644+09:00","Action":"output","Package":"waiting-room/internal/installplan","Test":"TestCostMaximumAndDeterminism/repeat#32","Output":"--- PASS: TestCostMaximumAndDeterminism/repeat#32 (0.00s)\n"}
{"Time":"2026-09-05T23:35:29.748656+09:00","Action":"pass","Package":"waiting-room/internal/installplan","Test":"TestCostMaximumAndDeterminism/repeat#32","Elapsed":0}
{"Time":"2026-09-05T23:35:29.748658+09:00","Action":"output","Package":"waiting-room/internal/installplan","Test":"TestCostMaximumAndDeterminism/repeat#40","Output":"--- PASS: TestCostMaximumAndDeterminism/repeat#40 (0.00s)\n"}
{"Time":"2026-09-05T23:35:29.748674+09:00","Action":"pass","Package":"waiting-room/internal/installplan","Test":"TestCostMaximumAndDeterminism/repeat#40","Elapsed":0}
{"Time":"2026-09-05T23:35:29.748676+09:00","Action":"output","Package":"waiting-room/internal/installplan","Test":"TestCostMaximumAndDeterminism/repeat#34","Output":"--- PASS: TestCostMaximumAndDeterminism/repeat#34 (0.00s)\n"}
{"Time":"2026-09-05T23:35:29.748701+09:00","Action":"pass","Package":"waiting-room/internal/installplan","Test":"TestCostMaximumAndDeterminism/repeat#34","Elapsed":0}
{"Time":"2026-09-05T23:35:29.748704+09:00","Action":"output","Package":"waiting-room/internal/installplan","Test":"TestCostMaximumAndDeterminism/repeat#42","Output":"--- PASS: TestCostMaximumAndDeterminism/repeat#42 (0.00s)\n"}
{"Time":"2026-09-05T23:35:29.748717+09:00","Action":"pass","Package":"waiting-room/internal/installplan","Test":"TestCostMaximumAndDeterminism/repeat#42","Elapsed":0}
{"Time":"2026-09-05T23:35:29.748719+09:00","Action":"output","Package":"waiting-room/internal/installplan","Test":"TestCostMaximumAndDeterminism/repeat#19","Output":"--- PASS: TestCostMaximumAndDeterminism/repeat#19 (0.00s)\n"}
{"Time":"2026-09-05T23:35:29.748731+09:00","Action":"pass","Package":"waiting-room/internal/installplan","Test":"TestCostMaximumAndDeterminism/repeat#19","Elapsed":0}
{"Time":"2026-09-05T23:35:29.748734+09:00","Action":"output","Package":"waiting-room/internal/installplan","Test":"TestCostMaximumAndDeterminism/repeat#26","Output":"--- PASS: TestCostMaximumAndDeterminism/repeat#26 (0.00s)\n"}
{"Time":"2026-09-05T23:35:29.748743+09:00","Action":"pass","Package":"waiting-room/internal/installplan","Test":"TestCostMaximumAndDeterminism/repeat#26","Elapsed":0}
{"Time":"2026-09-05T23:35:29.748745+09:00","Action":"output","Package":"waiting-room/internal/installplan","Test":"TestCostMaximumAndDeterminism/repeat#17","Output":"--- PASS: TestCostMaximumAndDeterminism/repeat#17 (0.00s)\n"}
{"Time":"2026-09-05T23:35:29.748774+09:00","Action":"pass","Package":"waiting-room/internal/installplan","Test":"TestCostMaximumAndDeterminism/repeat#17","Elapsed":0}
{"Time":"2026-09-05T23:35:29.748776+09:00","Action":"output","Package":"waiting-room/internal/installplan","Test":"TestCostMaximumAndDeterminism/repeat#01","Output":"--- PASS: TestCostMaximumAndDeterminism/repeat#01 (0.00s)\n"}
{"Time":"2026-09-05T23:35:29.748778+09:00","Action":"pass","Package":"waiting-room/internal/installplan","Test":"TestCostMaximumAndDeterminism/repeat#01","Elapsed":0}
{"Time":"2026-09-05T23:35:29.748779+09:00","Action":"output","Package":"waiting-room/internal/installplan","Test":"TestCostMaximumAndDeterminism/repeat#30","Output":"--- PASS: TestCostMaximumAndDeterminism/repeat#30 (0.00s)\n"}
{"Time":"2026-09-05T23:35:29.74879+09:00","Action":"pass","Package":"waiting-room/internal/installplan","Test":"TestCostMaximumAndDeterminism/repeat#30","Elapsed":0}
{"Time":"2026-09-05T23:35:29.748791+09:00","Action":"output","Package":"waiting-room/internal/installplan","Test":"TestCostMaximumAndDeterminism/repeat#08","Output":"--- PASS: TestCostMaximumAndDeterminism/repeat#08 (0.00s)\n"}
{"Time":"2026-09-05T23:35:29.748811+09:00","Action":"pass","Package":"waiting-room/internal/installplan","Test":"TestCostMaximumAndDeterminism/repeat#08","Elapsed":0}
{"Time":"2026-09-05T23:35:29.748813+09:00","Action":"output","Package":"waiting-room/internal/installplan","Test":"TestCostMaximumAndDeterminism/repeat#35","Output":"--- PASS: TestCostMaximumAndDeterminism/repeat#35 (0.00s)\n"}
{"Time":"2026-09-05T23:35:29.748857+09:00","Action":"pass","Package":"waiting-room/internal/installplan","Test":"TestCostMaximumAndDeterminism/repeat#35","Elapsed":0}
{"Time":"2026-09-05T23:35:29.748861+09:00","Action":"output","Package":"waiting-room/internal/installplan","Test":"TestCostMaximumAndDeterminism","Output":"--- PASS: TestCostMaximumAndDeterminism (0.00s)\n"}
{"Time":"2026-09-05T23:35:29.748863+09:00","Action":"pass","Package":"waiting-room/internal/installplan","Test":"TestCostMaximumAndDeterminism","Elapsed":0}
{"Time":"2026-09-05T23:35:29.748875+09:00","Action":"run","Package":"waiting-room/internal/installplan","Test":"TestDigestBindsCanonicalPlan"}
{"Time":"2026-09-05T23:35:29.748877+09:00","Action":"output","Package":"waiting-room/internal/installplan","Test":"TestDigestBindsCanonicalPlan","Output":"=== RUN   TestDigestBindsCanonicalPlan\n"}
{"Time":"2026-09-05T23:35:29.749768+09:00","Action":"output","Package":"waiting-room/internal/installplan","Test":"TestDigestBindsCanonicalPlan","Output":"--- PASS: TestDigestBindsCanonicalPlan (0.00s)\n"}
{"Time":"2026-09-05T23:35:29.749772+09:00","Action":"pass","Package":"waiting-room/internal/installplan","Test":"TestDigestBindsCanonicalPlan","Elapsed":0}
{"Time":"2026-09-05T23:35:29.749787+09:00","Action":"run","Package":"waiting-room/internal/installplan","Test":"TestProfiles"}
{"Time":"2026-09-05T23:35:29.749791+09:00","Action":"output","Package":"waiting-room/internal/installplan","Test":"TestProfiles","Output":"=== RUN   TestProfiles\n"}
{"Time":"2026-09-05T23:35:29.749797+09:00","Action":"run","Package":"waiting-room/internal/installplan","Test":"TestProfiles/standard"}
{"Time":"2026-09-05T23:35:29.7498+09:00","Action":"output","Package":"waiting-room/internal/installplan","Test":"TestProfiles/standard","Output":"=== RUN   TestProfiles/standard\n"}
{"Time":"2026-09-05T23:35:29.749963+09:00","Action":"output","Package":"waiting-room/internal/installplan","Test":"TestProfiles/standard","Output":"--- PASS: TestProfiles/standard (0.00s)\n"}
{"Time":"2026-09-05T23:35:29.749975+09:00","Action":"pass","Package":"waiting-room/internal/installplan","Test":"TestProfiles/standard","Elapsed":0}
{"Time":"2026-09-05T23:35:29.749986+09:00","Action":"run","Package":"waiting-room/internal/installplan","Test":"TestProfiles/high-scale"}
{"Time":"2026-09-05T23:35:29.749988+09:00","Action":"output","Package":"waiting-room/internal/installplan","Test":"TestProfiles/high-scale","Output":"=== RUN   TestProfiles/high-scale\n"}
{"Time":"2026-09-05T23:35:29.75015+09:00","Action":"output","Package":"waiting-room/internal/installplan","Test":"TestProfiles/high-scale","Output":"--- PASS: TestProfiles/high-scale (0.00s)\n"}
{"Time":"2026-09-05T23:35:29.750154+09:00","Action":"pass","Package":"waiting-room/internal/installplan","Test":"TestProfiles/high-scale","Elapsed":0}
{"Time":"2026-09-05T23:35:29.75018+09:00","Action":"output","Package":"waiting-room/internal/installplan","Test":"TestProfiles","Output":"--- PASS: TestProfiles (0.00s)\n"}
{"Time":"2026-09-05T23:35:29.750185+09:00","Action":"pass","Package":"waiting-room/internal/installplan","Test":"TestProfiles","Elapsed":0}
{"Time":"2026-09-05T23:35:29.750198+09:00","Action":"run","Package":"waiting-room/internal/installplan","Test":"TestValidationBoundaries"}
{"Time":"2026-09-05T23:35:29.7502+09:00","Action":"output","Package":"waiting-room/internal/installplan","Test":"TestValidationBoundaries","Output":"=== RUN   TestValidationBoundaries\n"}
{"Time":"2026-09-05T23:35:29.750362+09:00","Action":"run","Package":"waiting-room/internal/installplan","Test":"TestValidationBoundaries/standard/peak-zero"}
{"Time":"2026-09-05T23:35:29.750365+09:00","Action":"output","Package":"waiting-room/internal/installplan","Test":"TestValidationBoundaries/standard/peak-zero","Output":"=== RUN   TestValidationBoundaries/standard/peak-zero\n"}
{"Time":"2026-09-05T23:35:29.750397+09:00","Action":"output","Package":"waiting-room/internal/installplan","Test":"TestValidationBoundaries/standard/peak-zero","Output":"--- PASS: TestValidationBoundaries/standard/peak-zero (0.00s)\n"}
{"Time":"2026-09-05T23:35:29.750401+09:00","Action":"pass","Package":"waiting-room/internal/installplan","Test":"TestValidationBoundaries/standard/peak-zero","Elapsed":0}
{"Time":"2026-09-05T23:35:29.750408+09:00","Action":"run","Package":"waiting-room/internal/installplan","Test":"TestValidationBoundaries/standard/peak-over"}
{"Time":"2026-09-05T23:35:29.750409+09:00","Action":"output","Package":"waiting-room/internal/installplan","Test":"TestValidationBoundaries/standard/peak-over","Output":"=== RUN   TestValidationBoundaries/standard/peak-over\n"}
{"Time":"2026-09-05T23:35:29.750442+09:00","Action":"output","Package":"waiting-room/internal/installplan","Test":"TestValidationBoundaries/standard/peak-over","Output":"--- PASS: TestValidationBoundaries/standard/peak-over (0.00s)\n"}
{"Time":"2026-09-05T23:35:29.750445+09:00","Action":"pass","Package":"waiting-room/internal/installplan","Test":"TestValidationBoundaries/standard/peak-over","Elapsed":0}
{"Time":"2026-09-05T23:35:29.750455+09:00","Action":"run","Package":"waiting-room/internal/installplan","Test":"TestValidationBoundaries/standard/lease-zero"}
{"Time":"2026-09-05T23:35:29.750457+09:00","Action":"output","Package":"waiting-room/internal/installplan","Test":"TestValidationBoundaries/standard/lease-zero","Output":"=== RUN   TestValidationBoundaries/standard/lease-zero\n"}
{"Time":"2026-09-05T23:35:29.750487+09:00","Action":"output","Package":"waiting-room/internal/installplan","Test":"TestValidationBoundaries/standard/lease-zero","Output":"--- PASS: TestValidationBoundaries/standard/lease-zero (0.00s)\n"}
{"Time":"2026-09-05T23:35:29.75049+09:00","Action":"pass","Package":"waiting-room/internal/installplan","Test":"TestValidationBoundaries/standard/lease-zero","Elapsed":0}
{"Time":"2026-09-05T23:35:29.750501+09:00","Action":"run","Package":"waiting-room/internal/installplan","Test":"TestValidationBoundaries/standard/lease-over"}
{"Time":"2026-09-05T23:35:29.750503+09:00","Action":"output","Package":"waiting-room/internal/installplan","Test":"TestValidationBoundaries/standard/lease-over","Output":"=== RUN   TestValidationBoundaries/standard/lease-over\n"}
{"Time":"2026-09-05T23:35:29.750524+09:00","Action":"output","Package":"waiting-room/internal/installplan","Test":"TestValidationBoundaries/standard/lease-over","Output":"--- PASS: TestValidationBoundaries/standard/lease-over (0.00s)\n"}
{"Time":"2026-09-05T23:35:29.750532+09:00","Action":"pass","Package":"waiting-room/internal/installplan","Test":"TestValidationBoundaries/standard/lease-over","Elapsed":0}
{"Time":"2026-09-05T23:35:29.750543+09:00","Action":"run","Package":"waiting-room/internal/installplan","Test":"TestValidationBoundaries/standard/rate-zero"}
{"Time":"2026-09-05T23:35:29.750544+09:00","Action":"output","Package":"waiting-room/internal/installplan","Test":"TestValidationBoundaries/standard/rate-zero","Output":"=== RUN   TestValidationBoundaries/standard/rate-zero\n"}
{"Time":"2026-09-05T23:35:29.750569+09:00","Action":"output","Package":"waiting-room/internal/installplan","Test":"TestValidationBoundaries/standard/rate-zero","Output":"--- PASS: TestValidationBoundaries/standard/rate-zero (0.00s)\n"}
{"Time":"2026-09-05T23:35:29.750572+09:00","Action":"pass","Package":"waiting-room/internal/installplan","Test":"TestValidationBoundaries/standard/rate-zero","Elapsed":0}
{"Time":"2026-09-05T23:35:29.750582+09:00","Action":"run","Package":"waiting-room/internal/installplan","Test":"TestValidationBoundaries/standard/rate-over"}
{"Time":"2026-09-05T23:35:29.750584+09:00","Action":"output","Package":"waiting-room/internal/installplan","Test":"TestValidationBoundaries/standard/rate-over","Output":"=== RUN   TestValidationBoundaries/standard/rate-over\n"}
{"Time":"2026-09-05T23:35:29.750607+09:00","Action":"output","Package":"waiting-room/internal/installplan","Test":"TestValidationBoundaries/standard/rate-over","Output":"--- PASS: TestValidationBoundaries/standard/rate-over (0.00s)\n"}
{"Time":"2026-09-05T23:35:29.750617+09:00","Action":"pass","Package":"waiting-room/internal/installplan","Test":"TestValidationBoundaries/standard/rate-over","Elapsed":0}
{"Time":"2026-09-05T23:35:29.750621+09:00","Action":"run","Package":"waiting-room/internal/installplan","Test":"TestValidationBoundaries/standard/ttl-low"}
{"Time":"2026-09-05T23:35:29.750622+09:00","Action":"output","Package":"waiting-room/internal/installplan","Test":"TestValidationBoundaries/standard/ttl-low","Output":"=== RUN   TestValidationBoundaries/standard/ttl-low\n"}
{"Time":"2026-09-05T23:35:29.750658+09:00","Action":"output","Package":"waiting-room/internal/installplan","Test":"TestValidationBoundaries/standard/ttl-low","Output":"--- PASS: TestValidationBoundaries/standard/ttl-low (0.00s)\n"}
{"Time":"2026-09-05T23:35:29.750661+09:00","Action":"pass","Package":"waiting-room/internal/installplan","Test":"TestValidationBoundaries/standard/ttl-low","Elapsed":0}
{"Time":"2026-09-05T23:35:29.750662+09:00","Action":"run","Package":"waiting-room/internal/installplan","Test":"TestValidationBoundaries/standard/ttl-high"}
{"Time":"2026-09-05T23:35:29.750663+09:00","Action":"output","Package":"waiting-room/internal/installplan","Test":"TestValidationBoundaries/standard/ttl-high","Output":"=== RUN   TestValidationBoundaries/standard/ttl-high\n"}
{"Time":"2026-09-05T23:35:29.750689+09:00","Action":"output","Package":"waiting-room/internal/installplan","Test":"TestValidationBoundaries/standard/ttl-high","Output":"--- PASS: TestValidationBoundaries/standard/ttl-high (0.00s)\n"}
{"Time":"2026-09-05T23:35:29.750692+09:00","Action":"pass","Package":"waiting-room/internal/installplan","Test":"TestValidationBoundaries/standard/ttl-high","Elapsed":0}
{"Time":"2026-09-05T23:35:29.7507+09:00","Action":"run","Package":"waiting-room/internal/installplan","Test":"TestValidationBoundaries/standard/forced-off"}
{"Time":"2026-09-05T23:35:29.750703+09:00","Action":"output","Package":"waiting-room/internal/installplan","Test":"TestValidationBoundaries/standard/forced-off","Output":"=== RUN   TestValidationBoundaries/standard/forced-off\n"}
{"Time":"2026-09-05T23:35:29.750724+09:00","Action":"output","Package":"waiting-room/internal/installplan","Test":"TestValidationBoundaries/standard/forced-off","Output":"--- PASS: TestValidationBoundaries/standard/forced-off (0.00s)\n"}
{"Time":"2026-09-05T23:35:29.750727+09:00","Action":"pass","Package":"waiting-room/internal/installplan","Test":"TestValidationBoundaries/standard/forced-off","Elapsed":0}
{"Time":"2026-09-05T23:35:29.750741+09:00","Action":"run","Package":"waiting-room/internal/installplan","Test":"TestValidationBoundaries/standard/unknown-policy"}
{"Time":"2026-09-05T23:35:29.750743+09:00","Action":"output","Package":"waiting-room/internal/installplan","Test":"TestValidationBoundaries/standard/unknown-policy","Output":"=== RUN   TestValidationBoundaries/standard/unknown-policy\n"}
{"Time":"2026-09-05T23:35:29.75077+09:00","Action":"output","Package":"waiting-room/internal/installplan","Test":"TestValidationBoundaries/standard/unknown-policy","Output":"--- PASS: TestValidationBoundaries/standard/unknown-policy (0.00s)\n"}
{"Time":"2026-09-05T23:35:29.750773+09:00","Action":"pass","Package":"waiting-room/internal/installplan","Test":"TestValidationBoundaries/standard/unknown-policy","Elapsed":0}
{"Time":"2026-09-05T23:35:29.750786+09:00","Action":"run","Package":"waiting-room/internal/installplan","Test":"TestValidationBoundaries/standard/multi-region"}
{"Time":"2026-09-05T23:35:29.750788+09:00","Action":"output","Package":"waiting-room/internal/installplan","Test":"TestValidationBoundaries/standard/multi-region","Output":"=== RUN   TestValidationBoundaries/standard/multi-region\n"}
{"Time":"2026-09-05T23:35:29.750809+09:00","Action":"output","Package":"waiting-room/internal/installplan","Test":"TestValidationBoundaries/standard/multi-region","Output":"--- PASS: TestValidationBoundaries/standard/multi-region (0.00s)\n"}
{"Time":"2026-09-05T23:35:29.750819+09:00","Action":"pass","Package":"waiting-room/internal/installplan","Test":"TestValidationBoundaries/standard/multi-region","Elapsed":0}
{"Time":"2026-09-05T23:35:29.750823+09:00","Action":"run","Package":"waiting-room/internal/installplan","Test":"TestValidationBoundaries/standard/unknown-profile"}
{"Time":"2026-09-05T23:35:29.750824+09:00","Action":"output","Package":"waiting-room/internal/installplan","Test":"TestValidationBoundaries/standard/unknown-profile","Output":"=== RUN   TestValidationBoundaries/standard/unknown-profile\n"}
{"Time":"2026-09-05T23:35:29.750847+09:00","Action":"output","Package":"waiting-room/internal/installplan","Test":"TestValidationBoundaries/standard/unknown-profile","Output":"--- PASS: TestValidationBoundaries/standard/unknown-profile (0.00s)\n"}
{"Time":"2026-09-05T23:35:29.750857+09:00","Action":"pass","Package":"waiting-room/internal/installplan","Test":"TestValidationBoundaries/standard/unknown-profile","Elapsed":0}
{"Time":"2026-09-05T23:35:29.750864+09:00","Action":"run","Package":"waiting-room/internal/installplan","Test":"TestValidationBoundaries/standard/version"}
{"Time":"2026-09-05T23:35:29.750865+09:00","Action":"output","Package":"waiting-room/internal/installplan","Test":"TestValidationBoundaries/standard/version","Output":"=== RUN   TestValidationBoundaries/standard/version\n"}
{"Time":"2026-09-05T23:35:29.750886+09:00","Action":"output","Package":"waiting-room/internal/installplan","Test":"TestValidationBoundaries/standard/version","Output":"--- PASS: TestValidationBoundaries/standard/version (0.00s)\n"}
{"Time":"2026-09-05T23:35:29.750901+09:00","Action":"pass","Package":"waiting-room/internal/installplan","Test":"TestValidationBoundaries/standard/version","Elapsed":0}
{"Time":"2026-09-05T23:35:29.750904+09:00","Action":"run","Package":"waiting-room/internal/installplan","Test":"TestValidationBoundaries/standard/totp-mode"}
{"Time":"2026-09-05T23:35:29.750905+09:00","Action":"output","Package":"waiting-room/internal/installplan","Test":"TestValidationBoundaries/standard/totp-mode","Output":"=== RUN   TestValidationBoundaries/standard/totp-mode\n"}
{"Time":"2026-09-05T23:35:29.75093+09:00","Action":"output","Package":"waiting-room/internal/installplan","Test":"TestValidationBoundaries/standard/totp-mode","Output":"--- PASS: TestValidationBoundaries/standard/totp-mode (0.00s)\n"}
{"Time":"2026-09-05T23:35:29.750933+09:00","Action":"pass","Package":"waiting-room/internal/installplan","Test":"TestValidationBoundaries/standard/totp-mode","Elapsed":0}
{"Time":"2026-09-05T23:35:29.750942+09:00","Action":"run","Package":"waiting-room/internal/installplan","Test":"TestValidationBoundaries/standard/region-empty"}
{"Time":"2026-09-05T23:35:29.750944+09:00","Action":"output","Package":"waiting-room/internal/installplan","Test":"TestValidationBoundaries/standard/region-empty","Output":"=== RUN   TestValidationBoundaries/standard/region-empty\n"}
{"Time":"2026-09-05T23:35:29.750963+09:00","Action":"output","Package":"waiting-room/internal/installplan","Test":"TestValidationBoundaries/standard/region-empty","Output":"--- PASS: TestValidationBoundaries/standard/region-empty (0.00s)\n"}
{"Time":"2026-09-05T23:35:29.750972+09:00","Action":"pass","Package":"waiting-room/internal/installplan","Test":"TestValidationBoundaries/standard/region-empty","Elapsed":0}
{"Time":"2026-09-05T23:35:29.75098+09:00","Action":"run","Package":"waiting-room/internal/installplan","Test":"TestValidationBoundaries/standard/region-long"}
{"Time":"2026-09-05T23:35:29.750982+09:00","Action":"output","Package":"waiting-room/internal/installplan","Test":"TestValidationBoundaries/standard/region-long","Output":"=== RUN   TestValidationBoundaries/standard/region-long\n"}
{"Time":"2026-09-05T23:35:29.751024+09:00","Action":"output","Package":"waiting-room/internal/installplan","Test":"TestValidationBoundaries/standard/region-long","Output":"--- PASS: TestValidationBoundaries/standard/region-long (0.00s)\n"}
{"Time":"2026-09-05T23:35:29.751027+09:00","Action":"pass","Package":"waiting-room/internal/installplan","Test":"TestValidationBoundaries/standard/region-long","Elapsed":0}
{"Time":"2026-09-05T23:35:29.751185+09:00","Action":"run","Package":"waiting-room/internal/installplan","Test":"TestValidationBoundaries/high-scale/peak-zero"}
{"Time":"2026-09-05T23:35:29.751188+09:00","Action":"output","Package":"waiting-room/internal/installplan","Test":"TestValidationBoundaries/high-scale/peak-zero","Output":"=== RUN   TestValidationBoundaries/high-scale/peak-zero\n"}
{"Time":"2026-09-05T23:35:29.751206+09:00","Action":"output","Package":"waiting-room/internal/installplan","Test":"TestValidationBoundaries/high-scale/peak-zero","Output":"--- PASS: TestValidationBoundaries/high-scale/peak-zero (0.00s)\n"}
{"Time":"2026-09-05T23:35:29.751216+09:00","Action":"pass","Package":"waiting-room/internal/installplan","Test":"TestValidationBoundaries/high-scale/peak-zero","Elapsed":0}
{"Time":"2026-09-05T23:35:29.751224+09:00","Action":"run","Package":"waiting-room/internal/installplan","Test":"TestValidationBoundaries/high-scale/peak-over"}
{"Time":"2026-09-05T23:35:29.751228+09:00","Action":"output","Package":"waiting-room/internal/installplan","Test":"TestValidationBoundaries/high-scale/peak-over","Output":"=== RUN   TestValidationBoundaries/high-scale/peak-over\n"}
{"Time":"2026-09-05T23:35:29.751252+09:00","Action":"output","Package":"waiting-room/internal/installplan","Test":"TestValidationBoundaries/high-scale/peak-over","Output":"--- PASS: TestValidationBoundaries/high-scale/peak-over (0.00s)\n"}
{"Time":"2026-09-05T23:35:29.751264+09:00","Action":"pass","Package":"waiting-room/internal/installplan","Test":"TestValidationBoundaries/high-scale/peak-over","Elapsed":0}
{"Time":"2026-09-05T23:35:29.751275+09:00","Action":"run","Package":"waiting-room/internal/installplan","Test":"TestValidationBoundaries/high-scale/lease-zero"}
{"Time":"2026-09-05T23:35:29.751276+09:00","Action":"output","Package":"waiting-room/internal/installplan","Test":"TestValidationBoundaries/high-scale/lease-zero","Output":"=== RUN   TestValidationBoundaries/high-scale/lease-zero\n"}
{"Time":"2026-09-05T23:35:29.751306+09:00","Action":"output","Package":"waiting-room/internal/installplan","Test":"TestValidationBoundaries/high-scale/lease-zero","Output":"--- PASS: TestValidationBoundaries/high-scale/lease-zero (0.00s)\n"}
{"Time":"2026-09-05T23:35:29.751309+09:00","Action":"pass","Package":"waiting-room/internal/installplan","Test":"TestValidationBoundaries/high-scale/lease-zero","Elapsed":0}
{"Time":"2026-09-05T23:35:29.751317+09:00","Action":"run","Package":"waiting-room/internal/installplan","Test":"TestValidationBoundaries/high-scale/lease-over"}
{"Time":"2026-09-05T23:35:29.751318+09:00","Action":"output","Package":"waiting-room/internal/installplan","Test":"TestValidationBoundaries/high-scale/lease-over","Output":"=== RUN   TestValidationBoundaries/high-scale/lease-over\n"}
{"Time":"2026-09-05T23:35:29.751344+09:00","Action":"output","Package":"waiting-room/internal/installplan","Test":"TestValidationBoundaries/high-scale/lease-over","Output":"--- PASS: TestValidationBoundaries/high-scale/lease-over (0.00s)\n"}
{"Time":"2026-09-05T23:35:29.751354+09:00","Action":"pass","Package":"waiting-room/internal/installplan","Test":"TestValidationBoundaries/high-scale/lease-over","Elapsed":0}
{"Time":"2026-09-05T23:35:29.751369+09:00","Action":"run","Package":"waiting-room/internal/installplan","Test":"TestValidationBoundaries/high-scale/rate-zero"}
{"Time":"2026-09-05T23:35:29.751372+09:00","Action":"output","Package":"waiting-room/internal/installplan","Test":"TestValidationBoundaries/high-scale/rate-zero","Output":"=== RUN   TestValidationBoundaries/high-scale/rate-zero\n"}
{"Time":"2026-09-05T23:35:29.751393+09:00","Action":"output","Package":"waiting-room/internal/installplan","Test":"TestValidationBoundaries/high-scale/rate-zero","Output":"--- PASS: TestValidationBoundaries/high-scale/rate-zero (0.00s)\n"}
{"Time":"2026-09-05T23:35:29.751397+09:00","Action":"pass","Package":"waiting-room/internal/installplan","Test":"TestValidationBoundaries/high-scale/rate-zero","Elapsed":0}
{"Time":"2026-09-05T23:35:29.751409+09:00","Action":"run","Package":"waiting-room/internal/installplan","Test":"TestValidationBoundaries/high-scale/rate-over"}
{"Time":"2026-09-05T23:35:29.751411+09:00","Action":"output","Package":"waiting-room/internal/installplan","Test":"TestValidationBoundaries/high-scale/rate-over","Output":"=== RUN   TestValidationBoundaries/high-scale/rate-over\n"}
{"Time":"2026-09-05T23:35:29.751433+09:00","Action":"output","Package":"waiting-room/internal/installplan","Test":"TestValidationBoundaries/high-scale/rate-over","Output":"--- PASS: TestValidationBoundaries/high-scale/rate-over (0.00s)\n"}
{"Time":"2026-09-05T23:35:29.751437+09:00","Action":"pass","Package":"waiting-room/internal/installplan","Test":"TestValidationBoundaries/high-scale/rate-over","Elapsed":0}
{"Time":"2026-09-05T23:35:29.751447+09:00","Action":"run","Package":"waiting-room/internal/installplan","Test":"TestValidationBoundaries/high-scale/ttl-low"}
{"Time":"2026-09-05T23:35:29.751449+09:00","Action":"output","Package":"waiting-room/internal/installplan","Test":"TestValidationBoundaries/high-scale/ttl-low","Output":"=== RUN   TestValidationBoundaries/high-scale/ttl-low\n"}
{"Time":"2026-09-05T23:35:29.751474+09:00","Action":"output","Package":"waiting-room/internal/installplan","Test":"TestValidationBoundaries/high-scale/ttl-low","Output":"--- PASS: TestValidationBoundaries/high-scale/ttl-low (0.00s)\n"}
{"Time":"2026-09-05T23:35:29.751477+09:00","Action":"pass","Package":"waiting-room/internal/installplan","Test":"TestValidationBoundaries/high-scale/ttl-low","Elapsed":0}
{"Time":"2026-09-05T23:35:29.751486+09:00","Action":"run","Package":"waiting-room/internal/installplan","Test":"TestValidationBoundaries/high-scale/ttl-high"}
{"Time":"2026-09-05T23:35:29.75149+09:00","Action":"output","Package":"waiting-room/internal/installplan","Test":"TestValidationBoundaries/high-scale/ttl-high","Output":"=== RUN   TestValidationBoundaries/high-scale/ttl-high\n"}
{"Time":"2026-09-05T23:35:29.751518+09:00","Action":"output","Package":"waiting-room/internal/installplan","Test":"TestValidationBoundaries/high-scale/ttl-high","Output":"--- PASS: TestValidationBoundaries/high-scale/ttl-high (0.00s)\n"}
{"Time":"2026-09-05T23:35:29.751521+09:00","Action":"pass","Package":"waiting-room/internal/installplan","Test":"TestValidationBoundaries/high-scale/ttl-high","Elapsed":0}
{"Time":"2026-09-05T23:35:29.751522+09:00","Action":"run","Package":"waiting-room/internal/installplan","Test":"TestValidationBoundaries/high-scale/forced-off"}
{"Time":"2026-09-05T23:35:29.751523+09:00","Action":"output","Package":"waiting-room/internal/installplan","Test":"TestValidationBoundaries/high-scale/forced-off","Output":"=== RUN   TestValidationBoundaries/high-scale/forced-off\n"}
{"Time":"2026-09-05T23:35:29.751553+09:00","Action":"output","Package":"waiting-room/internal/installplan","Test":"TestValidationBoundaries/high-scale/forced-off","Output":"--- PASS: TestValidationBoundaries/high-scale/forced-off (0.00s)\n"}
{"Time":"2026-09-05T23:35:29.751556+09:00","Action":"pass","Package":"waiting-room/internal/installplan","Test":"TestValidationBoundaries/high-scale/forced-off","Elapsed":0}
{"Time":"2026-09-05T23:35:29.751564+09:00","Action":"run","Package":"waiting-room/internal/installplan","Test":"TestValidationBoundaries/high-scale/unknown-policy"}
{"Time":"2026-09-05T23:35:29.751566+09:00","Action":"output","Package":"waiting-room/internal/installplan","Test":"TestValidationBoundaries/high-scale/unknown-policy","Output":"=== RUN   TestValidationBoundaries/high-scale/unknown-policy\n"}
{"Time":"2026-09-05T23:35:29.751595+09:00","Action":"output","Package":"waiting-room/internal/installplan","Test":"TestValidationBoundaries/high-scale/unknown-policy","Output":"--- PASS: TestValidationBoundaries/high-scale/unknown-policy (0.00s)\n"}
{"Time":"2026-09-05T23:35:29.751598+09:00","Action":"pass","Package":"waiting-room/internal/installplan","Test":"TestValidationBoundaries/high-scale/unknown-policy","Elapsed":0}
{"Time":"2026-09-05T23:35:29.7516+09:00","Action":"run","Package":"waiting-room/internal/installplan","Test":"TestValidationBoundaries/high-scale/multi-region"}
{"Time":"2026-09-05T23:35:29.751607+09:00","Action":"output","Package":"waiting-room/internal/installplan","Test":"TestValidationBoundaries/high-scale/multi-region","Output":"=== RUN   TestValidationBoundaries/high-scale/multi-region\n"}
{"Time":"2026-09-05T23:35:29.751623+09:00","Action":"output","Package":"waiting-room/internal/installplan","Test":"TestValidationBoundaries/high-scale/multi-region","Output":"--- PASS: TestValidationBoundaries/high-scale/multi-region (0.00s)\n"}
{"Time":"2026-09-05T23:35:29.751634+09:00","Action":"pass","Package":"waiting-room/internal/installplan","Test":"TestValidationBoundaries/high-scale/multi-region","Elapsed":0}
{"Time":"2026-09-05T23:35:29.751643+09:00","Action":"run","Package":"waiting-room/internal/installplan","Test":"TestValidationBoundaries/high-scale/unknown-profile"}
{"Time":"2026-09-05T23:35:29.751645+09:00","Action":"output","Package":"waiting-room/internal/installplan","Test":"TestValidationBoundaries/high-scale/unknown-profile","Output":"=== RUN   TestValidationBoundaries/high-scale/unknown-profile\n"}
{"Time":"2026-09-05T23:35:29.751664+09:00","Action":"output","Package":"waiting-room/internal/installplan","Test":"TestValidationBoundaries/high-scale/unknown-profile","Output":"--- PASS: TestValidationBoundaries/high-scale/unknown-profile (0.00s)\n"}
{"Time":"2026-09-05T23:35:29.751672+09:00","Action":"pass","Package":"waiting-room/internal/installplan","Test":"TestValidationBoundaries/high-scale/unknown-profile","Elapsed":0}
{"Time":"2026-09-05T23:35:29.751681+09:00","Action":"run","Package":"waiting-room/internal/installplan","Test":"TestValidationBoundaries/high-scale/version"}
{"Time":"2026-09-05T23:35:29.751683+09:00","Action":"output","Package":"waiting-room/internal/installplan","Test":"TestValidationBoundaries/high-scale/version","Output":"=== RUN   TestValidationBoundaries/high-scale/version\n"}
{"Time":"2026-09-05T23:35:29.7517+09:00","Action":"output","Package":"waiting-room/internal/installplan","Test":"TestValidationBoundaries/high-scale/version","Output":"--- PASS: TestValidationBoundaries/high-scale/version (0.00s)\n"}
{"Time":"2026-09-05T23:35:29.751706+09:00","Action":"pass","Package":"waiting-room/internal/installplan","Test":"TestValidationBoundaries/high-scale/version","Elapsed":0}
{"Time":"2026-09-05T23:35:29.751716+09:00","Action":"run","Package":"waiting-room/internal/installplan","Test":"TestValidationBoundaries/high-scale/totp-mode"}
{"Time":"2026-09-05T23:35:29.751717+09:00","Action":"output","Package":"waiting-room/internal/installplan","Test":"TestValidationBoundaries/high-scale/totp-mode","Output":"=== RUN   TestValidationBoundaries/high-scale/totp-mode\n"}
{"Time":"2026-09-05T23:35:29.751741+09:00","Action":"output","Package":"waiting-room/internal/installplan","Test":"TestValidationBoundaries/high-scale/totp-mode","Output":"--- PASS: TestValidationBoundaries/high-scale/totp-mode (0.00s)\n"}
{"Time":"2026-09-05T23:35:29.751745+09:00","Action":"pass","Package":"waiting-room/internal/installplan","Test":"TestValidationBoundaries/high-scale/totp-mode","Elapsed":0}
{"Time":"2026-09-05T23:35:29.751758+09:00","Action":"run","Package":"waiting-room/internal/installplan","Test":"TestValidationBoundaries/high-scale/region-empty"}
{"Time":"2026-09-05T23:35:29.75176+09:00","Action":"output","Package":"waiting-room/internal/installplan","Test":"TestValidationBoundaries/high-scale/region-empty","Output":"=== RUN   TestValidationBoundaries/high-scale/region-empty\n"}
{"Time":"2026-09-05T23:35:29.751776+09:00","Action":"output","Package":"waiting-room/internal/installplan","Test":"TestValidationBoundaries/high-scale/region-empty","Output":"--- PASS: TestValidationBoundaries/high-scale/region-empty (0.00s)\n"}
{"Time":"2026-09-05T23:35:29.751785+09:00","Action":"pass","Package":"waiting-room/internal/installplan","Test":"TestValidationBoundaries/high-scale/region-empty","Elapsed":0}
{"Time":"2026-09-05T23:35:29.751792+09:00","Action":"run","Package":"waiting-room/internal/installplan","Test":"TestValidationBoundaries/high-scale/region-long"}
{"Time":"2026-09-05T23:35:29.751794+09:00","Action":"output","Package":"waiting-room/internal/installplan","Test":"TestValidationBoundaries/high-scale/region-long","Output":"=== RUN   TestValidationBoundaries/high-scale/region-long\n"}
{"Time":"2026-09-05T23:35:29.751833+09:00","Action":"output","Package":"waiting-room/internal/installplan","Test":"TestValidationBoundaries/high-scale/region-long","Output":"--- PASS: TestValidationBoundaries/high-scale/region-long (0.00s)\n"}
{"Time":"2026-09-05T23:35:29.751846+09:00","Action":"pass","Package":"waiting-room/internal/installplan","Test":"TestValidationBoundaries/high-scale/region-long","Elapsed":0}
{"Time":"2026-09-05T23:35:29.751883+09:00","Action":"output","Package":"waiting-room/internal/installplan","Test":"TestValidationBoundaries","Output":"--- PASS: TestValidationBoundaries (0.00s)\n"}
{"Time":"2026-09-05T23:35:29.751887+09:00","Action":"pass","Package":"waiting-room/internal/installplan","Test":"TestValidationBoundaries","Elapsed":0}
{"Time":"2026-09-05T23:35:29.751896+09:00","Action":"run","Package":"waiting-room/internal/installplan","Test":"TestStrictDecodeAndNoErrorEcho"}
{"Time":"2026-09-05T23:35:29.751898+09:00","Action":"output","Package":"waiting-room/internal/installplan","Test":"TestStrictDecodeAndNoErrorEcho","Output":"=== RUN   TestStrictDecodeAndNoErrorEcho\n"}
{"Time":"2026-09-05T23:35:29.751965+09:00","Action":"run","Package":"waiting-room/internal/installplan","Test":"TestStrictDecodeAndNoErrorEcho/unknown-secret"}
{"Time":"2026-09-05T23:35:29.751968+09:00","Action":"output","Package":"waiting-room/internal/installplan","Test":"TestStrictDecodeAndNoErrorEcho/unknown-secret","Output":"=== RUN   TestStrictDecodeAndNoErrorEcho/unknown-secret\n"}
{"Time":"2026-09-05T23:35:29.752051+09:00","Action":"output","Package":"waiting-room/internal/installplan","Test":"TestStrictDecodeAndNoErrorEcho/unknown-secret","Output":"--- PASS: TestStrictDecodeAndNoErrorEcho/unknown-secret (0.00s)\n"}
{"Time":"2026-09-05T23:35:29.752056+09:00","Action":"pass","Package":"waiting-room/internal/installplan","Test":"TestStrictDecodeAndNoErrorEcho/unknown-secret","Elapsed":0}
{"Time":"2026-09-05T23:35:29.752065+09:00","Action":"run","Package":"waiting-room/internal/installplan","Test":"TestStrictDecodeAndNoErrorEcho/duplicate"}
{"Time":"2026-09-05T23:35:29.75207+09:00","Action":"output","Package":"waiting-room/internal/installplan","Test":"TestStrictDecodeAndNoErrorEcho/duplicate","Output":"=== RUN   TestStrictDecodeAndNoErrorEcho/duplicate\n"}
{"Time":"2026-09-05T23:35:29.752233+09:00","Action":"output","Package":"waiting-room/internal/installplan","Test":"TestStrictDecodeAndNoErrorEcho/duplicate","Output":"--- PASS: TestStrictDecodeAndNoErrorEcho/duplicate (0.00s)\n"}
{"Time":"2026-09-05T23:35:29.752237+09:00","Action":"pass","Package":"waiting-room/internal/installplan","Test":"TestStrictDecodeAndNoErrorEcho/duplicate","Elapsed":0}
{"Time":"2026-09-05T23:35:29.752251+09:00","Action":"run","Package":"waiting-room/internal/installplan","Test":"TestStrictDecodeAndNoErrorEcho/null"}
{"Time":"2026-09-05T23:35:29.752253+09:00","Action":"output","Package":"waiting-room/internal/installplan","Test":"TestStrictDecodeAndNoErrorEcho/null","Output":"=== RUN   TestStrictDecodeAndNoErrorEcho/null\n"}
{"Time":"2026-09-05T23:35:29.752336+09:00","Action":"output","Package":"waiting-room/internal/installplan","Test":"TestStrictDecodeAndNoErrorEcho/null","Output":"--- PASS: TestStrictDecodeAndNoErrorEcho/null (0.00s)\n"}
{"Time":"2026-09-05T23:35:29.752343+09:00","Action":"pass","Package":"waiting-room/internal/installplan","Test":"TestStrictDecodeAndNoErrorEcho/null","Elapsed":0}
{"Time":"2026-09-05T23:35:29.752345+09:00","Action":"run","Package":"waiting-room/internal/installplan","Test":"TestStrictDecodeAndNoErrorEcho/oversize"}
{"Time":"2026-09-05T23:35:29.752347+09:00","Action":"output","Package":"waiting-room/internal/installplan","Test":"TestStrictDecodeAndNoErrorEcho/oversize","Output":"=== RUN   TestStrictDecodeAndNoErrorEcho/oversize\n"}
{"Time":"2026-09-05T23:35:29.752905+09:00","Action":"output","Package":"waiting-room/internal/installplan","Test":"TestStrictDecodeAndNoErrorEcho/oversize","Output":"--- PASS: TestStrictDecodeAndNoErrorEcho/oversize (0.00s)\n"}
{"Time":"2026-09-05T23:35:29.752911+09:00","Action":"pass","Package":"waiting-room/internal/installplan","Test":"TestStrictDecodeAndNoErrorEcho/oversize","Elapsed":0}
{"Time":"2026-09-05T23:35:29.752928+09:00","Action":"run","Package":"waiting-room/internal/installplan","Test":"TestStrictDecodeAndNoErrorEcho/nested-case"}
{"Time":"2026-09-05T23:35:29.75293+09:00","Action":"output","Package":"waiting-room/internal/installplan","Test":"TestStrictDecodeAndNoErrorEcho/nested-case","Output":"=== RUN   TestStrictDecodeAndNoErrorEcho/nested-case\n"}
{"Time":"2026-09-05T23:35:29.753031+09:00","Action":"output","Package":"waiting-room/internal/installplan","Test":"TestStrictDecodeAndNoErrorEcho/nested-case","Output":"--- PASS: TestStrictDecodeAndNoErrorEcho/nested-case (0.00s)\n"}
{"Time":"2026-09-05T23:35:29.753034+09:00","Action":"pass","Package":"waiting-room/internal/installplan","Test":"TestStrictDecodeAndNoErrorEcho/nested-case","Elapsed":0}
{"Time":"2026-09-05T23:35:29.753045+09:00","Action":"run","Package":"waiting-room/internal/installplan","Test":"TestStrictDecodeAndNoErrorEcho/malformed"}
{"Time":"2026-09-05T23:35:29.753047+09:00","Action":"output","Package":"waiting-room/internal/installplan","Test":"TestStrictDecodeAndNoErrorEcho/malformed","Output":"=== RUN   TestStrictDecodeAndNoErrorEcho/malformed\n"}
{"Time":"2026-09-05T23:35:29.753081+09:00","Action":"output","Package":"waiting-room/internal/installplan","Test":"TestStrictDecodeAndNoErrorEcho/malformed","Output":"--- PASS: TestStrictDecodeAndNoErrorEcho/malformed (0.00s)\n"}
{"Time":"2026-09-05T23:35:29.753085+09:00","Action":"pass","Package":"waiting-room/internal/installplan","Test":"TestStrictDecodeAndNoErrorEcho/malformed","Elapsed":0}
{"Time":"2026-09-05T23:35:29.753094+09:00","Action":"run","Package":"waiting-room/internal/installplan","Test":"TestStrictDecodeAndNoErrorEcho/nested-secret"}
{"Time":"2026-09-05T23:35:29.753096+09:00","Action":"output","Package":"waiting-room/internal/installplan","Test":"TestStrictDecodeAndNoErrorEcho/nested-secret","Output":"=== RUN   TestStrictDecodeAndNoErrorEcho/nested-secret\n"}
{"Time":"2026-09-05T23:35:29.75318+09:00","Action":"output","Package":"waiting-room/internal/installplan","Test":"TestStrictDecodeAndNoErrorEcho/nested-secret","Output":"--- PASS: TestStrictDecodeAndNoErrorEcho/nested-secret (0.00s)\n"}
{"Time":"2026-09-05T23:35:29.753183+09:00","Action":"pass","Package":"waiting-room/internal/installplan","Test":"TestStrictDecodeAndNoErrorEcho/nested-secret","Elapsed":0}
{"Time":"2026-09-05T23:35:29.753194+09:00","Action":"run","Package":"waiting-room/internal/installplan","Test":"TestStrictDecodeAndNoErrorEcho/duplicate-escaped"}
{"Time":"2026-09-05T23:35:29.753197+09:00","Action":"output","Package":"waiting-room/internal/installplan","Test":"TestStrictDecodeAndNoErrorEcho/duplicate-escaped","Output":"=== RUN   TestStrictDecodeAndNoErrorEcho/duplicate-escaped\n"}
{"Time":"2026-09-05T23:35:29.753278+09:00","Action":"output","Package":"waiting-room/internal/installplan","Test":"TestStrictDecodeAndNoErrorEcho/duplicate-escaped","Output":"--- PASS: TestStrictDecodeAndNoErrorEcho/duplicate-escaped (0.00s)\n"}
{"Time":"2026-09-05T23:35:29.753281+09:00","Action":"pass","Package":"waiting-room/internal/installplan","Test":"TestStrictDecodeAndNoErrorEcho/duplicate-escaped","Elapsed":0}
{"Time":"2026-09-05T23:35:29.753289+09:00","Action":"run","Package":"waiting-room/internal/installplan","Test":"TestStrictDecodeAndNoErrorEcho/wrong-case"}
{"Time":"2026-09-05T23:35:29.753294+09:00","Action":"output","Package":"waiting-room/internal/installplan","Test":"TestStrictDecodeAndNoErrorEcho/wrong-case","Output":"=== RUN   TestStrictDecodeAndNoErrorEcho/wrong-case\n"}
{"Time":"2026-09-05T23:35:29.753369+09:00","Action":"output","Package":"waiting-room/internal/installplan","Test":"TestStrictDecodeAndNoErrorEcho/wrong-case","Output":"--- PASS: TestStrictDecodeAndNoErrorEcho/wrong-case (0.00s)\n"}
{"Time":"2026-09-05T23:35:29.753373+09:00","Action":"pass","Package":"waiting-room/internal/installplan","Test":"TestStrictDecodeAndNoErrorEcho/wrong-case","Elapsed":0}
{"Time":"2026-09-05T23:35:29.753386+09:00","Action":"run","Package":"waiting-room/internal/installplan","Test":"TestStrictDecodeAndNoErrorEcho/missing-bool"}
{"Time":"2026-09-05T23:35:29.753388+09:00","Action":"output","Package":"waiting-room/internal/installplan","Test":"TestStrictDecodeAndNoErrorEcho/missing-bool","Output":"=== RUN   TestStrictDecodeAndNoErrorEcho/missing-bool\n"}
{"Time":"2026-09-05T23:35:29.753459+09:00","Action":"output","Package":"waiting-room/internal/installplan","Test":"TestStrictDecodeAndNoErrorEcho/missing-bool","Output":"--- PASS: TestStrictDecodeAndNoErrorEcho/missing-bool (0.00s)\n"}
{"Time":"2026-09-05T23:35:29.753462+09:00","Action":"pass","Package":"waiting-room/internal/installplan","Test":"TestStrictDecodeAndNoErrorEcho/missing-bool","Elapsed":0}
{"Time":"2026-09-05T23:35:29.753474+09:00","Action":"run","Package":"waiting-room/internal/installplan","Test":"TestStrictDecodeAndNoErrorEcho/wrong-type"}
{"Time":"2026-09-05T23:35:29.753476+09:00","Action":"output","Package":"waiting-room/internal/installplan","Test":"TestStrictDecodeAndNoErrorEcho/wrong-type","Output":"=== RUN   TestStrictDecodeAndNoErrorEcho/wrong-type\n"}
{"Time":"2026-09-05T23:35:29.753607+09:00","Action":"output","Package":"waiting-room/internal/installplan","Test":"TestStrictDecodeAndNoErrorEcho/wrong-type","Output":"--- PASS: TestStrictDecodeAndNoErrorEcho/wrong-type (0.00s)\n"}
{"Time":"2026-09-05T23:35:29.753611+09:00","Action":"pass","Package":"waiting-room/internal/installplan","Test":"TestStrictDecodeAndNoErrorEcho/wrong-type","Elapsed":0}
{"Time":"2026-09-05T23:35:29.753621+09:00","Action":"run","Package":"waiting-room/internal/installplan","Test":"TestStrictDecodeAndNoErrorEcho/multiple"}
{"Time":"2026-09-05T23:35:29.753623+09:00","Action":"output","Package":"waiting-room/internal/installplan","Test":"TestStrictDecodeAndNoErrorEcho/multiple","Output":"=== RUN   TestStrictDecodeAndNoErrorEcho/multiple\n"}
{"Time":"2026-09-05T23:35:29.753701+09:00","Action":"output","Package":"waiting-room/internal/installplan","Test":"TestStrictDecodeAndNoErrorEcho/multiple","Output":"--- PASS: TestStrictDecodeAndNoErrorEcho/multiple (0.00s)\n"}
{"Time":"2026-09-05T23:35:29.753704+09:00","Action":"pass","Package":"waiting-room/internal/installplan","Test":"TestStrictDecodeAndNoErrorEcho/multiple","Elapsed":0}
{"Time":"2026-09-05T23:35:29.753714+09:00","Action":"run","Package":"waiting-room/internal/installplan","Test":"TestStrictDecodeAndNoErrorEcho/regions"}
{"Time":"2026-09-05T23:35:29.753716+09:00","Action":"output","Package":"waiting-room/internal/installplan","Test":"TestStrictDecodeAndNoErrorEcho/regions","Output":"=== RUN   TestStrictDecodeAndNoErrorEcho/regions\n"}
{"Time":"2026-09-05T23:35:29.753757+09:00","Action":"output","Package":"waiting-room/internal/installplan","Test":"TestStrictDecodeAndNoErrorEcho/regions","Output":"--- PASS: TestStrictDecodeAndNoErrorEcho/regions (0.00s)\n"}
{"Time":"2026-09-05T23:35:29.753761+09:00","Action":"pass","Package":"waiting-room/internal/installplan","Test":"TestStrictDecodeAndNoErrorEcho/regions","Elapsed":0}
{"Time":"2026-09-05T23:35:29.753769+09:00","Action":"run","Package":"waiting-room/internal/installplan","Test":"TestStrictDecodeAndNoErrorEcho/array"}
{"Time":"2026-09-05T23:35:29.753771+09:00","Action":"output","Package":"waiting-room/internal/installplan","Test":"TestStrictDecodeAndNoErrorEcho/array","Output":"=== RUN   TestStrictDecodeAndNoErrorEcho/array\n"}
{"Time":"2026-09-05T23:35:29.753786+09:00","Action":"output","Package":"waiting-room/internal/installplan","Test":"TestStrictDecodeAndNoErrorEcho/array","Output":"--- PASS: TestStrictDecodeAndNoErrorEcho/array (0.00s)\n"}
{"Time":"2026-09-05T23:35:29.753798+09:00","Action":"pass","Package":"waiting-room/internal/installplan","Test":"TestStrictDecodeAndNoErrorEcho/array","Elapsed":0}
{"Time":"2026-09-05T23:35:29.753815+09:00","Action":"output","Package":"waiting-room/internal/installplan","Test":"TestStrictDecodeAndNoErrorEcho","Output":"--- PASS: TestStrictDecodeAndNoErrorEcho (0.00s)\n"}
{"Time":"2026-09-05T23:35:29.753819+09:00","Action":"pass","Package":"waiting-room/internal/installplan","Test":"TestStrictDecodeAndNoErrorEcho","Elapsed":0}
{"Time":"2026-09-05T23:35:29.75383+09:00","Action":"run","Package":"waiting-room/internal/installplan","Test":"TestDeterministicPlanAndOwnedSlices"}
{"Time":"2026-09-05T23:35:29.753832+09:00","Action":"output","Package":"waiting-room/internal/installplan","Test":"TestDeterministicPlanAndOwnedSlices","Output":"=== RUN   TestDeterministicPlanAndOwnedSlices\n"}
{"Time":"2026-09-05T23:35:29.754162+09:00","Action":"run","Package":"waiting-room/internal/installplan","Test":"TestDeterministicPlanAndOwnedSlices/repeat"}
{"Time":"2026-09-05T23:35:29.754165+09:00","Action":"output","Package":"waiting-room/internal/installplan","Test":"TestDeterministicPlanAndOwnedSlices/repeat","Output":"=== RUN   TestDeterministicPlanAndOwnedSlices/repeat\n"}
{"Time":"2026-09-05T23:35:29.754192+09:00","Action":"output","Package":"waiting-room/internal/installplan","Test":"TestDeterministicPlanAndOwnedSlices/repeat","Output":"=== PAUSE TestDeterministicPlanAndOwnedSlices/repeat\n"}
{"Time":"2026-09-05T23:35:29.754195+09:00","Action":"pause","Package":"waiting-room/internal/installplan","Test":"TestDeterministicPlanAndOwnedSlices/repeat"}
{"Time":"2026-09-05T23:35:29.75421+09:00","Action":"run","Package":"waiting-room/internal/installplan","Test":"TestDeterministicPlanAndOwnedSlices/repeat#01"}
{"Time":"2026-09-05T23:35:29.754211+09:00","Action":"output","Package":"waiting-room/internal/installplan","Test":"TestDeterministicPlanAndOwnedSlices/repeat#01","Output":"=== RUN   TestDeterministicPlanAndOwnedSlices/repeat#01\n"}
{"Time":"2026-09-05T23:35:29.75423+09:00","Action":"output","Package":"waiting-room/internal/installplan","Test":"TestDeterministicPlanAndOwnedSlices/repeat#01","Output":"=== PAUSE TestDeterministicPlanAndOwnedSlices/repeat#01\n"}
{"Time":"2026-09-05T23:35:29.754232+09:00","Action":"pause","Package":"waiting-room/internal/installplan","Test":"TestDeterministicPlanAndOwnedSlices/repeat#01"}
{"Time":"2026-09-05T23:35:29.754243+09:00","Action":"run","Package":"waiting-room/internal/installplan","Test":"TestDeterministicPlanAndOwnedSlices/repeat#02"}
{"Time":"2026-09-05T23:35:29.754247+09:00","Action":"output","Package":"waiting-room/internal/installplan","Test":"TestDeterministicPlanAndOwnedSlices/repeat#02","Output":"=== RUN   TestDeterministicPlanAndOwnedSlices/repeat#02\n"}
{"Time":"2026-09-05T23:35:29.754256+09:00","Action":"output","Package":"waiting-room/internal/installplan","Test":"TestDeterministicPlanAndOwnedSlices/repeat#02","Output":"=== PAUSE TestDeterministicPlanAndOwnedSlices/repeat#02\n"}
{"Time":"2026-09-05T23:35:29.754258+09:00","Action":"pause","Package":"waiting-room/internal/installplan","Test":"TestDeterministicPlanAndOwnedSlices/repeat#02"}
{"Time":"2026-09-05T23:35:29.754274+09:00","Action":"run","Package":"waiting-room/internal/installplan","Test":"TestDeterministicPlanAndOwnedSlices/repeat#03"}
{"Time":"2026-09-05T23:35:29.754276+09:00","Action":"output","Package":"waiting-room/internal/installplan","Test":"TestDeterministicPlanAndOwnedSlices/repeat#03","Output":"=== RUN   TestDeterministicPlanAndOwnedSlices/repeat#03\n"}
{"Time":"2026-09-05T23:35:29.754288+09:00","Action":"output","Package":"waiting-room/internal/installplan","Test":"TestDeterministicPlanAndOwnedSlices/repeat#03","Output":"=== PAUSE TestDeterministicPlanAndOwnedSlices/repeat#03\n"}
{"Time":"2026-09-05T23:35:29.75429+09:00","Action":"pause","Package":"waiting-room/internal/installplan","Test":"TestDeterministicPlanAndOwnedSlices/repeat#03"}
{"Time":"2026-09-05T23:35:29.754307+09:00","Action":"run","Package":"waiting-room/internal/installplan","Test":"TestDeterministicPlanAndOwnedSlices/repeat#04"}
{"Time":"2026-09-05T23:35:29.75431+09:00","Action":"output","Package":"waiting-room/internal/installplan","Test":"TestDeterministicPlanAndOwnedSlices/repeat#04","Output":"=== RUN   TestDeterministicPlanAndOwnedSlices/repeat#04\n"}
{"Time":"2026-09-05T23:35:29.754318+09:00","Action":"output","Package":"waiting-room/internal/installplan","Test":"TestDeterministicPlanAndOwnedSlices/repeat#04","Output":"=== PAUSE TestDeterministicPlanAndOwnedSlices/repeat#04\n"}
{"Time":"2026-09-05T23:35:29.75432+09:00","Action":"pause","Package":"waiting-room/internal/installplan","Test":"TestDeterministicPlanAndOwnedSlices/repeat#04"}
{"Time":"2026-09-05T23:35:29.754344+09:00","Action":"run","Package":"waiting-room/internal/installplan","Test":"TestDeterministicPlanAndOwnedSlices/repeat#05"}
{"Time":"2026-09-05T23:35:29.754347+09:00","Action":"output","Package":"waiting-room/internal/installplan","Test":"TestDeterministicPlanAndOwnedSlices/repeat#05","Output":"=== RUN   TestDeterministicPlanAndOwnedSlices/repeat#05\n"}
{"Time":"2026-09-05T23:35:29.754349+09:00","Action":"output","Package":"waiting-room/internal/installplan","Test":"TestDeterministicPlanAndOwnedSlices/repeat#05","Output":"=== PAUSE TestDeterministicPlanAndOwnedSlices/repeat#05\n"}
{"Time":"2026-09-05T23:35:29.754351+09:00","Action":"pause","Package":"waiting-room/internal/installplan","Test":"TestDeterministicPlanAndOwnedSlices/repeat#05"}
{"Time":"2026-09-05T23:35:29.754365+09:00","Action":"run","Package":"waiting-room/internal/installplan","Test":"TestDeterministicPlanAndOwnedSlices/repeat#06"}
{"Time":"2026-09-05T23:35:29.754366+09:00","Action":"output","Package":"waiting-room/internal/installplan","Test":"TestDeterministicPlanAndOwnedSlices/repeat#06","Output":"=== RUN   TestDeterministicPlanAndOwnedSlices/repeat#06\n"}
{"Time":"2026-09-05T23:35:29.75438+09:00","Action":"output","Package":"waiting-room/internal/installplan","Test":"TestDeterministicPlanAndOwnedSlices/repeat#06","Output":"=== PAUSE TestDeterministicPlanAndOwnedSlices/repeat#06\n"}
{"Time":"2026-09-05T23:35:29.754385+09:00","Action":"pause","Package":"waiting-room/internal/installplan","Test":"TestDeterministicPlanAndOwnedSlices/repeat#06"}
{"Time":"2026-09-05T23:35:29.754395+09:00","Action":"run","Package":"waiting-room/internal/installplan","Test":"TestDeterministicPlanAndOwnedSlices/repeat#07"}
{"Time":"2026-09-05T23:35:29.754396+09:00","Action":"output","Package":"waiting-room/internal/installplan","Test":"TestDeterministicPlanAndOwnedSlices/repeat#07","Output":"=== RUN   TestDeterministicPlanAndOwnedSlices/repeat#07\n"}
{"Time":"2026-09-05T23:35:29.754409+09:00","Action":"output","Package":"waiting-room/internal/installplan","Test":"TestDeterministicPlanAndOwnedSlices/repeat#07","Output":"=== PAUSE TestDeterministicPlanAndOwnedSlices/repeat#07\n"}
{"Time":"2026-09-05T23:35:29.754411+09:00","Action":"pause","Package":"waiting-room/internal/installplan","Test":"TestDeterministicPlanAndOwnedSlices/repeat#07"}
{"Time":"2026-09-05T23:35:29.754423+09:00","Action":"run","Package":"waiting-room/internal/installplan","Test":"TestDeterministicPlanAndOwnedSlices/repeat#08"}
{"Time":"2026-09-05T23:35:29.754425+09:00","Action":"output","Package":"waiting-room/internal/installplan","Test":"TestDeterministicPlanAndOwnedSlices/repeat#08","Output":"=== RUN   TestDeterministicPlanAndOwnedSlices/repeat#08\n"}
{"Time":"2026-09-05T23:35:29.754435+09:00","Action":"output","Package":"waiting-room/internal/installplan","Test":"TestDeterministicPlanAndOwnedSlices/repeat#08","Output":"=== PAUSE TestDeterministicPlanAndOwnedSlices/repeat#08\n"}
{"Time":"2026-09-05T23:35:29.754437+09:00","Action":"pause","Package":"waiting-room/internal/installplan","Test":"TestDeterministicPlanAndOwnedSlices/repeat#08"}
{"Time":"2026-09-05T23:35:29.754458+09:00","Action":"run","Package":"waiting-room/internal/installplan","Test":"TestDeterministicPlanAndOwnedSlices/repeat#09"}
{"Time":"2026-09-05T23:35:29.75446+09:00","Action":"output","Package":"waiting-room/internal/installplan","Test":"TestDeterministicPlanAndOwnedSlices/repeat#09","Output":"=== RUN   TestDeterministicPlanAndOwnedSlices/repeat#09\n"}
{"Time":"2026-09-05T23:35:29.754462+09:00","Action":"output","Package":"waiting-room/internal/installplan","Test":"TestDeterministicPlanAndOwnedSlices/repeat#09","Output":"=== PAUSE TestDeterministicPlanAndOwnedSlices/repeat#09\n"}
{"Time":"2026-09-05T23:35:29.754463+09:00","Action":"pause","Package":"waiting-room/internal/installplan","Test":"TestDeterministicPlanAndOwnedSlices/repeat#09"}
{"Time":"2026-09-05T23:35:29.754477+09:00","Action":"run","Package":"waiting-room/internal/installplan","Test":"TestDeterministicPlanAndOwnedSlices/repeat#10"}
{"Time":"2026-09-05T23:35:29.754484+09:00","Action":"output","Package":"waiting-room/internal/installplan","Test":"TestDeterministicPlanAndOwnedSlices/repeat#10","Output":"=== RUN   TestDeterministicPlanAndOwnedSlices/repeat#10\n"}
{"Time":"2026-09-05T23:35:29.754488+09:00","Action":"output","Package":"waiting-room/internal/installplan","Test":"TestDeterministicPlanAndOwnedSlices/repeat#10","Output":"=== PAUSE TestDeterministicPlanAndOwnedSlices/repeat#10\n"}
{"Time":"2026-09-05T23:35:29.754489+09:00","Action":"pause","Package":"waiting-room/internal/installplan","Test":"TestDeterministicPlanAndOwnedSlices/repeat#10"}
{"Time":"2026-09-05T23:35:29.754503+09:00","Action":"run","Package":"waiting-room/internal/installplan","Test":"TestDeterministicPlanAndOwnedSlices/repeat#11"}
{"Time":"2026-09-05T23:35:29.754505+09:00","Action":"output","Package":"waiting-room/internal/installplan","Test":"TestDeterministicPlanAndOwnedSlices/repeat#11","Output":"=== RUN   TestDeterministicPlanAndOwnedSlices/repeat#11\n"}
{"Time":"2026-09-05T23:35:29.754518+09:00","Action":"output","Package":"waiting-room/internal/installplan","Test":"TestDeterministicPlanAndOwnedSlices/repeat#11","Output":"=== PAUSE TestDeterministicPlanAndOwnedSlices/repeat#11\n"}
{"Time":"2026-09-05T23:35:29.754519+09:00","Action":"pause","Package":"waiting-room/internal/installplan","Test":"TestDeterministicPlanAndOwnedSlices/repeat#11"}
{"Time":"2026-09-05T23:35:29.754533+09:00","Action":"run","Package":"waiting-room/internal/installplan","Test":"TestDeterministicPlanAndOwnedSlices/repeat#12"}
{"Time":"2026-09-05T23:35:29.754535+09:00","Action":"output","Package":"waiting-room/internal/installplan","Test":"TestDeterministicPlanAndOwnedSlices/repeat#12","Output":"=== RUN   TestDeterministicPlanAndOwnedSlices/repeat#12\n"}
{"Time":"2026-09-05T23:35:29.754545+09:00","Action":"output","Package":"waiting-room/internal/installplan","Test":"TestDeterministicPlanAndOwnedSlices/repeat#12","Output":"=== PAUSE TestDeterministicPlanAndOwnedSlices/repeat#12\n"}
{"Time":"2026-09-05T23:35:29.754549+09:00","Action":"pause","Package":"waiting-room/internal/installplan","Test":"TestDeterministicPlanAndOwnedSlices/repeat#12"}
{"Time":"2026-09-05T23:35:29.754563+09:00","Action":"run","Package":"waiting-room/internal/installplan","Test":"TestDeterministicPlanAndOwnedSlices/repeat#13"}
{"Time":"2026-09-05T23:35:29.754566+09:00","Action":"output","Package":"waiting-room/internal/installplan","Test":"TestDeterministicPlanAndOwnedSlices/repeat#13","Output":"=== RUN   TestDeterministicPlanAndOwnedSlices/repeat#13\n"}
{"Time":"2026-09-05T23:35:29.754578+09:00","Action":"output","Package":"waiting-room/internal/installplan","Test":"TestDeterministicPlanAndOwnedSlices/repeat#13","Output":"=== PAUSE TestDeterministicPlanAndOwnedSlices/repeat#13\n"}
{"Time":"2026-09-05T23:35:29.754581+09:00","Action":"pause","Package":"waiting-room/internal/installplan","Test":"TestDeterministicPlanAndOwnedSlices/repeat#13"}
{"Time":"2026-09-05T23:35:29.754591+09:00","Action":"run","Package":"waiting-room/internal/installplan","Test":"TestDeterministicPlanAndOwnedSlices/repeat#14"}
{"Time":"2026-09-05T23:35:29.754593+09:00","Action":"output","Package":"waiting-room/internal/installplan","Test":"TestDeterministicPlanAndOwnedSlices/repeat#14","Output":"=== RUN   TestDeterministicPlanAndOwnedSlices/repeat#14\n"}
{"Time":"2026-09-05T23:35:29.754602+09:00","Action":"output","Package":"waiting-room/internal/installplan","Test":"TestDeterministicPlanAndOwnedSlices/repeat#14","Output":"=== PAUSE TestDeterministicPlanAndOwnedSlices/repeat#14\n"}
{"Time":"2026-09-05T23:35:29.754608+09:00","Action":"pause","Package":"waiting-room/internal/installplan","Test":"TestDeterministicPlanAndOwnedSlices/repeat#14"}
{"Time":"2026-09-05T23:35:29.754615+09:00","Action":"run","Package":"waiting-room/internal/installplan","Test":"TestDeterministicPlanAndOwnedSlices/repeat#15"}
{"Time":"2026-09-05T23:35:29.754617+09:00","Action":"output","Package":"waiting-room/internal/installplan","Test":"TestDeterministicPlanAndOwnedSlices/repeat#15","Output":"=== RUN   TestDeterministicPlanAndOwnedSlices/repeat#15\n"}
{"Time":"2026-09-05T23:35:29.75463+09:00","Action":"output","Package":"waiting-room/internal/installplan","Test":"TestDeterministicPlanAndOwnedSlices/repeat#15","Output":"=== PAUSE TestDeterministicPlanAndOwnedSlices/repeat#15\n"}
{"Time":"2026-09-05T23:35:29.754633+09:00","Action":"pause","Package":"waiting-room/internal/installplan","Test":"TestDeterministicPlanAndOwnedSlices/repeat#15"}
{"Time":"2026-09-05T23:35:29.754646+09:00","Action":"run","Package":"waiting-room/internal/installplan","Test":"TestDeterministicPlanAndOwnedSlices/repeat#16"}
{"Time":"2026-09-05T23:35:29.754647+09:00","Action":"output","Package":"waiting-room/internal/installplan","Test":"TestDeterministicPlanAndOwnedSlices/repeat#16","Output":"=== RUN   TestDeterministicPlanAndOwnedSlices/repeat#16\n"}
{"Time":"2026-09-05T23:35:29.754661+09:00","Action":"output","Package":"waiting-room/internal/installplan","Test":"TestDeterministicPlanAndOwnedSlices/repeat#16","Output":"=== PAUSE TestDeterministicPlanAndOwnedSlices/repeat#16\n"}
{"Time":"2026-09-05T23:35:29.754662+09:00","Action":"pause","Package":"waiting-room/internal/installplan","Test":"TestDeterministicPlanAndOwnedSlices/repeat#16"}
{"Time":"2026-09-05T23:35:29.754675+09:00","Action":"run","Package":"waiting-room/internal/installplan","Test":"TestDeterministicPlanAndOwnedSlices/repeat#17"}
{"Time":"2026-09-05T23:35:29.75468+09:00","Action":"output","Package":"waiting-room/internal/installplan","Test":"TestDeterministicPlanAndOwnedSlices/repeat#17","Output":"=== RUN   TestDeterministicPlanAndOwnedSlices/repeat#17\n"}
{"Time":"2026-09-05T23:35:29.754683+09:00","Action":"output","Package":"waiting-room/internal/installplan","Test":"TestDeterministicPlanAndOwnedSlices/repeat#17","Output":"=== PAUSE TestDeterministicPlanAndOwnedSlices/repeat#17\n"}
{"Time":"2026-09-05T23:35:29.754684+09:00","Action":"pause","Package":"waiting-room/internal/installplan","Test":"TestDeterministicPlanAndOwnedSlices/repeat#17"}
{"Time":"2026-09-05T23:35:29.7547+09:00","Action":"run","Package":"waiting-room/internal/installplan","Test":"TestDeterministicPlanAndOwnedSlices/repeat#18"}
{"Time":"2026-09-05T23:35:29.754705+09:00","Action":"output","Package":"waiting-room/internal/installplan","Test":"TestDeterministicPlanAndOwnedSlices/repeat#18","Output":"=== RUN   TestDeterministicPlanAndOwnedSlices/repeat#18\n"}
{"Time":"2026-09-05T23:35:29.754719+09:00","Action":"output","Package":"waiting-room/internal/installplan","Test":"TestDeterministicPlanAndOwnedSlices/repeat#18","Output":"=== PAUSE TestDeterministicPlanAndOwnedSlices/repeat#18\n"}
{"Time":"2026-09-05T23:35:29.754722+09:00","Action":"pause","Package":"waiting-room/internal/installplan","Test":"TestDeterministicPlanAndOwnedSlices/repeat#18"}
{"Time":"2026-09-05T23:35:29.754725+09:00","Action":"run","Package":"waiting-room/internal/installplan","Test":"TestDeterministicPlanAndOwnedSlices/repeat#19"}
{"Time":"2026-09-05T23:35:29.754726+09:00","Action":"output","Package":"waiting-room/internal/installplan","Test":"TestDeterministicPlanAndOwnedSlices/repeat#19","Output":"=== RUN   TestDeterministicPlanAndOwnedSlices/repeat#19\n"}
{"Time":"2026-09-05T23:35:29.754741+09:00","Action":"output","Package":"waiting-room/internal/installplan","Test":"TestDeterministicPlanAndOwnedSlices/repeat#19","Output":"=== PAUSE TestDeterministicPlanAndOwnedSlices/repeat#19\n"}
{"Time":"2026-09-05T23:35:29.754743+09:00","Action":"pause","Package":"waiting-room/internal/installplan","Test":"TestDeterministicPlanAndOwnedSlices/repeat#19"}
{"Time":"2026-09-05T23:35:29.754755+09:00","Action":"run","Package":"waiting-room/internal/installplan","Test":"TestDeterministicPlanAndOwnedSlices/repeat#20"}
{"Time":"2026-09-05T23:35:29.754757+09:00","Action":"output","Package":"waiting-room/internal/installplan","Test":"TestDeterministicPlanAndOwnedSlices/repeat#20","Output":"=== RUN   TestDeterministicPlanAndOwnedSlices/repeat#20\n"}
{"Time":"2026-09-05T23:35:29.754765+09:00","Action":"output","Package":"waiting-room/internal/installplan","Test":"TestDeterministicPlanAndOwnedSlices/repeat#20","Output":"=== PAUSE TestDeterministicPlanAndOwnedSlices/repeat#20\n"}
{"Time":"2026-09-05T23:35:29.754767+09:00","Action":"pause","Package":"waiting-room/internal/installplan","Test":"TestDeterministicPlanAndOwnedSlices/repeat#20"}
{"Time":"2026-09-05T23:35:29.75478+09:00","Action":"run","Package":"waiting-room/internal/installplan","Test":"TestDeterministicPlanAndOwnedSlices/repeat#21"}
{"Time":"2026-09-05T23:35:29.754782+09:00","Action":"output","Package":"waiting-room/internal/installplan","Test":"TestDeterministicPlanAndOwnedSlices/repeat#21","Output":"=== RUN   TestDeterministicPlanAndOwnedSlices/repeat#21\n"}
{"Time":"2026-09-05T23:35:29.754791+09:00","Action":"output","Package":"waiting-room/internal/installplan","Test":"TestDeterministicPlanAndOwnedSlices/repeat#21","Output":"=== PAUSE TestDeterministicPlanAndOwnedSlices/repeat#21\n"}
{"Time":"2026-09-05T23:35:29.754793+09:00","Action":"pause","Package":"waiting-room/internal/installplan","Test":"TestDeterministicPlanAndOwnedSlices/repeat#21"}
{"Time":"2026-09-05T23:35:29.754805+09:00","Action":"run","Package":"waiting-room/internal/installplan","Test":"TestDeterministicPlanAndOwnedSlices/repeat#22"}
{"Time":"2026-09-05T23:35:29.754807+09:00","Action":"output","Package":"waiting-room/internal/installplan","Test":"TestDeterministicPlanAndOwnedSlices/repeat#22","Output":"=== RUN   TestDeterministicPlanAndOwnedSlices/repeat#22\n"}
{"Time":"2026-09-05T23:35:29.754822+09:00","Action":"output","Package":"waiting-room/internal/installplan","Test":"TestDeterministicPlanAndOwnedSlices/repeat#22","Output":"=== PAUSE TestDeterministicPlanAndOwnedSlices/repeat#22\n"}
{"Time":"2026-09-05T23:35:29.754824+09:00","Action":"pause","Package":"waiting-room/internal/installplan","Test":"TestDeterministicPlanAndOwnedSlices/repeat#22"}
{"Time":"2026-09-05T23:35:29.754837+09:00","Action":"run","Package":"waiting-room/internal/installplan","Test":"TestDeterministicPlanAndOwnedSlices/repeat#23"}
{"Time":"2026-09-05T23:35:29.754839+09:00","Action":"output","Package":"waiting-room/internal/installplan","Test":"TestDeterministicPlanAndOwnedSlices/repeat#23","Output":"=== RUN   TestDeterministicPlanAndOwnedSlices/repeat#23\n"}
{"Time":"2026-09-05T23:35:29.75485+09:00","Action":"output","Package":"waiting-room/internal/installplan","Test":"TestDeterministicPlanAndOwnedSlices/repeat#23","Output":"=== PAUSE TestDeterministicPlanAndOwnedSlices/repeat#23\n"}
{"Time":"2026-09-05T23:35:29.754852+09:00","Action":"pause","Package":"waiting-room/internal/installplan","Test":"TestDeterministicPlanAndOwnedSlices/repeat#23"}
{"Time":"2026-09-05T23:35:29.754864+09:00","Action":"run","Package":"waiting-room/internal/installplan","Test":"TestDeterministicPlanAndOwnedSlices/repeat#24"}
{"Time":"2026-09-05T23:35:29.754866+09:00","Action":"output","Package":"waiting-room/internal/installplan","Test":"TestDeterministicPlanAndOwnedSlices/repeat#24","Output":"=== RUN   TestDeterministicPlanAndOwnedSlices/repeat#24\n"}
{"Time":"2026-09-05T23:35:29.754877+09:00","Action":"output","Package":"waiting-room/internal/installplan","Test":"TestDeterministicPlanAndOwnedSlices/repeat#24","Output":"=== PAUSE TestDeterministicPlanAndOwnedSlices/repeat#24\n"}
{"Time":"2026-09-05T23:35:29.754879+09:00","Action":"pause","Package":"waiting-room/internal/installplan","Test":"TestDeterministicPlanAndOwnedSlices/repeat#24"}
{"Time":"2026-09-05T23:35:29.754891+09:00","Action":"run","Package":"waiting-room/internal/installplan","Test":"TestDeterministicPlanAndOwnedSlices/repeat#25"}
{"Time":"2026-09-05T23:35:29.754894+09:00","Action":"output","Package":"waiting-room/internal/installplan","Test":"TestDeterministicPlanAndOwnedSlices/repeat#25","Output":"=== RUN   TestDeterministicPlanAndOwnedSlices/repeat#25\n"}
{"Time":"2026-09-05T23:35:29.754902+09:00","Action":"output","Package":"waiting-room/internal/installplan","Test":"TestDeterministicPlanAndOwnedSlices/repeat#25","Output":"=== PAUSE TestDeterministicPlanAndOwnedSlices/repeat#25\n"}
{"Time":"2026-09-05T23:35:29.754904+09:00","Action":"pause","Package":"waiting-room/internal/installplan","Test":"TestDeterministicPlanAndOwnedSlices/repeat#25"}
{"Time":"2026-09-05T23:35:29.754912+09:00","Action":"run","Package":"waiting-room/internal/installplan","Test":"TestDeterministicPlanAndOwnedSlices/repeat#26"}
{"Time":"2026-09-05T23:35:29.754917+09:00","Action":"output","Package":"waiting-room/internal/installplan","Test":"TestDeterministicPlanAndOwnedSlices/repeat#26","Output":"=== RUN   TestDeterministicPlanAndOwnedSlices/repeat#26\n"}
{"Time":"2026-09-05T23:35:29.754919+09:00","Action":"output","Package":"waiting-room/internal/installplan","Test":"TestDeterministicPlanAndOwnedSlices/repeat#26","Output":"=== PAUSE TestDeterministicPlanAndOwnedSlices/repeat#26\n"}
{"Time":"2026-09-05T23:35:29.754921+09:00","Action":"pause","Package":"waiting-room/internal/installplan","Test":"TestDeterministicPlanAndOwnedSlices/repeat#26"}
{"Time":"2026-09-05T23:35:29.75498+09:00","Action":"run","Package":"waiting-room/internal/installplan","Test":"TestDeterministicPlanAndOwnedSlices/repeat#27"}
{"Time":"2026-09-05T23:35:29.754983+09:00","Action":"output","Package":"waiting-room/internal/installplan","Test":"TestDeterministicPlanAndOwnedSlices/repeat#27","Output":"=== RUN   TestDeterministicPlanAndOwnedSlices/repeat#27\n"}
{"Time":"2026-09-05T23:35:29.754985+09:00","Action":"output","Package":"waiting-room/internal/installplan","Test":"TestDeterministicPlanAndOwnedSlices/repeat#27","Output":"=== PAUSE TestDeterministicPlanAndOwnedSlices/repeat#27\n"}
{"Time":"2026-09-05T23:35:29.754988+09:00","Action":"pause","Package":"waiting-room/internal/installplan","Test":"TestDeterministicPlanAndOwnedSlices/repeat#27"}
{"Time":"2026-09-05T23:35:29.754998+09:00","Action":"run","Package":"waiting-room/internal/installplan","Test":"TestDeterministicPlanAndOwnedSlices/repeat#28"}
{"Time":"2026-09-05T23:35:29.755001+09:00","Action":"output","Package":"waiting-room/internal/installplan","Test":"TestDeterministicPlanAndOwnedSlices/repeat#28","Output":"=== RUN   TestDeterministicPlanAndOwnedSlices/repeat#28\n"}
{"Time":"2026-09-05T23:35:29.755018+09:00","Action":"output","Package":"waiting-room/internal/installplan","Test":"TestDeterministicPlanAndOwnedSlices/repeat#28","Output":"=== PAUSE TestDeterministicPlanAndOwnedSlices/repeat#28\n"}
{"Time":"2026-09-05T23:35:29.755021+09:00","Action":"pause","Package":"waiting-room/internal/installplan","Test":"TestDeterministicPlanAndOwnedSlices/repeat#28"}
{"Time":"2026-09-05T23:35:29.755043+09:00","Action":"run","Package":"waiting-room/internal/installplan","Test":"TestDeterministicPlanAndOwnedSlices/repeat#29"}
{"Time":"2026-09-05T23:35:29.755048+09:00","Action":"output","Package":"waiting-room/internal/installplan","Test":"TestDeterministicPlanAndOwnedSlices/repeat#29","Output":"=== RUN   TestDeterministicPlanAndOwnedSlices/repeat#29\n"}
{"Time":"2026-09-05T23:35:29.75505+09:00","Action":"output","Package":"waiting-room/internal/installplan","Test":"TestDeterministicPlanAndOwnedSlices/repeat#29","Output":"=== PAUSE TestDeterministicPlanAndOwnedSlices/repeat#29\n"}
{"Time":"2026-09-05T23:35:29.755051+09:00","Action":"pause","Package":"waiting-room/internal/installplan","Test":"TestDeterministicPlanAndOwnedSlices/repeat#29"}
{"Time":"2026-09-05T23:35:29.755055+09:00","Action":"run","Package":"waiting-room/internal/installplan","Test":"TestDeterministicPlanAndOwnedSlices/repeat#30"}
{"Time":"2026-09-05T23:35:29.755057+09:00","Action":"output","Package":"waiting-room/internal/installplan","Test":"TestDeterministicPlanAndOwnedSlices/repeat#30","Output":"=== RUN   TestDeterministicPlanAndOwnedSlices/repeat#30\n"}
{"Time":"2026-09-05T23:35:29.755073+09:00","Action":"output","Package":"waiting-room/internal/installplan","Test":"TestDeterministicPlanAndOwnedSlices/repeat#30","Output":"=== PAUSE TestDeterministicPlanAndOwnedSlices/repeat#30\n"}
{"Time":"2026-09-05T23:35:29.755076+09:00","Action":"pause","Package":"waiting-room/internal/installplan","Test":"TestDeterministicPlanAndOwnedSlices/repeat#30"}
{"Time":"2026-09-05T23:35:29.755083+09:00","Action":"run","Package":"waiting-room/internal/installplan","Test":"TestDeterministicPlanAndOwnedSlices/repeat#31"}
{"Time":"2026-09-05T23:35:29.755086+09:00","Action":"output","Package":"waiting-room/internal/installplan","Test":"TestDeterministicPlanAndOwnedSlices/repeat#31","Output":"=== RUN   TestDeterministicPlanAndOwnedSlices/repeat#31\n"}
{"Time":"2026-09-05T23:35:29.755095+09:00","Action":"output","Package":"waiting-room/internal/installplan","Test":"TestDeterministicPlanAndOwnedSlices/repeat#31","Output":"=== PAUSE TestDeterministicPlanAndOwnedSlices/repeat#31\n"}
{"Time":"2026-09-05T23:35:29.755097+09:00","Action":"pause","Package":"waiting-room/internal/installplan","Test":"TestDeterministicPlanAndOwnedSlices/repeat#31"}
{"Time":"2026-09-05T23:35:29.755114+09:00","Action":"run","Package":"waiting-room/internal/installplan","Test":"TestDeterministicPlanAndOwnedSlices/repeat#32"}
{"Time":"2026-09-05T23:35:29.755116+09:00","Action":"output","Package":"waiting-room/internal/installplan","Test":"TestDeterministicPlanAndOwnedSlices/repeat#32","Output":"=== RUN   TestDeterministicPlanAndOwnedSlices/repeat#32\n"}
{"Time":"2026-09-05T23:35:29.75513+09:00","Action":"output","Package":"waiting-room/internal/installplan","Test":"TestDeterministicPlanAndOwnedSlices/repeat#32","Output":"=== PAUSE TestDeterministicPlanAndOwnedSlices/repeat#32\n"}
{"Time":"2026-09-05T23:35:29.755133+09:00","Action":"pause","Package":"waiting-room/internal/installplan","Test":"TestDeterministicPlanAndOwnedSlices/repeat#32"}
{"Time":"2026-09-05T23:35:29.755144+09:00","Action":"run","Package":"waiting-room/internal/installplan","Test":"TestDeterministicPlanAndOwnedSlices/repeat#33"}
{"Time":"2026-09-05T23:35:29.755146+09:00","Action":"output","Package":"waiting-room/internal/installplan","Test":"TestDeterministicPlanAndOwnedSlices/repeat#33","Output":"=== RUN   TestDeterministicPlanAndOwnedSlices/repeat#33\n"}
{"Time":"2026-09-05T23:35:29.755156+09:00","Action":"output","Package":"waiting-room/internal/installplan","Test":"TestDeterministicPlanAndOwnedSlices/repeat#33","Output":"=== PAUSE TestDeterministicPlanAndOwnedSlices/repeat#33\n"}
{"Time":"2026-09-05T23:35:29.755159+09:00","Action":"pause","Package":"waiting-room/internal/installplan","Test":"TestDeterministicPlanAndOwnedSlices/repeat#33"}
{"Time":"2026-09-05T23:35:29.755168+09:00","Action":"run","Package":"waiting-room/internal/installplan","Test":"TestDeterministicPlanAndOwnedSlices/repeat#34"}
{"Time":"2026-09-05T23:35:29.755171+09:00","Action":"output","Package":"waiting-room/internal/installplan","Test":"TestDeterministicPlanAndOwnedSlices/repeat#34","Output":"=== RUN   TestDeterministicPlanAndOwnedSlices/repeat#34\n"}
{"Time":"2026-09-05T23:35:29.755185+09:00","Action":"output","Package":"waiting-room/internal/installplan","Test":"TestDeterministicPlanAndOwnedSlices/repeat#34","Output":"=== PAUSE TestDeterministicPlanAndOwnedSlices/repeat#34\n"}
{"Time":"2026-09-05T23:35:29.755188+09:00","Action":"pause","Package":"waiting-room/internal/installplan","Test":"TestDeterministicPlanAndOwnedSlices/repeat#34"}
{"Time":"2026-09-05T23:35:29.7552+09:00","Action":"run","Package":"waiting-room/internal/installplan","Test":"TestDeterministicPlanAndOwnedSlices/repeat#35"}
{"Time":"2026-09-05T23:35:29.755202+09:00","Action":"output","Package":"waiting-room/internal/installplan","Test":"TestDeterministicPlanAndOwnedSlices/repeat#35","Output":"=== RUN   TestDeterministicPlanAndOwnedSlices/repeat#35\n"}
{"Time":"2026-09-05T23:35:29.755214+09:00","Action":"output","Package":"waiting-room/internal/installplan","Test":"TestDeterministicPlanAndOwnedSlices/repeat#35","Output":"=== PAUSE TestDeterministicPlanAndOwnedSlices/repeat#35\n"}
{"Time":"2026-09-05T23:35:29.755216+09:00","Action":"pause","Package":"waiting-room/internal/installplan","Test":"TestDeterministicPlanAndOwnedSlices/repeat#35"}
{"Time":"2026-09-05T23:35:29.755232+09:00","Action":"run","Package":"waiting-room/internal/installplan","Test":"TestDeterministicPlanAndOwnedSlices/repeat#36"}
{"Time":"2026-09-05T23:35:29.755235+09:00","Action":"output","Package":"waiting-room/internal/installplan","Test":"TestDeterministicPlanAndOwnedSlices/repeat#36","Output":"=== RUN   TestDeterministicPlanAndOwnedSlices/repeat#36\n"}
{"Time":"2026-09-05T23:35:29.755245+09:00","Action":"output","Package":"waiting-room/internal/installplan","Test":"TestDeterministicPlanAndOwnedSlices/repeat#36","Output":"=== PAUSE TestDeterministicPlanAndOwnedSlices/repeat#36\n"}
{"Time":"2026-09-05T23:35:29.755248+09:00","Action":"pause","Package":"waiting-room/internal/installplan","Test":"TestDeterministicPlanAndOwnedSlices/repeat#36"}
{"Time":"2026-09-05T23:35:29.755272+09:00","Action":"run","Package":"waiting-room/internal/installplan","Test":"TestDeterministicPlanAndOwnedSlices/repeat#37"}
{"Time":"2026-09-05T23:35:29.755276+09:00","Action":"output","Package":"waiting-room/internal/installplan","Test":"TestDeterministicPlanAndOwnedSlices/repeat#37","Output":"=== RUN   TestDeterministicPlanAndOwnedSlices/repeat#37\n"}
{"Time":"2026-09-05T23:35:29.755307+09:00","Action":"output","Package":"waiting-room/internal/installplan","Test":"TestDeterministicPlanAndOwnedSlices/repeat#37","Output":"=== PAUSE TestDeterministicPlanAndOwnedSlices/repeat#37\n"}
{"Time":"2026-09-05T23:35:29.75531+09:00","Action":"pause","Package":"waiting-room/internal/installplan","Test":"TestDeterministicPlanAndOwnedSlices/repeat#37"}
{"Time":"2026-09-05T23:35:29.755325+09:00","Action":"run","Package":"waiting-room/internal/installplan","Test":"TestDeterministicPlanAndOwnedSlices/repeat#38"}
{"Time":"2026-09-05T23:35:29.755327+09:00","Action":"output","Package":"waiting-room/internal/installplan","Test":"TestDeterministicPlanAndOwnedSlices/repeat#38","Output":"=== RUN   TestDeterministicPlanAndOwnedSlices/repeat#38\n"}
{"Time":"2026-09-05T23:35:29.755343+09:00","Action":"output","Package":"waiting-room/internal/installplan","Test":"TestDeterministicPlanAndOwnedSlices/repeat#38","Output":"=== PAUSE TestDeterministicPlanAndOwnedSlices/repeat#38\n"}
{"Time":"2026-09-05T23:35:29.755345+09:00","Action":"pause","Package":"waiting-room/internal/installplan","Test":"TestDeterministicPlanAndOwnedSlices/repeat#38"}
{"Time":"2026-09-05T23:35:29.755357+09:00","Action":"run","Package":"waiting-room/internal/installplan","Test":"TestDeterministicPlanAndOwnedSlices/repeat#39"}
{"Time":"2026-09-05T23:35:29.755358+09:00","Action":"output","Package":"waiting-room/internal/installplan","Test":"TestDeterministicPlanAndOwnedSlices/repeat#39","Output":"=== RUN   TestDeterministicPlanAndOwnedSlices/repeat#39\n"}
{"Time":"2026-09-05T23:35:29.755374+09:00","Action":"output","Package":"waiting-room/internal/installplan","Test":"TestDeterministicPlanAndOwnedSlices/repeat#39","Output":"=== PAUSE TestDeterministicPlanAndOwnedSlices/repeat#39\n"}
{"Time":"2026-09-05T23:35:29.755379+09:00","Action":"pause","Package":"waiting-room/internal/installplan","Test":"TestDeterministicPlanAndOwnedSlices/repeat#39"}
{"Time":"2026-09-05T23:35:29.755396+09:00","Action":"run","Package":"waiting-room/internal/installplan","Test":"TestDeterministicPlanAndOwnedSlices/repeat#40"}
{"Time":"2026-09-05T23:35:29.755397+09:00","Action":"output","Package":"waiting-room/internal/installplan","Test":"TestDeterministicPlanAndOwnedSlices/repeat#40","Output":"=== RUN   TestDeterministicPlanAndOwnedSlices/repeat#40\n"}
{"Time":"2026-09-05T23:35:29.755412+09:00","Action":"output","Package":"waiting-room/internal/installplan","Test":"TestDeterministicPlanAndOwnedSlices/repeat#40","Output":"=== PAUSE TestDeterministicPlanAndOwnedSlices/repeat#40\n"}
{"Time":"2026-09-05T23:35:29.755414+09:00","Action":"pause","Package":"waiting-room/internal/installplan","Test":"TestDeterministicPlanAndOwnedSlices/repeat#40"}
{"Time":"2026-09-05T23:35:29.755429+09:00","Action":"run","Package":"waiting-room/internal/installplan","Test":"TestDeterministicPlanAndOwnedSlices/repeat#41"}
{"Time":"2026-09-05T23:35:29.755431+09:00","Action":"output","Package":"waiting-room/internal/installplan","Test":"TestDeterministicPlanAndOwnedSlices/repeat#41","Output":"=== RUN   TestDeterministicPlanAndOwnedSlices/repeat#41\n"}
{"Time":"2026-09-05T23:35:29.755441+09:00","Action":"output","Package":"waiting-room/internal/installplan","Test":"TestDeterministicPlanAndOwnedSlices/repeat#41","Output":"=== PAUSE TestDeterministicPlanAndOwnedSlices/repeat#41\n"}
{"Time":"2026-09-05T23:35:29.755443+09:00","Action":"pause","Package":"waiting-room/internal/installplan","Test":"TestDeterministicPlanAndOwnedSlices/repeat#41"}
{"Time":"2026-09-05T23:35:29.755457+09:00","Action":"run","Package":"waiting-room/internal/installplan","Test":"TestDeterministicPlanAndOwnedSlices/repeat#42"}
{"Time":"2026-09-05T23:35:29.755459+09:00","Action":"output","Package":"waiting-room/internal/installplan","Test":"TestDeterministicPlanAndOwnedSlices/repeat#42","Output":"=== RUN   TestDeterministicPlanAndOwnedSlices/repeat#42\n"}
{"Time":"2026-09-05T23:35:29.755473+09:00","Action":"output","Package":"waiting-room/internal/installplan","Test":"TestDeterministicPlanAndOwnedSlices/repeat#42","Output":"=== PAUSE TestDeterministicPlanAndOwnedSlices/repeat#42\n"}
{"Time":"2026-09-05T23:35:29.75548+09:00","Action":"pause","Package":"waiting-room/internal/installplan","Test":"TestDeterministicPlanAndOwnedSlices/repeat#42"}
{"Time":"2026-09-05T23:35:29.755483+09:00","Action":"run","Package":"waiting-room/internal/installplan","Test":"TestDeterministicPlanAndOwnedSlices/repeat#43"}
{"Time":"2026-09-05T23:35:29.755485+09:00","Action":"output","Package":"waiting-room/internal/installplan","Test":"TestDeterministicPlanAndOwnedSlices/repeat#43","Output":"=== RUN   TestDeterministicPlanAndOwnedSlices/repeat#43\n"}
{"Time":"2026-09-05T23:35:29.755501+09:00","Action":"output","Package":"waiting-room/internal/installplan","Test":"TestDeterministicPlanAndOwnedSlices/repeat#43","Output":"=== PAUSE TestDeterministicPlanAndOwnedSlices/repeat#43\n"}
{"Time":"2026-09-05T23:35:29.755504+09:00","Action":"pause","Package":"waiting-room/internal/installplan","Test":"TestDeterministicPlanAndOwnedSlices/repeat#43"}
{"Time":"2026-09-05T23:35:29.755525+09:00","Action":"run","Package":"waiting-room/internal/installplan","Test":"TestDeterministicPlanAndOwnedSlices/repeat#44"}
{"Time":"2026-09-05T23:35:29.755528+09:00","Action":"output","Package":"waiting-room/internal/installplan","Test":"TestDeterministicPlanAndOwnedSlices/repeat#44","Output":"=== RUN   TestDeterministicPlanAndOwnedSlices/repeat#44\n"}
{"Time":"2026-09-05T23:35:29.755541+09:00","Action":"output","Package":"waiting-room/internal/installplan","Test":"TestDeterministicPlanAndOwnedSlices/repeat#44","Output":"=== PAUSE TestDeterministicPlanAndOwnedSlices/repeat#44\n"}
{"Time":"2026-09-05T23:35:29.755543+09:00","Action":"pause","Package":"waiting-room/internal/installplan","Test":"TestDeterministicPlanAndOwnedSlices/repeat#44"}
{"Time":"2026-09-05T23:35:29.755559+09:00","Action":"run","Package":"waiting-room/internal/installplan","Test":"TestDeterministicPlanAndOwnedSlices/repeat#45"}
{"Time":"2026-09-05T23:35:29.755561+09:00","Action":"output","Package":"waiting-room/internal/installplan","Test":"TestDeterministicPlanAndOwnedSlices/repeat#45","Output":"=== RUN   TestDeterministicPlanAndOwnedSlices/repeat#45\n"}
{"Time":"2026-09-05T23:35:29.755573+09:00","Action":"output","Package":"waiting-room/internal/installplan","Test":"TestDeterministicPlanAndOwnedSlices/repeat#45","Output":"=== PAUSE TestDeterministicPlanAndOwnedSlices/repeat#45\n"}
{"Time":"2026-09-05T23:35:29.755576+09:00","Action":"pause","Package":"waiting-room/internal/installplan","Test":"TestDeterministicPlanAndOwnedSlices/repeat#45"}
{"Time":"2026-09-05T23:35:29.755586+09:00","Action":"run","Package":"waiting-room/internal/installplan","Test":"TestDeterministicPlanAndOwnedSlices/repeat#46"}
{"Time":"2026-09-05T23:35:29.755588+09:00","Action":"output","Package":"waiting-room/internal/installplan","Test":"TestDeterministicPlanAndOwnedSlices/repeat#46","Output":"=== RUN   TestDeterministicPlanAndOwnedSlices/repeat#46\n"}
{"Time":"2026-09-05T23:35:29.755598+09:00","Action":"output","Package":"waiting-room/internal/installplan","Test":"TestDeterministicPlanAndOwnedSlices/repeat#46","Output":"=== PAUSE TestDeterministicPlanAndOwnedSlices/repeat#46\n"}
{"Time":"2026-09-05T23:35:29.755602+09:00","Action":"pause","Package":"waiting-room/internal/installplan","Test":"TestDeterministicPlanAndOwnedSlices/repeat#46"}
{"Time":"2026-09-05T23:35:29.755612+09:00","Action":"run","Package":"waiting-room/internal/installplan","Test":"TestDeterministicPlanAndOwnedSlices/repeat#47"}
{"Time":"2026-09-05T23:35:29.755614+09:00","Action":"output","Package":"waiting-room/internal/installplan","Test":"TestDeterministicPlanAndOwnedSlices/repeat#47","Output":"=== RUN   TestDeterministicPlanAndOwnedSlices/repeat#47\n"}
{"Time":"2026-09-05T23:35:29.755625+09:00","Action":"output","Package":"waiting-room/internal/installplan","Test":"TestDeterministicPlanAndOwnedSlices/repeat#47","Output":"=== PAUSE TestDeterministicPlanAndOwnedSlices/repeat#47\n"}
{"Time":"2026-09-05T23:35:29.755628+09:00","Action":"pause","Package":"waiting-room/internal/installplan","Test":"TestDeterministicPlanAndOwnedSlices/repeat#47"}
{"Time":"2026-09-05T23:35:29.755642+09:00","Action":"run","Package":"waiting-room/internal/installplan","Test":"TestDeterministicPlanAndOwnedSlices/repeat#48"}
{"Time":"2026-09-05T23:35:29.755644+09:00","Action":"output","Package":"waiting-room/internal/installplan","Test":"TestDeterministicPlanAndOwnedSlices/repeat#48","Output":"=== RUN   TestDeterministicPlanAndOwnedSlices/repeat#48\n"}
{"Time":"2026-09-05T23:35:29.755647+09:00","Action":"output","Package":"waiting-room/internal/installplan","Test":"TestDeterministicPlanAndOwnedSlices/repeat#48","Output":"=== PAUSE TestDeterministicPlanAndOwnedSlices/repeat#48\n"}
{"Time":"2026-09-05T23:35:29.755648+09:00","Action":"pause","Package":"waiting-room/internal/installplan","Test":"TestDeterministicPlanAndOwnedSlices/repeat#48"}
{"Time":"2026-09-05T23:35:29.755664+09:00","Action":"run","Package":"waiting-room/internal/installplan","Test":"TestDeterministicPlanAndOwnedSlices/repeat#49"}
{"Time":"2026-09-05T23:35:29.755667+09:00","Action":"output","Package":"waiting-room/internal/installplan","Test":"TestDeterministicPlanAndOwnedSlices/repeat#49","Output":"=== RUN   TestDeterministicPlanAndOwnedSlices/repeat#49\n"}
{"Time":"2026-09-05T23:35:29.75568+09:00","Action":"output","Package":"waiting-room/internal/installplan","Test":"TestDeterministicPlanAndOwnedSlices/repeat#49","Output":"=== PAUSE TestDeterministicPlanAndOwnedSlices/repeat#49\n"}
{"Time":"2026-09-05T23:35:29.755682+09:00","Action":"pause","Package":"waiting-room/internal/installplan","Test":"TestDeterministicPlanAndOwnedSlices/repeat#49"}
{"Time":"2026-09-05T23:35:29.755694+09:00","Action":"run","Package":"waiting-room/internal/installplan","Test":"TestDeterministicPlanAndOwnedSlices/repeat#50"}
{"Time":"2026-09-05T23:35:29.755696+09:00","Action":"output","Package":"waiting-room/internal/installplan","Test":"TestDeterministicPlanAndOwnedSlices/repeat#50","Output":"=== RUN   TestDeterministicPlanAndOwnedSlices/repeat#50\n"}
{"Time":"2026-09-05T23:35:29.755705+09:00","Action":"output","Package":"waiting-room/internal/installplan","Test":"TestDeterministicPlanAndOwnedSlices/repeat#50","Output":"=== PAUSE TestDeterministicPlanAndOwnedSlices/repeat#50\n"}
{"Time":"2026-09-05T23:35:29.755706+09:00","Action":"pause","Package":"waiting-room/internal/installplan","Test":"TestDeterministicPlanAndOwnedSlices/repeat#50"}
{"Time":"2026-09-05T23:35:29.755716+09:00","Action":"run","Package":"waiting-room/internal/installplan","Test":"TestDeterministicPlanAndOwnedSlices/repeat#51"}
{"Time":"2026-09-05T23:35:29.755718+09:00","Action":"output","Package":"waiting-room/internal/installplan","Test":"TestDeterministicPlanAndOwnedSlices/repeat#51","Output":"=== RUN   TestDeterministicPlanAndOwnedSlices/repeat#51\n"}
{"Time":"2026-09-05T23:35:29.755731+09:00","Action":"output","Package":"waiting-room/internal/installplan","Test":"TestDeterministicPlanAndOwnedSlices/repeat#51","Output":"=== PAUSE TestDeterministicPlanAndOwnedSlices/repeat#51\n"}
{"Time":"2026-09-05T23:35:29.755733+09:00","Action":"pause","Package":"waiting-room/internal/installplan","Test":"TestDeterministicPlanAndOwnedSlices/repeat#51"}
{"Time":"2026-09-05T23:35:29.755745+09:00","Action":"run","Package":"waiting-room/internal/installplan","Test":"TestDeterministicPlanAndOwnedSlices/repeat#52"}
{"Time":"2026-09-05T23:35:29.755747+09:00","Action":"output","Package":"waiting-room/internal/installplan","Test":"TestDeterministicPlanAndOwnedSlices/repeat#52","Output":"=== RUN   TestDeterministicPlanAndOwnedSlices/repeat#52\n"}
{"Time":"2026-09-05T23:35:29.755756+09:00","Action":"output","Package":"waiting-room/internal/installplan","Test":"TestDeterministicPlanAndOwnedSlices/repeat#52","Output":"=== PAUSE TestDeterministicPlanAndOwnedSlices/repeat#52\n"}
{"Time":"2026-09-05T23:35:29.755758+09:00","Action":"pause","Package":"waiting-room/internal/installplan","Test":"TestDeterministicPlanAndOwnedSlices/repeat#52"}
{"Time":"2026-09-05T23:35:29.755773+09:00","Action":"run","Package":"waiting-room/internal/installplan","Test":"TestDeterministicPlanAndOwnedSlices/repeat#53"}
{"Time":"2026-09-05T23:35:29.755778+09:00","Action":"output","Package":"waiting-room/internal/installplan","Test":"TestDeterministicPlanAndOwnedSlices/repeat#53","Output":"=== RUN   TestDeterministicPlanAndOwnedSlices/repeat#53\n"}
{"Time":"2026-09-05T23:35:29.755789+09:00","Action":"output","Package":"waiting-room/internal/installplan","Test":"TestDeterministicPlanAndOwnedSlices/repeat#53","Output":"=== PAUSE TestDeterministicPlanAndOwnedSlices/repeat#53\n"}
{"Time":"2026-09-05T23:35:29.755793+09:00","Action":"pause","Package":"waiting-room/internal/installplan","Test":"TestDeterministicPlanAndOwnedSlices/repeat#53"}
{"Time":"2026-09-05T23:35:29.755803+09:00","Action":"run","Package":"waiting-room/internal/installplan","Test":"TestDeterministicPlanAndOwnedSlices/repeat#54"}
{"Time":"2026-09-05T23:35:29.755806+09:00","Action":"output","Package":"waiting-room/internal/installplan","Test":"TestDeterministicPlanAndOwnedSlices/repeat#54","Output":"=== RUN   TestDeterministicPlanAndOwnedSlices/repeat#54\n"}
{"Time":"2026-09-05T23:35:29.755815+09:00","Action":"output","Package":"waiting-room/internal/installplan","Test":"TestDeterministicPlanAndOwnedSlices/repeat#54","Output":"=== PAUSE TestDeterministicPlanAndOwnedSlices/repeat#54\n"}
{"Time":"2026-09-05T23:35:29.755818+09:00","Action":"pause","Package":"waiting-room/internal/installplan","Test":"TestDeterministicPlanAndOwnedSlices/repeat#54"}
{"Time":"2026-09-05T23:35:29.755832+09:00","Action":"run","Package":"waiting-room/internal/installplan","Test":"TestDeterministicPlanAndOwnedSlices/repeat#55"}
{"Time":"2026-09-05T23:35:29.755834+09:00","Action":"output","Package":"waiting-room/internal/installplan","Test":"TestDeterministicPlanAndOwnedSlices/repeat#55","Output":"=== RUN   TestDeterministicPlanAndOwnedSlices/repeat#55\n"}
{"Time":"2026-09-05T23:35:29.755855+09:00","Action":"output","Package":"waiting-room/internal/installplan","Test":"TestDeterministicPlanAndOwnedSlices/repeat#55","Output":"=== PAUSE TestDeterministicPlanAndOwnedSlices/repeat#55\n"}
{"Time":"2026-09-05T23:35:29.755859+09:00","Action":"pause","Package":"waiting-room/internal/installplan","Test":"TestDeterministicPlanAndOwnedSlices/repeat#55"}
{"Time":"2026-09-05T23:35:29.755902+09:00","Action":"run","Package":"waiting-room/internal/installplan","Test":"TestDeterministicPlanAndOwnedSlices/repeat#56"}
{"Time":"2026-09-05T23:35:29.755905+09:00","Action":"output","Package":"waiting-room/internal/installplan","Test":"TestDeterministicPlanAndOwnedSlices/repeat#56","Output":"=== RUN   TestDeterministicPlanAndOwnedSlices/repeat#56\n"}
{"Time":"2026-09-05T23:35:29.755925+09:00","Action":"output","Package":"waiting-room/internal/installplan","Test":"TestDeterministicPlanAndOwnedSlices/repeat#56","Output":"=== PAUSE TestDeterministicPlanAndOwnedSlices/repeat#56\n"}
{"Time":"2026-09-05T23:35:29.755928+09:00","Action":"pause","Package":"waiting-room/internal/installplan","Test":"TestDeterministicPlanAndOwnedSlices/repeat#56"}
{"Time":"2026-09-05T23:35:29.755955+09:00","Action":"run","Package":"waiting-room/internal/installplan","Test":"TestDeterministicPlanAndOwnedSlices/repeat#57"}
{"Time":"2026-09-05T23:35:29.755958+09:00","Action":"output","Package":"waiting-room/internal/installplan","Test":"TestDeterministicPlanAndOwnedSlices/repeat#57","Output":"=== RUN   TestDeterministicPlanAndOwnedSlices/repeat#57\n"}
{"Time":"2026-09-05T23:35:29.755982+09:00","Action":"output","Package":"waiting-room/internal/installplan","Test":"TestDeterministicPlanAndOwnedSlices/repeat#57","Output":"=== PAUSE TestDeterministicPlanAndOwnedSlices/repeat#57\n"}
{"Time":"2026-09-05T23:35:29.755985+09:00","Action":"pause","Package":"waiting-room/internal/installplan","Test":"TestDeterministicPlanAndOwnedSlices/repeat#57"}
{"Time":"2026-09-05T23:35:29.756001+09:00","Action":"run","Package":"waiting-room/internal/installplan","Test":"TestDeterministicPlanAndOwnedSlices/repeat#58"}
{"Time":"2026-09-05T23:35:29.756005+09:00","Action":"output","Package":"waiting-room/internal/installplan","Test":"TestDeterministicPlanAndOwnedSlices/repeat#58","Output":"=== RUN   TestDeterministicPlanAndOwnedSlices/repeat#58\n"}
{"Time":"2026-09-05T23:35:29.756024+09:00","Action":"output","Package":"waiting-room/internal/installplan","Test":"TestDeterministicPlanAndOwnedSlices/repeat#58","Output":"=== PAUSE TestDeterministicPlanAndOwnedSlices/repeat#58\n"}
{"Time":"2026-09-05T23:35:29.756026+09:00","Action":"pause","Package":"waiting-room/internal/installplan","Test":"TestDeterministicPlanAndOwnedSlices/repeat#58"}
{"Time":"2026-09-05T23:35:29.756042+09:00","Action":"run","Package":"waiting-room/internal/installplan","Test":"TestDeterministicPlanAndOwnedSlices/repeat#59"}
{"Time":"2026-09-05T23:35:29.756045+09:00","Action":"output","Package":"waiting-room/internal/installplan","Test":"TestDeterministicPlanAndOwnedSlices/repeat#59","Output":"=== RUN   TestDeterministicPlanAndOwnedSlices/repeat#59\n"}
{"Time":"2026-09-05T23:35:29.756075+09:00","Action":"output","Package":"waiting-room/internal/installplan","Test":"TestDeterministicPlanAndOwnedSlices/repeat#59","Output":"=== PAUSE TestDeterministicPlanAndOwnedSlices/repeat#59\n"}
{"Time":"2026-09-05T23:35:29.756078+09:00","Action":"pause","Package":"waiting-room/internal/installplan","Test":"TestDeterministicPlanAndOwnedSlices/repeat#59"}
{"Time":"2026-09-05T23:35:29.756097+09:00","Action":"run","Package":"waiting-room/internal/installplan","Test":"TestDeterministicPlanAndOwnedSlices/repeat#60"}
{"Time":"2026-09-05T23:35:29.756101+09:00","Action":"output","Package":"waiting-room/internal/installplan","Test":"TestDeterministicPlanAndOwnedSlices/repeat#60","Output":"=== RUN   TestDeterministicPlanAndOwnedSlices/repeat#60\n"}
{"Time":"2026-09-05T23:35:29.756112+09:00","Action":"output","Package":"waiting-room/internal/installplan","Test":"TestDeterministicPlanAndOwnedSlices/repeat#60","Output":"=== PAUSE TestDeterministicPlanAndOwnedSlices/repeat#60\n"}
{"Time":"2026-09-05T23:35:29.756118+09:00","Action":"pause","Package":"waiting-room/internal/installplan","Test":"TestDeterministicPlanAndOwnedSlices/repeat#60"}
{"Time":"2026-09-05T23:35:29.756135+09:00","Action":"run","Package":"waiting-room/internal/installplan","Test":"TestDeterministicPlanAndOwnedSlices/repeat#61"}
{"Time":"2026-09-05T23:35:29.756139+09:00","Action":"output","Package":"waiting-room/internal/installplan","Test":"TestDeterministicPlanAndOwnedSlices/repeat#61","Output":"=== RUN   TestDeterministicPlanAndOwnedSlices/repeat#61\n"}
{"Time":"2026-09-05T23:35:29.756159+09:00","Action":"output","Package":"waiting-room/internal/installplan","Test":"TestDeterministicPlanAndOwnedSlices/repeat#61","Output":"=== PAUSE TestDeterministicPlanAndOwnedSlices/repeat#61\n"}
{"Time":"2026-09-05T23:35:29.756162+09:00","Action":"pause","Package":"waiting-room/internal/installplan","Test":"TestDeterministicPlanAndOwnedSlices/repeat#61"}
{"Time":"2026-09-05T23:35:29.756197+09:00","Action":"run","Package":"waiting-room/internal/installplan","Test":"TestDeterministicPlanAndOwnedSlices/repeat#62"}
{"Time":"2026-09-05T23:35:29.756204+09:00","Action":"output","Package":"waiting-room/internal/installplan","Test":"TestDeterministicPlanAndOwnedSlices/repeat#62","Output":"=== RUN   TestDeterministicPlanAndOwnedSlices/repeat#62\n"}
{"Time":"2026-09-05T23:35:29.756207+09:00","Action":"output","Package":"waiting-room/internal/installplan","Test":"TestDeterministicPlanAndOwnedSlices/repeat#62","Output":"=== PAUSE TestDeterministicPlanAndOwnedSlices/repeat#62\n"}
{"Time":"2026-09-05T23:35:29.75621+09:00","Action":"pause","Package":"waiting-room/internal/installplan","Test":"TestDeterministicPlanAndOwnedSlices/repeat#62"}
{"Time":"2026-09-05T23:35:29.756215+09:00","Action":"run","Package":"waiting-room/internal/installplan","Test":"TestDeterministicPlanAndOwnedSlices/repeat#63"}
{"Time":"2026-09-05T23:35:29.756219+09:00","Action":"output","Package":"waiting-room/internal/installplan","Test":"TestDeterministicPlanAndOwnedSlices/repeat#63","Output":"=== RUN   TestDeterministicPlanAndOwnedSlices/repeat#63\n"}
{"Time":"2026-09-05T23:35:29.756242+09:00","Action":"output","Package":"waiting-room/internal/installplan","Test":"TestDeterministicPlanAndOwnedSlices/repeat#63","Output":"=== PAUSE TestDeterministicPlanAndOwnedSlices/repeat#63\n"}
{"Time":"2026-09-05T23:35:29.756245+09:00","Action":"pause","Package":"waiting-room/internal/installplan","Test":"TestDeterministicPlanAndOwnedSlices/repeat#63"}
{"Time":"2026-09-05T23:35:29.756255+09:00","Action":"run","Package":"waiting-room/internal/installplan","Test":"TestDeterministicPlanAndOwnedSlices/repeat#64"}
{"Time":"2026-09-05T23:35:29.756258+09:00","Action":"output","Package":"waiting-room/internal/installplan","Test":"TestDeterministicPlanAndOwnedSlices/repeat#64","Output":"=== RUN   TestDeterministicPlanAndOwnedSlices/repeat#64\n"}
{"Time":"2026-09-05T23:35:29.756274+09:00","Action":"output","Package":"waiting-room/internal/installplan","Test":"TestDeterministicPlanAndOwnedSlices/repeat#64","Output":"=== PAUSE TestDeterministicPlanAndOwnedSlices/repeat#64\n"}
{"Time":"2026-09-05T23:35:29.756277+09:00","Action":"pause","Package":"waiting-room/internal/installplan","Test":"TestDeterministicPlanAndOwnedSlices/repeat#64"}
{"Time":"2026-09-05T23:35:29.756292+09:00","Action":"run","Package":"waiting-room/internal/installplan","Test":"TestDeterministicPlanAndOwnedSlices/repeat#65"}
{"Time":"2026-09-05T23:35:29.756296+09:00","Action":"output","Package":"waiting-room/internal/installplan","Test":"TestDeterministicPlanAndOwnedSlices/repeat#65","Output":"=== RUN   TestDeterministicPlanAndOwnedSlices/repeat#65\n"}
{"Time":"2026-09-05T23:35:29.756313+09:00","Action":"output","Package":"waiting-room/internal/installplan","Test":"TestDeterministicPlanAndOwnedSlices/repeat#65","Output":"=== PAUSE TestDeterministicPlanAndOwnedSlices/repeat#65\n"}
{"Time":"2026-09-05T23:35:29.756316+09:00","Action":"pause","Package":"waiting-room/internal/installplan","Test":"TestDeterministicPlanAndOwnedSlices/repeat#65"}
{"Time":"2026-09-05T23:35:29.756343+09:00","Action":"run","Package":"waiting-room/internal/installplan","Test":"TestDeterministicPlanAndOwnedSlices/repeat#66"}
{"Time":"2026-09-05T23:35:29.756346+09:00","Action":"output","Package":"waiting-room/internal/installplan","Test":"TestDeterministicPlanAndOwnedSlices/repeat#66","Output":"=== RUN   TestDeterministicPlanAndOwnedSlices/repeat#66\n"}
{"Time":"2026-09-05T23:35:29.756361+09:00","Action":"output","Package":"waiting-room/internal/installplan","Test":"TestDeterministicPlanAndOwnedSlices/repeat#66","Output":"=== PAUSE TestDeterministicPlanAndOwnedSlices/repeat#66\n"}
{"Time":"2026-09-05T23:35:29.756364+09:00","Action":"pause","Package":"waiting-room/internal/installplan","Test":"TestDeterministicPlanAndOwnedSlices/repeat#66"}
{"Time":"2026-09-05T23:35:29.756385+09:00","Action":"run","Package":"waiting-room/internal/installplan","Test":"TestDeterministicPlanAndOwnedSlices/repeat#67"}
{"Time":"2026-09-05T23:35:29.756389+09:00","Action":"output","Package":"waiting-room/internal/installplan","Test":"TestDeterministicPlanAndOwnedSlices/repeat#67","Output":"=== RUN   TestDeterministicPlanAndOwnedSlices/repeat#67\n"}
{"Time":"2026-09-05T23:35:29.756422+09:00","Action":"output","Package":"waiting-room/internal/installplan","Test":"TestDeterministicPlanAndOwnedSlices/repeat#67","Output":"=== PAUSE TestDeterministicPlanAndOwnedSlices/repeat#67\n"}
{"Time":"2026-09-05T23:35:29.756428+09:00","Action":"pause","Package":"waiting-room/internal/installplan","Test":"TestDeterministicPlanAndOwnedSlices/repeat#67"}
{"Time":"2026-09-05T23:35:29.756431+09:00","Action":"run","Package":"waiting-room/internal/installplan","Test":"TestDeterministicPlanAndOwnedSlices/repeat#68"}
{"Time":"2026-09-05T23:35:29.756432+09:00","Action":"output","Package":"waiting-room/internal/installplan","Test":"TestDeterministicPlanAndOwnedSlices/repeat#68","Output":"=== RUN   TestDeterministicPlanAndOwnedSlices/repeat#68\n"}
{"Time":"2026-09-05T23:35:29.756448+09:00","Action":"output","Package":"waiting-room/internal/installplan","Test":"TestDeterministicPlanAndOwnedSlices/repeat#68","Output":"=== PAUSE TestDeterministicPlanAndOwnedSlices/repeat#68\n"}
{"Time":"2026-09-05T23:35:29.75645+09:00","Action":"pause","Package":"waiting-room/internal/installplan","Test":"TestDeterministicPlanAndOwnedSlices/repeat#68"}
{"Time":"2026-09-05T23:35:29.756473+09:00","Action":"run","Package":"waiting-room/internal/installplan","Test":"TestDeterministicPlanAndOwnedSlices/repeat#69"}
{"Time":"2026-09-05T23:35:29.756476+09:00","Action":"output","Package":"waiting-room/internal/installplan","Test":"TestDeterministicPlanAndOwnedSlices/repeat#69","Output":"=== RUN   TestDeterministicPlanAndOwnedSlices/repeat#69\n"}
{"Time":"2026-09-05T23:35:29.756487+09:00","Action":"output","Package":"waiting-room/internal/installplan","Test":"TestDeterministicPlanAndOwnedSlices/repeat#69","Output":"=== PAUSE TestDeterministicPlanAndOwnedSlices/repeat#69\n"}
{"Time":"2026-09-05T23:35:29.756489+09:00","Action":"pause","Package":"waiting-room/internal/installplan","Test":"TestDeterministicPlanAndOwnedSlices/repeat#69"}
{"Time":"2026-09-05T23:35:29.756509+09:00","Action":"run","Package":"waiting-room/internal/installplan","Test":"TestDeterministicPlanAndOwnedSlices/repeat#70"}
{"Time":"2026-09-05T23:35:29.756512+09:00","Action":"output","Package":"waiting-room/internal/installplan","Test":"TestDeterministicPlanAndOwnedSlices/repeat#70","Output":"=== RUN   TestDeterministicPlanAndOwnedSlices/repeat#70\n"}
{"Time":"2026-09-05T23:35:29.756527+09:00","Action":"output","Package":"waiting-room/internal/installplan","Test":"TestDeterministicPlanAndOwnedSlices/repeat#70","Output":"=== PAUSE TestDeterministicPlanAndOwnedSlices/repeat#70\n"}
{"Time":"2026-09-05T23:35:29.756529+09:00","Action":"pause","Package":"waiting-room/internal/installplan","Test":"TestDeterministicPlanAndOwnedSlices/repeat#70"}
{"Time":"2026-09-05T23:35:29.75655+09:00","Action":"run","Package":"waiting-room/internal/installplan","Test":"TestDeterministicPlanAndOwnedSlices/repeat#71"}
{"Time":"2026-09-05T23:35:29.756552+09:00","Action":"output","Package":"waiting-room/internal/installplan","Test":"TestDeterministicPlanAndOwnedSlices/repeat#71","Output":"=== RUN   TestDeterministicPlanAndOwnedSlices/repeat#71\n"}
{"Time":"2026-09-05T23:35:29.756566+09:00","Action":"output","Package":"waiting-room/internal/installplan","Test":"TestDeterministicPlanAndOwnedSlices/repeat#71","Output":"=== PAUSE TestDeterministicPlanAndOwnedSlices/repeat#71\n"}
{"Time":"2026-09-05T23:35:29.756569+09:00","Action":"pause","Package":"waiting-room/internal/installplan","Test":"TestDeterministicPlanAndOwnedSlices/repeat#71"}
{"Time":"2026-09-05T23:35:29.756585+09:00","Action":"run","Package":"waiting-room/internal/installplan","Test":"TestDeterministicPlanAndOwnedSlices/repeat#72"}
{"Time":"2026-09-05T23:35:29.756587+09:00","Action":"output","Package":"waiting-room/internal/installplan","Test":"TestDeterministicPlanAndOwnedSlices/repeat#72","Output":"=== RUN   TestDeterministicPlanAndOwnedSlices/repeat#72\n"}
{"Time":"2026-09-05T23:35:29.756602+09:00","Action":"output","Package":"waiting-room/internal/installplan","Test":"TestDeterministicPlanAndOwnedSlices/repeat#72","Output":"=== PAUSE TestDeterministicPlanAndOwnedSlices/repeat#72\n"}
{"Time":"2026-09-05T23:35:29.756605+09:00","Action":"pause","Package":"waiting-room/internal/installplan","Test":"TestDeterministicPlanAndOwnedSlices/repeat#72"}
{"Time":"2026-09-05T23:35:29.756621+09:00","Action":"run","Package":"waiting-room/internal/installplan","Test":"TestDeterministicPlanAndOwnedSlices/repeat#73"}
{"Time":"2026-09-05T23:35:29.756623+09:00","Action":"output","Package":"waiting-room/internal/installplan","Test":"TestDeterministicPlanAndOwnedSlices/repeat#73","Output":"=== RUN   TestDeterministicPlanAndOwnedSlices/repeat#73\n"}
{"Time":"2026-09-05T23:35:29.756638+09:00","Action":"output","Package":"waiting-room/internal/installplan","Test":"TestDeterministicPlanAndOwnedSlices/repeat#73","Output":"=== PAUSE TestDeterministicPlanAndOwnedSlices/repeat#73\n"}
{"Time":"2026-09-05T23:35:29.756641+09:00","Action":"pause","Package":"waiting-room/internal/installplan","Test":"TestDeterministicPlanAndOwnedSlices/repeat#73"}
{"Time":"2026-09-05T23:35:29.756659+09:00","Action":"run","Package":"waiting-room/internal/installplan","Test":"TestDeterministicPlanAndOwnedSlices/repeat#74"}
{"Time":"2026-09-05T23:35:29.756663+09:00","Action":"output","Package":"waiting-room/internal/installplan","Test":"TestDeterministicPlanAndOwnedSlices/repeat#74","Output":"=== RUN   TestDeterministicPlanAndOwnedSlices/repeat#74\n"}
{"Time":"2026-09-05T23:35:29.756677+09:00","Action":"output","Package":"waiting-room/internal/installplan","Test":"TestDeterministicPlanAndOwnedSlices/repeat#74","Output":"=== PAUSE TestDeterministicPlanAndOwnedSlices/repeat#74\n"}
{"Time":"2026-09-05T23:35:29.756679+09:00","Action":"pause","Package":"waiting-room/internal/installplan","Test":"TestDeterministicPlanAndOwnedSlices/repeat#74"}
{"Time":"2026-09-05T23:35:29.756695+09:00","Action":"run","Package":"waiting-room/internal/installplan","Test":"TestDeterministicPlanAndOwnedSlices/repeat#75"}
{"Time":"2026-09-05T23:35:29.756697+09:00","Action":"output","Package":"waiting-room/internal/installplan","Test":"TestDeterministicPlanAndOwnedSlices/repeat#75","Output":"=== RUN   TestDeterministicPlanAndOwnedSlices/repeat#75\n"}
{"Time":"2026-09-05T23:35:29.756711+09:00","Action":"output","Package":"waiting-room/internal/installplan","Test":"TestDeterministicPlanAndOwnedSlices/repeat#75","Output":"=== PAUSE TestDeterministicPlanAndOwnedSlices/repeat#75\n"}
{"Time":"2026-09-05T23:35:29.756713+09:00","Action":"pause","Package":"waiting-room/internal/installplan","Test":"TestDeterministicPlanAndOwnedSlices/repeat#75"}
{"Time":"2026-09-05T23:35:29.756731+09:00","Action":"run","Package":"waiting-room/internal/installplan","Test":"TestDeterministicPlanAndOwnedSlices/repeat#76"}
{"Time":"2026-09-05T23:35:29.756734+09:00","Action":"output","Package":"waiting-room/internal/installplan","Test":"TestDeterministicPlanAndOwnedSlices/repeat#76","Output":"=== RUN   TestDeterministicPlanAndOwnedSlices/repeat#76\n"}
{"Time":"2026-09-05T23:35:29.756747+09:00","Action":"output","Package":"waiting-room/internal/installplan","Test":"TestDeterministicPlanAndOwnedSlices/repeat#76","Output":"=== PAUSE TestDeterministicPlanAndOwnedSlices/repeat#76\n"}
{"Time":"2026-09-05T23:35:29.756751+09:00","Action":"pause","Package":"waiting-room/internal/installplan","Test":"TestDeterministicPlanAndOwnedSlices/repeat#76"}
{"Time":"2026-09-05T23:35:29.756766+09:00","Action":"run","Package":"waiting-room/internal/installplan","Test":"TestDeterministicPlanAndOwnedSlices/repeat#77"}
{"Time":"2026-09-05T23:35:29.756768+09:00","Action":"output","Package":"waiting-room/internal/installplan","Test":"TestDeterministicPlanAndOwnedSlices/repeat#77","Output":"=== RUN   TestDeterministicPlanAndOwnedSlices/repeat#77\n"}
{"Time":"2026-09-05T23:35:29.756783+09:00","Action":"output","Package":"waiting-room/internal/installplan","Test":"TestDeterministicPlanAndOwnedSlices/repeat#77","Output":"=== PAUSE TestDeterministicPlanAndOwnedSlices/repeat#77\n"}
{"Time":"2026-09-05T23:35:29.756785+09:00","Action":"pause","Package":"waiting-room/internal/installplan","Test":"TestDeterministicPlanAndOwnedSlices/repeat#77"}
{"Time":"2026-09-05T23:35:29.756803+09:00","Action":"run","Package":"waiting-room/internal/installplan","Test":"TestDeterministicPlanAndOwnedSlices/repeat#78"}
{"Time":"2026-09-05T23:35:29.756806+09:00","Action":"output","Package":"waiting-room/internal/installplan","Test":"TestDeterministicPlanAndOwnedSlices/repeat#78","Output":"=== RUN   TestDeterministicPlanAndOwnedSlices/repeat#78\n"}
{"Time":"2026-09-05T23:35:29.756818+09:00","Action":"output","Package":"waiting-room/internal/installplan","Test":"TestDeterministicPlanAndOwnedSlices/repeat#78","Output":"=== PAUSE TestDeterministicPlanAndOwnedSlices/repeat#78\n"}
{"Time":"2026-09-05T23:35:29.756821+09:00","Action":"pause","Package":"waiting-room/internal/installplan","Test":"TestDeterministicPlanAndOwnedSlices/repeat#78"}
{"Time":"2026-09-05T23:35:29.756838+09:00","Action":"run","Package":"waiting-room/internal/installplan","Test":"TestDeterministicPlanAndOwnedSlices/repeat#79"}
{"Time":"2026-09-05T23:35:29.756843+09:00","Action":"output","Package":"waiting-room/internal/installplan","Test":"TestDeterministicPlanAndOwnedSlices/repeat#79","Output":"=== RUN   TestDeterministicPlanAndOwnedSlices/repeat#79\n"}
{"Time":"2026-09-05T23:35:29.756854+09:00","Action":"output","Package":"waiting-room/internal/installplan","Test":"TestDeterministicPlanAndOwnedSlices/repeat#79","Output":"=== PAUSE TestDeterministicPlanAndOwnedSlices/repeat#79\n"}
{"Time":"2026-09-05T23:35:29.756857+09:00","Action":"pause","Package":"waiting-room/internal/installplan","Test":"TestDeterministicPlanAndOwnedSlices/repeat#79"}
{"Time":"2026-09-05T23:35:29.756872+09:00","Action":"run","Package":"waiting-room/internal/installplan","Test":"TestDeterministicPlanAndOwnedSlices/repeat#80"}
{"Time":"2026-09-05T23:35:29.756874+09:00","Action":"output","Package":"waiting-room/internal/installplan","Test":"TestDeterministicPlanAndOwnedSlices/repeat#80","Output":"=== RUN   TestDeterministicPlanAndOwnedSlices/repeat#80\n"}
{"Time":"2026-09-05T23:35:29.756889+09:00","Action":"output","Package":"waiting-room/internal/installplan","Test":"TestDeterministicPlanAndOwnedSlices/repeat#80","Output":"=== PAUSE TestDeterministicPlanAndOwnedSlices/repeat#80\n"}
{"Time":"2026-09-05T23:35:29.756891+09:00","Action":"pause","Package":"waiting-room/internal/installplan","Test":"TestDeterministicPlanAndOwnedSlices/repeat#80"}
{"Time":"2026-09-05T23:35:29.756907+09:00","Action":"run","Package":"waiting-room/internal/installplan","Test":"TestDeterministicPlanAndOwnedSlices/repeat#81"}
{"Time":"2026-09-05T23:35:29.756911+09:00","Action":"output","Package":"waiting-room/internal/installplan","Test":"TestDeterministicPlanAndOwnedSlices/repeat#81","Output":"=== RUN   TestDeterministicPlanAndOwnedSlices/repeat#81\n"}
{"Time":"2026-09-05T23:35:29.756923+09:00","Action":"output","Package":"waiting-room/internal/installplan","Test":"TestDeterministicPlanAndOwnedSlices/repeat#81","Output":"=== PAUSE TestDeterministicPlanAndOwnedSlices/repeat#81\n"}
{"Time":"2026-09-05T23:35:29.756925+09:00","Action":"pause","Package":"waiting-room/internal/installplan","Test":"TestDeterministicPlanAndOwnedSlices/repeat#81"}
{"Time":"2026-09-05T23:35:29.756946+09:00","Action":"run","Package":"waiting-room/internal/installplan","Test":"TestDeterministicPlanAndOwnedSlices/repeat#82"}
{"Time":"2026-09-05T23:35:29.756948+09:00","Action":"output","Package":"waiting-room/internal/installplan","Test":"TestDeterministicPlanAndOwnedSlices/repeat#82","Output":"=== RUN   TestDeterministicPlanAndOwnedSlices/repeat#82\n"}
{"Time":"2026-09-05T23:35:29.756963+09:00","Action":"output","Package":"waiting-room/internal/installplan","Test":"TestDeterministicPlanAndOwnedSlices/repeat#82","Output":"=== PAUSE TestDeterministicPlanAndOwnedSlices/repeat#82\n"}
{"Time":"2026-09-05T23:35:29.756966+09:00","Action":"pause","Package":"waiting-room/internal/installplan","Test":"TestDeterministicPlanAndOwnedSlices/repeat#82"}
{"Time":"2026-09-05T23:35:29.756985+09:00","Action":"run","Package":"waiting-room/internal/installplan","Test":"TestDeterministicPlanAndOwnedSlices/repeat#83"}
{"Time":"2026-09-05T23:35:29.756987+09:00","Action":"output","Package":"waiting-room/internal/installplan","Test":"TestDeterministicPlanAndOwnedSlices/repeat#83","Output":"=== RUN   TestDeterministicPlanAndOwnedSlices/repeat#83\n"}
{"Time":"2026-09-05T23:35:29.756999+09:00","Action":"output","Package":"waiting-room/internal/installplan","Test":"TestDeterministicPlanAndOwnedSlices/repeat#83","Output":"=== PAUSE TestDeterministicPlanAndOwnedSlices/repeat#83\n"}
{"Time":"2026-09-05T23:35:29.757002+09:00","Action":"pause","Package":"waiting-room/internal/installplan","Test":"TestDeterministicPlanAndOwnedSlices/repeat#83"}
{"Time":"2026-09-05T23:35:29.757019+09:00","Action":"run","Package":"waiting-room/internal/installplan","Test":"TestDeterministicPlanAndOwnedSlices/repeat#84"}
{"Time":"2026-09-05T23:35:29.757021+09:00","Action":"output","Package":"waiting-room/internal/installplan","Test":"TestDeterministicPlanAndOwnedSlices/repeat#84","Output":"=== RUN   TestDeterministicPlanAndOwnedSlices/repeat#84\n"}
{"Time":"2026-09-05T23:35:29.757042+09:00","Action":"output","Package":"waiting-room/internal/installplan","Test":"TestDeterministicPlanAndOwnedSlices/repeat#84","Output":"=== PAUSE TestDeterministicPlanAndOwnedSlices/repeat#84\n"}
{"Time":"2026-09-05T23:35:29.757045+09:00","Action":"pause","Package":"waiting-room/internal/installplan","Test":"TestDeterministicPlanAndOwnedSlices/repeat#84"}
{"Time":"2026-09-05T23:35:29.757049+09:00","Action":"run","Package":"waiting-room/internal/installplan","Test":"TestDeterministicPlanAndOwnedSlices/repeat#85"}
{"Time":"2026-09-05T23:35:29.757052+09:00","Action":"output","Package":"waiting-room/internal/installplan","Test":"TestDeterministicPlanAndOwnedSlices/repeat#85","Output":"=== RUN   TestDeterministicPlanAndOwnedSlices/repeat#85\n"}
{"Time":"2026-09-05T23:35:29.757075+09:00","Action":"output","Package":"waiting-room/internal/installplan","Test":"TestDeterministicPlanAndOwnedSlices/repeat#85","Output":"=== PAUSE TestDeterministicPlanAndOwnedSlices/repeat#85\n"}
{"Time":"2026-09-05T23:35:29.757078+09:00","Action":"pause","Package":"waiting-room/internal/installplan","Test":"TestDeterministicPlanAndOwnedSlices/repeat#85"}
{"Time":"2026-09-05T23:35:29.757091+09:00","Action":"run","Package":"waiting-room/internal/installplan","Test":"TestDeterministicPlanAndOwnedSlices/repeat#86"}
{"Time":"2026-09-05T23:35:29.757094+09:00","Action":"output","Package":"waiting-room/internal/installplan","Test":"TestDeterministicPlanAndOwnedSlices/repeat#86","Output":"=== RUN   TestDeterministicPlanAndOwnedSlices/repeat#86\n"}
{"Time":"2026-09-05T23:35:29.757108+09:00","Action":"output","Package":"waiting-room/internal/installplan","Test":"TestDeterministicPlanAndOwnedSlices/repeat#86","Output":"=== PAUSE TestDeterministicPlanAndOwnedSlices/repeat#86\n"}
{"Time":"2026-09-05T23:35:29.75711+09:00","Action":"pause","Package":"waiting-room/internal/installplan","Test":"TestDeterministicPlanAndOwnedSlices/repeat#86"}
{"Time":"2026-09-05T23:35:29.757131+09:00","Action":"run","Package":"waiting-room/internal/installplan","Test":"TestDeterministicPlanAndOwnedSlices/repeat#87"}
{"Time":"2026-09-05T23:35:29.757133+09:00","Action":"output","Package":"waiting-room/internal/installplan","Test":"TestDeterministicPlanAndOwnedSlices/repeat#87","Output":"=== RUN   TestDeterministicPlanAndOwnedSlices/repeat#87\n"}
{"Time":"2026-09-05T23:35:29.757136+09:00","Action":"output","Package":"waiting-room/internal/installplan","Test":"TestDeterministicPlanAndOwnedSlices/repeat#87","Output":"=== PAUSE TestDeterministicPlanAndOwnedSlices/repeat#87\n"}
{"Time":"2026-09-05T23:35:29.757137+09:00","Action":"pause","Package":"waiting-room/internal/installplan","Test":"TestDeterministicPlanAndOwnedSlices/repeat#87"}
{"Time":"2026-09-05T23:35:29.757159+09:00","Action":"run","Package":"waiting-room/internal/installplan","Test":"TestDeterministicPlanAndOwnedSlices/repeat#88"}
{"Time":"2026-09-05T23:35:29.757162+09:00","Action":"output","Package":"waiting-room/internal/installplan","Test":"TestDeterministicPlanAndOwnedSlices/repeat#88","Output":"=== RUN   TestDeterministicPlanAndOwnedSlices/repeat#88\n"}
{"Time":"2026-09-05T23:35:29.757176+09:00","Action":"output","Package":"waiting-room/internal/installplan","Test":"TestDeterministicPlanAndOwnedSlices/repeat#88","Output":"=== PAUSE TestDeterministicPlanAndOwnedSlices/repeat#88\n"}
{"Time":"2026-09-05T23:35:29.757178+09:00","Action":"pause","Package":"waiting-room/internal/installplan","Test":"TestDeterministicPlanAndOwnedSlices/repeat#88"}
{"Time":"2026-09-05T23:35:29.757199+09:00","Action":"run","Package":"waiting-room/internal/installplan","Test":"TestDeterministicPlanAndOwnedSlices/repeat#89"}
{"Time":"2026-09-05T23:35:29.757202+09:00","Action":"output","Package":"waiting-room/internal/installplan","Test":"TestDeterministicPlanAndOwnedSlices/repeat#89","Output":"=== RUN   TestDeterministicPlanAndOwnedSlices/repeat#89\n"}
{"Time":"2026-09-05T23:35:29.757216+09:00","Action":"output","Package":"waiting-room/internal/installplan","Test":"TestDeterministicPlanAndOwnedSlices/repeat#89","Output":"=== PAUSE TestDeterministicPlanAndOwnedSlices/repeat#89\n"}
{"Time":"2026-09-05T23:35:29.757218+09:00","Action":"pause","Package":"waiting-room/internal/installplan","Test":"TestDeterministicPlanAndOwnedSlices/repeat#89"}
{"Time":"2026-09-05T23:35:29.757241+09:00","Action":"run","Package":"waiting-room/internal/installplan","Test":"TestDeterministicPlanAndOwnedSlices/repeat#90"}
{"Time":"2026-09-05T23:35:29.757244+09:00","Action":"output","Package":"waiting-room/internal/installplan","Test":"TestDeterministicPlanAndOwnedSlices/repeat#90","Output":"=== RUN   TestDeterministicPlanAndOwnedSlices/repeat#90\n"}
{"Time":"2026-09-05T23:35:29.757259+09:00","Action":"output","Package":"waiting-room/internal/installplan","Test":"TestDeterministicPlanAndOwnedSlices/repeat#90","Output":"=== PAUSE TestDeterministicPlanAndOwnedSlices/repeat#90\n"}
{"Time":"2026-09-05T23:35:29.757261+09:00","Action":"pause","Package":"waiting-room/internal/installplan","Test":"TestDeterministicPlanAndOwnedSlices/repeat#90"}
{"Time":"2026-09-05T23:35:29.757278+09:00","Action":"run","Package":"waiting-room/internal/installplan","Test":"TestDeterministicPlanAndOwnedSlices/repeat#91"}
{"Time":"2026-09-05T23:35:29.75728+09:00","Action":"output","Package":"waiting-room/internal/installplan","Test":"TestDeterministicPlanAndOwnedSlices/repeat#91","Output":"=== RUN   TestDeterministicPlanAndOwnedSlices/repeat#91\n"}
{"Time":"2026-09-05T23:35:29.757296+09:00","Action":"output","Package":"waiting-room/internal/installplan","Test":"TestDeterministicPlanAndOwnedSlices/repeat#91","Output":"=== PAUSE TestDeterministicPlanAndOwnedSlices/repeat#91\n"}
{"Time":"2026-09-05T23:35:29.757298+09:00","Action":"pause","Package":"waiting-room/internal/installplan","Test":"TestDeterministicPlanAndOwnedSlices/repeat#91"}
{"Time":"2026-09-05T23:35:29.757315+09:00","Action":"run","Package":"waiting-room/internal/installplan","Test":"TestDeterministicPlanAndOwnedSlices/repeat#92"}
{"Time":"2026-09-05T23:35:29.757317+09:00","Action":"output","Package":"waiting-room/internal/installplan","Test":"TestDeterministicPlanAndOwnedSlices/repeat#92","Output":"=== RUN   TestDeterministicPlanAndOwnedSlices/repeat#92\n"}
{"Time":"2026-09-05T23:35:29.757334+09:00","Action":"output","Package":"waiting-room/internal/installplan","Test":"TestDeterministicPlanAndOwnedSlices/repeat#92","Output":"=== PAUSE TestDeterministicPlanAndOwnedSlices/repeat#92\n"}
{"Time":"2026-09-05T23:35:29.757336+09:00","Action":"pause","Package":"waiting-room/internal/installplan","Test":"TestDeterministicPlanAndOwnedSlices/repeat#92"}
{"Time":"2026-09-05T23:35:29.757359+09:00","Action":"run","Package":"waiting-room/internal/installplan","Test":"TestDeterministicPlanAndOwnedSlices/repeat#93"}
{"Time":"2026-09-05T23:35:29.757361+09:00","Action":"output","Package":"waiting-room/internal/installplan","Test":"TestDeterministicPlanAndOwnedSlices/repeat#93","Output":"=== RUN   TestDeterministicPlanAndOwnedSlices/repeat#93\n"}
{"Time":"2026-09-05T23:35:29.757365+09:00","Action":"output","Package":"waiting-room/internal/installplan","Test":"TestDeterministicPlanAndOwnedSlices/repeat#93","Output":"=== PAUSE TestDeterministicPlanAndOwnedSlices/repeat#93\n"}
{"Time":"2026-09-05T23:35:29.757366+09:00","Action":"pause","Package":"waiting-room/internal/installplan","Test":"TestDeterministicPlanAndOwnedSlices/repeat#93"}
{"Time":"2026-09-05T23:35:29.75739+09:00","Action":"run","Package":"waiting-room/internal/installplan","Test":"TestDeterministicPlanAndOwnedSlices/repeat#94"}
{"Time":"2026-09-05T23:35:29.757393+09:00","Action":"output","Package":"waiting-room/internal/installplan","Test":"TestDeterministicPlanAndOwnedSlices/repeat#94","Output":"=== RUN   TestDeterministicPlanAndOwnedSlices/repeat#94\n"}
{"Time":"2026-09-05T23:35:29.757409+09:00","Action":"output","Package":"waiting-room/internal/installplan","Test":"TestDeterministicPlanAndOwnedSlices/repeat#94","Output":"=== PAUSE TestDeterministicPlanAndOwnedSlices/repeat#94\n"}
{"Time":"2026-09-05T23:35:29.757411+09:00","Action":"pause","Package":"waiting-room/internal/installplan","Test":"TestDeterministicPlanAndOwnedSlices/repeat#94"}
{"Time":"2026-09-05T23:35:29.757426+09:00","Action":"run","Package":"waiting-room/internal/installplan","Test":"TestDeterministicPlanAndOwnedSlices/repeat#95"}
{"Time":"2026-09-05T23:35:29.757428+09:00","Action":"output","Package":"waiting-room/internal/installplan","Test":"TestDeterministicPlanAndOwnedSlices/repeat#95","Output":"=== RUN   TestDeterministicPlanAndOwnedSlices/repeat#95\n"}
{"Time":"2026-09-05T23:35:29.757444+09:00","Action":"output","Package":"waiting-room/internal/installplan","Test":"TestDeterministicPlanAndOwnedSlices/repeat#95","Output":"=== PAUSE TestDeterministicPlanAndOwnedSlices/repeat#95\n"}
{"Time":"2026-09-05T23:35:29.757447+09:00","Action":"pause","Package":"waiting-room/internal/installplan","Test":"TestDeterministicPlanAndOwnedSlices/repeat#95"}
{"Time":"2026-09-05T23:35:29.757466+09:00","Action":"run","Package":"waiting-room/internal/installplan","Test":"TestDeterministicPlanAndOwnedSlices/repeat#96"}
{"Time":"2026-09-05T23:35:29.757469+09:00","Action":"output","Package":"waiting-room/internal/installplan","Test":"TestDeterministicPlanAndOwnedSlices/repeat#96","Output":"=== RUN   TestDeterministicPlanAndOwnedSlices/repeat#96\n"}
{"Time":"2026-09-05T23:35:29.757484+09:00","Action":"output","Package":"waiting-room/internal/installplan","Test":"TestDeterministicPlanAndOwnedSlices/repeat#96","Output":"=== PAUSE TestDeterministicPlanAndOwnedSlices/repeat#96\n"}
{"Time":"2026-09-05T23:35:29.757486+09:00","Action":"pause","Package":"waiting-room/internal/installplan","Test":"TestDeterministicPlanAndOwnedSlices/repeat#96"}
{"Time":"2026-09-05T23:35:29.757503+09:00","Action":"run","Package":"waiting-room/internal/installplan","Test":"TestDeterministicPlanAndOwnedSlices/repeat#97"}
{"Time":"2026-09-05T23:35:29.757506+09:00","Action":"output","Package":"waiting-room/internal/installplan","Test":"TestDeterministicPlanAndOwnedSlices/repeat#97","Output":"=== RUN   TestDeterministicPlanAndOwnedSlices/repeat#97\n"}
{"Time":"2026-09-05T23:35:29.757523+09:00","Action":"output","Package":"waiting-room/internal/installplan","Test":"TestDeterministicPlanAndOwnedSlices/repeat#97","Output":"=== PAUSE TestDeterministicPlanAndOwnedSlices/repeat#97\n"}
{"Time":"2026-09-05T23:35:29.757525+09:00","Action":"pause","Package":"waiting-room/internal/installplan","Test":"TestDeterministicPlanAndOwnedSlices/repeat#97"}
{"Time":"2026-09-05T23:35:29.75754+09:00","Action":"run","Package":"waiting-room/internal/installplan","Test":"TestDeterministicPlanAndOwnedSlices/repeat#98"}
{"Time":"2026-09-05T23:35:29.757543+09:00","Action":"output","Package":"waiting-room/internal/installplan","Test":"TestDeterministicPlanAndOwnedSlices/repeat#98","Output":"=== RUN   TestDeterministicPlanAndOwnedSlices/repeat#98\n"}
{"Time":"2026-09-05T23:35:29.757557+09:00","Action":"output","Package":"waiting-room/internal/installplan","Test":"TestDeterministicPlanAndOwnedSlices/repeat#98","Output":"=== PAUSE TestDeterministicPlanAndOwnedSlices/repeat#98\n"}
{"Time":"2026-09-05T23:35:29.75756+09:00","Action":"pause","Package":"waiting-room/internal/installplan","Test":"TestDeterministicPlanAndOwnedSlices/repeat#98"}
{"Time":"2026-09-05T23:35:29.757578+09:00","Action":"run","Package":"waiting-room/internal/installplan","Test":"TestDeterministicPlanAndOwnedSlices/repeat#99"}
{"Time":"2026-09-05T23:35:29.757584+09:00","Action":"output","Package":"waiting-room/internal/installplan","Test":"TestDeterministicPlanAndOwnedSlices/repeat#99","Output":"=== RUN   TestDeterministicPlanAndOwnedSlices/repeat#99\n"}
{"Time":"2026-09-05T23:35:29.757588+09:00","Action":"output","Package":"waiting-room/internal/installplan","Test":"TestDeterministicPlanAndOwnedSlices/repeat#99","Output":"=== PAUSE TestDeterministicPlanAndOwnedSlices/repeat#99\n"}
{"Time":"2026-09-05T23:35:29.757589+09:00","Action":"pause","Package":"waiting-room/internal/installplan","Test":"TestDeterministicPlanAndOwnedSlices/repeat#99"}
{"Time":"2026-09-05T23:35:29.757624+09:00","Action":"cont","Package":"waiting-room/internal/installplan","Test":"TestDeterministicPlanAndOwnedSlices/repeat#01"}
{"Time":"2026-09-05T23:35:29.757627+09:00","Action":"output","Package":"waiting-room/internal/installplan","Test":"TestDeterministicPlanAndOwnedSlices/repeat#01","Output":"=== CONT  TestDeterministicPlanAndOwnedSlices/repeat#01\n"}
{"Time":"2026-09-05T23:35:29.757635+09:00","Action":"cont","Package":"waiting-room/internal/installplan","Test":"TestDeterministicPlanAndOwnedSlices/repeat#50"}
{"Time":"2026-09-05T23:35:29.757638+09:00","Action":"output","Package":"waiting-room/internal/installplan","Test":"TestDeterministicPlanAndOwnedSlices/repeat#50","Output":"=== CONT  TestDeterministicPlanAndOwnedSlices/repeat#50\n"}
{"Time":"2026-09-05T23:35:29.757659+09:00","Action":"cont","Package":"waiting-room/internal/installplan","Test":"TestDeterministicPlanAndOwnedSlices/repeat#25"}
{"Time":"2026-09-05T23:35:29.757664+09:00","Action":"output","Package":"waiting-room/internal/installplan","Test":"TestDeterministicPlanAndOwnedSlices/repeat#25","Output":"=== CONT  TestDeterministicPlanAndOwnedSlices/repeat#25\n"}
{"Time":"2026-09-05T23:35:29.757666+09:00","Action":"cont","Package":"waiting-room/internal/installplan","Test":"TestDeterministicPlanAndOwnedSlices/repeat#43"}
{"Time":"2026-09-05T23:35:29.757674+09:00","Action":"output","Package":"waiting-room/internal/installplan","Test":"TestDeterministicPlanAndOwnedSlices/repeat#43","Output":"=== CONT  TestDeterministicPlanAndOwnedSlices/repeat#43\n"}
{"Time":"2026-09-05T23:35:29.757776+09:00","Action":"cont","Package":"waiting-room/internal/installplan","Test":"TestDeterministicPlanAndOwnedSlices/repeat#45"}
{"Time":"2026-09-05T23:35:29.757781+09:00","Action":"output","Package":"waiting-room/internal/installplan","Test":"TestDeterministicPlanAndOwnedSlices/repeat#45","Output":"=== CONT  TestDeterministicPlanAndOwnedSlices/repeat#45\n"}
{"Time":"2026-09-05T23:35:29.757783+09:00","Action":"cont","Package":"waiting-room/internal/installplan","Test":"TestDeterministicPlanAndOwnedSlices/repeat#48"}
{"Time":"2026-09-05T23:35:29.757784+09:00","Action":"output","Package":"waiting-room/internal/installplan","Test":"TestDeterministicPlanAndOwnedSlices/repeat#48","Output":"=== CONT  TestDeterministicPlanAndOwnedSlices/repeat#48\n"}
{"Time":"2026-09-05T23:35:29.757786+09:00","Action":"cont","Package":"waiting-room/internal/installplan","Test":"TestDeterministicPlanAndOwnedSlices/repeat#49"}
{"Time":"2026-09-05T23:35:29.757787+09:00","Action":"output","Package":"waiting-room/internal/installplan","Test":"TestDeterministicPlanAndOwnedSlices/repeat#49","Output":"=== CONT  TestDeterministicPlanAndOwnedSlices/repeat#49\n"}
{"Time":"2026-09-05T23:35:29.75782+09:00","Action":"cont","Package":"waiting-room/internal/installplan","Test":"TestDeterministicPlanAndOwnedSlices/repeat#46"}
{"Time":"2026-09-05T23:35:29.757824+09:00","Action":"output","Package":"waiting-room/internal/installplan","Test":"TestDeterministicPlanAndOwnedSlices/repeat#46","Output":"=== CONT  TestDeterministicPlanAndOwnedSlices/repeat#46\n"}
{"Time":"2026-09-05T23:35:29.757826+09:00","Action":"cont","Package":"waiting-room/internal/installplan","Test":"TestDeterministicPlanAndOwnedSlices/repeat#44"}
{"Time":"2026-09-05T23:35:29.757827+09:00","Action":"output","Package":"waiting-room/internal/installplan","Test":"TestDeterministicPlanAndOwnedSlices/repeat#44","Output":"=== CONT  TestDeterministicPlanAndOwnedSlices/repeat#44\n"}
{"Time":"2026-09-05T23:35:29.757828+09:00","Action":"cont","Package":"waiting-room/internal/installplan","Test":"TestDeterministicPlanAndOwnedSlices/repeat#47"}
{"Time":"2026-09-05T23:35:29.75783+09:00","Action":"output","Package":"waiting-room/internal/installplan","Test":"TestDeterministicPlanAndOwnedSlices/repeat#47","Output":"=== CONT  TestDeterministicPlanAndOwnedSlices/repeat#47\n"}
{"Time":"2026-09-05T23:35:29.757872+09:00","Action":"cont","Package":"waiting-room/internal/installplan","Test":"TestDeterministicPlanAndOwnedSlices/repeat#12"}
{"Time":"2026-09-05T23:35:29.757899+09:00","Action":"output","Package":"waiting-room/internal/installplan","Test":"TestDeterministicPlanAndOwnedSlices/repeat#12","Output":"=== CONT  TestDeterministicPlanAndOwnedSlices/repeat#12\n"}
{"Time":"2026-09-05T23:35:29.757912+09:00","Action":"output","Package":"waiting-room/internal/installplan","Test":"TestDeterministicPlanAndOwnedSlices/repeat#01","Output":"--- PASS: TestDeterministicPlanAndOwnedSlices/repeat#01 (0.00s)\n"}
{"Time":"2026-09-05T23:35:29.757936+09:00","Action":"pass","Package":"waiting-room/internal/installplan","Test":"TestDeterministicPlanAndOwnedSlices/repeat#01","Elapsed":0}
{"Time":"2026-09-05T23:35:29.757938+09:00","Action":"cont","Package":"waiting-room/internal/installplan","Test":"TestDeterministicPlanAndOwnedSlices/repeat#21"}
{"Time":"2026-09-05T23:35:29.757939+09:00","Action":"output","Package":"waiting-room/internal/installplan","Test":"TestDeterministicPlanAndOwnedSlices/repeat#21","Output":"=== CONT  TestDeterministicPlanAndOwnedSlices/repeat#21\n"}
{"Time":"2026-09-05T23:35:29.75794+09:00","Action":"cont","Package":"waiting-room/internal/installplan","Test":"TestDeterministicPlanAndOwnedSlices/repeat#40"}
{"Time":"2026-09-05T23:35:29.757941+09:00","Action":"output","Package":"waiting-room/internal/installplan","Test":"TestDeterministicPlanAndOwnedSlices/repeat#40","Output":"=== CONT  TestDeterministicPlanAndOwnedSlices/repeat#40\n"}
{"Time":"2026-09-05T23:35:29.757972+09:00","Action":"cont","Package":"waiting-room/internal/installplan","Test":"TestDeterministicPlanAndOwnedSlices/repeat#37"}
{"Time":"2026-09-05T23:35:29.757978+09:00","Action":"output","Package":"waiting-room/internal/installplan","Test":"TestDeterministicPlanAndOwnedSlices/repeat#37","Output":"=== CONT  TestDeterministicPlanAndOwnedSlices/repeat#37\n"}
{"Time":"2026-09-05T23:35:29.75798+09:00","Action":"cont","Package":"waiting-room/internal/installplan","Test":"TestDeterministicPlanAndOwnedSlices/repeat#22"}
{"Time":"2026-09-05T23:35:29.757981+09:00","Action":"output","Package":"waiting-room/internal/installplan","Test":"TestDeterministicPlanAndOwnedSlices/repeat#22","Output":"=== CONT  TestDeterministicPlanAndOwnedSlices/repeat#22\n"}
{"Time":"2026-09-05T23:35:29.758031+09:00","Action":"cont","Package":"waiting-room/internal/installplan","Test":"TestDeterministicPlanAndOwnedSlices/repeat#18"}
{"Time":"2026-09-05T23:35:29.758035+09:00","Action":"output","Package":"waiting-room/internal/installplan","Test":"TestDeterministicPlanAndOwnedSlices/repeat#18","Output":"=== CONT  TestDeterministicPlanAndOwnedSlices/repeat#18\n"}
{"Time":"2026-09-05T23:35:29.758073+09:00","Action":"output","Package":"waiting-room/internal/installplan","Test":"TestDeterministicPlanAndOwnedSlices/repeat#50","Output":"--- PASS: TestDeterministicPlanAndOwnedSlices/repeat#50 (0.00s)\n"}
{"Time":"2026-09-05T23:35:29.758086+09:00","Action":"pass","Package":"waiting-room/internal/installplan","Test":"TestDeterministicPlanAndOwnedSlices/repeat#50","Elapsed":0}
{"Time":"2026-09-05T23:35:29.758092+09:00","Action":"output","Package":"waiting-room/internal/installplan","Test":"TestDeterministicPlanAndOwnedSlices/repeat#43","Output":"--- PASS: TestDeterministicPlanAndOwnedSlices/repeat#43 (0.00s)\n"}
{"Time":"2026-09-05T23:35:29.758096+09:00","Action":"pass","Package":"waiting-room/internal/installplan","Test":"TestDeterministicPlanAndOwnedSlices/repeat#43","Elapsed":0}
{"Time":"2026-09-05T23:35:29.758099+09:00","Action":"cont","Package":"waiting-room/internal/installplan","Test":"TestDeterministicPlanAndOwnedSlices/repeat#24"}
{"Time":"2026-09-05T23:35:29.758102+09:00","Action":"output","Package":"waiting-room/internal/installplan","Test":"TestDeterministicPlanAndOwnedSlices/repeat#24","Output":"=== CONT  TestDeterministicPlanAndOwnedSlices/repeat#24\n"}
{"Time":"2026-09-05T23:35:29.758106+09:00","Action":"output","Package":"waiting-room/internal/installplan","Test":"TestDeterministicPlanAndOwnedSlices/repeat#47","Output":"--- PASS: TestDeterministicPlanAndOwnedSlices/repeat#47 (0.00s)\n"}
{"Time":"2026-09-05T23:35:29.75811+09:00","Action":"pass","Package":"waiting-room/internal/installplan","Test":"TestDeterministicPlanAndOwnedSlices/repeat#47","Elapsed":0}
{"Time":"2026-09-05T23:35:29.758112+09:00","Action":"cont","Package":"waiting-room/internal/installplan","Test":"TestDeterministicPlanAndOwnedSlices/repeat#34"}
{"Time":"2026-09-05T23:35:29.758115+09:00","Action":"output","Package":"waiting-room/internal/installplan","Test":"TestDeterministicPlanAndOwnedSlices/repeat#34","Output":"=== CONT  TestDeterministicPlanAndOwnedSlices/repeat#34\n"}
{"Time":"2026-09-05T23:35:29.758121+09:00","Action":"cont","Package":"waiting-room/internal/installplan","Test":"TestDeterministicPlanAndOwnedSlices/repeat#20"}
{"Time":"2026-09-05T23:35:29.758126+09:00","Action":"output","Package":"waiting-room/internal/installplan","Test":"TestDeterministicPlanAndOwnedSlices/repeat#20","Output":"=== CONT  TestDeterministicPlanAndOwnedSlices/repeat#20\n"}
{"Time":"2026-09-05T23:35:29.758394+09:00","Action":"cont","Package":"waiting-room/internal/installplan","Test":"TestDeterministicPlanAndOwnedSlices/repeat#23"}
{"Time":"2026-09-05T23:35:29.758397+09:00","Action":"output","Package":"waiting-room/internal/installplan","Test":"TestDeterministicPlanAndOwnedSlices/repeat#23","Output":"=== CONT  TestDeterministicPlanAndOwnedSlices/repeat#23\n"}
{"Time":"2026-09-05T23:35:29.75849+09:00","Action":"cont","Package":"waiting-room/internal/installplan","Test":"TestDeterministicPlanAndOwnedSlices/repeat#41"}
{"Time":"2026-09-05T23:35:29.758494+09:00","Action":"output","Package":"waiting-room/internal/installplan","Test":"TestDeterministicPlanAndOwnedSlices/repeat#41","Output":"=== CONT  TestDeterministicPlanAndOwnedSlices/repeat#41\n"}
{"Time":"2026-09-05T23:35:29.758508+09:00","Action":"cont","Package":"waiting-room/internal/installplan","Test":"TestDeterministicPlanAndOwnedSlices/repeat#19"}
{"Time":"2026-09-05T23:35:29.758513+09:00","Action":"output","Package":"waiting-room/internal/installplan","Test":"TestDeterministicPlanAndOwnedSlices/repeat#19","Output":"=== CONT  TestDeterministicPlanAndOwnedSlices/repeat#19\n"}
{"Time":"2026-09-05T23:35:29.758965+09:00","Action":"cont","Package":"waiting-room/internal/installplan","Test":"TestDeterministicPlanAndOwnedSlices/repeat#35"}
{"Time":"2026-09-05T23:35:29.758971+09:00","Action":"output","Package":"waiting-room/internal/installplan","Test":"TestDeterministicPlanAndOwnedSlices/repeat#35","Output":"=== CONT  TestDeterministicPlanAndOwnedSlices/repeat#35\n"}
{"Time":"2026-09-05T23:35:29.758972+09:00","Action":"cont","Package":"waiting-room/internal/installplan","Test":"TestDeterministicPlanAndOwnedSlices/repeat#03"}
{"Time":"2026-09-05T23:35:29.758973+09:00","Action":"output","Package":"waiting-room/internal/installplan","Test":"TestDeterministicPlanAndOwnedSlices/repeat#03","Output":"=== CONT  TestDeterministicPlanAndOwnedSlices/repeat#03\n"}
{"Time":"2026-09-05T23:35:29.758998+09:00","Action":"output","Package":"waiting-room/internal/installplan","Test":"TestDeterministicPlanAndOwnedSlices/repeat#46","Output":"--- PASS: TestDeterministicPlanAndOwnedSlices/repeat#46 (0.00s)\n"}
{"Time":"2026-09-05T23:35:29.759016+09:00","Action":"pass","Package":"waiting-room/internal/installplan","Test":"TestDeterministicPlanAndOwnedSlices/repeat#46","Elapsed":0}
{"Time":"2026-09-05T23:35:29.759019+09:00","Action":"cont","Package":"waiting-room/internal/installplan","Test":"TestDeterministicPlanAndOwnedSlices/repeat#16"}
{"Time":"2026-09-05T23:35:29.75902+09:00","Action":"output","Package":"waiting-room/internal/installplan","Test":"TestDeterministicPlanAndOwnedSlices/repeat#16","Output":"=== CONT  TestDeterministicPlanAndOwnedSlices/repeat#16\n"}
{"Time":"2026-09-05T23:35:29.759043+09:00","Action":"cont","Package":"waiting-room/internal/installplan","Test":"TestDeterministicPlanAndOwnedSlices/repeat#76"}
{"Time":"2026-09-05T23:35:29.759046+09:00","Action":"output","Package":"waiting-room/internal/installplan","Test":"TestDeterministicPlanAndOwnedSlices/repeat#76","Output":"=== CONT  TestDeterministicPlanAndOwnedSlices/repeat#76\n"}
{"Time":"2026-09-05T23:35:29.759061+09:00","Action":"cont","Package":"waiting-room/internal/installplan","Test":"TestDeterministicPlanAndOwnedSlices/repeat#15"}
{"Time":"2026-09-05T23:35:29.759064+09:00","Action":"output","Package":"waiting-room/internal/installplan","Test":"TestDeterministicPlanAndOwnedSlices/repeat#15","Output":"=== CONT  TestDeterministicPlanAndOwnedSlices/repeat#15\n"}
{"Time":"2026-09-05T23:35:29.759087+09:00","Action":"cont","Package":"waiting-room/internal/installplan","Test":"TestDeterministicPlanAndOwnedSlices/repeat#33"}
{"Time":"2026-09-05T23:35:29.759091+09:00","Action":"output","Package":"waiting-room/internal/installplan","Test":"TestDeterministicPlanAndOwnedSlices/repeat#33","Output":"=== CONT  TestDeterministicPlanAndOwnedSlices/repeat#33\n"}
{"Time":"2026-09-05T23:35:29.759093+09:00","Action":"cont","Package":"waiting-room/internal/installplan","Test":"TestDeterministicPlanAndOwnedSlices/repeat#32"}
{"Time":"2026-09-05T23:35:29.759094+09:00","Action":"output","Package":"waiting-room/internal/installplan","Test":"TestDeterministicPlanAndOwnedSlices/repeat#32","Output":"=== CONT  TestDeterministicPlanAndOwnedSlices/repeat#32\n"}
{"Time":"2026-09-05T23:35:29.759161+09:00","Action":"cont","Package":"waiting-room/internal/installplan","Test":"TestDeterministicPlanAndOwnedSlices/repeat#14"}
{"Time":"2026-09-05T23:35:29.759174+09:00","Action":"output","Package":"waiting-room/internal/installplan","Test":"TestDeterministicPlanAndOwnedSlices/repeat#14","Output":"=== CONT  TestDeterministicPlanAndOwnedSlices/repeat#14\n"}
{"Time":"2026-09-05T23:35:29.75918+09:00","Action":"cont","Package":"waiting-room/internal/installplan","Test":"TestDeterministicPlanAndOwnedSlices/repeat#39"}
{"Time":"2026-09-05T23:35:29.759182+09:00","Action":"output","Package":"waiting-room/internal/installplan","Test":"TestDeterministicPlanAndOwnedSlices/repeat#39","Output":"=== CONT  TestDeterministicPlanAndOwnedSlices/repeat#39\n"}
{"Time":"2026-09-05T23:35:29.759184+09:00","Action":"cont","Package":"waiting-room/internal/installplan","Test":"TestDeterministicPlanAndOwnedSlices/repeat#17"}
{"Time":"2026-09-05T23:35:29.759186+09:00","Action":"output","Package":"waiting-room/internal/installplan","Test":"TestDeterministicPlanAndOwnedSlices/repeat#17","Output":"=== CONT  TestDeterministicPlanAndOwnedSlices/repeat#17\n"}
{"Time":"2026-09-05T23:35:29.759194+09:00","Action":"cont","Package":"waiting-room/internal/installplan","Test":"TestDeterministicPlanAndOwnedSlices/repeat#72"}
{"Time":"2026-09-05T23:35:29.759203+09:00","Action":"output","Package":"waiting-room/internal/installplan","Test":"TestDeterministicPlanAndOwnedSlices/repeat#72","Output":"=== CONT  TestDeterministicPlanAndOwnedSlices/repeat#72\n"}
{"Time":"2026-09-05T23:35:29.75926+09:00","Action":"cont","Package":"waiting-room/internal/installplan","Test":"TestDeterministicPlanAndOwnedSlices/repeat#61"}
{"Time":"2026-09-05T23:35:29.759265+09:00","Action":"output","Package":"waiting-room/internal/installplan","Test":"TestDeterministicPlanAndOwnedSlices/repeat#61","Output":"=== CONT  TestDeterministicPlanAndOwnedSlices/repeat#61\n"}
{"Time":"2026-09-05T23:35:29.759266+09:00","Action":"cont","Package":"waiting-room/internal/installplan","Test":"TestDeterministicPlanAndOwnedSlices/repeat#42"}
{"Time":"2026-09-05T23:35:29.759271+09:00","Action":"output","Package":"waiting-room/internal/installplan","Test":"TestDeterministicPlanAndOwnedSlices/repeat#42","Output":"=== CONT  TestDeterministicPlanAndOwnedSlices/repeat#42\n"}
{"Time":"2026-09-05T23:35:29.759273+09:00","Action":"cont","Package":"waiting-room/internal/installplan","Test":"TestDeterministicPlanAndOwnedSlices/repeat#36"}
{"Time":"2026-09-05T23:35:29.759275+09:00","Action":"output","Package":"waiting-room/internal/installplan","Test":"TestDeterministicPlanAndOwnedSlices/repeat#36","Output":"=== CONT  TestDeterministicPlanAndOwnedSlices/repeat#36\n"}
{"Time":"2026-09-05T23:35:29.759276+09:00","Action":"cont","Package":"waiting-room/internal/installplan","Test":"TestDeterministicPlanAndOwnedSlices/repeat#78"}
{"Time":"2026-09-05T23:35:29.759278+09:00","Action":"output","Package":"waiting-room/internal/installplan","Test":"TestDeterministicPlanAndOwnedSlices/repeat#78","Output":"=== CONT  TestDeterministicPlanAndOwnedSlices/repeat#78\n"}
{"Time":"2026-09-05T23:35:29.759335+09:00","Action":"cont","Package":"waiting-room/internal/installplan","Test":"TestDeterministicPlanAndOwnedSlices/repeat"}
{"Time":"2026-09-05T23:35:29.759344+09:00","Action":"output","Package":"waiting-room/internal/installplan","Test":"TestDeterministicPlanAndOwnedSlices/repeat","Output":"=== CONT  TestDeterministicPlanAndOwnedSlices/repeat\n"}
{"Time":"2026-09-05T23:35:29.759355+09:00","Action":"output","Package":"waiting-room/internal/installplan","Test":"TestDeterministicPlanAndOwnedSlices/repeat#25","Output":"--- PASS: TestDeterministicPlanAndOwnedSlices/repeat#25 (0.00s)\n"}
{"Time":"2026-09-05T23:35:29.75937+09:00","Action":"pass","Package":"waiting-room/internal/installplan","Test":"TestDeterministicPlanAndOwnedSlices/repeat#25","Elapsed":0}
{"Time":"2026-09-05T23:35:29.759374+09:00","Action":"cont","Package":"waiting-room/internal/installplan","Test":"TestDeterministicPlanAndOwnedSlices/repeat#86"}
{"Time":"2026-09-05T23:35:29.759376+09:00","Action":"output","Package":"waiting-room/internal/installplan","Test":"TestDeterministicPlanAndOwnedSlices/repeat#86","Output":"=== CONT  TestDeterministicPlanAndOwnedSlices/repeat#86\n"}
{"Time":"2026-09-05T23:35:29.759386+09:00","Action":"output","Package":"waiting-room/internal/installplan","Test":"TestDeterministicPlanAndOwnedSlices/repeat#14","Output":"--- PASS: TestDeterministicPlanAndOwnedSlices/repeat#14 (0.00s)\n"}
{"Time":"2026-09-05T23:35:29.759389+09:00","Action":"pass","Package":"waiting-room/internal/installplan","Test":"TestDeterministicPlanAndOwnedSlices/repeat#14","Elapsed":0}
{"Time":"2026-09-05T23:35:29.759394+09:00","Action":"cont","Package":"waiting-room/internal/installplan","Test":"TestDeterministicPlanAndOwnedSlices/repeat#59"}
{"Time":"2026-09-05T23:35:29.759396+09:00","Action":"output","Package":"waiting-room/internal/installplan","Test":"TestDeterministicPlanAndOwnedSlices/repeat#59","Output":"=== CONT  TestDeterministicPlanAndOwnedSlices/repeat#59\n"}
{"Time":"2026-09-05T23:35:29.759398+09:00","Action":"cont","Package":"waiting-room/internal/installplan","Test":"TestDeterministicPlanAndOwnedSlices/repeat#71"}
{"Time":"2026-09-05T23:35:29.759401+09:00","Action":"output","Package":"waiting-room/internal/installplan","Test":"TestDeterministicPlanAndOwnedSlices/repeat#71","Output":"=== CONT  TestDeterministicPlanAndOwnedSlices/repeat#71\n"}
{"Time":"2026-09-05T23:35:29.759405+09:00","Action":"cont","Package":"waiting-room/internal/installplan","Test":"TestDeterministicPlanAndOwnedSlices/repeat#58"}
{"Time":"2026-09-05T23:35:29.759407+09:00","Action":"output","Package":"waiting-room/internal/installplan","Test":"TestDeterministicPlanAndOwnedSlices/repeat#58","Output":"=== CONT  TestDeterministicPlanAndOwnedSlices/repeat#58\n"}
{"Time":"2026-09-05T23:35:29.75941+09:00","Action":"cont","Package":"waiting-room/internal/installplan","Test":"TestDeterministicPlanAndOwnedSlices/repeat#64"}
{"Time":"2026-09-05T23:35:29.759412+09:00","Action":"output","Package":"waiting-room/internal/installplan","Test":"TestDeterministicPlanAndOwnedSlices/repeat#64","Output":"=== CONT  TestDeterministicPlanAndOwnedSlices/repeat#64\n"}
{"Time":"2026-09-05T23:35:29.759414+09:00","Action":"cont","Package":"waiting-room/internal/installplan","Test":"TestDeterministicPlanAndOwnedSlices/repeat#85"}
{"Time":"2026-09-05T23:35:29.759417+09:00","Action":"output","Package":"waiting-room/internal/installplan","Test":"TestDeterministicPlanAndOwnedSlices/repeat#85","Output":"=== CONT  TestDeterministicPlanAndOwnedSlices/repeat#85\n"}
{"Time":"2026-09-05T23:35:29.759456+09:00","Action":"cont","Package":"waiting-room/internal/installplan","Test":"TestDeterministicPlanAndOwnedSlices/repeat#51"}
{"Time":"2026-09-05T23:35:29.759461+09:00","Action":"output","Package":"waiting-room/internal/installplan","Test":"TestDeterministicPlanAndOwnedSlices/repeat#51","Output":"=== CONT  TestDeterministicPlanAndOwnedSlices/repeat#51\n"}
{"Time":"2026-09-05T23:35:29.759464+09:00","Action":"cont","Package":"waiting-room/internal/installplan","Test":"TestDeterministicPlanAndOwnedSlices/repeat#53"}
{"Time":"2026-09-05T23:35:29.759465+09:00","Action":"output","Package":"waiting-room/internal/installplan","Test":"TestDeterministicPlanAndOwnedSlices/repeat#53","Output":"=== CONT  TestDeterministicPlanAndOwnedSlices/repeat#53\n"}
{"Time":"2026-09-05T23:35:29.759468+09:00","Action":"cont","Package":"waiting-room/internal/installplan","Test":"TestDeterministicPlanAndOwnedSlices/repeat#55"}
{"Time":"2026-09-05T23:35:29.759469+09:00","Action":"output","Package":"waiting-room/internal/installplan","Test":"TestDeterministicPlanAndOwnedSlices/repeat#55","Output":"=== CONT  TestDeterministicPlanAndOwnedSlices/repeat#55\n"}
{"Time":"2026-09-05T23:35:29.759593+09:00","Action":"cont","Package":"waiting-room/internal/installplan","Test":"TestDeterministicPlanAndOwnedSlices/repeat#06"}
{"Time":"2026-09-05T23:35:29.759599+09:00","Action":"output","Package":"waiting-room/internal/installplan","Test":"TestDeterministicPlanAndOwnedSlices/repeat#06","Output":"=== CONT  TestDeterministicPlanAndOwnedSlices/repeat#06\n"}
{"Time":"2026-09-05T23:35:29.7596+09:00","Action":"cont","Package":"waiting-room/internal/installplan","Test":"TestDeterministicPlanAndOwnedSlices/repeat#60"}
{"Time":"2026-09-05T23:35:29.759601+09:00","Action":"output","Package":"waiting-room/internal/installplan","Test":"TestDeterministicPlanAndOwnedSlices/repeat#60","Output":"=== CONT  TestDeterministicPlanAndOwnedSlices/repeat#60\n"}
{"Time":"2026-09-05T23:35:29.759602+09:00","Action":"cont","Package":"waiting-room/internal/installplan","Test":"TestDeterministicPlanAndOwnedSlices/repeat#30"}
{"Time":"2026-09-05T23:35:29.759603+09:00","Action":"output","Package":"waiting-room/internal/installplan","Test":"TestDeterministicPlanAndOwnedSlices/repeat#30","Output":"=== CONT  TestDeterministicPlanAndOwnedSlices/repeat#30\n"}
{"Time":"2026-09-05T23:35:29.759604+09:00","Action":"cont","Package":"waiting-room/internal/installplan","Test":"TestDeterministicPlanAndOwnedSlices/repeat#13"}
{"Time":"2026-09-05T23:35:29.759605+09:00","Action":"output","Package":"waiting-room/internal/installplan","Test":"TestDeterministicPlanAndOwnedSlices/repeat#13","Output":"=== CONT  TestDeterministicPlanAndOwnedSlices/repeat#13\n"}
{"Time":"2026-09-05T23:35:29.75964+09:00","Action":"output","Package":"waiting-room/internal/installplan","Test":"TestDeterministicPlanAndOwnedSlices/repeat#49","Output":"--- PASS: TestDeterministicPlanAndOwnedSlices/repeat#49 (0.00s)\n"}
{"Time":"2026-09-05T23:35:29.759658+09:00","Action":"pass","Package":"waiting-room/internal/installplan","Test":"TestDeterministicPlanAndOwnedSlices/repeat#49","Elapsed":0}
{"Time":"2026-09-05T23:35:29.759662+09:00","Action":"cont","Package":"waiting-room/internal/installplan","Test":"TestDeterministicPlanAndOwnedSlices/repeat#52"}
{"Time":"2026-09-05T23:35:29.759667+09:00","Action":"output","Package":"waiting-room/internal/installplan","Test":"TestDeterministicPlanAndOwnedSlices/repeat#52","Output":"=== CONT  TestDeterministicPlanAndOwnedSlices/repeat#52\n"}
{"Time":"2026-09-05T23:35:29.759673+09:00","Action":"output","Package":"waiting-room/internal/installplan","Test":"TestDeterministicPlanAndOwnedSlices/repeat#32","Output":"--- PASS: TestDeterministicPlanAndOwnedSlices/repeat#32 (0.00s)\n"}
{"Time":"2026-09-05T23:35:29.759894+09:00","Action":"pass","Package":"waiting-room/internal/installplan","Test":"TestDeterministicPlanAndOwnedSlices/repeat#32","Elapsed":0}
{"Time":"2026-09-05T23:35:29.759899+09:00","Action":"output","Package":"waiting-room/internal/installplan","Test":"TestDeterministicPlanAndOwnedSlices/repeat#85","Output":"--- PASS: TestDeterministicPlanAndOwnedSlices/repeat#85 (0.00s)\n"}
{"Time":"2026-09-05T23:35:29.759925+09:00","Action":"pass","Package":"waiting-room/internal/installplan","Test":"TestDeterministicPlanAndOwnedSlices/repeat#85","Elapsed":0}
{"Time":"2026-09-05T23:35:29.759929+09:00","Action":"cont","Package":"waiting-room/internal/installplan","Test":"TestDeterministicPlanAndOwnedSlices/repeat#10"}
{"Time":"2026-09-05T23:35:29.759931+09:00","Action":"output","Package":"waiting-room/internal/installplan","Test":"TestDeterministicPlanAndOwnedSlices/repeat#10","Output":"=== CONT  TestDeterministicPlanAndOwnedSlices/repeat#10\n"}
{"Time":"2026-09-05T23:35:29.759934+09:00","Action":"cont","Package":"waiting-room/internal/installplan","Test":"TestDeterministicPlanAndOwnedSlices/repeat#74"}
{"Time":"2026-09-05T23:35:29.759936+09:00","Action":"output","Package":"waiting-room/internal/installplan","Test":"TestDeterministicPlanAndOwnedSlices/repeat#74","Output":"=== CONT  TestDeterministicPlanAndOwnedSlices/repeat#74\n"}
{"Time":"2026-09-05T23:35:29.760056+09:00","Action":"cont","Package":"waiting-room/internal/installplan","Test":"TestDeterministicPlanAndOwnedSlices/repeat#08"}
{"Time":"2026-09-05T23:35:29.760059+09:00","Action":"output","Package":"waiting-room/internal/installplan","Test":"TestDeterministicPlanAndOwnedSlices/repeat#08","Output":"=== CONT  TestDeterministicPlanAndOwnedSlices/repeat#08\n"}
{"Time":"2026-09-05T23:35:29.760128+09:00","Action":"cont","Package":"waiting-room/internal/installplan","Test":"TestDeterministicPlanAndOwnedSlices/repeat#98"}
{"Time":"2026-09-05T23:35:29.760135+09:00","Action":"output","Package":"waiting-room/internal/installplan","Test":"TestDeterministicPlanAndOwnedSlices/repeat#98","Output":"=== CONT  TestDeterministicPlanAndOwnedSlices/repeat#98\n"}
{"Time":"2026-09-05T23:35:29.760627+09:00","Action":"cont","Package":"waiting-room/internal/installplan","Test":"TestDeterministicPlanAndOwnedSlices/repeat#09"}
{"Time":"2026-09-05T23:35:29.76063+09:00","Action":"output","Package":"waiting-room/internal/installplan","Test":"TestDeterministicPlanAndOwnedSlices/repeat#09","Output":"=== CONT  TestDeterministicPlanAndOwnedSlices/repeat#09\n"}
{"Time":"2026-09-05T23:35:29.760632+09:00","Action":"cont","Package":"waiting-room/internal/installplan","Test":"TestDeterministicPlanAndOwnedSlices/repeat#05"}
{"Time":"2026-09-05T23:35:29.760633+09:00","Action":"output","Package":"waiting-room/internal/installplan","Test":"TestDeterministicPlanAndOwnedSlices/repeat#05","Output":"=== CONT  TestDeterministicPlanAndOwnedSlices/repeat#05\n"}
{"Time":"2026-09-05T23:35:29.760648+09:00","Action":"cont","Package":"waiting-room/internal/installplan","Test":"TestDeterministicPlanAndOwnedSlices/repeat#04"}
{"Time":"2026-09-05T23:35:29.760653+09:00","Action":"output","Package":"waiting-room/internal/installplan","Test":"TestDeterministicPlanAndOwnedSlices/repeat#04","Output":"=== CONT  TestDeterministicPlanAndOwnedSlices/repeat#04\n"}
{"Time":"2026-09-05T23:35:29.760656+09:00","Action":"cont","Package":"waiting-room/internal/installplan","Test":"TestDeterministicPlanAndOwnedSlices/repeat#26"}
{"Time":"2026-09-05T23:35:29.760657+09:00","Action":"output","Package":"waiting-room/internal/installplan","Test":"TestDeterministicPlanAndOwnedSlices/repeat#26","Output":"=== CONT  TestDeterministicPlanAndOwnedSlices/repeat#26\n"}
{"Time":"2026-09-05T23:35:29.760709+09:00","Action":"cont","Package":"waiting-room/internal/installplan","Test":"TestDeterministicPlanAndOwnedSlices/repeat#31"}
{"Time":"2026-09-05T23:35:29.760723+09:00","Action":"output","Package":"waiting-room/internal/installplan","Test":"TestDeterministicPlanAndOwnedSlices/repeat#31","Output":"=== CONT  TestDeterministicPlanAndOwnedSlices/repeat#31\n"}
{"Time":"2026-09-05T23:35:29.760726+09:00","Action":"cont","Package":"waiting-room/internal/installplan","Test":"TestDeterministicPlanAndOwnedSlices/repeat#99"}
{"Time":"2026-09-05T23:35:29.760729+09:00","Action":"output","Package":"waiting-room/internal/installplan","Test":"TestDeterministicPlanAndOwnedSlices/repeat#99","Output":"=== CONT  TestDeterministicPlanAndOwnedSlices/repeat#99\n"}
{"Time":"2026-09-05T23:35:29.760733+09:00","Action":"cont","Package":"waiting-room/internal/installplan","Test":"TestDeterministicPlanAndOwnedSlices/repeat#27"}
{"Time":"2026-09-05T23:35:29.760738+09:00","Action":"output","Package":"waiting-room/internal/installplan","Test":"TestDeterministicPlanAndOwnedSlices/repeat#27","Output":"=== CONT  TestDeterministicPlanAndOwnedSlices/repeat#27\n"}
{"Time":"2026-09-05T23:35:29.760741+09:00","Action":"output","Package":"waiting-room/internal/installplan","Test":"TestDeterministicPlanAndOwnedSlices/repeat#51","Output":"--- PASS: TestDeterministicPlanAndOwnedSlices/repeat#51 (0.00s)\n"}
{"Time":"2026-09-05T23:35:29.760747+09:00","Action":"pass","Package":"waiting-room/internal/installplan","Test":"TestDeterministicPlanAndOwnedSlices/repeat#51","Elapsed":0}
{"Time":"2026-09-05T23:35:29.76075+09:00","Action":"cont","Package":"waiting-room/internal/installplan","Test":"TestDeterministicPlanAndOwnedSlices/repeat#29"}
{"Time":"2026-09-05T23:35:29.760752+09:00","Action":"output","Package":"waiting-room/internal/installplan","Test":"TestDeterministicPlanAndOwnedSlices/repeat#29","Output":"=== CONT  TestDeterministicPlanAndOwnedSlices/repeat#29\n"}
{"Time":"2026-09-05T23:35:29.760756+09:00","Action":"cont","Package":"waiting-room/internal/installplan","Test":"TestDeterministicPlanAndOwnedSlices/repeat#92"}
{"Time":"2026-09-05T23:35:29.760758+09:00","Action":"output","Package":"waiting-room/internal/installplan","Test":"TestDeterministicPlanAndOwnedSlices/repeat#92","Output":"=== CONT  TestDeterministicPlanAndOwnedSlices/repeat#92\n"}
{"Time":"2026-09-05T23:35:29.760855+09:00","Action":"output","Package":"waiting-room/internal/installplan","Test":"TestDeterministicPlanAndOwnedSlices/repeat#45","Output":"--- PASS: TestDeterministicPlanAndOwnedSlices/repeat#45 (0.00s)\n"}
{"Time":"2026-09-05T23:35:29.760858+09:00","Action":"pass","Package":"waiting-room/internal/installplan","Test":"TestDeterministicPlanAndOwnedSlices/repeat#45","Elapsed":0}
{"Time":"2026-09-05T23:35:29.76086+09:00","Action":"cont","Package":"waiting-room/internal/installplan","Test":"TestDeterministicPlanAndOwnedSlices/repeat#93"}
{"Time":"2026-09-05T23:35:29.760861+09:00","Action":"output","Package":"waiting-room/internal/installplan","Test":"TestDeterministicPlanAndOwnedSlices/repeat#93","Output":"=== CONT  TestDeterministicPlanAndOwnedSlices/repeat#93\n"}
{"Time":"2026-09-05T23:35:29.760867+09:00","Action":"cont","Package":"waiting-room/internal/installplan","Test":"TestDeterministicPlanAndOwnedSlices/repeat#28"}
{"Time":"2026-09-05T23:35:29.760868+09:00","Action":"output","Package":"waiting-room/internal/installplan","Test":"TestDeterministicPlanAndOwnedSlices/repeat#28","Output":"=== CONT  TestDeterministicPlanAndOwnedSlices/repeat#28\n"}
{"Time":"2026-09-05T23:35:29.76087+09:00","Action":"cont","Package":"waiting-room/internal/installplan","Test":"TestDeterministicPlanAndOwnedSlices/repeat#97"}
{"Time":"2026-09-05T23:35:29.760871+09:00","Action":"output","Package":"waiting-room/internal/installplan","Test":"TestDeterministicPlanAndOwnedSlices/repeat#97","Output":"=== CONT  TestDeterministicPlanAndOwnedSlices/repeat#97\n"}
{"Time":"2026-09-05T23:35:29.760892+09:00","Action":"cont","Package":"waiting-room/internal/installplan","Test":"TestDeterministicPlanAndOwnedSlices/repeat#91"}
{"Time":"2026-09-05T23:35:29.760901+09:00","Action":"output","Package":"waiting-room/internal/installplan","Test":"TestDeterministicPlanAndOwnedSlices/repeat#91","Output":"=== CONT  TestDeterministicPlanAndOwnedSlices/repeat#91\n"}
{"Time":"2026-09-05T23:35:29.760906+09:00","Action":"cont","Package":"waiting-room/internal/installplan","Test":"TestDeterministicPlanAndOwnedSlices/repeat#38"}
{"Time":"2026-09-05T23:35:29.760909+09:00","Action":"output","Package":"waiting-room/internal/installplan","Test":"TestDeterministicPlanAndOwnedSlices/repeat#38","Output":"=== CONT  TestDeterministicPlanAndOwnedSlices/repeat#38\n"}
{"Time":"2026-09-05T23:35:29.760911+09:00","Action":"cont","Package":"waiting-room/internal/installplan","Test":"TestDeterministicPlanAndOwnedSlices/repeat#96"}
{"Time":"2026-09-05T23:35:29.760913+09:00","Action":"output","Package":"waiting-room/internal/installplan","Test":"TestDeterministicPlanAndOwnedSlices/repeat#96","Output":"=== CONT  TestDeterministicPlanAndOwnedSlices/repeat#96\n"}
{"Time":"2026-09-05T23:35:29.76094+09:00","Action":"cont","Package":"waiting-room/internal/installplan","Test":"TestDeterministicPlanAndOwnedSlices/repeat#89"}
{"Time":"2026-09-05T23:35:29.760943+09:00","Action":"output","Package":"waiting-room/internal/installplan","Test":"TestDeterministicPlanAndOwnedSlices/repeat#89","Output":"=== CONT  TestDeterministicPlanAndOwnedSlices/repeat#89\n"}
{"Time":"2026-09-05T23:35:29.760957+09:00","Action":"cont","Package":"waiting-room/internal/installplan","Test":"TestDeterministicPlanAndOwnedSlices/repeat#95"}
{"Time":"2026-09-05T23:35:29.760959+09:00","Action":"output","Package":"waiting-room/internal/installplan","Test":"TestDeterministicPlanAndOwnedSlices/repeat#95","Output":"=== CONT  TestDeterministicPlanAndOwnedSlices/repeat#95\n"}
{"Time":"2026-09-05T23:35:29.760978+09:00","Action":"cont","Package":"waiting-room/internal/installplan","Test":"TestDeterministicPlanAndOwnedSlices/repeat#80"}
{"Time":"2026-09-05T23:35:29.760981+09:00","Action":"output","Package":"waiting-room/internal/installplan","Test":"TestDeterministicPlanAndOwnedSlices/repeat#80","Output":"=== CONT  TestDeterministicPlanAndOwnedSlices/repeat#80\n"}
{"Time":"2026-09-05T23:35:29.761249+09:00","Action":"cont","Package":"waiting-room/internal/installplan","Test":"TestDeterministicPlanAndOwnedSlices/repeat#79"}
{"Time":"2026-09-05T23:35:29.761253+09:00","Action":"output","Package":"waiting-room/internal/installplan","Test":"TestDeterministicPlanAndOwnedSlices/repeat#79","Output":"=== CONT  TestDeterministicPlanAndOwnedSlices/repeat#79\n"}
{"Time":"2026-09-05T23:35:29.761254+09:00","Action":"cont","Package":"waiting-room/internal/installplan","Test":"TestDeterministicPlanAndOwnedSlices/repeat#84"}
{"Time":"2026-09-05T23:35:29.761255+09:00","Action":"output","Package":"waiting-room/internal/installplan","Test":"TestDeterministicPlanAndOwnedSlices/repeat#84","Output":"=== CONT  TestDeterministicPlanAndOwnedSlices/repeat#84\n"}
{"Time":"2026-09-05T23:35:29.761256+09:00","Action":"cont","Package":"waiting-room/internal/installplan","Test":"TestDeterministicPlanAndOwnedSlices/repeat#54"}
{"Time":"2026-09-05T23:35:29.761257+09:00","Action":"output","Package":"waiting-room/internal/installplan","Test":"TestDeterministicPlanAndOwnedSlices/repeat#54","Output":"=== CONT  TestDeterministicPlanAndOwnedSlices/repeat#54\n"}
{"Time":"2026-09-05T23:35:29.761258+09:00","Action":"cont","Package":"waiting-room/internal/installplan","Test":"TestDeterministicPlanAndOwnedSlices/repeat#90"}
{"Time":"2026-09-05T23:35:29.761259+09:00","Action":"output","Package":"waiting-room/internal/installplan","Test":"TestDeterministicPlanAndOwnedSlices/repeat#90","Output":"=== CONT  TestDeterministicPlanAndOwnedSlices/repeat#90\n"}
{"Time":"2026-09-05T23:35:29.76126+09:00","Action":"cont","Package":"waiting-room/internal/installplan","Test":"TestDeterministicPlanAndOwnedSlices/repeat#82"}
{"Time":"2026-09-05T23:35:29.761261+09:00","Action":"output","Package":"waiting-room/internal/installplan","Test":"TestDeterministicPlanAndOwnedSlices/repeat#82","Output":"=== CONT  TestDeterministicPlanAndOwnedSlices/repeat#82\n"}
{"Time":"2026-09-05T23:35:29.761264+09:00","Action":"cont","Package":"waiting-room/internal/installplan","Test":"TestDeterministicPlanAndOwnedSlices/repeat#07"}
{"Time":"2026-09-05T23:35:29.761265+09:00","Action":"output","Package":"waiting-room/internal/installplan","Test":"TestDeterministicPlanAndOwnedSlices/repeat#07","Output":"=== CONT  TestDeterministicPlanAndOwnedSlices/repeat#07\n"}
{"Time":"2026-09-05T23:35:29.761267+09:00","Action":"cont","Package":"waiting-room/internal/installplan","Test":"TestDeterministicPlanAndOwnedSlices/repeat#94"}
{"Time":"2026-09-05T23:35:29.761461+09:00","Action":"output","Package":"waiting-room/internal/installplan","Test":"TestDeterministicPlanAndOwnedSlices/repeat#94","Output":"=== CONT  TestDeterministicPlanAndOwnedSlices/repeat#94\n"}
{"Time":"2026-09-05T23:35:29.761468+09:00","Action":"cont","Package":"waiting-room/internal/installplan","Test":"TestDeterministicPlanAndOwnedSlices/repeat#87"}
{"Time":"2026-09-05T23:35:29.761469+09:00","Action":"output","Package":"waiting-room/internal/installplan","Test":"TestDeterministicPlanAndOwnedSlices/repeat#87","Output":"=== CONT  TestDeterministicPlanAndOwnedSlices/repeat#87\n"}
{"Time":"2026-09-05T23:35:29.76147+09:00","Action":"cont","Package":"waiting-room/internal/installplan","Test":"TestDeterministicPlanAndOwnedSlices/repeat#77"}
{"Time":"2026-09-05T23:35:29.761471+09:00","Action":"output","Package":"waiting-room/internal/installplan","Test":"TestDeterministicPlanAndOwnedSlices/repeat#77","Output":"=== CONT  TestDeterministicPlanAndOwnedSlices/repeat#77\n"}
{"Time":"2026-09-05T23:35:29.761472+09:00","Action":"cont","Package":"waiting-room/internal/installplan","Test":"TestDeterministicPlanAndOwnedSlices/repeat#62"}
{"Time":"2026-09-05T23:35:29.761473+09:00","Action":"output","Package":"waiting-room/internal/installplan","Test":"TestDeterministicPlanAndOwnedSlices/repeat#62","Output":"=== CONT  TestDeterministicPlanAndOwnedSlices/repeat#62\n"}
{"Time":"2026-09-05T23:35:29.761476+09:00","Action":"cont","Package":"waiting-room/internal/installplan","Test":"TestDeterministicPlanAndOwnedSlices/repeat#75"}
{"Time":"2026-09-05T23:35:29.761477+09:00","Action":"output","Package":"waiting-room/internal/installplan","Test":"TestDeterministicPlanAndOwnedSlices/repeat#75","Output":"=== CONT  TestDeterministicPlanAndOwnedSlices/repeat#75\n"}
{"Time":"2026-09-05T23:35:29.761478+09:00","Action":"cont","Package":"waiting-room/internal/installplan","Test":"TestDeterministicPlanAndOwnedSlices/repeat#70"}
{"Time":"2026-09-05T23:35:29.761479+09:00","Action":"output","Package":"waiting-room/internal/installplan","Test":"TestDeterministicPlanAndOwnedSlices/repeat#70","Output":"=== CONT  TestDeterministicPlanAndOwnedSlices/repeat#70\n"}
{"Time":"2026-09-05T23:35:29.76148+09:00","Action":"cont","Package":"waiting-room/internal/installplan","Test":"TestDeterministicPlanAndOwnedSlices/repeat#67"}
{"Time":"2026-09-05T23:35:29.761481+09:00","Action":"output","Package":"waiting-room/internal/installplan","Test":"TestDeterministicPlanAndOwnedSlices/repeat#67","Output":"=== CONT  TestDeterministicPlanAndOwnedSlices/repeat#67\n"}
{"Time":"2026-09-05T23:35:29.761482+09:00","Action":"cont","Package":"waiting-room/internal/installplan","Test":"TestDeterministicPlanAndOwnedSlices/repeat#88"}
{"Time":"2026-09-05T23:35:29.761483+09:00","Action":"output","Package":"waiting-room/internal/installplan","Test":"TestDeterministicPlanAndOwnedSlices/repeat#88","Output":"=== CONT  TestDeterministicPlanAndOwnedSlices/repeat#88\n"}
{"Time":"2026-09-05T23:35:29.761485+09:00","Action":"output","Package":"waiting-room/internal/installplan","Test":"TestDeterministicPlanAndOwnedSlices/repeat#55","Output":"--- PASS: TestDeterministicPlanAndOwnedSlices/repeat#55 (0.00s)\n"}
{"Time":"2026-09-05T23:35:29.761486+09:00","Action":"pass","Package":"waiting-room/internal/installplan","Test":"TestDeterministicPlanAndOwnedSlices/repeat#55","Elapsed":0}
{"Time":"2026-09-05T23:35:29.761488+09:00","Action":"cont","Package":"waiting-room/internal/installplan","Test":"TestDeterministicPlanAndOwnedSlices/repeat#65"}
{"Time":"2026-09-05T23:35:29.761489+09:00","Action":"output","Package":"waiting-room/internal/installplan","Test":"TestDeterministicPlanAndOwnedSlices/repeat#65","Output":"=== CONT  TestDeterministicPlanAndOwnedSlices/repeat#65\n"}
{"Time":"2026-09-05T23:35:29.76149+09:00","Action":"cont","Package":"waiting-room/internal/installplan","Test":"TestDeterministicPlanAndOwnedSlices/repeat#66"}
{"Time":"2026-09-05T23:35:29.761491+09:00","Action":"output","Package":"waiting-room/internal/installplan","Test":"TestDeterministicPlanAndOwnedSlices/repeat#66","Output":"=== CONT  TestDeterministicPlanAndOwnedSlices/repeat#66\n"}
{"Time":"2026-09-05T23:35:29.761494+09:00","Action":"cont","Package":"waiting-room/internal/installplan","Test":"TestDeterministicPlanAndOwnedSlices/repeat#69"}
{"Time":"2026-09-05T23:35:29.761495+09:00","Action":"output","Package":"waiting-room/internal/installplan","Test":"TestDeterministicPlanAndOwnedSlices/repeat#69","Output":"=== CONT  TestDeterministicPlanAndOwnedSlices/repeat#69\n"}
{"Time":"2026-09-05T23:35:29.761496+09:00","Action":"cont","Package":"waiting-room/internal/installplan","Test":"TestDeterministicPlanAndOwnedSlices/repeat#73"}
{"Time":"2026-09-05T23:35:29.761497+09:00","Action":"output","Package":"waiting-room/internal/installplan","Test":"TestDeterministicPlanAndOwnedSlices/repeat#73","Output":"=== CONT  TestDeterministicPlanAndOwnedSlices/repeat#73\n"}
{"Time":"2026-09-05T23:35:29.761604+09:00","Action":"cont","Package":"waiting-room/internal/installplan","Test":"TestDeterministicPlanAndOwnedSlices/repeat#68"}
{"Time":"2026-09-05T23:35:29.761627+09:00","Action":"output","Package":"waiting-room/internal/installplan","Test":"TestDeterministicPlanAndOwnedSlices/repeat#68","Output":"=== CONT  TestDeterministicPlanAndOwnedSlices/repeat#68\n"}
{"Time":"2026-09-05T23:35:29.76164+09:00","Action":"cont","Package":"waiting-room/internal/installplan","Test":"TestDeterministicPlanAndOwnedSlices/repeat#57"}
{"Time":"2026-09-05T23:35:29.761641+09:00","Action":"output","Package":"waiting-room/internal/installplan","Test":"TestDeterministicPlanAndOwnedSlices/repeat#57","Output":"=== CONT  TestDeterministicPlanAndOwnedSlices/repeat#57\n"}
{"Time":"2026-09-05T23:35:29.761644+09:00","Action":"cont","Package":"waiting-room/internal/installplan","Test":"TestDeterministicPlanAndOwnedSlices/repeat#56"}
{"Time":"2026-09-05T23:35:29.761645+09:00","Action":"output","Package":"waiting-room/internal/installplan","Test":"TestDeterministicPlanAndOwnedSlices/repeat#56","Output":"=== CONT  TestDeterministicPlanAndOwnedSlices/repeat#56\n"}
{"Time":"2026-09-05T23:35:29.761777+09:00","Action":"cont","Package":"waiting-room/internal/installplan","Test":"TestDeterministicPlanAndOwnedSlices/repeat#83"}
{"Time":"2026-09-05T23:35:29.761781+09:00","Action":"output","Package":"waiting-room/internal/installplan","Test":"TestDeterministicPlanAndOwnedSlices/repeat#83","Output":"=== CONT  TestDeterministicPlanAndOwnedSlices/repeat#83\n"}
{"Time":"2026-09-05T23:35:29.761782+09:00","Action":"cont","Package":"waiting-room/internal/installplan","Test":"TestDeterministicPlanAndOwnedSlices/repeat#02"}
{"Time":"2026-09-05T23:35:29.761785+09:00","Action":"output","Package":"waiting-room/internal/installplan","Test":"TestDeterministicPlanAndOwnedSlices/repeat#02","Output":"=== CONT  TestDeterministicPlanAndOwnedSlices/repeat#02\n"}
{"Time":"2026-09-05T23:35:29.761791+09:00","Action":"cont","Package":"waiting-room/internal/installplan","Test":"TestDeterministicPlanAndOwnedSlices/repeat#63"}
{"Time":"2026-09-05T23:35:29.761792+09:00","Action":"output","Package":"waiting-room/internal/installplan","Test":"TestDeterministicPlanAndOwnedSlices/repeat#63","Output":"=== CONT  TestDeterministicPlanAndOwnedSlices/repeat#63\n"}
{"Time":"2026-09-05T23:35:29.761793+09:00","Action":"cont","Package":"waiting-room/internal/installplan","Test":"TestDeterministicPlanAndOwnedSlices/repeat#81"}
{"Time":"2026-09-05T23:35:29.761798+09:00","Action":"output","Package":"waiting-room/internal/installplan","Test":"TestDeterministicPlanAndOwnedSlices/repeat#81","Output":"=== CONT  TestDeterministicPlanAndOwnedSlices/repeat#81\n"}
{"Time":"2026-09-05T23:35:29.761799+09:00","Action":"cont","Package":"waiting-room/internal/installplan","Test":"TestDeterministicPlanAndOwnedSlices/repeat#11"}
{"Time":"2026-09-05T23:35:29.761801+09:00","Action":"output","Package":"waiting-room/internal/installplan","Test":"TestDeterministicPlanAndOwnedSlices/repeat#11","Output":"=== CONT  TestDeterministicPlanAndOwnedSlices/repeat#11\n"}
{"Time":"2026-09-05T23:35:29.761907+09:00","Action":"output","Package":"waiting-room/internal/installplan","Test":"TestDeterministicPlanAndOwnedSlices/repeat#60","Output":"--- PASS: TestDeterministicPlanAndOwnedSlices/repeat#60 (0.00s)\n"}
{"Time":"2026-09-05T23:35:29.762203+09:00","Action":"pass","Package":"waiting-room/internal/installplan","Test":"TestDeterministicPlanAndOwnedSlices/repeat#60","Elapsed":0}
{"Time":"2026-09-05T23:35:29.762217+09:00","Action":"output","Package":"waiting-room/internal/installplan","Test":"TestDeterministicPlanAndOwnedSlices/repeat#48","Output":"--- PASS: TestDeterministicPlanAndOwnedSlices/repeat#48 (0.00s)\n"}
{"Time":"2026-09-05T23:35:29.762222+09:00","Action":"pass","Package":"waiting-room/internal/installplan","Test":"TestDeterministicPlanAndOwnedSlices/repeat#48","Elapsed":0}
{"Time":"2026-09-05T23:35:29.762225+09:00","Action":"output","Package":"waiting-room/internal/installplan","Test":"TestDeterministicPlanAndOwnedSlices/repeat#84","Output":"--- PASS: TestDeterministicPlanAndOwnedSlices/repeat#84 (0.00s)\n"}
{"Time":"2026-09-05T23:35:29.762229+09:00","Action":"pass","Package":"waiting-room/internal/installplan","Test":"TestDeterministicPlanAndOwnedSlices/repeat#84","Elapsed":0}
{"Time":"2026-09-05T23:35:29.762232+09:00","Action":"output","Package":"waiting-room/internal/installplan","Test":"TestDeterministicPlanAndOwnedSlices/repeat#56","Output":"--- PASS: TestDeterministicPlanAndOwnedSlices/repeat#56 (0.00s)\n"}
{"Time":"2026-09-05T23:35:29.762494+09:00","Action":"pass","Package":"waiting-room/internal/installplan","Test":"TestDeterministicPlanAndOwnedSlices/repeat#56","Elapsed":0}
{"Time":"2026-09-05T23:35:29.7625+09:00","Action":"output","Package":"waiting-room/internal/installplan","Test":"TestDeterministicPlanAndOwnedSlices/repeat#13","Output":"--- PASS: TestDeterministicPlanAndOwnedSlices/repeat#13 (0.00s)\n"}
{"Time":"2026-09-05T23:35:29.762935+09:00","Action":"pass","Package":"waiting-room/internal/installplan","Test":"TestDeterministicPlanAndOwnedSlices/repeat#13","Elapsed":0}
{"Time":"2026-09-05T23:35:29.762942+09:00","Action":"output","Package":"waiting-room/internal/installplan","Test":"TestDeterministicPlanAndOwnedSlices/repeat#22","Output":"--- PASS: TestDeterministicPlanAndOwnedSlices/repeat#22 (0.00s)\n"}
{"Time":"2026-09-05T23:35:29.762945+09:00","Action":"pass","Package":"waiting-room/internal/installplan","Test":"TestDeterministicPlanAndOwnedSlices/repeat#22","Elapsed":0}
{"Time":"2026-09-05T23:35:29.762948+09:00","Action":"output","Package":"waiting-room/internal/installplan","Test":"TestDeterministicPlanAndOwnedSlices/repeat#40","Output":"--- PASS: TestDeterministicPlanAndOwnedSlices/repeat#40 (0.00s)\n"}
{"Time":"2026-09-05T23:35:29.762968+09:00","Action":"pass","Package":"waiting-room/internal/installplan","Test":"TestDeterministicPlanAndOwnedSlices/repeat#40","Elapsed":0}
{"Time":"2026-09-05T23:35:29.762972+09:00","Action":"output","Package":"waiting-room/internal/installplan","Test":"TestDeterministicPlanAndOwnedSlices/repeat#18","Output":"--- PASS: TestDeterministicPlanAndOwnedSlices/repeat#18 (0.00s)\n"}
{"Time":"2026-09-05T23:35:29.762982+09:00","Action":"pass","Package":"waiting-room/internal/installplan","Test":"TestDeterministicPlanAndOwnedSlices/repeat#18","Elapsed":0}
{"Time":"2026-09-05T23:35:29.762987+09:00","Action":"output","Package":"waiting-room/internal/installplan","Test":"TestDeterministicPlanAndOwnedSlices/repeat#44","Output":"--- PASS: TestDeterministicPlanAndOwnedSlices/repeat#44 (0.00s)\n"}
{"Time":"2026-09-05T23:35:29.763009+09:00","Action":"pass","Package":"waiting-room/internal/installplan","Test":"TestDeterministicPlanAndOwnedSlices/repeat#44","Elapsed":0}
{"Time":"2026-09-05T23:35:29.763011+09:00","Action":"output","Package":"waiting-room/internal/installplan","Test":"TestDeterministicPlanAndOwnedSlices/repeat#21","Output":"--- PASS: TestDeterministicPlanAndOwnedSlices/repeat#21 (0.00s)\n"}
{"Time":"2026-09-05T23:35:29.763024+09:00","Action":"pass","Package":"waiting-room/internal/installplan","Test":"TestDeterministicPlanAndOwnedSlices/repeat#21","Elapsed":0}
{"Time":"2026-09-05T23:35:29.763026+09:00","Action":"output","Package":"waiting-room/internal/installplan","Test":"TestDeterministicPlanAndOwnedSlices/repeat#37","Output":"--- PASS: TestDeterministicPlanAndOwnedSlices/repeat#37 (0.00s)\n"}
{"Time":"2026-09-05T23:35:29.763041+09:00","Action":"pass","Package":"waiting-room/internal/installplan","Test":"TestDeterministicPlanAndOwnedSlices/repeat#37","Elapsed":0}
{"Time":"2026-09-05T23:35:29.763043+09:00","Action":"output","Package":"waiting-room/internal/installplan","Test":"TestDeterministicPlanAndOwnedSlices/repeat#20","Output":"--- PASS: TestDeterministicPlanAndOwnedSlices/repeat#20 (0.00s)\n"}
{"Time":"2026-09-05T23:35:29.763053+09:00","Action":"pass","Package":"waiting-room/internal/installplan","Test":"TestDeterministicPlanAndOwnedSlices/repeat#20","Elapsed":0}
{"Time":"2026-09-05T23:35:29.763054+09:00","Action":"output","Package":"waiting-room/internal/installplan","Test":"TestDeterministicPlanAndOwnedSlices/repeat#12","Output":"--- PASS: TestDeterministicPlanAndOwnedSlices/repeat#12 (0.00s)\n"}
{"Time":"2026-09-05T23:35:29.763067+09:00","Action":"pass","Package":"waiting-room/internal/installplan","Test":"TestDeterministicPlanAndOwnedSlices/repeat#12","Elapsed":0}
{"Time":"2026-09-05T23:35:29.763069+09:00","Action":"output","Package":"waiting-room/internal/installplan","Test":"TestDeterministicPlanAndOwnedSlices/repeat#34","Output":"--- PASS: TestDeterministicPlanAndOwnedSlices/repeat#34 (0.00s)\n"}
{"Time":"2026-09-05T23:35:29.763083+09:00","Action":"pass","Package":"waiting-room/internal/installplan","Test":"TestDeterministicPlanAndOwnedSlices/repeat#34","Elapsed":0}
{"Time":"2026-09-05T23:35:29.763086+09:00","Action":"output","Package":"waiting-room/internal/installplan","Test":"TestDeterministicPlanAndOwnedSlices/repeat#41","Output":"--- PASS: TestDeterministicPlanAndOwnedSlices/repeat#41 (0.00s)\n"}
{"Time":"2026-09-05T23:35:29.763097+09:00","Action":"pass","Package":"waiting-room/internal/installplan","Test":"TestDeterministicPlanAndOwnedSlices/repeat#41","Elapsed":0}
{"Time":"2026-09-05T23:35:29.763099+09:00","Action":"output","Package":"waiting-room/internal/installplan","Test":"TestDeterministicPlanAndOwnedSlices/repeat#24","Output":"--- PASS: TestDeterministicPlanAndOwnedSlices/repeat#24 (0.00s)\n"}
{"Time":"2026-09-05T23:35:29.763115+09:00","Action":"pass","Package":"waiting-room/internal/installplan","Test":"TestDeterministicPlanAndOwnedSlices/repeat#24","Elapsed":0}
{"Time":"2026-09-05T23:35:29.763118+09:00","Action":"output","Package":"waiting-room/internal/installplan","Test":"TestDeterministicPlanAndOwnedSlices/repeat#19","Output":"--- PASS: TestDeterministicPlanAndOwnedSlices/repeat#19 (0.00s)\n"}
{"Time":"2026-09-05T23:35:29.763134+09:00","Action":"pass","Package":"waiting-room/internal/installplan","Test":"TestDeterministicPlanAndOwnedSlices/repeat#19","Elapsed":0}
{"Time":"2026-09-05T23:35:29.763136+09:00","Action":"output","Package":"waiting-room/internal/installplan","Test":"TestDeterministicPlanAndOwnedSlices/repeat#23","Output":"--- PASS: TestDeterministicPlanAndOwnedSlices/repeat#23 (0.00s)\n"}
{"Time":"2026-09-05T23:35:29.763147+09:00","Action":"pass","Package":"waiting-room/internal/installplan","Test":"TestDeterministicPlanAndOwnedSlices/repeat#23","Elapsed":0}
{"Time":"2026-09-05T23:35:29.76315+09:00","Action":"output","Package":"waiting-room/internal/installplan","Test":"TestDeterministicPlanAndOwnedSlices/repeat#35","Output":"--- PASS: TestDeterministicPlanAndOwnedSlices/repeat#35 (0.00s)\n"}
{"Time":"2026-09-05T23:35:29.763157+09:00","Action":"pass","Package":"waiting-room/internal/installplan","Test":"TestDeterministicPlanAndOwnedSlices/repeat#35","Elapsed":0}
{"Time":"2026-09-05T23:35:29.76316+09:00","Action":"output","Package":"waiting-room/internal/installplan","Test":"TestDeterministicPlanAndOwnedSlices/repeat#03","Output":"--- PASS: TestDeterministicPlanAndOwnedSlices/repeat#03 (0.00s)\n"}
{"Time":"2026-09-05T23:35:29.763171+09:00","Action":"pass","Package":"waiting-room/internal/installplan","Test":"TestDeterministicPlanAndOwnedSlices/repeat#03","Elapsed":0}
{"Time":"2026-09-05T23:35:29.763173+09:00","Action":"output","Package":"waiting-room/internal/installplan","Test":"TestDeterministicPlanAndOwnedSlices/repeat#76","Output":"--- PASS: TestDeterministicPlanAndOwnedSlices/repeat#76 (0.00s)\n"}
{"Time":"2026-09-05T23:35:29.763184+09:00","Action":"pass","Package":"waiting-room/internal/installplan","Test":"TestDeterministicPlanAndOwnedSlices/repeat#76","Elapsed":0}
{"Time":"2026-09-05T23:35:29.763188+09:00","Action":"output","Package":"waiting-room/internal/installplan","Test":"TestDeterministicPlanAndOwnedSlices/repeat#33","Output":"--- PASS: TestDeterministicPlanAndOwnedSlices/repeat#33 (0.00s)\n"}
{"Time":"2026-09-05T23:35:29.763199+09:00","Action":"pass","Package":"waiting-room/internal/installplan","Test":"TestDeterministicPlanAndOwnedSlices/repeat#33","Elapsed":0}
{"Time":"2026-09-05T23:35:29.763201+09:00","Action":"output","Package":"waiting-room/internal/installplan","Test":"TestDeterministicPlanAndOwnedSlices/repeat#17","Output":"--- PASS: TestDeterministicPlanAndOwnedSlices/repeat#17 (0.00s)\n"}
{"Time":"2026-09-05T23:35:29.763212+09:00","Action":"pass","Package":"waiting-room/internal/installplan","Test":"TestDeterministicPlanAndOwnedSlices/repeat#17","Elapsed":0}
{"Time":"2026-09-05T23:35:29.763215+09:00","Action":"output","Package":"waiting-room/internal/installplan","Test":"TestDeterministicPlanAndOwnedSlices/repeat#15","Output":"--- PASS: TestDeterministicPlanAndOwnedSlices/repeat#15 (0.00s)\n"}
{"Time":"2026-09-05T23:35:29.763226+09:00","Action":"pass","Package":"waiting-room/internal/installplan","Test":"TestDeterministicPlanAndOwnedSlices/repeat#15","Elapsed":0}
{"Time":"2026-09-05T23:35:29.763229+09:00","Action":"output","Package":"waiting-room/internal/installplan","Test":"TestDeterministicPlanAndOwnedSlices/repeat#16","Output":"--- PASS: TestDeterministicPlanAndOwnedSlices/repeat#16 (0.00s)\n"}
{"Time":"2026-09-05T23:35:29.763238+09:00","Action":"pass","Package":"waiting-room/internal/installplan","Test":"TestDeterministicPlanAndOwnedSlices/repeat#16","Elapsed":0}
{"Time":"2026-09-05T23:35:29.763241+09:00","Action":"output","Package":"waiting-room/internal/installplan","Test":"TestDeterministicPlanAndOwnedSlices/repeat#61","Output":"--- PASS: TestDeterministicPlanAndOwnedSlices/repeat#61 (0.00s)\n"}
{"Time":"2026-09-05T23:35:29.763248+09:00","Action":"pass","Package":"waiting-room/internal/installplan","Test":"TestDeterministicPlanAndOwnedSlices/repeat#61","Elapsed":0}
{"Time":"2026-09-05T23:35:29.76325+09:00","Action":"output","Package":"waiting-room/internal/installplan","Test":"TestDeterministicPlanAndOwnedSlices/repeat#36","Output":"--- PASS: TestDeterministicPlanAndOwnedSlices/repeat#36 (0.00s)\n"}
{"Time":"2026-09-05T23:35:29.763263+09:00","Action":"pass","Package":"waiting-room/internal/installplan","Test":"TestDeterministicPlanAndOwnedSlices/repeat#36","Elapsed":0}
{"Time":"2026-09-05T23:35:29.763266+09:00","Action":"output","Package":"waiting-room/internal/installplan","Test":"TestDeterministicPlanAndOwnedSlices/repeat","Output":"--- PASS: TestDeterministicPlanAndOwnedSlices/repeat (0.00s)\n"}
{"Time":"2026-09-05T23:35:29.763281+09:00","Action":"pass","Package":"waiting-room/internal/installplan","Test":"TestDeterministicPlanAndOwnedSlices/repeat","Elapsed":0}
{"Time":"2026-09-05T23:35:29.763284+09:00","Action":"output","Package":"waiting-room/internal/installplan","Test":"TestDeterministicPlanAndOwnedSlices/repeat#42","Output":"--- PASS: TestDeterministicPlanAndOwnedSlices/repeat#42 (0.00s)\n"}
{"Time":"2026-09-05T23:35:29.763293+09:00","Action":"pass","Package":"waiting-room/internal/installplan","Test":"TestDeterministicPlanAndOwnedSlices/repeat#42","Elapsed":0}
{"Time":"2026-09-05T23:35:29.763297+09:00","Action":"output","Package":"waiting-room/internal/installplan","Test":"TestDeterministicPlanAndOwnedSlices/repeat#72","Output":"--- PASS: TestDeterministicPlanAndOwnedSlices/repeat#72 (0.00s)\n"}
{"Time":"2026-09-05T23:35:29.763306+09:00","Action":"pass","Package":"waiting-room/internal/installplan","Test":"TestDeterministicPlanAndOwnedSlices/repeat#72","Elapsed":0}
{"Time":"2026-09-05T23:35:29.763308+09:00","Action":"output","Package":"waiting-room/internal/installplan","Test":"TestDeterministicPlanAndOwnedSlices/repeat#39","Output":"--- PASS: TestDeterministicPlanAndOwnedSlices/repeat#39 (0.00s)\n"}
{"Time":"2026-09-05T23:35:29.763325+09:00","Action":"pass","Package":"waiting-room/internal/installplan","Test":"TestDeterministicPlanAndOwnedSlices/repeat#39","Elapsed":0}
{"Time":"2026-09-05T23:35:29.763331+09:00","Action":"output","Package":"waiting-room/internal/installplan","Test":"TestDeterministicPlanAndOwnedSlices/repeat#59","Output":"--- PASS: TestDeterministicPlanAndOwnedSlices/repeat#59 (0.00s)\n"}
{"Time":"2026-09-05T23:35:29.763334+09:00","Action":"pass","Package":"waiting-room/internal/installplan","Test":"TestDeterministicPlanAndOwnedSlices/repeat#59","Elapsed":0}
{"Time":"2026-09-05T23:35:29.763336+09:00","Action":"output","Package":"waiting-room/internal/installplan","Test":"TestDeterministicPlanAndOwnedSlices/repeat#71","Output":"--- PASS: TestDeterministicPlanAndOwnedSlices/repeat#71 (0.00s)\n"}
{"Time":"2026-09-05T23:35:29.763353+09:00","Action":"pass","Package":"waiting-room/internal/installplan","Test":"TestDeterministicPlanAndOwnedSlices/repeat#71","Elapsed":0}
{"Time":"2026-09-05T23:35:29.763357+09:00","Action":"output","Package":"waiting-room/internal/installplan","Test":"TestDeterministicPlanAndOwnedSlices/repeat#09","Output":"--- PASS: TestDeterministicPlanAndOwnedSlices/repeat#09 (0.00s)\n"}
{"Time":"2026-09-05T23:35:29.763368+09:00","Action":"pass","Package":"waiting-room/internal/installplan","Test":"TestDeterministicPlanAndOwnedSlices/repeat#09","Elapsed":0}
{"Time":"2026-09-05T23:35:29.763371+09:00","Action":"output","Package":"waiting-room/internal/installplan","Test":"TestDeterministicPlanAndOwnedSlices/repeat#05","Output":"--- PASS: TestDeterministicPlanAndOwnedSlices/repeat#05 (0.00s)\n"}
{"Time":"2026-09-05T23:35:29.763393+09:00","Action":"pass","Package":"waiting-room/internal/installplan","Test":"TestDeterministicPlanAndOwnedSlices/repeat#05","Elapsed":0}
{"Time":"2026-09-05T23:35:29.763398+09:00","Action":"output","Package":"waiting-room/internal/installplan","Test":"TestDeterministicPlanAndOwnedSlices/repeat#26","Output":"--- PASS: TestDeterministicPlanAndOwnedSlices/repeat#26 (0.00s)\n"}
{"Time":"2026-09-05T23:35:29.763416+09:00","Action":"pass","Package":"waiting-room/internal/installplan","Test":"TestDeterministicPlanAndOwnedSlices/repeat#26","Elapsed":0}
{"Time":"2026-09-05T23:35:29.763419+09:00","Action":"output","Package":"waiting-room/internal/installplan","Test":"TestDeterministicPlanAndOwnedSlices/repeat#31","Output":"--- PASS: TestDeterministicPlanAndOwnedSlices/repeat#31 (0.00s)\n"}
{"Time":"2026-09-05T23:35:29.763438+09:00","Action":"pass","Package":"waiting-room/internal/installplan","Test":"TestDeterministicPlanAndOwnedSlices/repeat#31","Elapsed":0}
{"Time":"2026-09-05T23:35:29.763445+09:00","Action":"output","Package":"waiting-room/internal/installplan","Test":"TestDeterministicPlanAndOwnedSlices/repeat#28","Output":"--- PASS: TestDeterministicPlanAndOwnedSlices/repeat#28 (0.00s)\n"}
{"Time":"2026-09-05T23:35:29.763447+09:00","Action":"pass","Package":"waiting-room/internal/installplan","Test":"TestDeterministicPlanAndOwnedSlices/repeat#28","Elapsed":0}
{"Time":"2026-09-05T23:35:29.763449+09:00","Action":"output","Package":"waiting-room/internal/installplan","Test":"TestDeterministicPlanAndOwnedSlices/repeat#91","Output":"--- PASS: TestDeterministicPlanAndOwnedSlices/repeat#91 (0.00s)\n"}
{"Time":"2026-09-05T23:35:29.763488+09:00","Action":"pass","Package":"waiting-room/internal/installplan","Test":"TestDeterministicPlanAndOwnedSlices/repeat#91","Elapsed":0}
{"Time":"2026-09-05T23:35:29.763491+09:00","Action":"output","Package":"waiting-room/internal/installplan","Test":"TestDeterministicPlanAndOwnedSlices/repeat#95","Output":"--- PASS: TestDeterministicPlanAndOwnedSlices/repeat#95 (0.00s)\n"}
{"Time":"2026-09-05T23:35:29.763509+09:00","Action":"pass","Package":"waiting-room/internal/installplan","Test":"TestDeterministicPlanAndOwnedSlices/repeat#95","Elapsed":0}
{"Time":"2026-09-05T23:35:29.763514+09:00","Action":"output","Package":"waiting-room/internal/installplan","Test":"TestDeterministicPlanAndOwnedSlices/repeat#29","Output":"--- PASS: TestDeterministicPlanAndOwnedSlices/repeat#29 (0.00s)\n"}
{"Time":"2026-09-05T23:35:29.763518+09:00","Action":"pass","Package":"waiting-room/internal/installplan","Test":"TestDeterministicPlanAndOwnedSlices/repeat#29","Elapsed":0}
{"Time":"2026-09-05T23:35:29.763521+09:00","Action":"output","Package":"waiting-room/internal/installplan","Test":"TestDeterministicPlanAndOwnedSlices/repeat#82","Output":"--- PASS: TestDeterministicPlanAndOwnedSlices/repeat#82 (0.00s)\n"}
{"Time":"2026-09-05T23:35:29.763556+09:00","Action":"pass","Package":"waiting-room/internal/installplan","Test":"TestDeterministicPlanAndOwnedSlices/repeat#82","Elapsed":0}
{"Time":"2026-09-05T23:35:29.763559+09:00","Action":"output","Package":"waiting-room/internal/installplan","Test":"TestDeterministicPlanAndOwnedSlices/repeat#64","Output":"--- PASS: TestDeterministicPlanAndOwnedSlices/repeat#64 (0.00s)\n"}
{"Time":"2026-09-05T23:35:29.763574+09:00","Action":"pass","Package":"waiting-room/internal/installplan","Test":"TestDeterministicPlanAndOwnedSlices/repeat#64","Elapsed":0}
{"Time":"2026-09-05T23:35:29.763579+09:00","Action":"output","Package":"waiting-room/internal/installplan","Test":"TestDeterministicPlanAndOwnedSlices/repeat#86","Output":"--- PASS: TestDeterministicPlanAndOwnedSlices/repeat#86 (0.00s)\n"}
{"Time":"2026-09-05T23:35:29.763581+09:00","Action":"pass","Package":"waiting-room/internal/installplan","Test":"TestDeterministicPlanAndOwnedSlices/repeat#86","Elapsed":0}
{"Time":"2026-09-05T23:35:29.763582+09:00","Action":"output","Package":"waiting-room/internal/installplan","Test":"TestDeterministicPlanAndOwnedSlices/repeat#10","Output":"--- PASS: TestDeterministicPlanAndOwnedSlices/repeat#10 (0.00s)\n"}
{"Time":"2026-09-05T23:35:29.763602+09:00","Action":"pass","Package":"waiting-room/internal/installplan","Test":"TestDeterministicPlanAndOwnedSlices/repeat#10","Elapsed":0}
{"Time":"2026-09-05T23:35:29.763607+09:00","Action":"output","Package":"waiting-room/internal/installplan","Test":"TestDeterministicPlanAndOwnedSlices/repeat#53","Output":"--- PASS: TestDeterministicPlanAndOwnedSlices/repeat#53 (0.00s)\n"}
{"Time":"2026-09-05T23:35:29.76361+09:00","Action":"pass","Package":"waiting-room/internal/installplan","Test":"TestDeterministicPlanAndOwnedSlices/repeat#53","Elapsed":0}
{"Time":"2026-09-05T23:35:29.763613+09:00","Action":"output","Package":"waiting-room/internal/installplan","Test":"TestDeterministicPlanAndOwnedSlices/repeat#78","Output":"--- PASS: TestDeterministicPlanAndOwnedSlices/repeat#78 (0.00s)\n"}
{"Time":"2026-09-05T23:35:29.763635+09:00","Action":"pass","Package":"waiting-room/internal/installplan","Test":"TestDeterministicPlanAndOwnedSlices/repeat#78","Elapsed":0}
{"Time":"2026-09-05T23:35:29.763641+09:00","Action":"output","Package":"waiting-room/internal/installplan","Test":"TestDeterministicPlanAndOwnedSlices/repeat#74","Output":"--- PASS: TestDeterministicPlanAndOwnedSlices/repeat#74 (0.00s)\n"}
{"Time":"2026-09-05T23:35:29.763656+09:00","Action":"pass","Package":"waiting-room/internal/installplan","Test":"TestDeterministicPlanAndOwnedSlices/repeat#74","Elapsed":0}
{"Time":"2026-09-05T23:35:29.76366+09:00","Action":"output","Package":"waiting-room/internal/installplan","Test":"TestDeterministicPlanAndOwnedSlices/repeat#06","Output":"--- PASS: TestDeterministicPlanAndOwnedSlices/repeat#06 (0.00s)\n"}
{"Time":"2026-09-05T23:35:29.763685+09:00","Action":"pass","Package":"waiting-room/internal/installplan","Test":"TestDeterministicPlanAndOwnedSlices/repeat#06","Elapsed":0}
{"Time":"2026-09-05T23:35:29.763689+09:00","Action":"output","Package":"waiting-room/internal/installplan","Test":"TestDeterministicPlanAndOwnedSlices/repeat#02","Output":"--- PASS: TestDeterministicPlanAndOwnedSlices/repeat#02 (0.00s)\n"}
{"Time":"2026-09-05T23:35:29.763692+09:00","Action":"pass","Package":"waiting-room/internal/installplan","Test":"TestDeterministicPlanAndOwnedSlices/repeat#02","Elapsed":0}
{"Time":"2026-09-05T23:35:29.763703+09:00","Action":"output","Package":"waiting-room/internal/installplan","Test":"TestDeterministicPlanAndOwnedSlices/repeat#62","Output":"--- PASS: TestDeterministicPlanAndOwnedSlices/repeat#62 (0.00s)\n"}
{"Time":"2026-09-05T23:35:29.763705+09:00","Action":"pass","Package":"waiting-room/internal/installplan","Test":"TestDeterministicPlanAndOwnedSlices/repeat#62","Elapsed":0}
{"Time":"2026-09-05T23:35:29.763706+09:00","Action":"output","Package":"waiting-room/internal/installplan","Test":"TestDeterministicPlanAndOwnedSlices/repeat#98","Output":"--- PASS: TestDeterministicPlanAndOwnedSlices/repeat#98 (0.00s)\n"}
{"Time":"2026-09-05T23:35:29.763721+09:00","Action":"pass","Package":"waiting-room/internal/installplan","Test":"TestDeterministicPlanAndOwnedSlices/repeat#98","Elapsed":0}
{"Time":"2026-09-05T23:35:29.763724+09:00","Action":"output","Package":"waiting-room/internal/installplan","Test":"TestDeterministicPlanAndOwnedSlices/repeat#11","Output":"--- PASS: TestDeterministicPlanAndOwnedSlices/repeat#11 (0.00s)\n"}
{"Time":"2026-09-05T23:35:29.763736+09:00","Action":"pass","Package":"waiting-room/internal/installplan","Test":"TestDeterministicPlanAndOwnedSlices/repeat#11","Elapsed":0}
{"Time":"2026-09-05T23:35:29.763739+09:00","Action":"output","Package":"waiting-room/internal/installplan","Test":"TestDeterministicPlanAndOwnedSlices/repeat#99","Output":"--- PASS: TestDeterministicPlanAndOwnedSlices/repeat#99 (0.00s)\n"}
{"Time":"2026-09-05T23:35:29.763748+09:00","Action":"pass","Package":"waiting-room/internal/installplan","Test":"TestDeterministicPlanAndOwnedSlices/repeat#99","Elapsed":0}
{"Time":"2026-09-05T23:35:29.76375+09:00","Action":"output","Package":"waiting-room/internal/installplan","Test":"TestDeterministicPlanAndOwnedSlices/repeat#27","Output":"--- PASS: TestDeterministicPlanAndOwnedSlices/repeat#27 (0.00s)\n"}
{"Time":"2026-09-05T23:35:29.76376+09:00","Action":"pass","Package":"waiting-room/internal/installplan","Test":"TestDeterministicPlanAndOwnedSlices/repeat#27","Elapsed":0}
{"Time":"2026-09-05T23:35:29.763762+09:00","Action":"output","Package":"waiting-room/internal/installplan","Test":"TestDeterministicPlanAndOwnedSlices/repeat#92","Output":"--- PASS: TestDeterministicPlanAndOwnedSlices/repeat#92 (0.00s)\n"}
{"Time":"2026-09-05T23:35:29.763772+09:00","Action":"pass","Package":"waiting-room/internal/installplan","Test":"TestDeterministicPlanAndOwnedSlices/repeat#92","Elapsed":0}
{"Time":"2026-09-05T23:35:29.763774+09:00","Action":"output","Package":"waiting-room/internal/installplan","Test":"TestDeterministicPlanAndOwnedSlices/repeat#38","Output":"--- PASS: TestDeterministicPlanAndOwnedSlices/repeat#38 (0.00s)\n"}
{"Time":"2026-09-05T23:35:29.763791+09:00","Action":"pass","Package":"waiting-room/internal/installplan","Test":"TestDeterministicPlanAndOwnedSlices/repeat#38","Elapsed":0}
{"Time":"2026-09-05T23:35:29.763794+09:00","Action":"output","Package":"waiting-room/internal/installplan","Test":"TestDeterministicPlanAndOwnedSlices/repeat#96","Output":"--- PASS: TestDeterministicPlanAndOwnedSlices/repeat#96 (0.00s)\n"}
{"Time":"2026-09-05T23:35:29.763797+09:00","Action":"pass","Package":"waiting-room/internal/installplan","Test":"TestDeterministicPlanAndOwnedSlices/repeat#96","Elapsed":0}
{"Time":"2026-09-05T23:35:29.763798+09:00","Action":"output","Package":"waiting-room/internal/installplan","Test":"TestDeterministicPlanAndOwnedSlices/repeat#97","Output":"--- PASS: TestDeterministicPlanAndOwnedSlices/repeat#97 (0.00s)\n"}
{"Time":"2026-09-05T23:35:29.763822+09:00","Action":"pass","Package":"waiting-room/internal/installplan","Test":"TestDeterministicPlanAndOwnedSlices/repeat#97","Elapsed":0}
{"Time":"2026-09-05T23:35:29.763825+09:00","Action":"output","Package":"waiting-room/internal/installplan","Test":"TestDeterministicPlanAndOwnedSlices/repeat#89","Output":"--- PASS: TestDeterministicPlanAndOwnedSlices/repeat#89 (0.00s)\n"}
{"Time":"2026-09-05T23:35:29.763838+09:00","Action":"pass","Package":"waiting-room/internal/installplan","Test":"TestDeterministicPlanAndOwnedSlices/repeat#89","Elapsed":0}
{"Time":"2026-09-05T23:35:29.763842+09:00","Action":"output","Package":"waiting-room/internal/installplan","Test":"TestDeterministicPlanAndOwnedSlices/repeat#79","Output":"--- PASS: TestDeterministicPlanAndOwnedSlices/repeat#79 (0.00s)\n"}
{"Time":"2026-09-05T23:35:29.763852+09:00","Action":"pass","Package":"waiting-room/internal/installplan","Test":"TestDeterministicPlanAndOwnedSlices/repeat#79","Elapsed":0}
{"Time":"2026-09-05T23:35:29.763855+09:00","Action":"output","Package":"waiting-room/internal/installplan","Test":"TestDeterministicPlanAndOwnedSlices/repeat#80","Output":"--- PASS: TestDeterministicPlanAndOwnedSlices/repeat#80 (0.00s)\n"}
{"Time":"2026-09-05T23:35:29.763868+09:00","Action":"pass","Package":"waiting-room/internal/installplan","Test":"TestDeterministicPlanAndOwnedSlices/repeat#80","Elapsed":0}
{"Time":"2026-09-05T23:35:29.76387+09:00","Action":"output","Package":"waiting-room/internal/installplan","Test":"TestDeterministicPlanAndOwnedSlices/repeat#93","Output":"--- PASS: TestDeterministicPlanAndOwnedSlices/repeat#93 (0.00s)\n"}
{"Time":"2026-09-05T23:35:29.763887+09:00","Action":"pass","Package":"waiting-room/internal/installplan","Test":"TestDeterministicPlanAndOwnedSlices/repeat#93","Elapsed":0}
{"Time":"2026-09-05T23:35:29.763892+09:00","Action":"output","Package":"waiting-room/internal/installplan","Test":"TestDeterministicPlanAndOwnedSlices/repeat#87","Output":"--- PASS: TestDeterministicPlanAndOwnedSlices/repeat#87 (0.00s)\n"}
{"Time":"2026-09-05T23:35:29.763905+09:00","Action":"pass","Package":"waiting-room/internal/installplan","Test":"TestDeterministicPlanAndOwnedSlices/repeat#87","Elapsed":0}
{"Time":"2026-09-05T23:35:29.763907+09:00","Action":"output","Package":"waiting-room/internal/installplan","Test":"TestDeterministicPlanAndOwnedSlices/repeat#77","Output":"--- PASS: TestDeterministicPlanAndOwnedSlices/repeat#77 (0.00s)\n"}
{"Time":"2026-09-05T23:35:29.763916+09:00","Action":"pass","Package":"waiting-room/internal/installplan","Test":"TestDeterministicPlanAndOwnedSlices/repeat#77","Elapsed":0}
{"Time":"2026-09-05T23:35:29.763918+09:00","Action":"output","Package":"waiting-room/internal/installplan","Test":"TestDeterministicPlanAndOwnedSlices/repeat#54","Output":"--- PASS: TestDeterministicPlanAndOwnedSlices/repeat#54 (0.00s)\n"}
{"Time":"2026-09-05T23:35:29.763926+09:00","Action":"pass","Package":"waiting-room/internal/installplan","Test":"TestDeterministicPlanAndOwnedSlices/repeat#54","Elapsed":0}
{"Time":"2026-09-05T23:35:29.763929+09:00","Action":"output","Package":"waiting-room/internal/installplan","Test":"TestDeterministicPlanAndOwnedSlices/repeat#70","Output":"--- PASS: TestDeterministicPlanAndOwnedSlices/repeat#70 (0.00s)\n"}
{"Time":"2026-09-05T23:35:29.763941+09:00","Action":"pass","Package":"waiting-room/internal/installplan","Test":"TestDeterministicPlanAndOwnedSlices/repeat#70","Elapsed":0}
{"Time":"2026-09-05T23:35:29.763943+09:00","Action":"output","Package":"waiting-room/internal/installplan","Test":"TestDeterministicPlanAndOwnedSlices/repeat#88","Output":"--- PASS: TestDeterministicPlanAndOwnedSlices/repeat#88 (0.00s)\n"}
{"Time":"2026-09-05T23:35:29.763955+09:00","Action":"pass","Package":"waiting-room/internal/installplan","Test":"TestDeterministicPlanAndOwnedSlices/repeat#88","Elapsed":0}
{"Time":"2026-09-05T23:35:29.763958+09:00","Action":"output","Package":"waiting-room/internal/installplan","Test":"TestDeterministicPlanAndOwnedSlices/repeat#65","Output":"--- PASS: TestDeterministicPlanAndOwnedSlices/repeat#65 (0.00s)\n"}
{"Time":"2026-09-05T23:35:29.763971+09:00","Action":"pass","Package":"waiting-room/internal/installplan","Test":"TestDeterministicPlanAndOwnedSlices/repeat#65","Elapsed":0}
{"Time":"2026-09-05T23:35:29.763974+09:00","Action":"output","Package":"waiting-room/internal/installplan","Test":"TestDeterministicPlanAndOwnedSlices/repeat#66","Output":"--- PASS: TestDeterministicPlanAndOwnedSlices/repeat#66 (0.00s)\n"}
{"Time":"2026-09-05T23:35:29.763985+09:00","Action":"pass","Package":"waiting-room/internal/installplan","Test":"TestDeterministicPlanAndOwnedSlices/repeat#66","Elapsed":0}
{"Time":"2026-09-05T23:35:29.763989+09:00","Action":"output","Package":"waiting-room/internal/installplan","Test":"TestDeterministicPlanAndOwnedSlices/repeat#67","Output":"--- PASS: TestDeterministicPlanAndOwnedSlices/repeat#67 (0.00s)\n"}
{"Time":"2026-09-05T23:35:29.764003+09:00","Action":"pass","Package":"waiting-room/internal/installplan","Test":"TestDeterministicPlanAndOwnedSlices/repeat#67","Elapsed":0}
{"Time":"2026-09-05T23:35:29.76401+09:00","Action":"output","Package":"waiting-room/internal/installplan","Test":"TestDeterministicPlanAndOwnedSlices/repeat#68","Output":"--- PASS: TestDeterministicPlanAndOwnedSlices/repeat#68 (0.00s)\n"}
{"Time":"2026-09-05T23:35:29.764024+09:00","Action":"pass","Package":"waiting-room/internal/installplan","Test":"TestDeterministicPlanAndOwnedSlices/repeat#68","Elapsed":0}
{"Time":"2026-09-05T23:35:29.764026+09:00","Action":"output","Package":"waiting-room/internal/installplan","Test":"TestDeterministicPlanAndOwnedSlices/repeat#73","Output":"--- PASS: TestDeterministicPlanAndOwnedSlices/repeat#73 (0.00s)\n"}
{"Time":"2026-09-05T23:35:29.764028+09:00","Action":"pass","Package":"waiting-room/internal/installplan","Test":"TestDeterministicPlanAndOwnedSlices/repeat#73","Elapsed":0}
{"Time":"2026-09-05T23:35:29.764031+09:00","Action":"output","Package":"waiting-room/internal/installplan","Test":"TestDeterministicPlanAndOwnedSlices/repeat#07","Output":"--- PASS: TestDeterministicPlanAndOwnedSlices/repeat#07 (0.00s)\n"}
{"Time":"2026-09-05T23:35:29.764046+09:00","Action":"pass","Package":"waiting-room/internal/installplan","Test":"TestDeterministicPlanAndOwnedSlices/repeat#07","Elapsed":0}
{"Time":"2026-09-05T23:35:29.764049+09:00","Action":"output","Package":"waiting-room/internal/installplan","Test":"TestDeterministicPlanAndOwnedSlices/repeat#69","Output":"--- PASS: TestDeterministicPlanAndOwnedSlices/repeat#69 (0.00s)\n"}
{"Time":"2026-09-05T23:35:29.764062+09:00","Action":"pass","Package":"waiting-room/internal/installplan","Test":"TestDeterministicPlanAndOwnedSlices/repeat#69","Elapsed":0}
{"Time":"2026-09-05T23:35:29.764067+09:00","Action":"output","Package":"waiting-room/internal/installplan","Test":"TestDeterministicPlanAndOwnedSlices/repeat#90","Output":"--- PASS: TestDeterministicPlanAndOwnedSlices/repeat#90 (0.00s)\n"}
{"Time":"2026-09-05T23:35:29.764085+09:00","Action":"pass","Package":"waiting-room/internal/installplan","Test":"TestDeterministicPlanAndOwnedSlices/repeat#90","Elapsed":0}
{"Time":"2026-09-05T23:35:29.764089+09:00","Action":"output","Package":"waiting-room/internal/installplan","Test":"TestDeterministicPlanAndOwnedSlices/repeat#75","Output":"--- PASS: TestDeterministicPlanAndOwnedSlices/repeat#75 (0.00s)\n"}
{"Time":"2026-09-05T23:35:29.76409+09:00","Action":"pass","Package":"waiting-room/internal/installplan","Test":"TestDeterministicPlanAndOwnedSlices/repeat#75","Elapsed":0}
{"Time":"2026-09-05T23:35:29.764092+09:00","Action":"output","Package":"waiting-room/internal/installplan","Test":"TestDeterministicPlanAndOwnedSlices/repeat#52","Output":"--- PASS: TestDeterministicPlanAndOwnedSlices/repeat#52 (0.00s)\n"}
{"Time":"2026-09-05T23:35:29.764103+09:00","Action":"pass","Package":"waiting-room/internal/installplan","Test":"TestDeterministicPlanAndOwnedSlices/repeat#52","Elapsed":0}
{"Time":"2026-09-05T23:35:29.764106+09:00","Action":"output","Package":"waiting-room/internal/installplan","Test":"TestDeterministicPlanAndOwnedSlices/repeat#30","Output":"--- PASS: TestDeterministicPlanAndOwnedSlices/repeat#30 (0.00s)\n"}
{"Time":"2026-09-05T23:35:29.764122+09:00","Action":"pass","Package":"waiting-room/internal/installplan","Test":"TestDeterministicPlanAndOwnedSlices/repeat#30","Elapsed":0}
{"Time":"2026-09-05T23:35:29.764124+09:00","Action":"output","Package":"waiting-room/internal/installplan","Test":"TestDeterministicPlanAndOwnedSlices/repeat#58","Output":"--- PASS: TestDeterministicPlanAndOwnedSlices/repeat#58 (0.00s)\n"}
{"Time":"2026-09-05T23:35:29.764141+09:00","Action":"pass","Package":"waiting-room/internal/installplan","Test":"TestDeterministicPlanAndOwnedSlices/repeat#58","Elapsed":0}
{"Time":"2026-09-05T23:35:29.764143+09:00","Action":"output","Package":"waiting-room/internal/installplan","Test":"TestDeterministicPlanAndOwnedSlices/repeat#83","Output":"--- PASS: TestDeterministicPlanAndOwnedSlices/repeat#83 (0.00s)\n"}
{"Time":"2026-09-05T23:35:29.764157+09:00","Action":"pass","Package":"waiting-room/internal/installplan","Test":"TestDeterministicPlanAndOwnedSlices/repeat#83","Elapsed":0}
{"Time":"2026-09-05T23:35:29.764158+09:00","Action":"output","Package":"waiting-room/internal/installplan","Test":"TestDeterministicPlanAndOwnedSlices/repeat#08","Output":"--- PASS: TestDeterministicPlanAndOwnedSlices/repeat#08 (0.00s)\n"}
{"Time":"2026-09-05T23:35:29.764174+09:00","Action":"pass","Package":"waiting-room/internal/installplan","Test":"TestDeterministicPlanAndOwnedSlices/repeat#08","Elapsed":0}
{"Time":"2026-09-05T23:35:29.764176+09:00","Action":"output","Package":"waiting-room/internal/installplan","Test":"TestDeterministicPlanAndOwnedSlices/repeat#57","Output":"--- PASS: TestDeterministicPlanAndOwnedSlices/repeat#57 (0.00s)\n"}
{"Time":"2026-09-05T23:35:29.764194+09:00","Action":"pass","Package":"waiting-room/internal/installplan","Test":"TestDeterministicPlanAndOwnedSlices/repeat#57","Elapsed":0}
{"Time":"2026-09-05T23:35:29.764197+09:00","Action":"output","Package":"waiting-room/internal/installplan","Test":"TestDeterministicPlanAndOwnedSlices/repeat#63","Output":"--- PASS: TestDeterministicPlanAndOwnedSlices/repeat#63 (0.00s)\n"}
{"Time":"2026-09-05T23:35:29.764212+09:00","Action":"pass","Package":"waiting-room/internal/installplan","Test":"TestDeterministicPlanAndOwnedSlices/repeat#63","Elapsed":0}
{"Time":"2026-09-05T23:35:29.764215+09:00","Action":"output","Package":"waiting-room/internal/installplan","Test":"TestDeterministicPlanAndOwnedSlices/repeat#81","Output":"--- PASS: TestDeterministicPlanAndOwnedSlices/repeat#81 (0.00s)\n"}
{"Time":"2026-09-05T23:35:29.764227+09:00","Action":"pass","Package":"waiting-room/internal/installplan","Test":"TestDeterministicPlanAndOwnedSlices/repeat#81","Elapsed":0}
{"Time":"2026-09-05T23:35:29.76423+09:00","Action":"output","Package":"waiting-room/internal/installplan","Test":"TestDeterministicPlanAndOwnedSlices/repeat#04","Output":"--- PASS: TestDeterministicPlanAndOwnedSlices/repeat#04 (0.00s)\n"}
{"Time":"2026-09-05T23:35:29.764243+09:00","Action":"pass","Package":"waiting-room/internal/installplan","Test":"TestDeterministicPlanAndOwnedSlices/repeat#04","Elapsed":0}
{"Time":"2026-09-05T23:35:29.764245+09:00","Action":"output","Package":"waiting-room/internal/installplan","Test":"TestDeterministicPlanAndOwnedSlices/repeat#94","Output":"--- PASS: TestDeterministicPlanAndOwnedSlices/repeat#94 (0.00s)\n"}
{"Time":"2026-09-05T23:35:29.764272+09:00","Action":"pass","Package":"waiting-room/internal/installplan","Test":"TestDeterministicPlanAndOwnedSlices/repeat#94","Elapsed":0}
{"Time":"2026-09-05T23:35:29.764274+09:00","Action":"output","Package":"waiting-room/internal/installplan","Test":"TestDeterministicPlanAndOwnedSlices","Output":"--- PASS: TestDeterministicPlanAndOwnedSlices (0.00s)\n"}
{"Time":"2026-09-05T23:35:29.764284+09:00","Action":"pass","Package":"waiting-room/internal/installplan","Test":"TestDeterministicPlanAndOwnedSlices","Elapsed":0}
{"Time":"2026-09-05T23:35:29.764315+09:00","Action":"run","Package":"waiting-room/internal/installplan","Test":"FuzzCostArithmetic"}
{"Time":"2026-09-05T23:35:29.764319+09:00","Action":"output","Package":"waiting-room/internal/installplan","Test":"FuzzCostArithmetic","Output":"=== RUN   FuzzCostArithmetic\n"}
{"Time":"2026-09-05T23:35:29.764407+09:00","Action":"run","Package":"waiting-room/internal/installplan","Test":"FuzzCostArithmetic/seed#0"}
{"Time":"2026-09-05T23:35:29.76441+09:00","Action":"output","Package":"waiting-room/internal/installplan","Test":"FuzzCostArithmetic/seed#0","Output":"=== RUN   FuzzCostArithmetic/seed#0\n"}
{"Time":"2026-09-05T23:35:29.764588+09:00","Action":"output","Package":"waiting-room/internal/installplan","Test":"FuzzCostArithmetic/seed#0","Output":"--- PASS: FuzzCostArithmetic/seed#0 (0.00s)\n"}
{"Time":"2026-09-05T23:35:29.764593+09:00","Action":"pass","Package":"waiting-room/internal/installplan","Test":"FuzzCostArithmetic/seed#0","Elapsed":0}
{"Time":"2026-09-05T23:35:29.764609+09:00","Action":"output","Package":"waiting-room/internal/installplan","Test":"FuzzCostArithmetic","Output":"--- PASS: FuzzCostArithmetic (0.00s)\n"}
{"Time":"2026-09-05T23:35:29.764613+09:00","Action":"pass","Package":"waiting-room/internal/installplan","Test":"FuzzCostArithmetic","Elapsed":0}
{"Time":"2026-09-05T23:35:29.764622+09:00","Action":"run","Package":"waiting-room/internal/installplan","Test":"FuzzDecode"}
{"Time":"2026-09-05T23:35:29.764625+09:00","Action":"output","Package":"waiting-room/internal/installplan","Test":"FuzzDecode","Output":"=== RUN   FuzzDecode\n"}
{"Time":"2026-09-05T23:35:29.764768+09:00","Action":"run","Package":"waiting-room/internal/installplan","Test":"FuzzDecode/seed#0"}
{"Time":"2026-09-05T23:35:29.764772+09:00","Action":"output","Package":"waiting-room/internal/installplan","Test":"FuzzDecode/seed#0","Output":"=== RUN   FuzzDecode/seed#0\n"}
{"Time":"2026-09-05T23:35:29.764924+09:00","Action":"output","Package":"waiting-room/internal/installplan","Test":"FuzzDecode/seed#0","Output":"--- PASS: FuzzDecode/seed#0 (0.00s)\n"}
{"Time":"2026-09-05T23:35:29.764929+09:00","Action":"pass","Package":"waiting-room/internal/installplan","Test":"FuzzDecode/seed#0","Elapsed":0}
{"Time":"2026-09-05T23:35:29.764944+09:00","Action":"run","Package":"waiting-room/internal/installplan","Test":"FuzzDecode/seed#1"}
{"Time":"2026-09-05T23:35:29.764946+09:00","Action":"output","Package":"waiting-room/internal/installplan","Test":"FuzzDecode/seed#1","Output":"=== RUN   FuzzDecode/seed#1\n"}
{"Time":"2026-09-05T23:35:29.764976+09:00","Action":"output","Package":"waiting-room/internal/installplan","Test":"FuzzDecode/seed#1","Output":"--- PASS: FuzzDecode/seed#1 (0.00s)\n"}
{"Time":"2026-09-05T23:35:29.76498+09:00","Action":"pass","Package":"waiting-room/internal/installplan","Test":"FuzzDecode/seed#1","Elapsed":0}
{"Time":"2026-09-05T23:35:29.764996+09:00","Action":"run","Package":"waiting-room/internal/installplan","Test":"FuzzDecode/seed#2"}
{"Time":"2026-09-05T23:35:29.764997+09:00","Action":"output","Package":"waiting-room/internal/installplan","Test":"FuzzDecode/seed#2","Output":"=== RUN   FuzzDecode/seed#2\n"}
{"Time":"2026-09-05T23:35:29.765034+09:00","Action":"output","Package":"waiting-room/internal/installplan","Test":"FuzzDecode/seed#2","Output":"--- PASS: FuzzDecode/seed#2 (0.00s)\n"}
{"Time":"2026-09-05T23:35:29.765038+09:00","Action":"pass","Package":"waiting-room/internal/installplan","Test":"FuzzDecode/seed#2","Elapsed":0}
{"Time":"2026-09-05T23:35:29.765053+09:00","Action":"output","Package":"waiting-room/internal/installplan","Test":"FuzzDecode","Output":"--- PASS: FuzzDecode (0.00s)\n"}
{"Time":"2026-09-05T23:35:29.765065+09:00","Action":"pass","Package":"waiting-room/internal/installplan","Test":"FuzzDecode","Elapsed":0}
{"Time":"2026-09-05T23:35:29.765084+09:00","Action":"output","Package":"waiting-room/internal/installplan","Output":"PASS\n"}
{"Time":"2026-09-05T23:35:29.893459+09:00","Action":"run","Package":"waiting-room/internal/installplan/preflight","Test":"TestClockBoundaries"}
{"Time":"2026-09-05T23:35:29.893474+09:00","Action":"output","Package":"waiting-room/internal/installplan/preflight","Test":"TestClockBoundaries","Output":"=== RUN   TestClockBoundaries\n"}
{"Time":"2026-09-05T23:35:29.893595+09:00","Action":"run","Package":"waiting-room/internal/installplan/preflight","Test":"TestClockBoundaries/zero"}
{"Time":"2026-09-05T23:35:29.893598+09:00","Action":"output","Package":"waiting-room/internal/installplan/preflight","Test":"TestClockBoundaries/zero","Output":"=== RUN   TestClockBoundaries/zero\n"}
{"Time":"2026-09-05T23:35:29.894629+09:00","Action":"output","Package":"waiting-room/internal/installplan/preflight","Test":"TestClockBoundaries/zero","Output":"--- PASS: TestClockBoundaries/zero (0.00s)\n"}
{"Time":"2026-09-05T23:35:29.894648+09:00","Action":"pass","Package":"waiting-room/internal/installplan/preflight","Test":"TestClockBoundaries/zero","Elapsed":0}
{"Time":"2026-09-05T23:35:29.89466+09:00","Action":"run","Package":"waiting-room/internal/installplan/preflight","Test":"TestClockBoundaries/plus2"}
{"Time":"2026-09-05T23:35:29.894663+09:00","Action":"output","Package":"waiting-room/internal/installplan/preflight","Test":"TestClockBoundaries/plus2","Output":"=== RUN   TestClockBoundaries/plus2\n"}
{"Time":"2026-09-05T23:35:29.895088+09:00","Action":"output","Package":"waiting-room/internal/installplan/preflight","Test":"TestClockBoundaries/plus2","Output":"--- PASS: TestClockBoundaries/plus2 (0.00s)\n"}
{"Time":"2026-09-05T23:35:29.895096+09:00","Action":"pass","Package":"waiting-room/internal/installplan/preflight","Test":"TestClockBoundaries/plus2","Elapsed":0}
{"Time":"2026-09-05T23:35:29.895114+09:00","Action":"run","Package":"waiting-room/internal/installplan/preflight","Test":"TestClockBoundaries/minus2"}
{"Time":"2026-09-05T23:35:29.895117+09:00","Action":"output","Package":"waiting-room/internal/installplan/preflight","Test":"TestClockBoundaries/minus2","Output":"=== RUN   TestClockBoundaries/minus2\n"}
{"Time":"2026-09-05T23:35:29.895544+09:00","Action":"output","Package":"waiting-room/internal/installplan/preflight","Test":"TestClockBoundaries/minus2","Output":"--- PASS: TestClockBoundaries/minus2 (0.00s)\n"}
{"Time":"2026-09-05T23:35:29.895558+09:00","Action":"pass","Package":"waiting-room/internal/installplan/preflight","Test":"TestClockBoundaries/minus2","Elapsed":0}
{"Time":"2026-09-05T23:35:29.895573+09:00","Action":"run","Package":"waiting-room/internal/installplan/preflight","Test":"TestClockBoundaries/above2"}
{"Time":"2026-09-05T23:35:29.895576+09:00","Action":"output","Package":"waiting-room/internal/installplan/preflight","Test":"TestClockBoundaries/above2","Output":"=== RUN   TestClockBoundaries/above2\n"}
{"Time":"2026-09-05T23:35:29.896013+09:00","Action":"output","Package":"waiting-room/internal/installplan/preflight","Test":"TestClockBoundaries/above2","Output":"--- PASS: TestClockBoundaries/above2 (0.00s)\n"}
{"Time":"2026-09-05T23:35:29.896019+09:00","Action":"pass","Package":"waiting-room/internal/installplan/preflight","Test":"TestClockBoundaries/above2","Elapsed":0}
{"Time":"2026-09-05T23:35:29.896038+09:00","Action":"run","Package":"waiting-room/internal/installplan/preflight","Test":"TestClockBoundaries/belowMinus2"}
{"Time":"2026-09-05T23:35:29.89604+09:00","Action":"output","Package":"waiting-room/internal/installplan/preflight","Test":"TestClockBoundaries/belowMinus2","Output":"=== RUN   TestClockBoundaries/belowMinus2\n"}
{"Time":"2026-09-05T23:35:29.896488+09:00","Action":"output","Package":"waiting-room/internal/installplan/preflight","Test":"TestClockBoundaries/belowMinus2","Output":"--- PASS: TestClockBoundaries/belowMinus2 (0.00s)\n"}
{"Time":"2026-09-05T23:35:29.896504+09:00","Action":"pass","Package":"waiting-room/internal/installplan/preflight","Test":"TestClockBoundaries/belowMinus2","Elapsed":0}
{"Time":"2026-09-05T23:35:29.89652+09:00","Action":"run","Package":"waiting-room/internal/installplan/preflight","Test":"TestClockBoundaries/plus5"}
{"Time":"2026-09-05T23:35:29.896522+09:00","Action":"output","Package":"waiting-room/internal/installplan/preflight","Test":"TestClockBoundaries/plus5","Output":"=== RUN   TestClockBoundaries/plus5\n"}
{"Time":"2026-09-05T23:35:29.896871+09:00","Action":"output","Package":"waiting-room/internal/installplan/preflight","Test":"TestClockBoundaries/plus5","Output":"--- PASS: TestClockBoundaries/plus5 (0.00s)\n"}
{"Time":"2026-09-05T23:35:29.896879+09:00","Action":"pass","Package":"waiting-room/internal/installplan/preflight","Test":"TestClockBoundaries/plus5","Elapsed":0}
{"Time":"2026-09-05T23:35:29.896882+09:00","Action":"run","Package":"waiting-room/internal/installplan/preflight","Test":"TestClockBoundaries/minus5"}
{"Time":"2026-09-05T23:35:29.896895+09:00","Action":"output","Package":"waiting-room/internal/installplan/preflight","Test":"TestClockBoundaries/minus5","Output":"=== RUN   TestClockBoundaries/minus5\n"}
{"Time":"2026-09-05T23:35:29.897122+09:00","Action":"output","Package":"waiting-room/internal/installplan/preflight","Test":"TestClockBoundaries/minus5","Output":"--- PASS: TestClockBoundaries/minus5 (0.00s)\n"}
{"Time":"2026-09-05T23:35:29.897128+09:00","Action":"pass","Package":"waiting-room/internal/installplan/preflight","Test":"TestClockBoundaries/minus5","Elapsed":0}
{"Time":"2026-09-05T23:35:29.897131+09:00","Action":"run","Package":"waiting-room/internal/installplan/preflight","Test":"TestClockBoundaries/above5"}
{"Time":"2026-09-05T23:35:29.897133+09:00","Action":"output","Package":"waiting-room/internal/installplan/preflight","Test":"TestClockBoundaries/above5","Output":"=== RUN   TestClockBoundaries/above5\n"}
{"Time":"2026-09-05T23:35:29.897424+09:00","Action":"output","Package":"waiting-room/internal/installplan/preflight","Test":"TestClockBoundaries/above5","Output":"--- PASS: TestClockBoundaries/above5 (0.00s)\n"}
{"Time":"2026-09-05T23:35:29.897436+09:00","Action":"pass","Package":"waiting-room/internal/installplan/preflight","Test":"TestClockBoundaries/above5","Elapsed":0}
{"Time":"2026-09-05T23:35:29.897461+09:00","Action":"run","Package":"waiting-room/internal/installplan/preflight","Test":"TestClockBoundaries/belowMinus5"}
{"Time":"2026-09-05T23:35:29.897466+09:00","Action":"output","Package":"waiting-room/internal/installplan/preflight","Test":"TestClockBoundaries/belowMinus5","Output":"=== RUN   TestClockBoundaries/belowMinus5\n"}
{"Time":"2026-09-05T23:35:29.897889+09:00","Action":"output","Package":"waiting-room/internal/installplan/preflight","Test":"TestClockBoundaries/belowMinus5","Output":"--- PASS: TestClockBoundaries/belowMinus5 (0.00s)\n"}
{"Time":"2026-09-05T23:35:29.897898+09:00","Action":"pass","Package":"waiting-room/internal/installplan/preflight","Test":"TestClockBoundaries/belowMinus5","Elapsed":0}
{"Time":"2026-09-05T23:35:29.897915+09:00","Action":"run","Package":"waiting-room/internal/installplan/preflight","Test":"TestClockBoundaries/minDuration"}
{"Time":"2026-09-05T23:35:29.897918+09:00","Action":"output","Package":"waiting-room/internal/installplan/preflight","Test":"TestClockBoundaries/minDuration","Output":"=== RUN   TestClockBoundaries/minDuration\n"}
{"Time":"2026-09-05T23:35:29.898335+09:00","Action":"output","Package":"waiting-room/internal/installplan/preflight","Test":"TestClockBoundaries/minDuration","Output":"--- PASS: TestClockBoundaries/minDuration (0.00s)\n"}
{"Time":"2026-09-05T23:35:29.89834+09:00","Action":"pass","Package":"waiting-room/internal/installplan/preflight","Test":"TestClockBoundaries/minDuration","Elapsed":0}
{"Time":"2026-09-05T23:35:29.898357+09:00","Action":"run","Package":"waiting-room/internal/installplan/preflight","Test":"TestClockBoundaries/maxDuration"}
{"Time":"2026-09-05T23:35:29.898361+09:00","Action":"output","Package":"waiting-room/internal/installplan/preflight","Test":"TestClockBoundaries/maxDuration","Output":"=== RUN   TestClockBoundaries/maxDuration\n"}
{"Time":"2026-09-05T23:35:29.898715+09:00","Action":"output","Package":"waiting-room/internal/installplan/preflight","Test":"TestClockBoundaries/maxDuration","Output":"--- PASS: TestClockBoundaries/maxDuration (0.00s)\n"}
{"Time":"2026-09-05T23:35:29.898721+09:00","Action":"pass","Package":"waiting-room/internal/installplan/preflight","Test":"TestClockBoundaries/maxDuration","Elapsed":0}
{"Time":"2026-09-05T23:35:29.898754+09:00","Action":"output","Package":"waiting-room/internal/installplan/preflight","Test":"TestClockBoundaries","Output":"--- PASS: TestClockBoundaries (0.01s)\n"}
{"Time":"2026-09-05T23:35:29.898759+09:00","Action":"pass","Package":"waiting-room/internal/installplan/preflight","Test":"TestClockBoundaries","Elapsed":0.01}
{"Time":"2026-09-05T23:35:29.898774+09:00","Action":"run","Package":"waiting-room/internal/installplan/preflight","Test":"TestObservationValidity"}
{"Time":"2026-09-05T23:35:29.898776+09:00","Action":"output","Package":"waiting-room/internal/installplan/preflight","Test":"TestObservationValidity","Output":"=== RUN   TestObservationValidity\n"}
{"Time":"2026-09-05T23:35:29.89881+09:00","Action":"run","Package":"waiting-room/internal/installplan/preflight","Test":"TestObservationValidity/missing"}
{"Time":"2026-09-05T23:35:29.898813+09:00","Action":"output","Package":"waiting-room/internal/installplan/preflight","Test":"TestObservationValidity/missing","Output":"=== RUN   TestObservationValidity/missing\n"}
{"Time":"2026-09-05T23:35:29.899539+09:00","Action":"output","Package":"waiting-room/internal/installplan/preflight","Test":"TestObservationValidity/missing","Output":"--- PASS: TestObservationValidity/missing (0.00s)\n"}
{"Time":"2026-09-05T23:35:29.899547+09:00","Action":"pass","Package":"waiting-room/internal/installplan/preflight","Test":"TestObservationValidity/missing","Elapsed":0}
{"Time":"2026-09-05T23:35:29.899552+09:00","Action":"run","Package":"waiting-room/internal/installplan/preflight","Test":"TestObservationValidity/unsynchronized"}
{"Time":"2026-09-05T23:35:29.899555+09:00","Action":"output","Package":"waiting-room/internal/installplan/preflight","Test":"TestObservationValidity/unsynchronized","Output":"=== RUN   TestObservationValidity/unsynchronized\n"}
{"Time":"2026-09-05T23:35:29.900046+09:00","Action":"output","Package":"waiting-room/internal/installplan/preflight","Test":"TestObservationValidity/unsynchronized","Output":"--- PASS: TestObservationValidity/unsynchronized (0.00s)\n"}
{"Time":"2026-09-05T23:35:29.900051+09:00","Action":"pass","Package":"waiting-room/internal/installplan/preflight","Test":"TestObservationValidity/unsynchronized","Elapsed":0}
{"Time":"2026-09-05T23:35:29.900069+09:00","Action":"run","Package":"waiting-room/internal/installplan/preflight","Test":"TestObservationValidity/future"}
{"Time":"2026-09-05T23:35:29.900072+09:00","Action":"output","Package":"waiting-room/internal/installplan/preflight","Test":"TestObservationValidity/future","Output":"=== RUN   TestObservationValidity/future\n"}
{"Time":"2026-09-05T23:35:29.900551+09:00","Action":"output","Package":"waiting-room/internal/installplan/preflight","Test":"TestObservationValidity/future","Output":"--- PASS: TestObservationValidity/future (0.00s)\n"}
{"Time":"2026-09-05T23:35:29.900571+09:00","Action":"pass","Package":"waiting-room/internal/installplan/preflight","Test":"TestObservationValidity/future","Elapsed":0}
{"Time":"2026-09-05T23:35:29.900584+09:00","Action":"run","Package":"waiting-room/internal/installplan/preflight","Test":"TestObservationValidity/stale"}
{"Time":"2026-09-05T23:35:29.900589+09:00","Action":"output","Package":"waiting-room/internal/installplan/preflight","Test":"TestObservationValidity/stale","Output":"=== RUN   TestObservationValidity/stale\n"}
{"Time":"2026-09-05T23:35:29.901054+09:00","Action":"output","Package":"waiting-room/internal/installplan/preflight","Test":"TestObservationValidity/stale","Output":"--- PASS: TestObservationValidity/stale (0.00s)\n"}
{"Time":"2026-09-05T23:35:29.901064+09:00","Action":"pass","Package":"waiting-room/internal/installplan/preflight","Test":"TestObservationValidity/stale","Elapsed":0}
{"Time":"2026-09-05T23:35:29.901081+09:00","Action":"run","Package":"waiting-room/internal/installplan/preflight","Test":"TestObservationValidity/exact-age"}
{"Time":"2026-09-05T23:35:29.901083+09:00","Action":"output","Package":"waiting-room/internal/installplan/preflight","Test":"TestObservationValidity/exact-age","Output":"=== RUN   TestObservationValidity/exact-age\n"}
{"Time":"2026-09-05T23:35:29.901459+09:00","Action":"output","Package":"waiting-room/internal/installplan/preflight","Test":"TestObservationValidity/exact-age","Output":"--- PASS: TestObservationValidity/exact-age (0.00s)\n"}
{"Time":"2026-09-05T23:35:29.901464+09:00","Action":"pass","Package":"waiting-room/internal/installplan/preflight","Test":"TestObservationValidity/exact-age","Elapsed":0}
{"Time":"2026-09-05T23:35:29.901478+09:00","Action":"run","Package":"waiting-room/internal/installplan/preflight","Test":"TestObservationValidity/wrong-plan"}
{"Time":"2026-09-05T23:35:29.90148+09:00","Action":"output","Package":"waiting-room/internal/installplan/preflight","Test":"TestObservationValidity/wrong-plan","Output":"=== RUN   TestObservationValidity/wrong-plan\n"}
{"Time":"2026-09-05T23:35:29.901815+09:00","Action":"output","Package":"waiting-room/internal/installplan/preflight","Test":"TestObservationValidity/wrong-plan","Output":"--- PASS: TestObservationValidity/wrong-plan (0.00s)\n"}
{"Time":"2026-09-05T23:35:29.901819+09:00","Action":"pass","Package":"waiting-room/internal/installplan/preflight","Test":"TestObservationValidity/wrong-plan","Elapsed":0}
{"Time":"2026-09-05T23:35:29.901822+09:00","Action":"run","Package":"waiting-room/internal/installplan/preflight","Test":"TestObservationValidity/no-artifact"}
{"Time":"2026-09-05T23:35:29.901823+09:00","Action":"output","Package":"waiting-room/internal/installplan/preflight","Test":"TestObservationValidity/no-artifact","Output":"=== RUN   TestObservationValidity/no-artifact\n"}
{"Time":"2026-09-05T23:35:29.902141+09:00","Action":"output","Package":"waiting-room/internal/installplan/preflight","Test":"TestObservationValidity/no-artifact","Output":"--- PASS: TestObservationValidity/no-artifact (0.00s)\n"}
{"Time":"2026-09-05T23:35:29.902147+09:00","Action":"pass","Package":"waiting-room/internal/installplan/preflight","Test":"TestObservationValidity/no-artifact","Elapsed":0}
{"Time":"2026-09-05T23:35:29.90216+09:00","Action":"run","Package":"waiting-room/internal/installplan/preflight","Test":"TestObservationValidity/no-source"}
{"Time":"2026-09-05T23:35:29.902161+09:00","Action":"output","Package":"waiting-room/internal/installplan/preflight","Test":"TestObservationValidity/no-source","Output":"=== RUN   TestObservationValidity/no-source\n"}
{"Time":"2026-09-05T23:35:29.902454+09:00","Action":"output","Package":"waiting-room/internal/installplan/preflight","Test":"TestObservationValidity/no-source","Output":"--- PASS: TestObservationValidity/no-source (0.00s)\n"}
{"Time":"2026-09-05T23:35:29.902458+09:00","Action":"pass","Package":"waiting-room/internal/installplan/preflight","Test":"TestObservationValidity/no-source","Elapsed":0}
{"Time":"2026-09-05T23:35:29.90247+09:00","Action":"run","Package":"waiting-room/internal/installplan/preflight","Test":"TestObservationValidity/unsafe-method"}
{"Time":"2026-09-05T23:35:29.902473+09:00","Action":"output","Package":"waiting-room/internal/installplan/preflight","Test":"TestObservationValidity/unsafe-method","Output":"=== RUN   TestObservationValidity/unsafe-method\n"}
{"Time":"2026-09-05T23:35:29.902765+09:00","Action":"output","Package":"waiting-room/internal/installplan/preflight","Test":"TestObservationValidity/unsafe-method","Output":"--- PASS: TestObservationValidity/unsafe-method (0.00s)\n"}
{"Time":"2026-09-05T23:35:29.90277+09:00","Action":"pass","Package":"waiting-room/internal/installplan/preflight","Test":"TestObservationValidity/unsafe-method","Elapsed":0}
{"Time":"2026-09-05T23:35:29.902786+09:00","Action":"output","Package":"waiting-room/internal/installplan/preflight","Test":"TestObservationValidity","Output":"--- PASS: TestObservationValidity (0.00s)\n"}
{"Time":"2026-09-05T23:35:29.902803+09:00","Action":"pass","Package":"waiting-room/internal/installplan/preflight","Test":"TestObservationValidity","Elapsed":0}
{"Time":"2026-09-05T23:35:29.902813+09:00","Action":"run","Package":"waiting-room/internal/installplan/preflight","Test":"TestStoreSeverityAndResponsibility"}
{"Time":"2026-09-05T23:35:29.902815+09:00","Action":"output","Package":"waiting-room/internal/installplan/preflight","Test":"TestStoreSeverityAndResponsibility","Output":"=== RUN   TestStoreSeverityAndResponsibility\n"}
{"Time":"2026-09-05T23:35:29.905683+09:00","Action":"output","Package":"waiting-room/internal/installplan/preflight","Test":"TestStoreSeverityAndResponsibility","Output":"--- PASS: TestStoreSeverityAndResponsibility (0.00s)\n"}
{"Time":"2026-09-05T23:35:29.905691+09:00","Action":"pass","Package":"waiting-room/internal/installplan/preflight","Test":"TestStoreSeverityAndResponsibility","Elapsed":0}
{"Time":"2026-09-05T23:35:29.905709+09:00","Action":"run","Package":"waiting-room/internal/installplan/preflight","Test":"TestOriginMustHaveActiveProbe"}
{"Time":"2026-09-05T23:35:29.905714+09:00","Action":"output","Package":"waiting-room/internal/installplan/preflight","Test":"TestOriginMustHaveActiveProbe","Output":"=== RUN   TestOriginMustHaveActiveProbe\n"}
{"Time":"2026-09-05T23:35:29.907109+09:00","Action":"output","Package":"waiting-room/internal/installplan/preflight","Test":"TestOriginMustHaveActiveProbe","Output":"--- PASS: TestOriginMustHaveActiveProbe (0.00s)\n"}
{"Time":"2026-09-05T23:35:29.907115+09:00","Action":"pass","Package":"waiting-room/internal/installplan/preflight","Test":"TestOriginMustHaveActiveProbe","Elapsed":0}
{"Time":"2026-09-05T23:35:29.907123+09:00","Action":"run","Package":"waiting-room/internal/installplan/preflight","Test":"TestEventDeadlineBoundaries"}
{"Time":"2026-09-05T23:35:29.907125+09:00","Action":"output","Package":"waiting-room/internal/installplan/preflight","Test":"TestEventDeadlineBoundaries","Output":"=== RUN   TestEventDeadlineBoundaries\n"}
{"Time":"2026-09-05T23:35:29.909358+09:00","Action":"output","Package":"waiting-room/internal/installplan/preflight","Test":"TestEventDeadlineBoundaries","Output":"--- PASS: TestEventDeadlineBoundaries (0.00s)\n"}
{"Time":"2026-09-05T23:35:29.909363+09:00","Action":"pass","Package":"waiting-room/internal/installplan/preflight","Test":"TestEventDeadlineBoundaries","Elapsed":0}
{"Time":"2026-09-05T23:35:29.909365+09:00","Action":"run","Package":"waiting-room/internal/installplan/preflight","Test":"TestEventReadinessFailures"}
{"Time":"2026-09-05T23:35:29.909366+09:00","Action":"output","Package":"waiting-room/internal/installplan/preflight","Test":"TestEventReadinessFailures","Output":"=== RUN   TestEventReadinessFailures\n"}
{"Time":"2026-09-05T23:35:29.9094+09:00","Action":"run","Package":"waiting-room/internal/installplan/preflight","Test":"TestEventReadinessFailures/lessGateway"}
{"Time":"2026-09-05T23:35:29.909406+09:00","Action":"output","Package":"waiting-room/internal/installplan/preflight","Test":"TestEventReadinessFailures/lessGateway","Output":"=== RUN   TestEventReadinessFailures/lessGateway\n"}
{"Time":"2026-09-05T23:35:29.909685+09:00","Action":"output","Package":"waiting-room/internal/installplan/preflight","Test":"TestEventReadinessFailures/lessGateway","Output":"--- PASS: TestEventReadinessFailures/lessGateway (0.00s)\n"}
{"Time":"2026-09-05T23:35:29.909689+09:00","Action":"pass","Package":"waiting-room/internal/installplan/preflight","Test":"TestEventReadinessFailures/lessGateway","Elapsed":0}
{"Time":"2026-09-05T23:35:29.909702+09:00","Action":"run","Package":"waiting-room/internal/installplan/preflight","Test":"TestEventReadinessFailures/lessCoordinator"}
{"Time":"2026-09-05T23:35:29.909705+09:00","Action":"output","Package":"waiting-room/internal/installplan/preflight","Test":"TestEventReadinessFailures/lessCoordinator","Output":"=== RUN   TestEventReadinessFailures/lessCoordinator\n"}
{"Time":"2026-09-05T23:35:29.909976+09:00","Action":"output","Package":"waiting-room/internal/installplan/preflight","Test":"TestEventReadinessFailures/lessCoordinator","Output":"--- PASS: TestEventReadinessFailures/lessCoordinator (0.00s)\n"}
{"Time":"2026-09-05T23:35:29.90998+09:00","Action":"pass","Package":"waiting-room/internal/installplan/preflight","Test":"TestEventReadinessFailures/lessCoordinator","Elapsed":0}
{"Time":"2026-09-05T23:35:29.909994+09:00","Action":"run","Package":"waiting-room/internal/installplan/preflight","Test":"TestEventReadinessFailures/pendingGateway"}
{"Time":"2026-09-05T23:35:29.909997+09:00","Action":"output","Package":"waiting-room/internal/installplan/preflight","Test":"TestEventReadinessFailures/pendingGateway","Output":"=== RUN   TestEventReadinessFailures/pendingGateway\n"}
{"Time":"2026-09-05T23:35:29.91027+09:00","Action":"output","Package":"waiting-room/internal/installplan/preflight","Test":"TestEventReadinessFailures/pendingGateway","Output":"--- PASS: TestEventReadinessFailures/pendingGateway (0.00s)\n"}
{"Time":"2026-09-05T23:35:29.910275+09:00","Action":"pass","Package":"waiting-room/internal/installplan/preflight","Test":"TestEventReadinessFailures/pendingGateway","Elapsed":0}
{"Time":"2026-09-05T23:35:29.910283+09:00","Action":"run","Package":"waiting-room/internal/installplan/preflight","Test":"TestEventReadinessFailures/pendingCoordinator"}
{"Time":"2026-09-05T23:35:29.910285+09:00","Action":"output","Package":"waiting-room/internal/installplan/preflight","Test":"TestEventReadinessFailures/pendingCoordinator","Output":"=== RUN   TestEventReadinessFailures/pendingCoordinator\n"}
{"Time":"2026-09-05T23:35:29.91057+09:00","Action":"output","Package":"waiting-room/internal/installplan/preflight","Test":"TestEventReadinessFailures/pendingCoordinator","Output":"--- PASS: TestEventReadinessFailures/pendingCoordinator (0.00s)\n"}
{"Time":"2026-09-05T23:35:29.910574+09:00","Action":"pass","Package":"waiting-room/internal/installplan/preflight","Test":"TestEventReadinessFailures/pendingCoordinator","Elapsed":0}
{"Time":"2026-09-05T23:35:29.910584+09:00","Action":"run","Package":"waiting-room/internal/installplan/preflight","Test":"TestEventReadinessFailures/pendingControl"}
{"Time":"2026-09-05T23:35:29.910586+09:00","Action":"output","Package":"waiting-room/internal/installplan/preflight","Test":"TestEventReadinessFailures/pendingControl","Output":"=== RUN   TestEventReadinessFailures/pendingControl\n"}
{"Time":"2026-09-05T23:35:29.910862+09:00","Action":"output","Package":"waiting-room/internal/installplan/preflight","Test":"TestEventReadinessFailures/pendingControl","Output":"--- PASS: TestEventReadinessFailures/pendingControl (0.00s)\n"}
{"Time":"2026-09-05T23:35:29.910866+09:00","Action":"pass","Package":"waiting-room/internal/installplan/preflight","Test":"TestEventReadinessFailures/pendingControl","Elapsed":0}
{"Time":"2026-09-05T23:35:29.91089+09:00","Action":"run","Package":"waiting-room/internal/installplan/preflight","Test":"TestEventReadinessFailures/invalidCounts"}
{"Time":"2026-09-05T23:35:29.910904+09:00","Action":"output","Package":"waiting-room/internal/installplan/preflight","Test":"TestEventReadinessFailures/invalidCounts","Output":"=== RUN   TestEventReadinessFailures/invalidCounts\n"}
{"Time":"2026-09-05T23:35:29.911137+09:00","Action":"output","Package":"waiting-room/internal/installplan/preflight","Test":"TestEventReadinessFailures/invalidCounts","Output":"--- PASS: TestEventReadinessFailures/invalidCounts (0.00s)\n"}
{"Time":"2026-09-05T23:35:29.911142+09:00","Action":"pass","Package":"waiting-room/internal/installplan/preflight","Test":"TestEventReadinessFailures/invalidCounts","Elapsed":0}
{"Time":"2026-09-05T23:35:29.911145+09:00","Action":"run","Package":"waiting-room/internal/installplan/preflight","Test":"TestEventReadinessFailures/overMax"}
{"Time":"2026-09-05T23:35:29.911146+09:00","Action":"output","Package":"waiting-room/internal/installplan/preflight","Test":"TestEventReadinessFailures/overMax","Output":"=== RUN   TestEventReadinessFailures/overMax\n"}
{"Time":"2026-09-05T23:35:29.911428+09:00","Action":"output","Package":"waiting-room/internal/installplan/preflight","Test":"TestEventReadinessFailures/overMax","Output":"--- PASS: TestEventReadinessFailures/overMax (0.00s)\n"}
{"Time":"2026-09-05T23:35:29.911432+09:00","Action":"pass","Package":"waiting-room/internal/installplan/preflight","Test":"TestEventReadinessFailures/overMax","Elapsed":0}
{"Time":"2026-09-05T23:35:29.911435+09:00","Action":"run","Package":"waiting-room/internal/installplan/preflight","Test":"TestEventReadinessFailures/negative"}
{"Time":"2026-09-05T23:35:29.911437+09:00","Action":"output","Package":"waiting-room/internal/installplan/preflight","Test":"TestEventReadinessFailures/negative","Output":"=== RUN   TestEventReadinessFailures/negative\n"}
{"Time":"2026-09-05T23:35:29.911711+09:00","Action":"output","Package":"waiting-room/internal/installplan/preflight","Test":"TestEventReadinessFailures/negative","Output":"--- PASS: TestEventReadinessFailures/negative (0.00s)\n"}
{"Time":"2026-09-05T23:35:29.911715+09:00","Action":"pass","Package":"waiting-room/internal/installplan/preflight","Test":"TestEventReadinessFailures/negative","Elapsed":0}
{"Time":"2026-09-05T23:35:29.911731+09:00","Action":"run","Package":"waiting-room/internal/installplan/preflight","Test":"TestEventReadinessFailures/rttExact2"}
{"Time":"2026-09-05T23:35:29.911733+09:00","Action":"output","Package":"waiting-room/internal/installplan/preflight","Test":"TestEventReadinessFailures/rttExact2","Output":"=== RUN   TestEventReadinessFailures/rttExact2\n"}
{"Time":"2026-09-05T23:35:29.912014+09:00","Action":"output","Package":"waiting-room/internal/installplan/preflight","Test":"TestEventReadinessFailures/rttExact2","Output":"--- PASS: TestEventReadinessFailures/rttExact2 (0.00s)\n"}
{"Time":"2026-09-05T23:35:29.912017+09:00","Action":"pass","Package":"waiting-room/internal/installplan/preflight","Test":"TestEventReadinessFailures/rttExact2","Elapsed":0}
{"Time":"2026-09-05T23:35:29.912026+09:00","Action":"run","Package":"waiting-room/internal/installplan/preflight","Test":"TestEventReadinessFailures/rttBelow2"}
{"Time":"2026-09-05T23:35:29.912028+09:00","Action":"output","Package":"waiting-room/internal/installplan/preflight","Test":"TestEventReadinessFailures/rttBelow2","Output":"=== RUN   TestEventReadinessFailures/rttBelow2\n"}
{"Time":"2026-09-05T23:35:29.912292+09:00","Action":"output","Package":"waiting-room/internal/installplan/preflight","Test":"TestEventReadinessFailures/rttBelow2","Output":"--- PASS: TestEventReadinessFailures/rttBelow2 (0.00s)\n"}
{"Time":"2026-09-05T23:35:29.912297+09:00","Action":"pass","Package":"waiting-room/internal/installplan/preflight","Test":"TestEventReadinessFailures/rttBelow2","Elapsed":0}
{"Time":"2026-09-05T23:35:29.912304+09:00","Action":"run","Package":"waiting-room/internal/installplan/preflight","Test":"TestEventReadinessFailures/rttZero"}
{"Time":"2026-09-05T23:35:29.912306+09:00","Action":"output","Package":"waiting-room/internal/installplan/preflight","Test":"TestEventReadinessFailures/rttZero","Output":"=== RUN   TestEventReadinessFailures/rttZero\n"}
{"Time":"2026-09-05T23:35:29.912583+09:00","Action":"output","Package":"waiting-room/internal/installplan/preflight","Test":"TestEventReadinessFailures/rttZero","Output":"--- PASS: TestEventReadinessFailures/rttZero (0.00s)\n"}
{"Time":"2026-09-05T23:35:29.912587+09:00","Action":"pass","Package":"waiting-room/internal/installplan/preflight","Test":"TestEventReadinessFailures/rttZero","Elapsed":0}
{"Time":"2026-09-05T23:35:29.912594+09:00","Action":"run","Package":"waiting-room/internal/installplan/preflight","Test":"TestEventReadinessFailures/rttNegative"}
{"Time":"2026-09-05T23:35:29.912595+09:00","Action":"output","Package":"waiting-room/internal/installplan/preflight","Test":"TestEventReadinessFailures/rttNegative","Output":"=== RUN   TestEventReadinessFailures/rttNegative\n"}
{"Time":"2026-09-05T23:35:29.912851+09:00","Action":"output","Package":"waiting-room/internal/installplan/preflight","Test":"TestEventReadinessFailures/rttNegative","Output":"--- PASS: TestEventReadinessFailures/rttNegative (0.00s)\n"}
{"Time":"2026-09-05T23:35:29.912855+09:00","Action":"pass","Package":"waiting-room/internal/installplan/preflight","Test":"TestEventReadinessFailures/rttNegative","Elapsed":0}
{"Time":"2026-09-05T23:35:29.912865+09:00","Action":"run","Package":"waiting-room/internal/installplan/preflight","Test":"TestEventReadinessFailures/noSamples"}
{"Time":"2026-09-05T23:35:29.912867+09:00","Action":"output","Package":"waiting-room/internal/installplan/preflight","Test":"TestEventReadinessFailures/noSamples","Output":"=== RUN   TestEventReadinessFailures/noSamples\n"}
{"Time":"2026-09-05T23:35:29.913131+09:00","Action":"output","Package":"waiting-room/internal/installplan/preflight","Test":"TestEventReadinessFailures/noSamples","Output":"--- PASS: TestEventReadinessFailures/noSamples (0.00s)\n"}
{"Time":"2026-09-05T23:35:29.913135+09:00","Action":"pass","Package":"waiting-room/internal/installplan/preflight","Test":"TestEventReadinessFailures/noSamples","Elapsed":0}
{"Time":"2026-09-05T23:35:29.913156+09:00","Action":"run","Package":"waiting-room/internal/installplan/preflight","Test":"TestEventReadinessFailures/wrongEvent"}
{"Time":"2026-09-05T23:35:29.913166+09:00","Action":"output","Package":"waiting-room/internal/installplan/preflight","Test":"TestEventReadinessFailures/wrongEvent","Output":"=== RUN   TestEventReadinessFailures/wrongEvent\n"}
{"Time":"2026-09-05T23:35:29.913502+09:00","Action":"output","Package":"waiting-room/internal/installplan/preflight","Test":"TestEventReadinessFailures/wrongEvent","Output":"--- PASS: TestEventReadinessFailures/wrongEvent (0.00s)\n"}
{"Time":"2026-09-05T23:35:29.913507+09:00","Action":"pass","Package":"waiting-room/internal/installplan/preflight","Test":"TestEventReadinessFailures/wrongEvent","Elapsed":0}
{"Time":"2026-09-05T23:35:29.913539+09:00","Action":"output","Package":"waiting-room/internal/installplan/preflight","Test":"TestEventReadinessFailures","Output":"--- PASS: TestEventReadinessFailures (0.00s)\n"}
{"Time":"2026-09-05T23:35:29.913544+09:00","Action":"pass","Package":"waiting-room/internal/installplan/preflight","Test":"TestEventReadinessFailures","Elapsed":0}
{"Time":"2026-09-05T23:35:29.913552+09:00","Action":"run","Package":"waiting-room/internal/installplan/preflight","Test":"TestReportNeverGrantsActivation"}
{"Time":"2026-09-05T23:35:29.913555+09:00","Action":"output","Package":"waiting-room/internal/installplan/preflight","Test":"TestReportNeverGrantsActivation","Output":"=== RUN   TestReportNeverGrantsActivation\n"}
{"Time":"2026-09-05T23:35:29.914368+09:00","Action":"output","Package":"waiting-room/internal/installplan/preflight","Test":"TestReportNeverGrantsActivation","Output":"--- PASS: TestReportNeverGrantsActivation (0.00s)\n"}
{"Time":"2026-09-05T23:35:29.914374+09:00","Action":"pass","Package":"waiting-room/internal/installplan/preflight","Test":"TestReportNeverGrantsActivation","Elapsed":0}
{"Time":"2026-09-05T23:35:29.914384+09:00","Action":"run","Package":"waiting-room/internal/installplan/preflight","Test":"TestMissingAndInvalidEventEvidence"}
{"Time":"2026-09-05T23:35:29.914386+09:00","Action":"output","Package":"waiting-room/internal/installplan/preflight","Test":"TestMissingAndInvalidEventEvidence","Output":"=== RUN   TestMissingAndInvalidEventEvidence\n"}
{"Time":"2026-09-05T23:35:29.914444+09:00","Action":"run","Package":"waiting-room/internal/installplan/preflight","Test":"TestMissingAndInvalidEventEvidence/missing-snapshots"}
{"Time":"2026-09-05T23:35:29.914448+09:00","Action":"output","Package":"waiting-room/internal/installplan/preflight","Test":"TestMissingAndInvalidEventEvidence/missing-snapshots","Output":"=== RUN   TestMissingAndInvalidEventEvidence/missing-snapshots\n"}
{"Time":"2026-09-05T23:35:29.914814+09:00","Action":"output","Package":"waiting-room/internal/installplan/preflight","Test":"TestMissingAndInvalidEventEvidence/missing-snapshots","Output":"--- PASS: TestMissingAndInvalidEventEvidence/missing-snapshots (0.00s)\n"}
{"Time":"2026-09-05T23:35:29.914826+09:00","Action":"pass","Package":"waiting-room/internal/installplan/preflight","Test":"TestMissingAndInvalidEventEvidence/missing-snapshots","Elapsed":0}
{"Time":"2026-09-05T23:35:29.914835+09:00","Action":"run","Package":"waiting-room/internal/installplan/preflight","Test":"TestMissingAndInvalidEventEvidence/invalid-time"}
{"Time":"2026-09-05T23:35:29.914836+09:00","Action":"output","Package":"waiting-room/internal/installplan/preflight","Test":"TestMissingAndInvalidEventEvidence/invalid-time","Output":"=== RUN   TestMissingAndInvalidEventEvidence/invalid-time\n"}
{"Time":"2026-09-05T23:35:29.915157+09:00","Action":"output","Package":"waiting-room/internal/installplan/preflight","Test":"TestMissingAndInvalidEventEvidence/invalid-time","Output":"--- PASS: TestMissingAndInvalidEventEvidence/invalid-time (0.00s)\n"}
{"Time":"2026-09-05T23:35:29.915162+09:00","Action":"pass","Package":"waiting-room/internal/installplan/preflight","Test":"TestMissingAndInvalidEventEvidence/invalid-time","Elapsed":0}
{"Time":"2026-09-05T23:35:29.915178+09:00","Action":"run","Package":"waiting-room/internal/installplan/preflight","Test":"TestMissingAndInvalidEventEvidence/invalid-identity"}
{"Time":"2026-09-05T23:35:29.91518+09:00","Action":"output","Package":"waiting-room/internal/installplan/preflight","Test":"TestMissingAndInvalidEventEvidence/invalid-identity","Output":"=== RUN   TestMissingAndInvalidEventEvidence/invalid-identity\n"}
{"Time":"2026-09-05T23:35:29.915514+09:00","Action":"output","Package":"waiting-room/internal/installplan/preflight","Test":"TestMissingAndInvalidEventEvidence/invalid-identity","Output":"--- PASS: TestMissingAndInvalidEventEvidence/invalid-identity (0.00s)\n"}
{"Time":"2026-09-05T23:35:29.915527+09:00","Action":"pass","Package":"waiting-room/internal/installplan/preflight","Test":"TestMissingAndInvalidEventEvidence/invalid-identity","Elapsed":0}
{"Time":"2026-09-05T23:35:29.915771+09:00","Action":"output","Package":"waiting-room/internal/installplan/preflight","Test":"TestMissingAndInvalidEventEvidence","Output":"--- PASS: TestMissingAndInvalidEventEvidence (0.00s)\n"}
{"Time":"2026-09-05T23:35:29.915776+09:00","Action":"pass","Package":"waiting-room/internal/installplan/preflight","Test":"TestMissingAndInvalidEventEvidence","Elapsed":0}
{"Time":"2026-09-05T23:35:29.915789+09:00","Action":"run","Package":"waiting-room/internal/installplan/preflight","Test":"TestContextBindingAndDeterminism"}
{"Time":"2026-09-05T23:35:29.915791+09:00","Action":"output","Package":"waiting-room/internal/installplan/preflight","Test":"TestContextBindingAndDeterminism","Output":"=== RUN   TestContextBindingAndDeterminism\n"}
{"Time":"2026-09-05T23:35:29.916285+09:00","Action":"run","Package":"waiting-room/internal/installplan/preflight","Test":"TestContextBindingAndDeterminism/repeat"}
{"Time":"2026-09-05T23:35:29.916294+09:00","Action":"output","Package":"waiting-room/internal/installplan/preflight","Test":"TestContextBindingAndDeterminism/repeat","Output":"=== RUN   TestContextBindingAndDeterminism/repeat\n"}
{"Time":"2026-09-05T23:35:29.916303+09:00","Action":"output","Package":"waiting-room/internal/installplan/preflight","Test":"TestContextBindingAndDeterminism/repeat","Output":"=== PAUSE TestContextBindingAndDeterminism/repeat\n"}
{"Time":"2026-09-05T23:35:29.916305+09:00","Action":"pause","Package":"waiting-room/internal/installplan/preflight","Test":"TestContextBindingAndDeterminism/repeat"}
{"Time":"2026-09-05T23:35:29.916324+09:00","Action":"run","Package":"waiting-room/internal/installplan/preflight","Test":"TestContextBindingAndDeterminism/repeat#01"}
{"Time":"2026-09-05T23:35:29.916326+09:00","Action":"output","Package":"waiting-room/internal/installplan/preflight","Test":"TestContextBindingAndDeterminism/repeat#01","Output":"=== RUN   TestContextBindingAndDeterminism/repeat#01\n"}
{"Time":"2026-09-05T23:35:29.916337+09:00","Action":"output","Package":"waiting-room/internal/installplan/preflight","Test":"TestContextBindingAndDeterminism/repeat#01","Output":"=== PAUSE TestContextBindingAndDeterminism/repeat#01\n"}
{"Time":"2026-09-05T23:35:29.916339+09:00","Action":"pause","Package":"waiting-room/internal/installplan/preflight","Test":"TestContextBindingAndDeterminism/repeat#01"}
{"Time":"2026-09-05T23:35:29.916351+09:00","Action":"run","Package":"waiting-room/internal/installplan/preflight","Test":"TestContextBindingAndDeterminism/repeat#02"}
{"Time":"2026-09-05T23:35:29.916353+09:00","Action":"output","Package":"waiting-room/internal/installplan/preflight","Test":"TestContextBindingAndDeterminism/repeat#02","Output":"=== RUN   TestContextBindingAndDeterminism/repeat#02\n"}
{"Time":"2026-09-05T23:35:29.91636+09:00","Action":"output","Package":"waiting-room/internal/installplan/preflight","Test":"TestContextBindingAndDeterminism/repeat#02","Output":"=== PAUSE TestContextBindingAndDeterminism/repeat#02\n"}
{"Time":"2026-09-05T23:35:29.916362+09:00","Action":"pause","Package":"waiting-room/internal/installplan/preflight","Test":"TestContextBindingAndDeterminism/repeat#02"}
{"Time":"2026-09-05T23:35:29.916376+09:00","Action":"run","Package":"waiting-room/internal/installplan/preflight","Test":"TestContextBindingAndDeterminism/repeat#03"}
{"Time":"2026-09-05T23:35:29.916378+09:00","Action":"output","Package":"waiting-room/internal/installplan/preflight","Test":"TestContextBindingAndDeterminism/repeat#03","Output":"=== RUN   TestContextBindingAndDeterminism/repeat#03\n"}
{"Time":"2026-09-05T23:35:29.916391+09:00","Action":"output","Package":"waiting-room/internal/installplan/preflight","Test":"TestContextBindingAndDeterminism/repeat#03","Output":"=== PAUSE TestContextBindingAndDeterminism/repeat#03\n"}
{"Time":"2026-09-05T23:35:29.916393+09:00","Action":"pause","Package":"waiting-room/internal/installplan/preflight","Test":"TestContextBindingAndDeterminism/repeat#03"}
{"Time":"2026-09-05T23:35:29.916409+09:00","Action":"run","Package":"waiting-room/internal/installplan/preflight","Test":"TestContextBindingAndDeterminism/repeat#04"}
{"Time":"2026-09-05T23:35:29.916411+09:00","Action":"output","Package":"waiting-room/internal/installplan/preflight","Test":"TestContextBindingAndDeterminism/repeat#04","Output":"=== RUN   TestContextBindingAndDeterminism/repeat#04\n"}
{"Time":"2026-09-05T23:35:29.916425+09:00","Action":"output","Package":"waiting-room/internal/installplan/preflight","Test":"TestContextBindingAndDeterminism/repeat#04","Output":"=== PAUSE TestContextBindingAndDeterminism/repeat#04\n"}
{"Time":"2026-09-05T23:35:29.916427+09:00","Action":"pause","Package":"waiting-room/internal/installplan/preflight","Test":"TestContextBindingAndDeterminism/repeat#04"}
{"Time":"2026-09-05T23:35:29.916441+09:00","Action":"run","Package":"waiting-room/internal/installplan/preflight","Test":"TestContextBindingAndDeterminism/repeat#05"}
{"Time":"2026-09-05T23:35:29.916443+09:00","Action":"output","Package":"waiting-room/internal/installplan/preflight","Test":"TestContextBindingAndDeterminism/repeat#05","Output":"=== RUN   TestContextBindingAndDeterminism/repeat#05\n"}
{"Time":"2026-09-05T23:35:29.916451+09:00","Action":"output","Package":"waiting-room/internal/installplan/preflight","Test":"TestContextBindingAndDeterminism/repeat#05","Output":"=== PAUSE TestContextBindingAndDeterminism/repeat#05\n"}
{"Time":"2026-09-05T23:35:29.916453+09:00","Action":"pause","Package":"waiting-room/internal/installplan/preflight","Test":"TestContextBindingAndDeterminism/repeat#05"}
{"Time":"2026-09-05T23:35:29.916469+09:00","Action":"run","Package":"waiting-room/internal/installplan/preflight","Test":"TestContextBindingAndDeterminism/repeat#06"}
{"Time":"2026-09-05T23:35:29.916471+09:00","Action":"output","Package":"waiting-room/internal/installplan/preflight","Test":"TestContextBindingAndDeterminism/repeat#06","Output":"=== RUN   TestContextBindingAndDeterminism/repeat#06\n"}
{"Time":"2026-09-05T23:35:29.916481+09:00","Action":"output","Package":"waiting-room/internal/installplan/preflight","Test":"TestContextBindingAndDeterminism/repeat#06","Output":"=== PAUSE TestContextBindingAndDeterminism/repeat#06\n"}
{"Time":"2026-09-05T23:35:29.916483+09:00","Action":"pause","Package":"waiting-room/internal/installplan/preflight","Test":"TestContextBindingAndDeterminism/repeat#06"}
{"Time":"2026-09-05T23:35:29.916497+09:00","Action":"run","Package":"waiting-room/internal/installplan/preflight","Test":"TestContextBindingAndDeterminism/repeat#07"}
{"Time":"2026-09-05T23:35:29.916498+09:00","Action":"output","Package":"waiting-room/internal/installplan/preflight","Test":"TestContextBindingAndDeterminism/repeat#07","Output":"=== RUN   TestContextBindingAndDeterminism/repeat#07\n"}
{"Time":"2026-09-05T23:35:29.916507+09:00","Action":"output","Package":"waiting-room/internal/installplan/preflight","Test":"TestContextBindingAndDeterminism/repeat#07","Output":"=== PAUSE TestContextBindingAndDeterminism/repeat#07\n"}
{"Time":"2026-09-05T23:35:29.916511+09:00","Action":"pause","Package":"waiting-room/internal/installplan/preflight","Test":"TestContextBindingAndDeterminism/repeat#07"}
{"Time":"2026-09-05T23:35:29.916521+09:00","Action":"run","Package":"waiting-room/internal/installplan/preflight","Test":"TestContextBindingAndDeterminism/repeat#08"}
{"Time":"2026-09-05T23:35:29.916523+09:00","Action":"output","Package":"waiting-room/internal/installplan/preflight","Test":"TestContextBindingAndDeterminism/repeat#08","Output":"=== RUN   TestContextBindingAndDeterminism/repeat#08\n"}
{"Time":"2026-09-05T23:35:29.916531+09:00","Action":"output","Package":"waiting-room/internal/installplan/preflight","Test":"TestContextBindingAndDeterminism/repeat#08","Output":"=== PAUSE TestContextBindingAndDeterminism/repeat#08\n"}
{"Time":"2026-09-05T23:35:29.916535+09:00","Action":"pause","Package":"waiting-room/internal/installplan/preflight","Test":"TestContextBindingAndDeterminism/repeat#08"}
{"Time":"2026-09-05T23:35:29.916549+09:00","Action":"run","Package":"waiting-room/internal/installplan/preflight","Test":"TestContextBindingAndDeterminism/repeat#09"}
{"Time":"2026-09-05T23:35:29.916551+09:00","Action":"output","Package":"waiting-room/internal/installplan/preflight","Test":"TestContextBindingAndDeterminism/repeat#09","Output":"=== RUN   TestContextBindingAndDeterminism/repeat#09\n"}
{"Time":"2026-09-05T23:35:29.916565+09:00","Action":"output","Package":"waiting-room/internal/installplan/preflight","Test":"TestContextBindingAndDeterminism/repeat#09","Output":"=== PAUSE TestContextBindingAndDeterminism/repeat#09\n"}
{"Time":"2026-09-05T23:35:29.916567+09:00","Action":"pause","Package":"waiting-room/internal/installplan/preflight","Test":"TestContextBindingAndDeterminism/repeat#09"}
{"Time":"2026-09-05T23:35:29.916582+09:00","Action":"run","Package":"waiting-room/internal/installplan/preflight","Test":"TestContextBindingAndDeterminism/repeat#10"}
{"Time":"2026-09-05T23:35:29.916584+09:00","Action":"output","Package":"waiting-room/internal/installplan/preflight","Test":"TestContextBindingAndDeterminism/repeat#10","Output":"=== RUN   TestContextBindingAndDeterminism/repeat#10\n"}
{"Time":"2026-09-05T23:35:29.916596+09:00","Action":"output","Package":"waiting-room/internal/installplan/preflight","Test":"TestContextBindingAndDeterminism/repeat#10","Output":"=== PAUSE TestContextBindingAndDeterminism/repeat#10\n"}
{"Time":"2026-09-05T23:35:29.916598+09:00","Action":"pause","Package":"waiting-room/internal/installplan/preflight","Test":"TestContextBindingAndDeterminism/repeat#10"}
{"Time":"2026-09-05T23:35:29.916614+09:00","Action":"run","Package":"waiting-room/internal/installplan/preflight","Test":"TestContextBindingAndDeterminism/repeat#11"}
{"Time":"2026-09-05T23:35:29.916615+09:00","Action":"output","Package":"waiting-room/internal/installplan/preflight","Test":"TestContextBindingAndDeterminism/repeat#11","Output":"=== RUN   TestContextBindingAndDeterminism/repeat#11\n"}
{"Time":"2026-09-05T23:35:29.91663+09:00","Action":"output","Package":"waiting-room/internal/installplan/preflight","Test":"TestContextBindingAndDeterminism/repeat#11","Output":"=== PAUSE TestContextBindingAndDeterminism/repeat#11\n"}
{"Time":"2026-09-05T23:35:29.916632+09:00","Action":"pause","Package":"waiting-room/internal/installplan/preflight","Test":"TestContextBindingAndDeterminism/repeat#11"}
{"Time":"2026-09-05T23:35:29.916646+09:00","Action":"run","Package":"waiting-room/internal/installplan/preflight","Test":"TestContextBindingAndDeterminism/repeat#12"}
{"Time":"2026-09-05T23:35:29.916647+09:00","Action":"output","Package":"waiting-room/internal/installplan/preflight","Test":"TestContextBindingAndDeterminism/repeat#12","Output":"=== RUN   TestContextBindingAndDeterminism/repeat#12\n"}
{"Time":"2026-09-05T23:35:29.916656+09:00","Action":"output","Package":"waiting-room/internal/installplan/preflight","Test":"TestContextBindingAndDeterminism/repeat#12","Output":"=== PAUSE TestContextBindingAndDeterminism/repeat#12\n"}
{"Time":"2026-09-05T23:35:29.916659+09:00","Action":"pause","Package":"waiting-room/internal/installplan/preflight","Test":"TestContextBindingAndDeterminism/repeat#12"}
{"Time":"2026-09-05T23:35:29.916666+09:00","Action":"run","Package":"waiting-room/internal/installplan/preflight","Test":"TestContextBindingAndDeterminism/repeat#13"}
{"Time":"2026-09-05T23:35:29.916668+09:00","Action":"output","Package":"waiting-room/internal/installplan/preflight","Test":"TestContextBindingAndDeterminism/repeat#13","Output":"=== RUN   TestContextBindingAndDeterminism/repeat#13\n"}
{"Time":"2026-09-05T23:35:29.916675+09:00","Action":"output","Package":"waiting-room/internal/installplan/preflight","Test":"TestContextBindingAndDeterminism/repeat#13","Output":"=== PAUSE TestContextBindingAndDeterminism/repeat#13\n"}
{"Time":"2026-09-05T23:35:29.916677+09:00","Action":"pause","Package":"waiting-room/internal/installplan/preflight","Test":"TestContextBindingAndDeterminism/repeat#13"}
{"Time":"2026-09-05T23:35:29.916691+09:00","Action":"run","Package":"waiting-room/internal/installplan/preflight","Test":"TestContextBindingAndDeterminism/repeat#14"}
{"Time":"2026-09-05T23:35:29.916693+09:00","Action":"output","Package":"waiting-room/internal/installplan/preflight","Test":"TestContextBindingAndDeterminism/repeat#14","Output":"=== RUN   TestContextBindingAndDeterminism/repeat#14\n"}
{"Time":"2026-09-05T23:35:29.916761+09:00","Action":"output","Package":"waiting-room/internal/installplan/preflight","Test":"TestContextBindingAndDeterminism/repeat#14","Output":"=== PAUSE TestContextBindingAndDeterminism/repeat#14\n"}
{"Time":"2026-09-05T23:35:29.916764+09:00","Action":"pause","Package":"waiting-room/internal/installplan/preflight","Test":"TestContextBindingAndDeterminism/repeat#14"}
{"Time":"2026-09-05T23:35:29.91677+09:00","Action":"run","Package":"waiting-room/internal/installplan/preflight","Test":"TestContextBindingAndDeterminism/repeat#15"}
{"Time":"2026-09-05T23:35:29.916772+09:00","Action":"output","Package":"waiting-room/internal/installplan/preflight","Test":"TestContextBindingAndDeterminism/repeat#15","Output":"=== RUN   TestContextBindingAndDeterminism/repeat#15\n"}
{"Time":"2026-09-05T23:35:29.916783+09:00","Action":"output","Package":"waiting-room/internal/installplan/preflight","Test":"TestContextBindingAndDeterminism/repeat#15","Output":"=== PAUSE TestContextBindingAndDeterminism/repeat#15\n"}
{"Time":"2026-09-05T23:35:29.916786+09:00","Action":"pause","Package":"waiting-room/internal/installplan/preflight","Test":"TestContextBindingAndDeterminism/repeat#15"}
{"Time":"2026-09-05T23:35:29.9168+09:00","Action":"run","Package":"waiting-room/internal/installplan/preflight","Test":"TestContextBindingAndDeterminism/repeat#16"}
{"Time":"2026-09-05T23:35:29.916803+09:00","Action":"output","Package":"waiting-room/internal/installplan/preflight","Test":"TestContextBindingAndDeterminism/repeat#16","Output":"=== RUN   TestContextBindingAndDeterminism/repeat#16\n"}
{"Time":"2026-09-05T23:35:29.91682+09:00","Action":"output","Package":"waiting-room/internal/installplan/preflight","Test":"TestContextBindingAndDeterminism/repeat#16","Output":"=== PAUSE TestContextBindingAndDeterminism/repeat#16\n"}
{"Time":"2026-09-05T23:35:29.916823+09:00","Action":"pause","Package":"waiting-room/internal/installplan/preflight","Test":"TestContextBindingAndDeterminism/repeat#16"}
{"Time":"2026-09-05T23:35:29.91684+09:00","Action":"run","Package":"waiting-room/internal/installplan/preflight","Test":"TestContextBindingAndDeterminism/repeat#17"}
{"Time":"2026-09-05T23:35:29.916842+09:00","Action":"output","Package":"waiting-room/internal/installplan/preflight","Test":"TestContextBindingAndDeterminism/repeat#17","Output":"=== RUN   TestContextBindingAndDeterminism/repeat#17\n"}
{"Time":"2026-09-05T23:35:29.916854+09:00","Action":"output","Package":"waiting-room/internal/installplan/preflight","Test":"TestContextBindingAndDeterminism/repeat#17","Output":"=== PAUSE TestContextBindingAndDeterminism/repeat#17\n"}
{"Time":"2026-09-05T23:35:29.916857+09:00","Action":"pause","Package":"waiting-room/internal/installplan/preflight","Test":"TestContextBindingAndDeterminism/repeat#17"}
{"Time":"2026-09-05T23:35:29.916873+09:00","Action":"run","Package":"waiting-room/internal/installplan/preflight","Test":"TestContextBindingAndDeterminism/repeat#18"}
{"Time":"2026-09-05T23:35:29.916874+09:00","Action":"output","Package":"waiting-room/internal/installplan/preflight","Test":"TestContextBindingAndDeterminism/repeat#18","Output":"=== RUN   TestContextBindingAndDeterminism/repeat#18\n"}
{"Time":"2026-09-05T23:35:29.916889+09:00","Action":"output","Package":"waiting-room/internal/installplan/preflight","Test":"TestContextBindingAndDeterminism/repeat#18","Output":"=== PAUSE TestContextBindingAndDeterminism/repeat#18\n"}
{"Time":"2026-09-05T23:35:29.916891+09:00","Action":"pause","Package":"waiting-room/internal/installplan/preflight","Test":"TestContextBindingAndDeterminism/repeat#18"}
{"Time":"2026-09-05T23:35:29.916907+09:00","Action":"run","Package":"waiting-room/internal/installplan/preflight","Test":"TestContextBindingAndDeterminism/repeat#19"}
{"Time":"2026-09-05T23:35:29.91691+09:00","Action":"output","Package":"waiting-room/internal/installplan/preflight","Test":"TestContextBindingAndDeterminism/repeat#19","Output":"=== RUN   TestContextBindingAndDeterminism/repeat#19\n"}
{"Time":"2026-09-05T23:35:29.91692+09:00","Action":"output","Package":"waiting-room/internal/installplan/preflight","Test":"TestContextBindingAndDeterminism/repeat#19","Output":"=== PAUSE TestContextBindingAndDeterminism/repeat#19\n"}
{"Time":"2026-09-05T23:35:29.916924+09:00","Action":"pause","Package":"waiting-room/internal/installplan/preflight","Test":"TestContextBindingAndDeterminism/repeat#19"}
{"Time":"2026-09-05T23:35:29.916936+09:00","Action":"run","Package":"waiting-room/internal/installplan/preflight","Test":"TestContextBindingAndDeterminism/repeat#20"}
{"Time":"2026-09-05T23:35:29.916939+09:00","Action":"output","Package":"waiting-room/internal/installplan/preflight","Test":"TestContextBindingAndDeterminism/repeat#20","Output":"=== RUN   TestContextBindingAndDeterminism/repeat#20\n"}
{"Time":"2026-09-05T23:35:29.916954+09:00","Action":"output","Package":"waiting-room/internal/installplan/preflight","Test":"TestContextBindingAndDeterminism/repeat#20","Output":"=== PAUSE TestContextBindingAndDeterminism/repeat#20\n"}
{"Time":"2026-09-05T23:35:29.916956+09:00","Action":"pause","Package":"waiting-room/internal/installplan/preflight","Test":"TestContextBindingAndDeterminism/repeat#20"}
{"Time":"2026-09-05T23:35:29.916968+09:00","Action":"run","Package":"waiting-room/internal/installplan/preflight","Test":"TestContextBindingAndDeterminism/repeat#21"}
{"Time":"2026-09-05T23:35:29.916971+09:00","Action":"output","Package":"waiting-room/internal/installplan/preflight","Test":"TestContextBindingAndDeterminism/repeat#21","Output":"=== RUN   TestContextBindingAndDeterminism/repeat#21\n"}
{"Time":"2026-09-05T23:35:29.916982+09:00","Action":"output","Package":"waiting-room/internal/installplan/preflight","Test":"TestContextBindingAndDeterminism/repeat#21","Output":"=== PAUSE TestContextBindingAndDeterminism/repeat#21\n"}
{"Time":"2026-09-05T23:35:29.916985+09:00","Action":"pause","Package":"waiting-room/internal/installplan/preflight","Test":"TestContextBindingAndDeterminism/repeat#21"}
{"Time":"2026-09-05T23:35:29.917004+09:00","Action":"run","Package":"waiting-room/internal/installplan/preflight","Test":"TestContextBindingAndDeterminism/repeat#22"}
{"Time":"2026-09-05T23:35:29.917007+09:00","Action":"output","Package":"waiting-room/internal/installplan/preflight","Test":"TestContextBindingAndDeterminism/repeat#22","Output":"=== RUN   TestContextBindingAndDeterminism/repeat#22\n"}
{"Time":"2026-09-05T23:35:29.917018+09:00","Action":"output","Package":"waiting-room/internal/installplan/preflight","Test":"TestContextBindingAndDeterminism/repeat#22","Output":"=== PAUSE TestContextBindingAndDeterminism/repeat#22\n"}
{"Time":"2026-09-05T23:35:29.91702+09:00","Action":"pause","Package":"waiting-room/internal/installplan/preflight","Test":"TestContextBindingAndDeterminism/repeat#22"}
{"Time":"2026-09-05T23:35:29.917037+09:00","Action":"run","Package":"waiting-room/internal/installplan/preflight","Test":"TestContextBindingAndDeterminism/repeat#23"}
{"Time":"2026-09-05T23:35:29.917039+09:00","Action":"output","Package":"waiting-room/internal/installplan/preflight","Test":"TestContextBindingAndDeterminism/repeat#23","Output":"=== RUN   TestContextBindingAndDeterminism/repeat#23\n"}
{"Time":"2026-09-05T23:35:29.917051+09:00","Action":"output","Package":"waiting-room/internal/installplan/preflight","Test":"TestContextBindingAndDeterminism/repeat#23","Output":"=== PAUSE TestContextBindingAndDeterminism/repeat#23\n"}
{"Time":"2026-09-05T23:35:29.917053+09:00","Action":"pause","Package":"waiting-room/internal/installplan/preflight","Test":"TestContextBindingAndDeterminism/repeat#23"}
{"Time":"2026-09-05T23:35:29.917068+09:00","Action":"run","Package":"waiting-room/internal/installplan/preflight","Test":"TestContextBindingAndDeterminism/repeat#24"}
{"Time":"2026-09-05T23:35:29.91707+09:00","Action":"output","Package":"waiting-room/internal/installplan/preflight","Test":"TestContextBindingAndDeterminism/repeat#24","Output":"=== RUN   TestContextBindingAndDeterminism/repeat#24\n"}
{"Time":"2026-09-05T23:35:29.917085+09:00","Action":"output","Package":"waiting-room/internal/installplan/preflight","Test":"TestContextBindingAndDeterminism/repeat#24","Output":"=== PAUSE TestContextBindingAndDeterminism/repeat#24\n"}
{"Time":"2026-09-05T23:35:29.91709+09:00","Action":"pause","Package":"waiting-room/internal/installplan/preflight","Test":"TestContextBindingAndDeterminism/repeat#24"}
{"Time":"2026-09-05T23:35:29.917102+09:00","Action":"run","Package":"waiting-room/internal/installplan/preflight","Test":"TestContextBindingAndDeterminism/repeat#25"}
{"Time":"2026-09-05T23:35:29.917103+09:00","Action":"output","Package":"waiting-room/internal/installplan/preflight","Test":"TestContextBindingAndDeterminism/repeat#25","Output":"=== RUN   TestContextBindingAndDeterminism/repeat#25\n"}
{"Time":"2026-09-05T23:35:29.917126+09:00","Action":"output","Package":"waiting-room/internal/installplan/preflight","Test":"TestContextBindingAndDeterminism/repeat#25","Output":"=== PAUSE TestContextBindingAndDeterminism/repeat#25\n"}
{"Time":"2026-09-05T23:35:29.917129+09:00","Action":"pause","Package":"waiting-room/internal/installplan/preflight","Test":"TestContextBindingAndDeterminism/repeat#25"}
{"Time":"2026-09-05T23:35:29.917148+09:00","Action":"run","Package":"waiting-room/internal/installplan/preflight","Test":"TestContextBindingAndDeterminism/repeat#26"}
{"Time":"2026-09-05T23:35:29.91715+09:00","Action":"output","Package":"waiting-room/internal/installplan/preflight","Test":"TestContextBindingAndDeterminism/repeat#26","Output":"=== RUN   TestContextBindingAndDeterminism/repeat#26\n"}
{"Time":"2026-09-05T23:35:29.917165+09:00","Action":"output","Package":"waiting-room/internal/installplan/preflight","Test":"TestContextBindingAndDeterminism/repeat#26","Output":"=== PAUSE TestContextBindingAndDeterminism/repeat#26\n"}
{"Time":"2026-09-05T23:35:29.917167+09:00","Action":"pause","Package":"waiting-room/internal/installplan/preflight","Test":"TestContextBindingAndDeterminism/repeat#26"}
{"Time":"2026-09-05T23:35:29.917182+09:00","Action":"run","Package":"waiting-room/internal/installplan/preflight","Test":"TestContextBindingAndDeterminism/repeat#27"}
{"Time":"2026-09-05T23:35:29.917183+09:00","Action":"output","Package":"waiting-room/internal/installplan/preflight","Test":"TestContextBindingAndDeterminism/repeat#27","Output":"=== RUN   TestContextBindingAndDeterminism/repeat#27\n"}
{"Time":"2026-09-05T23:35:29.917196+09:00","Action":"output","Package":"waiting-room/internal/installplan/preflight","Test":"TestContextBindingAndDeterminism/repeat#27","Output":"=== PAUSE TestContextBindingAndDeterminism/repeat#27\n"}
{"Time":"2026-09-05T23:35:29.917198+09:00","Action":"pause","Package":"waiting-room/internal/installplan/preflight","Test":"TestContextBindingAndDeterminism/repeat#27"}
{"Time":"2026-09-05T23:35:29.917216+09:00","Action":"run","Package":"waiting-room/internal/installplan/preflight","Test":"TestContextBindingAndDeterminism/repeat#28"}
{"Time":"2026-09-05T23:35:29.917217+09:00","Action":"output","Package":"waiting-room/internal/installplan/preflight","Test":"TestContextBindingAndDeterminism/repeat#28","Output":"=== RUN   TestContextBindingAndDeterminism/repeat#28\n"}
{"Time":"2026-09-05T23:35:29.917231+09:00","Action":"output","Package":"waiting-room/internal/installplan/preflight","Test":"TestContextBindingAndDeterminism/repeat#28","Output":"=== PAUSE TestContextBindingAndDeterminism/repeat#28\n"}
{"Time":"2026-09-05T23:35:29.917236+09:00","Action":"pause","Package":"waiting-room/internal/installplan/preflight","Test":"TestContextBindingAndDeterminism/repeat#28"}
{"Time":"2026-09-05T23:35:29.917248+09:00","Action":"run","Package":"waiting-room/internal/installplan/preflight","Test":"TestContextBindingAndDeterminism/repeat#29"}
{"Time":"2026-09-05T23:35:29.917251+09:00","Action":"output","Package":"waiting-room/internal/installplan/preflight","Test":"TestContextBindingAndDeterminism/repeat#29","Output":"=== RUN   TestContextBindingAndDeterminism/repeat#29\n"}
{"Time":"2026-09-05T23:35:29.917264+09:00","Action":"output","Package":"waiting-room/internal/installplan/preflight","Test":"TestContextBindingAndDeterminism/repeat#29","Output":"=== PAUSE TestContextBindingAndDeterminism/repeat#29\n"}
{"Time":"2026-09-05T23:35:29.917267+09:00","Action":"pause","Package":"waiting-room/internal/installplan/preflight","Test":"TestContextBindingAndDeterminism/repeat#29"}
{"Time":"2026-09-05T23:35:29.917282+09:00","Action":"run","Package":"waiting-room/internal/installplan/preflight","Test":"TestContextBindingAndDeterminism/repeat#30"}
{"Time":"2026-09-05T23:35:29.917284+09:00","Action":"output","Package":"waiting-room/internal/installplan/preflight","Test":"TestContextBindingAndDeterminism/repeat#30","Output":"=== RUN   TestContextBindingAndDeterminism/repeat#30\n"}
{"Time":"2026-09-05T23:35:29.917292+09:00","Action":"output","Package":"waiting-room/internal/installplan/preflight","Test":"TestContextBindingAndDeterminism/repeat#30","Output":"=== PAUSE TestContextBindingAndDeterminism/repeat#30\n"}
{"Time":"2026-09-05T23:35:29.917293+09:00","Action":"pause","Package":"waiting-room/internal/installplan/preflight","Test":"TestContextBindingAndDeterminism/repeat#30"}
{"Time":"2026-09-05T23:35:29.917305+09:00","Action":"run","Package":"waiting-room/internal/installplan/preflight","Test":"TestContextBindingAndDeterminism/repeat#31"}
{"Time":"2026-09-05T23:35:29.917308+09:00","Action":"output","Package":"waiting-room/internal/installplan/preflight","Test":"TestContextBindingAndDeterminism/repeat#31","Output":"=== RUN   TestContextBindingAndDeterminism/repeat#31\n"}
{"Time":"2026-09-05T23:35:29.917321+09:00","Action":"output","Package":"waiting-room/internal/installplan/preflight","Test":"TestContextBindingAndDeterminism/repeat#31","Output":"=== PAUSE TestContextBindingAndDeterminism/repeat#31\n"}
{"Time":"2026-09-05T23:35:29.917324+09:00","Action":"pause","Package":"waiting-room/internal/installplan/preflight","Test":"TestContextBindingAndDeterminism/repeat#31"}
{"Time":"2026-09-05T23:35:29.917333+09:00","Action":"run","Package":"waiting-room/internal/installplan/preflight","Test":"TestContextBindingAndDeterminism/repeat#32"}
{"Time":"2026-09-05T23:35:29.917336+09:00","Action":"output","Package":"waiting-room/internal/installplan/preflight","Test":"TestContextBindingAndDeterminism/repeat#32","Output":"=== RUN   TestContextBindingAndDeterminism/repeat#32\n"}
{"Time":"2026-09-05T23:35:29.917344+09:00","Action":"output","Package":"waiting-room/internal/installplan/preflight","Test":"TestContextBindingAndDeterminism/repeat#32","Output":"=== PAUSE TestContextBindingAndDeterminism/repeat#32\n"}
{"Time":"2026-09-05T23:35:29.917347+09:00","Action":"pause","Package":"waiting-room/internal/installplan/preflight","Test":"TestContextBindingAndDeterminism/repeat#32"}
{"Time":"2026-09-05T23:35:29.917358+09:00","Action":"run","Package":"waiting-room/internal/installplan/preflight","Test":"TestContextBindingAndDeterminism/repeat#33"}
{"Time":"2026-09-05T23:35:29.917361+09:00","Action":"output","Package":"waiting-room/internal/installplan/preflight","Test":"TestContextBindingAndDeterminism/repeat#33","Output":"=== RUN   TestContextBindingAndDeterminism/repeat#33\n"}
{"Time":"2026-09-05T23:35:29.917373+09:00","Action":"output","Package":"waiting-room/internal/installplan/preflight","Test":"TestContextBindingAndDeterminism/repeat#33","Output":"=== PAUSE TestContextBindingAndDeterminism/repeat#33\n"}
{"Time":"2026-09-05T23:35:29.917378+09:00","Action":"pause","Package":"waiting-room/internal/installplan/preflight","Test":"TestContextBindingAndDeterminism/repeat#33"}
{"Time":"2026-09-05T23:35:29.917389+09:00","Action":"run","Package":"waiting-room/internal/installplan/preflight","Test":"TestContextBindingAndDeterminism/repeat#34"}
{"Time":"2026-09-05T23:35:29.917395+09:00","Action":"output","Package":"waiting-room/internal/installplan/preflight","Test":"TestContextBindingAndDeterminism/repeat#34","Output":"=== RUN   TestContextBindingAndDeterminism/repeat#34\n"}
{"Time":"2026-09-05T23:35:29.917397+09:00","Action":"output","Package":"waiting-room/internal/installplan/preflight","Test":"TestContextBindingAndDeterminism/repeat#34","Output":"=== PAUSE TestContextBindingAndDeterminism/repeat#34\n"}
{"Time":"2026-09-05T23:35:29.917398+09:00","Action":"pause","Package":"waiting-room/internal/installplan/preflight","Test":"TestContextBindingAndDeterminism/repeat#34"}
{"Time":"2026-09-05T23:35:29.917413+09:00","Action":"run","Package":"waiting-room/internal/installplan/preflight","Test":"TestContextBindingAndDeterminism/repeat#35"}
{"Time":"2026-09-05T23:35:29.917415+09:00","Action":"output","Package":"waiting-room/internal/installplan/preflight","Test":"TestContextBindingAndDeterminism/repeat#35","Output":"=== RUN   TestContextBindingAndDeterminism/repeat#35\n"}
{"Time":"2026-09-05T23:35:29.917418+09:00","Action":"output","Package":"waiting-room/internal/installplan/preflight","Test":"TestContextBindingAndDeterminism/repeat#35","Output":"=== PAUSE TestContextBindingAndDeterminism/repeat#35\n"}
{"Time":"2026-09-05T23:35:29.917419+09:00","Action":"pause","Package":"waiting-room/internal/installplan/preflight","Test":"TestContextBindingAndDeterminism/repeat#35"}
{"Time":"2026-09-05T23:35:29.917431+09:00","Action":"run","Package":"waiting-room/internal/installplan/preflight","Test":"TestContextBindingAndDeterminism/repeat#36"}
{"Time":"2026-09-05T23:35:29.917433+09:00","Action":"output","Package":"waiting-room/internal/installplan/preflight","Test":"TestContextBindingAndDeterminism/repeat#36","Output":"=== RUN   TestContextBindingAndDeterminism/repeat#36\n"}
{"Time":"2026-09-05T23:35:29.917453+09:00","Action":"output","Package":"waiting-room/internal/installplan/preflight","Test":"TestContextBindingAndDeterminism/repeat#36","Output":"=== PAUSE TestContextBindingAndDeterminism/repeat#36\n"}
{"Time":"2026-09-05T23:35:29.917458+09:00","Action":"pause","Package":"waiting-room/internal/installplan/preflight","Test":"TestContextBindingAndDeterminism/repeat#36"}
{"Time":"2026-09-05T23:35:29.917473+09:00","Action":"run","Package":"waiting-room/internal/installplan/preflight","Test":"TestContextBindingAndDeterminism/repeat#37"}
{"Time":"2026-09-05T23:35:29.917477+09:00","Action":"output","Package":"waiting-room/internal/installplan/preflight","Test":"TestContextBindingAndDeterminism/repeat#37","Output":"=== RUN   TestContextBindingAndDeterminism/repeat#37\n"}
{"Time":"2026-09-05T23:35:29.917479+09:00","Action":"output","Package":"waiting-room/internal/installplan/preflight","Test":"TestContextBindingAndDeterminism/repeat#37","Output":"=== PAUSE TestContextBindingAndDeterminism/repeat#37\n"}
{"Time":"2026-09-05T23:35:29.917481+09:00","Action":"pause","Package":"waiting-room/internal/installplan/preflight","Test":"TestContextBindingAndDeterminism/repeat#37"}
{"Time":"2026-09-05T23:35:29.917493+09:00","Action":"run","Package":"waiting-room/internal/installplan/preflight","Test":"TestContextBindingAndDeterminism/repeat#38"}
{"Time":"2026-09-05T23:35:29.917495+09:00","Action":"output","Package":"waiting-room/internal/installplan/preflight","Test":"TestContextBindingAndDeterminism/repeat#38","Output":"=== RUN   TestContextBindingAndDeterminism/repeat#38\n"}
{"Time":"2026-09-05T23:35:29.917503+09:00","Action":"output","Package":"waiting-room/internal/installplan/preflight","Test":"TestContextBindingAndDeterminism/repeat#38","Output":"=== PAUSE TestContextBindingAndDeterminism/repeat#38\n"}
{"Time":"2026-09-05T23:35:29.917505+09:00","Action":"pause","Package":"waiting-room/internal/installplan/preflight","Test":"TestContextBindingAndDeterminism/repeat#38"}
{"Time":"2026-09-05T23:35:29.917517+09:00","Action":"run","Package":"waiting-room/internal/installplan/preflight","Test":"TestContextBindingAndDeterminism/repeat#39"}
{"Time":"2026-09-05T23:35:29.917519+09:00","Action":"output","Package":"waiting-room/internal/installplan/preflight","Test":"TestContextBindingAndDeterminism/repeat#39","Output":"=== RUN   TestContextBindingAndDeterminism/repeat#39\n"}
{"Time":"2026-09-05T23:35:29.91753+09:00","Action":"output","Package":"waiting-room/internal/installplan/preflight","Test":"TestContextBindingAndDeterminism/repeat#39","Output":"=== PAUSE TestContextBindingAndDeterminism/repeat#39\n"}
{"Time":"2026-09-05T23:35:29.917532+09:00","Action":"pause","Package":"waiting-room/internal/installplan/preflight","Test":"TestContextBindingAndDeterminism/repeat#39"}
{"Time":"2026-09-05T23:35:29.91754+09:00","Action":"run","Package":"waiting-room/internal/installplan/preflight","Test":"TestContextBindingAndDeterminism/repeat#40"}
{"Time":"2026-09-05T23:35:29.917541+09:00","Action":"output","Package":"waiting-room/internal/installplan/preflight","Test":"TestContextBindingAndDeterminism/repeat#40","Output":"=== RUN   TestContextBindingAndDeterminism/repeat#40\n"}
{"Time":"2026-09-05T23:35:29.917555+09:00","Action":"output","Package":"waiting-room/internal/installplan/preflight","Test":"TestContextBindingAndDeterminism/repeat#40","Output":"=== PAUSE TestContextBindingAndDeterminism/repeat#40\n"}
{"Time":"2026-09-05T23:35:29.917557+09:00","Action":"pause","Package":"waiting-room/internal/installplan/preflight","Test":"TestContextBindingAndDeterminism/repeat#40"}
{"Time":"2026-09-05T23:35:29.917571+09:00","Action":"run","Package":"waiting-room/internal/installplan/preflight","Test":"TestContextBindingAndDeterminism/repeat#41"}
{"Time":"2026-09-05T23:35:29.917573+09:00","Action":"output","Package":"waiting-room/internal/installplan/preflight","Test":"TestContextBindingAndDeterminism/repeat#41","Output":"=== RUN   TestContextBindingAndDeterminism/repeat#41\n"}
{"Time":"2026-09-05T23:35:29.917583+09:00","Action":"output","Package":"waiting-room/internal/installplan/preflight","Test":"TestContextBindingAndDeterminism/repeat#41","Output":"=== PAUSE TestContextBindingAndDeterminism/repeat#41\n"}
{"Time":"2026-09-05T23:35:29.917587+09:00","Action":"pause","Package":"waiting-room/internal/installplan/preflight","Test":"TestContextBindingAndDeterminism/repeat#41"}
{"Time":"2026-09-05T23:35:29.917595+09:00","Action":"run","Package":"waiting-room/internal/installplan/preflight","Test":"TestContextBindingAndDeterminism/repeat#42"}
{"Time":"2026-09-05T23:35:29.917597+09:00","Action":"output","Package":"waiting-room/internal/installplan/preflight","Test":"TestContextBindingAndDeterminism/repeat#42","Output":"=== RUN   TestContextBindingAndDeterminism/repeat#42\n"}
{"Time":"2026-09-05T23:35:29.917607+09:00","Action":"output","Package":"waiting-room/internal/installplan/preflight","Test":"TestContextBindingAndDeterminism/repeat#42","Output":"=== PAUSE TestContextBindingAndDeterminism/repeat#42\n"}
{"Time":"2026-09-05T23:35:29.91761+09:00","Action":"pause","Package":"waiting-room/internal/installplan/preflight","Test":"TestContextBindingAndDeterminism/repeat#42"}
{"Time":"2026-09-05T23:35:29.917621+09:00","Action":"run","Package":"waiting-room/internal/installplan/preflight","Test":"TestContextBindingAndDeterminism/repeat#43"}
{"Time":"2026-09-05T23:35:29.917623+09:00","Action":"output","Package":"waiting-room/internal/installplan/preflight","Test":"TestContextBindingAndDeterminism/repeat#43","Output":"=== RUN   TestContextBindingAndDeterminism/repeat#43\n"}
{"Time":"2026-09-05T23:35:29.917632+09:00","Action":"output","Package":"waiting-room/internal/installplan/preflight","Test":"TestContextBindingAndDeterminism/repeat#43","Output":"=== PAUSE TestContextBindingAndDeterminism/repeat#43\n"}
{"Time":"2026-09-05T23:35:29.917635+09:00","Action":"pause","Package":"waiting-room/internal/installplan/preflight","Test":"TestContextBindingAndDeterminism/repeat#43"}
{"Time":"2026-09-05T23:35:29.917647+09:00","Action":"run","Package":"waiting-room/internal/installplan/preflight","Test":"TestContextBindingAndDeterminism/repeat#44"}
{"Time":"2026-09-05T23:35:29.917648+09:00","Action":"output","Package":"waiting-room/internal/installplan/preflight","Test":"TestContextBindingAndDeterminism/repeat#44","Output":"=== RUN   TestContextBindingAndDeterminism/repeat#44\n"}
{"Time":"2026-09-05T23:35:29.91766+09:00","Action":"output","Package":"waiting-room/internal/installplan/preflight","Test":"TestContextBindingAndDeterminism/repeat#44","Output":"=== PAUSE TestContextBindingAndDeterminism/repeat#44\n"}
{"Time":"2026-09-05T23:35:29.917663+09:00","Action":"pause","Package":"waiting-room/internal/installplan/preflight","Test":"TestContextBindingAndDeterminism/repeat#44"}
{"Time":"2026-09-05T23:35:29.917673+09:00","Action":"run","Package":"waiting-room/internal/installplan/preflight","Test":"TestContextBindingAndDeterminism/repeat#45"}
{"Time":"2026-09-05T23:35:29.917677+09:00","Action":"output","Package":"waiting-room/internal/installplan/preflight","Test":"TestContextBindingAndDeterminism/repeat#45","Output":"=== RUN   TestContextBindingAndDeterminism/repeat#45\n"}
{"Time":"2026-09-05T23:35:29.917689+09:00","Action":"output","Package":"waiting-room/internal/installplan/preflight","Test":"TestContextBindingAndDeterminism/repeat#45","Output":"=== PAUSE TestContextBindingAndDeterminism/repeat#45\n"}
{"Time":"2026-09-05T23:35:29.917694+09:00","Action":"pause","Package":"waiting-room/internal/installplan/preflight","Test":"TestContextBindingAndDeterminism/repeat#45"}
{"Time":"2026-09-05T23:35:29.917697+09:00","Action":"run","Package":"waiting-room/internal/installplan/preflight","Test":"TestContextBindingAndDeterminism/repeat#46"}
{"Time":"2026-09-05T23:35:29.9177+09:00","Action":"output","Package":"waiting-room/internal/installplan/preflight","Test":"TestContextBindingAndDeterminism/repeat#46","Output":"=== RUN   TestContextBindingAndDeterminism/repeat#46\n"}
{"Time":"2026-09-05T23:35:29.917717+09:00","Action":"output","Package":"waiting-room/internal/installplan/preflight","Test":"TestContextBindingAndDeterminism/repeat#46","Output":"=== PAUSE TestContextBindingAndDeterminism/repeat#46\n"}
{"Time":"2026-09-05T23:35:29.917721+09:00","Action":"pause","Package":"waiting-room/internal/installplan/preflight","Test":"TestContextBindingAndDeterminism/repeat#46"}
{"Time":"2026-09-05T23:35:29.917726+09:00","Action":"run","Package":"waiting-room/internal/installplan/preflight","Test":"TestContextBindingAndDeterminism/repeat#47"}
{"Time":"2026-09-05T23:35:29.917728+09:00","Action":"output","Package":"waiting-room/internal/installplan/preflight","Test":"TestContextBindingAndDeterminism/repeat#47","Output":"=== RUN   TestContextBindingAndDeterminism/repeat#47\n"}
{"Time":"2026-09-05T23:35:29.917733+09:00","Action":"output","Package":"waiting-room/internal/installplan/preflight","Test":"TestContextBindingAndDeterminism/repeat#47","Output":"=== PAUSE TestContextBindingAndDeterminism/repeat#47\n"}
{"Time":"2026-09-05T23:35:29.917735+09:00","Action":"pause","Package":"waiting-room/internal/installplan/preflight","Test":"TestContextBindingAndDeterminism/repeat#47"}
{"Time":"2026-09-05T23:35:29.917748+09:00","Action":"run","Package":"waiting-room/internal/installplan/preflight","Test":"TestContextBindingAndDeterminism/repeat#48"}
{"Time":"2026-09-05T23:35:29.917751+09:00","Action":"output","Package":"waiting-room/internal/installplan/preflight","Test":"TestContextBindingAndDeterminism/repeat#48","Output":"=== RUN   TestContextBindingAndDeterminism/repeat#48\n"}
{"Time":"2026-09-05T23:35:29.917759+09:00","Action":"output","Package":"waiting-room/internal/installplan/preflight","Test":"TestContextBindingAndDeterminism/repeat#48","Output":"=== PAUSE TestContextBindingAndDeterminism/repeat#48\n"}
{"Time":"2026-09-05T23:35:29.917761+09:00","Action":"pause","Package":"waiting-room/internal/installplan/preflight","Test":"TestContextBindingAndDeterminism/repeat#48"}
{"Time":"2026-09-05T23:35:29.917775+09:00","Action":"run","Package":"waiting-room/internal/installplan/preflight","Test":"TestContextBindingAndDeterminism/repeat#49"}
{"Time":"2026-09-05T23:35:29.917777+09:00","Action":"output","Package":"waiting-room/internal/installplan/preflight","Test":"TestContextBindingAndDeterminism/repeat#49","Output":"=== RUN   TestContextBindingAndDeterminism/repeat#49\n"}
{"Time":"2026-09-05T23:35:29.917793+09:00","Action":"output","Package":"waiting-room/internal/installplan/preflight","Test":"TestContextBindingAndDeterminism/repeat#49","Output":"=== PAUSE TestContextBindingAndDeterminism/repeat#49\n"}
{"Time":"2026-09-05T23:35:29.917796+09:00","Action":"pause","Package":"waiting-room/internal/installplan/preflight","Test":"TestContextBindingAndDeterminism/repeat#49"}
{"Time":"2026-09-05T23:35:29.918129+09:00","Action":"cont","Package":"waiting-room/internal/installplan/preflight","Test":"TestContextBindingAndDeterminism/repeat"}
{"Time":"2026-09-05T23:35:29.918133+09:00","Action":"output","Package":"waiting-room/internal/installplan/preflight","Test":"TestContextBindingAndDeterminism/repeat","Output":"=== CONT  TestContextBindingAndDeterminism/repeat\n"}
{"Time":"2026-09-05T23:35:29.918146+09:00","Action":"cont","Package":"waiting-room/internal/installplan/preflight","Test":"TestContextBindingAndDeterminism/repeat#24"}
{"Time":"2026-09-05T23:35:29.918148+09:00","Action":"output","Package":"waiting-room/internal/installplan/preflight","Test":"TestContextBindingAndDeterminism/repeat#24","Output":"=== CONT  TestContextBindingAndDeterminism/repeat#24\n"}
{"Time":"2026-09-05T23:35:29.918226+09:00","Action":"cont","Package":"waiting-room/internal/installplan/preflight","Test":"TestContextBindingAndDeterminism/repeat#12"}
{"Time":"2026-09-05T23:35:29.918228+09:00","Action":"output","Package":"waiting-room/internal/installplan/preflight","Test":"TestContextBindingAndDeterminism/repeat#12","Output":"=== CONT  TestContextBindingAndDeterminism/repeat#12\n"}
{"Time":"2026-09-05T23:35:29.918269+09:00","Action":"cont","Package":"waiting-room/internal/installplan/preflight","Test":"TestContextBindingAndDeterminism/repeat#18"}
{"Time":"2026-09-05T23:35:29.918273+09:00","Action":"output","Package":"waiting-room/internal/installplan/preflight","Test":"TestContextBindingAndDeterminism/repeat#18","Output":"=== CONT  TestContextBindingAndDeterminism/repeat#18\n"}
{"Time":"2026-09-05T23:35:29.918346+09:00","Action":"cont","Package":"waiting-room/internal/installplan/preflight","Test":"TestContextBindingAndDeterminism/repeat#39"}
{"Time":"2026-09-05T23:35:29.91835+09:00","Action":"output","Package":"waiting-room/internal/installplan/preflight","Test":"TestContextBindingAndDeterminism/repeat#39","Output":"=== CONT  TestContextBindingAndDeterminism/repeat#39\n"}
{"Time":"2026-09-05T23:35:29.918424+09:00","Action":"cont","Package":"waiting-room/internal/installplan/preflight","Test":"TestContextBindingAndDeterminism/repeat#44"}
{"Time":"2026-09-05T23:35:29.918429+09:00","Action":"output","Package":"waiting-room/internal/installplan/preflight","Test":"TestContextBindingAndDeterminism/repeat#44","Output":"=== CONT  TestContextBindingAndDeterminism/repeat#44\n"}
{"Time":"2026-09-05T23:35:29.918431+09:00","Action":"cont","Package":"waiting-room/internal/installplan/preflight","Test":"TestContextBindingAndDeterminism/repeat#09"}
{"Time":"2026-09-05T23:35:29.918432+09:00","Action":"output","Package":"waiting-room/internal/installplan/preflight","Test":"TestContextBindingAndDeterminism/repeat#09","Output":"=== CONT  TestContextBindingAndDeterminism/repeat#09\n"}
{"Time":"2026-09-05T23:35:29.918776+09:00","Action":"cont","Package":"waiting-room/internal/installplan/preflight","Test":"TestContextBindingAndDeterminism/repeat#31"}
{"Time":"2026-09-05T23:35:29.91878+09:00","Action":"output","Package":"waiting-room/internal/installplan/preflight","Test":"TestContextBindingAndDeterminism/repeat#31","Output":"=== CONT  TestContextBindingAndDeterminism/repeat#31\n"}
{"Time":"2026-09-05T23:35:29.918856+09:00","Action":"cont","Package":"waiting-room/internal/installplan/preflight","Test":"TestContextBindingAndDeterminism/repeat#48"}
{"Time":"2026-09-05T23:35:29.91888+09:00","Action":"output","Package":"waiting-room/internal/installplan/preflight","Test":"TestContextBindingAndDeterminism/repeat#48","Output":"=== CONT  TestContextBindingAndDeterminism/repeat#48\n"}
{"Time":"2026-09-05T23:35:29.918883+09:00","Action":"cont","Package":"waiting-room/internal/installplan/preflight","Test":"TestContextBindingAndDeterminism/repeat#37"}
{"Time":"2026-09-05T23:35:29.918886+09:00","Action":"output","Package":"waiting-room/internal/installplan/preflight","Test":"TestContextBindingAndDeterminism/repeat#37","Output":"=== CONT  TestContextBindingAndDeterminism/repeat#37\n"}
{"Time":"2026-09-05T23:35:29.919184+09:00","Action":"cont","Package":"waiting-room/internal/installplan/preflight","Test":"TestContextBindingAndDeterminism/repeat#21"}
{"Time":"2026-09-05T23:35:29.919189+09:00","Action":"output","Package":"waiting-room/internal/installplan/preflight","Test":"TestContextBindingAndDeterminism/repeat#21","Output":"=== CONT  TestContextBindingAndDeterminism/repeat#21\n"}
{"Time":"2026-09-05T23:35:29.919291+09:00","Action":"cont","Package":"waiting-room/internal/installplan/preflight","Test":"TestContextBindingAndDeterminism/repeat#07"}
{"Time":"2026-09-05T23:35:29.919296+09:00","Action":"output","Package":"waiting-room/internal/installplan/preflight","Test":"TestContextBindingAndDeterminism/repeat#07","Output":"=== CONT  TestContextBindingAndDeterminism/repeat#07\n"}
{"Time":"2026-09-05T23:35:29.919594+09:00","Action":"cont","Package":"waiting-room/internal/installplan/preflight","Test":"TestContextBindingAndDeterminism/repeat#10"}
{"Time":"2026-09-05T23:35:29.919597+09:00","Action":"output","Package":"waiting-room/internal/installplan/preflight","Test":"TestContextBindingAndDeterminism/repeat#10","Output":"=== CONT  TestContextBindingAndDeterminism/repeat#10\n"}
{"Time":"2026-09-05T23:35:29.919649+09:00","Action":"cont","Package":"waiting-room/internal/installplan/preflight","Test":"TestContextBindingAndDeterminism/repeat#35"}
{"Time":"2026-09-05T23:35:29.919654+09:00","Action":"output","Package":"waiting-room/internal/installplan/preflight","Test":"TestContextBindingAndDeterminism/repeat#35","Output":"=== CONT  TestContextBindingAndDeterminism/repeat#35\n"}
{"Time":"2026-09-05T23:35:29.919705+09:00","Action":"cont","Package":"waiting-room/internal/installplan/preflight","Test":"TestContextBindingAndDeterminism/repeat#36"}
{"Time":"2026-09-05T23:35:29.919721+09:00","Action":"output","Package":"waiting-room/internal/installplan/preflight","Test":"TestContextBindingAndDeterminism/repeat#36","Output":"=== CONT  TestContextBindingAndDeterminism/repeat#36\n"}
{"Time":"2026-09-05T23:35:29.919728+09:00","Action":"cont","Package":"waiting-room/internal/installplan/preflight","Test":"TestContextBindingAndDeterminism/repeat#06"}
{"Time":"2026-09-05T23:35:29.919733+09:00","Action":"output","Package":"waiting-room/internal/installplan/preflight","Test":"TestContextBindingAndDeterminism/repeat#06","Output":"=== CONT  TestContextBindingAndDeterminism/repeat#06\n"}
{"Time":"2026-09-05T23:35:29.919737+09:00","Action":"output","Package":"waiting-room/internal/installplan/preflight","Test":"TestContextBindingAndDeterminism/repeat","Output":"--- PASS: TestContextBindingAndDeterminism/repeat (0.00s)\n"}
{"Time":"2026-09-05T23:35:29.91974+09:00","Action":"pass","Package":"waiting-room/internal/installplan/preflight","Test":"TestContextBindingAndDeterminism/repeat","Elapsed":0}
{"Time":"2026-09-05T23:35:29.919743+09:00","Action":"cont","Package":"waiting-room/internal/installplan/preflight","Test":"TestContextBindingAndDeterminism/repeat#42"}
{"Time":"2026-09-05T23:35:29.919745+09:00","Action":"output","Package":"waiting-room/internal/installplan/preflight","Test":"TestContextBindingAndDeterminism/repeat#42","Output":"=== CONT  TestContextBindingAndDeterminism/repeat#42\n"}
{"Time":"2026-09-05T23:35:29.919747+09:00","Action":"cont","Package":"waiting-room/internal/installplan/preflight","Test":"TestContextBindingAndDeterminism/repeat#33"}
{"Time":"2026-09-05T23:35:29.919749+09:00","Action":"output","Package":"waiting-room/internal/installplan/preflight","Test":"TestContextBindingAndDeterminism/repeat#33","Output":"=== CONT  TestContextBindingAndDeterminism/repeat#33\n"}
{"Time":"2026-09-05T23:35:29.919753+09:00","Action":"cont","Package":"waiting-room/internal/installplan/preflight","Test":"TestContextBindingAndDeterminism/repeat#11"}
{"Time":"2026-09-05T23:35:29.919759+09:00","Action":"output","Package":"waiting-room/internal/installplan/preflight","Test":"TestContextBindingAndDeterminism/repeat#11","Output":"=== CONT  TestContextBindingAndDeterminism/repeat#11\n"}
{"Time":"2026-09-05T23:35:29.919776+09:00","Action":"output","Package":"waiting-room/internal/installplan/preflight","Test":"TestContextBindingAndDeterminism/repeat#24","Output":"--- PASS: TestContextBindingAndDeterminism/repeat#24 (0.00s)\n"}
{"Time":"2026-09-05T23:35:29.91984+09:00","Action":"pass","Package":"waiting-room/internal/installplan/preflight","Test":"TestContextBindingAndDeterminism/repeat#24","Elapsed":0}
{"Time":"2026-09-05T23:35:29.919845+09:00","Action":"output","Package":"waiting-room/internal/installplan/preflight","Test":"TestContextBindingAndDeterminism/repeat#48","Output":"--- PASS: TestContextBindingAndDeterminism/repeat#48 (0.00s)\n"}
{"Time":"2026-09-05T23:35:29.919848+09:00","Action":"pass","Package":"waiting-room/internal/installplan/preflight","Test":"TestContextBindingAndDeterminism/repeat#48","Elapsed":0}
{"Time":"2026-09-05T23:35:29.91985+09:00","Action":"output","Package":"waiting-room/internal/installplan/preflight","Test":"TestContextBindingAndDeterminism/repeat#09","Output":"--- PASS: TestContextBindingAndDeterminism/repeat#09 (0.00s)\n"}
{"Time":"2026-09-05T23:35:29.919853+09:00","Action":"pass","Package":"waiting-room/internal/installplan/preflight","Test":"TestContextBindingAndDeterminism/repeat#09","Elapsed":0}
{"Time":"2026-09-05T23:35:29.919854+09:00","Action":"output","Package":"waiting-room/internal/installplan/preflight","Test":"TestContextBindingAndDeterminism/repeat#37","Output":"--- PASS: TestContextBindingAndDeterminism/repeat#37 (0.00s)\n"}
{"Time":"2026-09-05T23:35:29.919884+09:00","Action":"pass","Package":"waiting-room/internal/installplan/preflight","Test":"TestContextBindingAndDeterminism/repeat#37","Elapsed":0}
{"Time":"2026-09-05T23:35:29.919889+09:00","Action":"cont","Package":"waiting-room/internal/installplan/preflight","Test":"TestContextBindingAndDeterminism/repeat#13"}
{"Time":"2026-09-05T23:35:29.91989+09:00","Action":"output","Package":"waiting-room/internal/installplan/preflight","Test":"TestContextBindingAndDeterminism/repeat#13","Output":"=== CONT  TestContextBindingAndDeterminism/repeat#13\n"}
{"Time":"2026-09-05T23:35:29.919911+09:00","Action":"output","Package":"waiting-room/internal/installplan/preflight","Test":"TestContextBindingAndDeterminism/repeat#18","Output":"--- PASS: TestContextBindingAndDeterminism/repeat#18 (0.00s)\n"}
{"Time":"2026-09-05T23:35:29.919973+09:00","Action":"pass","Package":"waiting-room/internal/installplan/preflight","Test":"TestContextBindingAndDeterminism/repeat#18","Elapsed":0}
{"Time":"2026-09-05T23:35:29.919979+09:00","Action":"cont","Package":"waiting-room/internal/installplan/preflight","Test":"TestContextBindingAndDeterminism/repeat#03"}
{"Time":"2026-09-05T23:35:29.919981+09:00","Action":"output","Package":"waiting-room/internal/installplan/preflight","Test":"TestContextBindingAndDeterminism/repeat#03","Output":"=== CONT  TestContextBindingAndDeterminism/repeat#03\n"}
{"Time":"2026-09-05T23:35:29.920007+09:00","Action":"output","Package":"waiting-room/internal/installplan/preflight","Test":"TestContextBindingAndDeterminism/repeat#31","Output":"--- PASS: TestContextBindingAndDeterminism/repeat#31 (0.00s)\n"}
{"Time":"2026-09-05T23:35:29.920025+09:00","Action":"pass","Package":"waiting-room/internal/installplan/preflight","Test":"TestContextBindingAndDeterminism/repeat#31","Elapsed":0}
{"Time":"2026-09-05T23:35:29.92003+09:00","Action":"output","Package":"waiting-room/internal/installplan/preflight","Test":"TestContextBindingAndDeterminism/repeat#39","Output":"--- PASS: TestContextBindingAndDeterminism/repeat#39 (0.00s)\n"}
{"Time":"2026-09-05T23:35:29.920033+09:00","Action":"pass","Package":"waiting-room/internal/installplan/preflight","Test":"TestContextBindingAndDeterminism/repeat#39","Elapsed":0}
{"Time":"2026-09-05T23:35:29.920034+09:00","Action":"cont","Package":"waiting-room/internal/installplan/preflight","Test":"TestContextBindingAndDeterminism/repeat#28"}
{"Time":"2026-09-05T23:35:29.920035+09:00","Action":"output","Package":"waiting-room/internal/installplan/preflight","Test":"TestContextBindingAndDeterminism/repeat#28","Output":"=== CONT  TestContextBindingAndDeterminism/repeat#28\n"}
{"Time":"2026-09-05T23:35:29.920037+09:00","Action":"cont","Package":"waiting-room/internal/installplan/preflight","Test":"TestContextBindingAndDeterminism/repeat#02"}
{"Time":"2026-09-05T23:35:29.920038+09:00","Action":"output","Package":"waiting-room/internal/installplan/preflight","Test":"TestContextBindingAndDeterminism/repeat#02","Output":"=== CONT  TestContextBindingAndDeterminism/repeat#02\n"}
{"Time":"2026-09-05T23:35:29.920124+09:00","Action":"output","Package":"waiting-room/internal/installplan/preflight","Test":"TestContextBindingAndDeterminism/repeat#07","Output":"--- PASS: TestContextBindingAndDeterminism/repeat#07 (0.00s)\n"}
{"Time":"2026-09-05T23:35:29.920132+09:00","Action":"pass","Package":"waiting-room/internal/installplan/preflight","Test":"TestContextBindingAndDeterminism/repeat#07","Elapsed":0}
{"Time":"2026-09-05T23:35:29.920134+09:00","Action":"output","Package":"waiting-room/internal/installplan/preflight","Test":"TestContextBindingAndDeterminism/repeat#10","Output":"--- PASS: TestContextBindingAndDeterminism/repeat#10 (0.00s)\n"}
{"Time":"2026-09-05T23:35:29.920137+09:00","Action":"pass","Package":"waiting-room/internal/installplan/preflight","Test":"TestContextBindingAndDeterminism/repeat#10","Elapsed":0}
{"Time":"2026-09-05T23:35:29.920141+09:00","Action":"cont","Package":"waiting-room/internal/installplan/preflight","Test":"TestContextBindingAndDeterminism/repeat#49"}
{"Time":"2026-09-05T23:35:29.920142+09:00","Action":"output","Package":"waiting-room/internal/installplan/preflight","Test":"TestContextBindingAndDeterminism/repeat#49","Output":"=== CONT  TestContextBindingAndDeterminism/repeat#49\n"}
{"Time":"2026-09-05T23:35:29.920173+09:00","Action":"output","Package":"waiting-room/internal/installplan/preflight","Test":"TestContextBindingAndDeterminism/repeat#35","Output":"--- PASS: TestContextBindingAndDeterminism/repeat#35 (0.00s)\n"}
{"Time":"2026-09-05T23:35:29.920189+09:00","Action":"pass","Package":"waiting-room/internal/installplan/preflight","Test":"TestContextBindingAndDeterminism/repeat#35","Elapsed":0}
{"Time":"2026-09-05T23:35:29.920194+09:00","Action":"output","Package":"waiting-room/internal/installplan/preflight","Test":"TestContextBindingAndDeterminism/repeat#21","Output":"--- PASS: TestContextBindingAndDeterminism/repeat#21 (0.00s)\n"}
{"Time":"2026-09-05T23:35:29.920199+09:00","Action":"pass","Package":"waiting-room/internal/installplan/preflight","Test":"TestContextBindingAndDeterminism/repeat#21","Elapsed":0}
{"Time":"2026-09-05T23:35:29.920204+09:00","Action":"cont","Package":"waiting-room/internal/installplan/preflight","Test":"TestContextBindingAndDeterminism/repeat#25"}
{"Time":"2026-09-05T23:35:29.920206+09:00","Action":"output","Package":"waiting-room/internal/installplan/preflight","Test":"TestContextBindingAndDeterminism/repeat#25","Output":"=== CONT  TestContextBindingAndDeterminism/repeat#25\n"}
{"Time":"2026-09-05T23:35:29.920247+09:00","Action":"output","Package":"waiting-room/internal/installplan/preflight","Test":"TestContextBindingAndDeterminism/repeat#36","Output":"--- PASS: TestContextBindingAndDeterminism/repeat#36 (0.00s)\n"}
{"Time":"2026-09-05T23:35:29.920256+09:00","Action":"pass","Package":"waiting-room/internal/installplan/preflight","Test":"TestContextBindingAndDeterminism/repeat#36","Elapsed":0}
{"Time":"2026-09-05T23:35:29.92026+09:00","Action":"cont","Package":"waiting-room/internal/installplan/preflight","Test":"TestContextBindingAndDeterminism/repeat#43"}
{"Time":"2026-09-05T23:35:29.920262+09:00","Action":"output","Package":"waiting-room/internal/installplan/preflight","Test":"TestContextBindingAndDeterminism/repeat#43","Output":"=== CONT  TestContextBindingAndDeterminism/repeat#43\n"}
{"Time":"2026-09-05T23:35:29.920375+09:00","Action":"output","Package":"waiting-room/internal/installplan/preflight","Test":"TestContextBindingAndDeterminism/repeat#11","Output":"--- PASS: TestContextBindingAndDeterminism/repeat#11 (0.00s)\n"}
{"Time":"2026-09-05T23:35:29.920384+09:00","Action":"pass","Package":"waiting-room/internal/installplan/preflight","Test":"TestContextBindingAndDeterminism/repeat#11","Elapsed":0}
{"Time":"2026-09-05T23:35:29.920386+09:00","Action":"cont","Package":"waiting-room/internal/installplan/preflight","Test":"TestContextBindingAndDeterminism/repeat#26"}
{"Time":"2026-09-05T23:35:29.920388+09:00","Action":"output","Package":"waiting-room/internal/installplan/preflight","Test":"TestContextBindingAndDeterminism/repeat#26","Output":"=== CONT  TestContextBindingAndDeterminism/repeat#26\n"}
{"Time":"2026-09-05T23:35:29.920457+09:00","Action":"cont","Package":"waiting-room/internal/installplan/preflight","Test":"TestContextBindingAndDeterminism/repeat#05"}
{"Time":"2026-09-05T23:35:29.920461+09:00","Action":"output","Package":"waiting-room/internal/installplan/preflight","Test":"TestContextBindingAndDeterminism/repeat#05","Output":"=== CONT  TestContextBindingAndDeterminism/repeat#05\n"}
{"Time":"2026-09-05T23:35:29.920465+09:00","Action":"cont","Package":"waiting-room/internal/installplan/preflight","Test":"TestContextBindingAndDeterminism/repeat#32"}
{"Time":"2026-09-05T23:35:29.920466+09:00","Action":"output","Package":"waiting-room/internal/installplan/preflight","Test":"TestContextBindingAndDeterminism/repeat#32","Output":"=== CONT  TestContextBindingAndDeterminism/repeat#32\n"}
{"Time":"2026-09-05T23:35:29.920963+09:00","Action":"cont","Package":"waiting-room/internal/installplan/preflight","Test":"TestContextBindingAndDeterminism/repeat#08"}
{"Time":"2026-09-05T23:35:29.920966+09:00","Action":"output","Package":"waiting-room/internal/installplan/preflight","Test":"TestContextBindingAndDeterminism/repeat#08","Output":"=== CONT  TestContextBindingAndDeterminism/repeat#08\n"}
{"Time":"2026-09-05T23:35:29.920968+09:00","Action":"cont","Package":"waiting-room/internal/installplan/preflight","Test":"TestContextBindingAndDeterminism/repeat#45"}
{"Time":"2026-09-05T23:35:29.920969+09:00","Action":"output","Package":"waiting-room/internal/installplan/preflight","Test":"TestContextBindingAndDeterminism/repeat#45","Output":"=== CONT  TestContextBindingAndDeterminism/repeat#45\n"}
{"Time":"2026-09-05T23:35:29.920971+09:00","Action":"cont","Package":"waiting-room/internal/installplan/preflight","Test":"TestContextBindingAndDeterminism/repeat#47"}
{"Time":"2026-09-05T23:35:29.920972+09:00","Action":"output","Package":"waiting-room/internal/installplan/preflight","Test":"TestContextBindingAndDeterminism/repeat#47","Output":"=== CONT  TestContextBindingAndDeterminism/repeat#47\n"}
{"Time":"2026-09-05T23:35:29.920974+09:00","Action":"cont","Package":"waiting-room/internal/installplan/preflight","Test":"TestContextBindingAndDeterminism/repeat#38"}
{"Time":"2026-09-05T23:35:29.920975+09:00","Action":"output","Package":"waiting-room/internal/installplan/preflight","Test":"TestContextBindingAndDeterminism/repeat#38","Output":"=== CONT  TestContextBindingAndDeterminism/repeat#38\n"}
{"Time":"2026-09-05T23:35:29.920981+09:00","Action":"cont","Package":"waiting-room/internal/installplan/preflight","Test":"TestContextBindingAndDeterminism/repeat#46"}
{"Time":"2026-09-05T23:35:29.920984+09:00","Action":"output","Package":"waiting-room/internal/installplan/preflight","Test":"TestContextBindingAndDeterminism/repeat#46","Output":"=== CONT  TestContextBindingAndDeterminism/repeat#46\n"}
{"Time":"2026-09-05T23:35:29.920987+09:00","Action":"cont","Package":"waiting-room/internal/installplan/preflight","Test":"TestContextBindingAndDeterminism/repeat#34"}
{"Time":"2026-09-05T23:35:29.920991+09:00","Action":"output","Package":"waiting-room/internal/installplan/preflight","Test":"TestContextBindingAndDeterminism/repeat#34","Output":"=== CONT  TestContextBindingAndDeterminism/repeat#34\n"}
{"Time":"2026-09-05T23:35:29.920992+09:00","Action":"cont","Package":"waiting-room/internal/installplan/preflight","Test":"TestContextBindingAndDeterminism/repeat#16"}
{"Time":"2026-09-05T23:35:29.920993+09:00","Action":"output","Package":"waiting-room/internal/installplan/preflight","Test":"TestContextBindingAndDeterminism/repeat#16","Output":"=== CONT  TestContextBindingAndDeterminism/repeat#16\n"}
{"Time":"2026-09-05T23:35:29.920997+09:00","Action":"cont","Package":"waiting-room/internal/installplan/preflight","Test":"TestContextBindingAndDeterminism/repeat#01"}
{"Time":"2026-09-05T23:35:29.920998+09:00","Action":"output","Package":"waiting-room/internal/installplan/preflight","Test":"TestContextBindingAndDeterminism/repeat#01","Output":"=== CONT  TestContextBindingAndDeterminism/repeat#01\n"}
{"Time":"2026-09-05T23:35:29.920999+09:00","Action":"cont","Package":"waiting-room/internal/installplan/preflight","Test":"TestContextBindingAndDeterminism/repeat#23"}
{"Time":"2026-09-05T23:35:29.921+09:00","Action":"output","Package":"waiting-room/internal/installplan/preflight","Test":"TestContextBindingAndDeterminism/repeat#23","Output":"=== CONT  TestContextBindingAndDeterminism/repeat#23\n"}
{"Time":"2026-09-05T23:35:29.921002+09:00","Action":"cont","Package":"waiting-room/internal/installplan/preflight","Test":"TestContextBindingAndDeterminism/repeat#15"}
{"Time":"2026-09-05T23:35:29.921004+09:00","Action":"output","Package":"waiting-room/internal/installplan/preflight","Test":"TestContextBindingAndDeterminism/repeat#15","Output":"=== CONT  TestContextBindingAndDeterminism/repeat#15\n"}
{"Time":"2026-09-05T23:35:29.921075+09:00","Action":"output","Package":"waiting-room/internal/installplan/preflight","Test":"TestContextBindingAndDeterminism/repeat#13","Output":"--- PASS: TestContextBindingAndDeterminism/repeat#13 (0.00s)\n"}
{"Time":"2026-09-05T23:35:29.921211+09:00","Action":"pass","Package":"waiting-room/internal/installplan/preflight","Test":"TestContextBindingAndDeterminism/repeat#13","Elapsed":0}
{"Time":"2026-09-05T23:35:29.921216+09:00","Action":"output","Package":"waiting-room/internal/installplan/preflight","Test":"TestContextBindingAndDeterminism/repeat#06","Output":"--- PASS: TestContextBindingAndDeterminism/repeat#06 (0.00s)\n"}
{"Time":"2026-09-05T23:35:29.921217+09:00","Action":"pass","Package":"waiting-room/internal/installplan/preflight","Test":"TestContextBindingAndDeterminism/repeat#06","Elapsed":0}
{"Time":"2026-09-05T23:35:29.921219+09:00","Action":"cont","Package":"waiting-room/internal/installplan/preflight","Test":"TestContextBindingAndDeterminism/repeat#17"}
{"Time":"2026-09-05T23:35:29.92122+09:00","Action":"output","Package":"waiting-room/internal/installplan/preflight","Test":"TestContextBindingAndDeterminism/repeat#17","Output":"=== CONT  TestContextBindingAndDeterminism/repeat#17\n"}
{"Time":"2026-09-05T23:35:29.921319+09:00","Action":"cont","Package":"waiting-room/internal/installplan/preflight","Test":"TestContextBindingAndDeterminism/repeat#41"}
{"Time":"2026-09-05T23:35:29.921323+09:00","Action":"output","Package":"waiting-room/internal/installplan/preflight","Test":"TestContextBindingAndDeterminism/repeat#41","Output":"=== CONT  TestContextBindingAndDeterminism/repeat#41\n"}
{"Time":"2026-09-05T23:35:29.921327+09:00","Action":"cont","Package":"waiting-room/internal/installplan/preflight","Test":"TestContextBindingAndDeterminism/repeat#40"}
{"Time":"2026-09-05T23:35:29.921329+09:00","Action":"output","Package":"waiting-room/internal/installplan/preflight","Test":"TestContextBindingAndDeterminism/repeat#40","Output":"=== CONT  TestContextBindingAndDeterminism/repeat#40\n"}
{"Time":"2026-09-05T23:35:29.921443+09:00","Action":"output","Package":"waiting-room/internal/installplan/preflight","Test":"TestContextBindingAndDeterminism/repeat#44","Output":"--- PASS: TestContextBindingAndDeterminism/repeat#44 (0.00s)\n"}
{"Time":"2026-09-05T23:35:29.921448+09:00","Action":"pass","Package":"waiting-room/internal/installplan/preflight","Test":"TestContextBindingAndDeterminism/repeat#44","Elapsed":0}
{"Time":"2026-09-05T23:35:29.921449+09:00","Action":"cont","Package":"waiting-room/internal/installplan/preflight","Test":"TestContextBindingAndDeterminism/repeat#14"}
{"Time":"2026-09-05T23:35:29.92145+09:00","Action":"output","Package":"waiting-room/internal/installplan/preflight","Test":"TestContextBindingAndDeterminism/repeat#14","Output":"=== CONT  TestContextBindingAndDeterminism/repeat#14\n"}
{"Time":"2026-09-05T23:35:29.921478+09:00","Action":"output","Package":"waiting-room/internal/installplan/preflight","Test":"TestContextBindingAndDeterminism/repeat#02","Output":"--- PASS: TestContextBindingAndDeterminism/repeat#02 (0.00s)\n"}
{"Time":"2026-09-05T23:35:29.921494+09:00","Action":"pass","Package":"waiting-room/internal/installplan/preflight","Test":"TestContextBindingAndDeterminism/repeat#02","Elapsed":0}
{"Time":"2026-09-05T23:35:29.921497+09:00","Action":"cont","Package":"waiting-room/internal/installplan/preflight","Test":"TestContextBindingAndDeterminism/repeat#29"}
{"Time":"2026-09-05T23:35:29.921499+09:00","Action":"output","Package":"waiting-room/internal/installplan/preflight","Test":"TestContextBindingAndDeterminism/repeat#29","Output":"=== CONT  TestContextBindingAndDeterminism/repeat#29\n"}
{"Time":"2026-09-05T23:35:29.921516+09:00","Action":"output","Package":"waiting-room/internal/installplan/preflight","Test":"TestContextBindingAndDeterminism/repeat#47","Output":"--- PASS: TestContextBindingAndDeterminism/repeat#47 (0.00s)\n"}
{"Time":"2026-09-05T23:35:29.921694+09:00","Action":"pass","Package":"waiting-room/internal/installplan/preflight","Test":"TestContextBindingAndDeterminism/repeat#47","Elapsed":0}
{"Time":"2026-09-05T23:35:29.921698+09:00","Action":"output","Package":"waiting-room/internal/installplan/preflight","Test":"TestContextBindingAndDeterminism/repeat#16","Output":"--- PASS: TestContextBindingAndDeterminism/repeat#16 (0.00s)\n"}
{"Time":"2026-09-05T23:35:29.9217+09:00","Action":"pass","Package":"waiting-room/internal/installplan/preflight","Test":"TestContextBindingAndDeterminism/repeat#16","Elapsed":0}
{"Time":"2026-09-05T23:35:29.921701+09:00","Action":"output","Package":"waiting-room/internal/installplan/preflight","Test":"TestContextBindingAndDeterminism/repeat#23","Output":"--- PASS: TestContextBindingAndDeterminism/repeat#23 (0.00s)\n"}
{"Time":"2026-09-05T23:35:29.921702+09:00","Action":"pass","Package":"waiting-room/internal/installplan/preflight","Test":"TestContextBindingAndDeterminism/repeat#23","Elapsed":0}
{"Time":"2026-09-05T23:35:29.921704+09:00","Action":"output","Package":"waiting-room/internal/installplan/preflight","Test":"TestContextBindingAndDeterminism/repeat#32","Output":"--- PASS: TestContextBindingAndDeterminism/repeat#32 (0.00s)\n"}
{"Time":"2026-09-05T23:35:29.921705+09:00","Action":"pass","Package":"waiting-room/internal/installplan/preflight","Test":"TestContextBindingAndDeterminism/repeat#32","Elapsed":0}
{"Time":"2026-09-05T23:35:29.921707+09:00","Action":"output","Package":"waiting-room/internal/installplan/preflight","Test":"TestContextBindingAndDeterminism/repeat#17","Output":"--- PASS: TestContextBindingAndDeterminism/repeat#17 (0.00s)\n"}
{"Time":"2026-09-05T23:35:29.921713+09:00","Action":"pass","Package":"waiting-room/internal/installplan/preflight","Test":"TestContextBindingAndDeterminism/repeat#17","Elapsed":0}
{"Time":"2026-09-05T23:35:29.921731+09:00","Action":"output","Package":"waiting-room/internal/installplan/preflight","Test":"TestContextBindingAndDeterminism/repeat#15","Output":"--- PASS: TestContextBindingAndDeterminism/repeat#15 (0.00s)\n"}
{"Time":"2026-09-05T23:35:29.921736+09:00","Action":"pass","Package":"waiting-room/internal/installplan/preflight","Test":"TestContextBindingAndDeterminism/repeat#15","Elapsed":0}
{"Time":"2026-09-05T23:35:29.921737+09:00","Action":"output","Package":"waiting-room/internal/installplan/preflight","Test":"TestContextBindingAndDeterminism/repeat#46","Output":"--- PASS: TestContextBindingAndDeterminism/repeat#46 (0.00s)\n"}
{"Time":"2026-09-05T23:35:29.921741+09:00","Action":"pass","Package":"waiting-room/internal/installplan/preflight","Test":"TestContextBindingAndDeterminism/repeat#46","Elapsed":0}
{"Time":"2026-09-05T23:35:29.921742+09:00","Action":"output","Package":"waiting-room/internal/installplan/preflight","Test":"TestContextBindingAndDeterminism/repeat#40","Output":"--- PASS: TestContextBindingAndDeterminism/repeat#40 (0.00s)\n"}
{"Time":"2026-09-05T23:35:29.921892+09:00","Action":"pass","Package":"waiting-room/internal/installplan/preflight","Test":"TestContextBindingAndDeterminism/repeat#40","Elapsed":0}
{"Time":"2026-09-05T23:35:29.921896+09:00","Action":"output","Package":"waiting-room/internal/installplan/preflight","Test":"TestContextBindingAndDeterminism/repeat#45","Output":"--- PASS: TestContextBindingAndDeterminism/repeat#45 (0.00s)\n"}
{"Time":"2026-09-05T23:35:29.921911+09:00","Action":"pass","Package":"waiting-room/internal/installplan/preflight","Test":"TestContextBindingAndDeterminism/repeat#45","Elapsed":0}
{"Time":"2026-09-05T23:35:29.921916+09:00","Action":"output","Package":"waiting-room/internal/installplan/preflight","Test":"TestContextBindingAndDeterminism/repeat#41","Output":"--- PASS: TestContextBindingAndDeterminism/repeat#41 (0.00s)\n"}
{"Time":"2026-09-05T23:35:29.921958+09:00","Action":"pass","Package":"waiting-room/internal/installplan/preflight","Test":"TestContextBindingAndDeterminism/repeat#41","Elapsed":0}
{"Time":"2026-09-05T23:35:29.921964+09:00","Action":"output","Package":"waiting-room/internal/installplan/preflight","Test":"TestContextBindingAndDeterminism/repeat#34","Output":"--- PASS: TestContextBindingAndDeterminism/repeat#34 (0.00s)\n"}
{"Time":"2026-09-05T23:35:29.922264+09:00","Action":"pass","Package":"waiting-room/internal/installplan/preflight","Test":"TestContextBindingAndDeterminism/repeat#34","Elapsed":0}
{"Time":"2026-09-05T23:35:29.922273+09:00","Action":"cont","Package":"waiting-room/internal/installplan/preflight","Test":"TestContextBindingAndDeterminism/repeat#30"}
{"Time":"2026-09-05T23:35:29.922274+09:00","Action":"output","Package":"waiting-room/internal/installplan/preflight","Test":"TestContextBindingAndDeterminism/repeat#30","Output":"=== CONT  TestContextBindingAndDeterminism/repeat#30\n"}
{"Time":"2026-09-05T23:35:29.922276+09:00","Action":"output","Package":"waiting-room/internal/installplan/preflight","Test":"TestContextBindingAndDeterminism/repeat#01","Output":"--- PASS: TestContextBindingAndDeterminism/repeat#01 (0.00s)\n"}
{"Time":"2026-09-05T23:35:29.922279+09:00","Action":"pass","Package":"waiting-room/internal/installplan/preflight","Test":"TestContextBindingAndDeterminism/repeat#01","Elapsed":0}
{"Time":"2026-09-05T23:35:29.92228+09:00","Action":"output","Package":"waiting-room/internal/installplan/preflight","Test":"TestContextBindingAndDeterminism/repeat#42","Output":"--- PASS: TestContextBindingAndDeterminism/repeat#42 (0.00s)\n"}
{"Time":"2026-09-05T23:35:29.9223+09:00","Action":"pass","Package":"waiting-room/internal/installplan/preflight","Test":"TestContextBindingAndDeterminism/repeat#42","Elapsed":0}
{"Time":"2026-09-05T23:35:29.922305+09:00","Action":"output","Package":"waiting-room/internal/installplan/preflight","Test":"TestContextBindingAndDeterminism/repeat#43","Output":"--- PASS: TestContextBindingAndDeterminism/repeat#43 (0.00s)\n"}
{"Time":"2026-09-05T23:35:29.922306+09:00","Action":"pass","Package":"waiting-room/internal/installplan/preflight","Test":"TestContextBindingAndDeterminism/repeat#43","Elapsed":0}
{"Time":"2026-09-05T23:35:29.922308+09:00","Action":"output","Package":"waiting-room/internal/installplan/preflight","Test":"TestContextBindingAndDeterminism/repeat#49","Output":"--- PASS: TestContextBindingAndDeterminism/repeat#49 (0.00s)\n"}
{"Time":"2026-09-05T23:35:29.922323+09:00","Action":"pass","Package":"waiting-room/internal/installplan/preflight","Test":"TestContextBindingAndDeterminism/repeat#49","Elapsed":0}
{"Time":"2026-09-05T23:35:29.922327+09:00","Action":"output","Package":"waiting-room/internal/installplan/preflight","Test":"TestContextBindingAndDeterminism/repeat#26","Output":"--- PASS: TestContextBindingAndDeterminism/repeat#26 (0.00s)\n"}
{"Time":"2026-09-05T23:35:29.922329+09:00","Action":"pass","Package":"waiting-room/internal/installplan/preflight","Test":"TestContextBindingAndDeterminism/repeat#26","Elapsed":0}
{"Time":"2026-09-05T23:35:29.922331+09:00","Action":"output","Package":"waiting-room/internal/installplan/preflight","Test":"TestContextBindingAndDeterminism/repeat#05","Output":"--- PASS: TestContextBindingAndDeterminism/repeat#05 (0.00s)\n"}
{"Time":"2026-09-05T23:35:29.922347+09:00","Action":"pass","Package":"waiting-room/internal/installplan/preflight","Test":"TestContextBindingAndDeterminism/repeat#05","Elapsed":0}
{"Time":"2026-09-05T23:35:29.922352+09:00","Action":"output","Package":"waiting-room/internal/installplan/preflight","Test":"TestContextBindingAndDeterminism/repeat#12","Output":"--- PASS: TestContextBindingAndDeterminism/repeat#12 (0.00s)\n"}
{"Time":"2026-09-05T23:35:29.922354+09:00","Action":"pass","Package":"waiting-room/internal/installplan/preflight","Test":"TestContextBindingAndDeterminism/repeat#12","Elapsed":0}
{"Time":"2026-09-05T23:35:29.922356+09:00","Action":"output","Package":"waiting-room/internal/installplan/preflight","Test":"TestContextBindingAndDeterminism/repeat#33","Output":"--- PASS: TestContextBindingAndDeterminism/repeat#33 (0.00s)\n"}
{"Time":"2026-09-05T23:35:29.92237+09:00","Action":"pass","Package":"waiting-room/internal/installplan/preflight","Test":"TestContextBindingAndDeterminism/repeat#33","Elapsed":0}
{"Time":"2026-09-05T23:35:29.922374+09:00","Action":"output","Package":"waiting-room/internal/installplan/preflight","Test":"TestContextBindingAndDeterminism/repeat#03","Output":"--- PASS: TestContextBindingAndDeterminism/repeat#03 (0.00s)\n"}
{"Time":"2026-09-05T23:35:29.922377+09:00","Action":"pass","Package":"waiting-room/internal/installplan/preflight","Test":"TestContextBindingAndDeterminism/repeat#03","Elapsed":0}
{"Time":"2026-09-05T23:35:29.922378+09:00","Action":"cont","Package":"waiting-room/internal/installplan/preflight","Test":"TestContextBindingAndDeterminism/repeat#19"}
{"Time":"2026-09-05T23:35:29.922379+09:00","Action":"output","Package":"waiting-room/internal/installplan/preflight","Test":"TestContextBindingAndDeterminism/repeat#19","Output":"=== CONT  TestContextBindingAndDeterminism/repeat#19\n"}
{"Time":"2026-09-05T23:35:29.922391+09:00","Action":"cont","Package":"waiting-room/internal/installplan/preflight","Test":"TestContextBindingAndDeterminism/repeat#22"}
{"Time":"2026-09-05T23:35:29.922393+09:00","Action":"output","Package":"waiting-room/internal/installplan/preflight","Test":"TestContextBindingAndDeterminism/repeat#22","Output":"=== CONT  TestContextBindingAndDeterminism/repeat#22\n"}
{"Time":"2026-09-05T23:35:29.922405+09:00","Action":"cont","Package":"waiting-room/internal/installplan/preflight","Test":"TestContextBindingAndDeterminism/repeat#04"}
{"Time":"2026-09-05T23:35:29.922408+09:00","Action":"output","Package":"waiting-room/internal/installplan/preflight","Test":"TestContextBindingAndDeterminism/repeat#04","Output":"=== CONT  TestContextBindingAndDeterminism/repeat#04\n"}
{"Time":"2026-09-05T23:35:29.922428+09:00","Action":"output","Package":"waiting-room/internal/installplan/preflight","Test":"TestContextBindingAndDeterminism/repeat#28","Output":"--- PASS: TestContextBindingAndDeterminism/repeat#28 (0.00s)\n"}
{"Time":"2026-09-05T23:35:29.922448+09:00","Action":"pass","Package":"waiting-room/internal/installplan/preflight","Test":"TestContextBindingAndDeterminism/repeat#28","Elapsed":0}
{"Time":"2026-09-05T23:35:29.922454+09:00","Action":"output","Package":"waiting-room/internal/installplan/preflight","Test":"TestContextBindingAndDeterminism/repeat#29","Output":"--- PASS: TestContextBindingAndDeterminism/repeat#29 (0.00s)\n"}
{"Time":"2026-09-05T23:35:29.922457+09:00","Action":"pass","Package":"waiting-room/internal/installplan/preflight","Test":"TestContextBindingAndDeterminism/repeat#29","Elapsed":0}
{"Time":"2026-09-05T23:35:29.922458+09:00","Action":"output","Package":"waiting-room/internal/installplan/preflight","Test":"TestContextBindingAndDeterminism/repeat#14","Output":"--- PASS: TestContextBindingAndDeterminism/repeat#14 (0.00s)\n"}
{"Time":"2026-09-05T23:35:29.922477+09:00","Action":"pass","Package":"waiting-room/internal/installplan/preflight","Test":"TestContextBindingAndDeterminism/repeat#14","Elapsed":0}
{"Time":"2026-09-05T23:35:29.922482+09:00","Action":"output","Package":"waiting-room/internal/installplan/preflight","Test":"TestContextBindingAndDeterminism/repeat#25","Output":"--- PASS: TestContextBindingAndDeterminism/repeat#25 (0.00s)\n"}
{"Time":"2026-09-05T23:35:29.922484+09:00","Action":"pass","Package":"waiting-room/internal/installplan/preflight","Test":"TestContextBindingAndDeterminism/repeat#25","Elapsed":0}
{"Time":"2026-09-05T23:35:29.922487+09:00","Action":"cont","Package":"waiting-room/internal/installplan/preflight","Test":"TestContextBindingAndDeterminism/repeat#20"}
{"Time":"2026-09-05T23:35:29.922489+09:00","Action":"output","Package":"waiting-room/internal/installplan/preflight","Test":"TestContextBindingAndDeterminism/repeat#20","Output":"=== CONT  TestContextBindingAndDeterminism/repeat#20\n"}
{"Time":"2026-09-05T23:35:29.922493+09:00","Action":"output","Package":"waiting-room/internal/installplan/preflight","Test":"TestContextBindingAndDeterminism/repeat#08","Output":"--- PASS: TestContextBindingAndDeterminism/repeat#08 (0.00s)\n"}
{"Time":"2026-09-05T23:35:29.922518+09:00","Action":"pass","Package":"waiting-room/internal/installplan/preflight","Test":"TestContextBindingAndDeterminism/repeat#08","Elapsed":0}
{"Time":"2026-09-05T23:35:29.922523+09:00","Action":"cont","Package":"waiting-room/internal/installplan/preflight","Test":"TestContextBindingAndDeterminism/repeat#27"}
{"Time":"2026-09-05T23:35:29.922525+09:00","Action":"output","Package":"waiting-room/internal/installplan/preflight","Test":"TestContextBindingAndDeterminism/repeat#27","Output":"=== CONT  TestContextBindingAndDeterminism/repeat#27\n"}
{"Time":"2026-09-05T23:35:29.922536+09:00","Action":"output","Package":"waiting-room/internal/installplan/preflight","Test":"TestContextBindingAndDeterminism/repeat#38","Output":"--- PASS: TestContextBindingAndDeterminism/repeat#38 (0.00s)\n"}
{"Time":"2026-09-05T23:35:29.92257+09:00","Action":"pass","Package":"waiting-room/internal/installplan/preflight","Test":"TestContextBindingAndDeterminism/repeat#38","Elapsed":0}
{"Time":"2026-09-05T23:35:29.922574+09:00","Action":"output","Package":"waiting-room/internal/installplan/preflight","Test":"TestContextBindingAndDeterminism/repeat#30","Output":"--- PASS: TestContextBindingAndDeterminism/repeat#30 (0.00s)\n"}
{"Time":"2026-09-05T23:35:29.922715+09:00","Action":"pass","Package":"waiting-room/internal/installplan/preflight","Test":"TestContextBindingAndDeterminism/repeat#30","Elapsed":0}
{"Time":"2026-09-05T23:35:29.92272+09:00","Action":"output","Package":"waiting-room/internal/installplan/preflight","Test":"TestContextBindingAndDeterminism/repeat#22","Output":"--- PASS: TestContextBindingAndDeterminism/repeat#22 (0.00s)\n"}
{"Time":"2026-09-05T23:35:29.922748+09:00","Action":"pass","Package":"waiting-room/internal/installplan/preflight","Test":"TestContextBindingAndDeterminism/repeat#22","Elapsed":0}
{"Time":"2026-09-05T23:35:29.922751+09:00","Action":"output","Package":"waiting-room/internal/installplan/preflight","Test":"TestContextBindingAndDeterminism/repeat#19","Output":"--- PASS: TestContextBindingAndDeterminism/repeat#19 (0.00s)\n"}
{"Time":"2026-09-05T23:35:29.922806+09:00","Action":"pass","Package":"waiting-room/internal/installplan/preflight","Test":"TestContextBindingAndDeterminism/repeat#19","Elapsed":0}
{"Time":"2026-09-05T23:35:29.922809+09:00","Action":"output","Package":"waiting-room/internal/installplan/preflight","Test":"TestContextBindingAndDeterminism/repeat#04","Output":"--- PASS: TestContextBindingAndDeterminism/repeat#04 (0.00s)\n"}
{"Time":"2026-09-05T23:35:29.922836+09:00","Action":"pass","Package":"waiting-room/internal/installplan/preflight","Test":"TestContextBindingAndDeterminism/repeat#04","Elapsed":0}
{"Time":"2026-09-05T23:35:29.92284+09:00","Action":"output","Package":"waiting-room/internal/installplan/preflight","Test":"TestContextBindingAndDeterminism/repeat#27","Output":"--- PASS: TestContextBindingAndDeterminism/repeat#27 (0.00s)\n"}
{"Time":"2026-09-05T23:35:29.922854+09:00","Action":"pass","Package":"waiting-room/internal/installplan/preflight","Test":"TestContextBindingAndDeterminism/repeat#27","Elapsed":0}
{"Time":"2026-09-05T23:35:29.922856+09:00","Action":"output","Package":"waiting-room/internal/installplan/preflight","Test":"TestContextBindingAndDeterminism/repeat#20","Output":"--- PASS: TestContextBindingAndDeterminism/repeat#20 (0.00s)\n"}
{"Time":"2026-09-05T23:35:29.922885+09:00","Action":"pass","Package":"waiting-room/internal/installplan/preflight","Test":"TestContextBindingAndDeterminism/repeat#20","Elapsed":0}
{"Time":"2026-09-05T23:35:29.922888+09:00","Action":"output","Package":"waiting-room/internal/installplan/preflight","Test":"TestContextBindingAndDeterminism","Output":"--- PASS: TestContextBindingAndDeterminism (0.00s)\n"}
{"Time":"2026-09-05T23:35:29.922896+09:00","Action":"pass","Package":"waiting-room/internal/installplan/preflight","Test":"TestContextBindingAndDeterminism","Elapsed":0}
{"Time":"2026-09-05T23:35:29.922928+09:00","Action":"run","Package":"waiting-room/internal/installplan/preflight","Test":"FuzzClockFailClosed"}
{"Time":"2026-09-05T23:35:29.922933+09:00","Action":"output","Package":"waiting-room/internal/installplan/preflight","Test":"FuzzClockFailClosed","Output":"=== RUN   FuzzClockFailClosed\n"}
{"Time":"2026-09-05T23:35:29.923013+09:00","Action":"run","Package":"waiting-room/internal/installplan/preflight","Test":"FuzzClockFailClosed/seed#0"}
{"Time":"2026-09-05T23:35:29.923016+09:00","Action":"output","Package":"waiting-room/internal/installplan/preflight","Test":"FuzzClockFailClosed/seed#0","Output":"=== RUN   FuzzClockFailClosed/seed#0\n"}
{"Time":"2026-09-05T23:35:29.923314+09:00","Action":"output","Package":"waiting-room/internal/installplan/preflight","Test":"FuzzClockFailClosed/seed#0","Output":"--- PASS: FuzzClockFailClosed/seed#0 (0.00s)\n"}
{"Time":"2026-09-05T23:35:29.923325+09:00","Action":"pass","Package":"waiting-room/internal/installplan/preflight","Test":"FuzzClockFailClosed/seed#0","Elapsed":0}
{"Time":"2026-09-05T23:35:29.923344+09:00","Action":"run","Package":"waiting-room/internal/installplan/preflight","Test":"FuzzClockFailClosed/seed#1"}
{"Time":"2026-09-05T23:35:29.923347+09:00","Action":"output","Package":"waiting-room/internal/installplan/preflight","Test":"FuzzClockFailClosed/seed#1","Output":"=== RUN   FuzzClockFailClosed/seed#1\n"}
{"Time":"2026-09-05T23:35:29.923643+09:00","Action":"output","Package":"waiting-room/internal/installplan/preflight","Test":"FuzzClockFailClosed/seed#1","Output":"--- PASS: FuzzClockFailClosed/seed#1 (0.00s)\n"}
{"Time":"2026-09-05T23:35:29.923657+09:00","Action":"pass","Package":"waiting-room/internal/installplan/preflight","Test":"FuzzClockFailClosed/seed#1","Elapsed":0}
{"Time":"2026-09-05T23:35:29.923673+09:00","Action":"run","Package":"waiting-room/internal/installplan/preflight","Test":"FuzzClockFailClosed/seed#2"}
{"Time":"2026-09-05T23:35:29.923675+09:00","Action":"output","Package":"waiting-room/internal/installplan/preflight","Test":"FuzzClockFailClosed/seed#2","Output":"=== RUN   FuzzClockFailClosed/seed#2\n"}
{"Time":"2026-09-05T23:35:29.923964+09:00","Action":"output","Package":"waiting-room/internal/installplan/preflight","Test":"FuzzClockFailClosed/seed#2","Output":"--- PASS: FuzzClockFailClosed/seed#2 (0.00s)\n"}
{"Time":"2026-09-05T23:35:29.923969+09:00","Action":"pass","Package":"waiting-room/internal/installplan/preflight","Test":"FuzzClockFailClosed/seed#2","Elapsed":0}
{"Time":"2026-09-05T23:35:29.923992+09:00","Action":"output","Package":"waiting-room/internal/installplan/preflight","Test":"FuzzClockFailClosed","Output":"--- PASS: FuzzClockFailClosed (0.00s)\n"}
{"Time":"2026-09-05T23:35:29.924004+09:00","Action":"pass","Package":"waiting-room/internal/installplan/preflight","Test":"FuzzClockFailClosed","Elapsed":0}
{"Time":"2026-09-05T23:35:29.924008+09:00","Action":"output","Package":"waiting-room/internal/installplan/preflight","Output":"PASS\n"}
{"Time":"2026-09-05T23:35:30.076532+09:00","Action":"run","Package":"waiting-room/internal/installplan/preview","Test":"TestPreviewHTTPBoundary"}
{"Time":"2026-09-05T23:35:30.076552+09:00","Action":"output","Package":"waiting-room/internal/installplan/preview","Test":"TestPreviewHTTPBoundary","Output":"=== RUN   TestPreviewHTTPBoundary\n"}
{"Time":"2026-09-05T23:35:30.0767+09:00","Action":"run","Package":"waiting-room/internal/installplan/preview","Test":"TestPreviewHTTPBoundary/plan/valid"}
{"Time":"2026-09-05T23:35:30.076704+09:00","Action":"output","Package":"waiting-room/internal/installplan/preview","Test":"TestPreviewHTTPBoundary/plan/valid","Output":"=== RUN   TestPreviewHTTPBoundary/plan/valid\n"}
{"Time":"2026-09-05T23:35:30.077984+09:00","Action":"output","Package":"waiting-room/internal/installplan/preview","Test":"TestPreviewHTTPBoundary/plan/valid","Output":"--- PASS: TestPreviewHTTPBoundary/plan/valid (0.00s)\n"}
{"Time":"2026-09-05T23:35:30.078002+09:00","Action":"pass","Package":"waiting-room/internal/installplan/preview","Test":"TestPreviewHTTPBoundary/plan/valid","Elapsed":0}
{"Time":"2026-09-05T23:35:30.07802+09:00","Action":"run","Package":"waiting-room/internal/installplan/preview","Test":"TestPreviewHTTPBoundary/plan/origin"}
{"Time":"2026-09-05T23:35:30.078022+09:00","Action":"output","Package":"waiting-room/internal/installplan/preview","Test":"TestPreviewHTTPBoundary/plan/origin","Output":"=== RUN   TestPreviewHTTPBoundary/plan/origin\n"}
{"Time":"2026-09-05T23:35:30.078111+09:00","Action":"output","Package":"waiting-room/internal/installplan/preview","Test":"TestPreviewHTTPBoundary/plan/origin","Output":"--- PASS: TestPreviewHTTPBoundary/plan/origin (0.00s)\n"}
{"Time":"2026-09-05T23:35:30.078127+09:00","Action":"pass","Package":"waiting-room/internal/installplan/preview","Test":"TestPreviewHTTPBoundary/plan/origin","Elapsed":0}
{"Time":"2026-09-05T23:35:30.078146+09:00","Action":"run","Package":"waiting-room/internal/installplan/preview","Test":"TestPreviewHTTPBoundary/plan/duplicate-origin"}
{"Time":"2026-09-05T23:35:30.078148+09:00","Action":"output","Package":"waiting-room/internal/installplan/preview","Test":"TestPreviewHTTPBoundary/plan/duplicate-origin","Output":"=== RUN   TestPreviewHTTPBoundary/plan/duplicate-origin\n"}
{"Time":"2026-09-05T23:35:30.078225+09:00","Action":"output","Package":"waiting-room/internal/installplan/preview","Test":"TestPreviewHTTPBoundary/plan/duplicate-origin","Output":"--- PASS: TestPreviewHTTPBoundary/plan/duplicate-origin (0.00s)\n"}
{"Time":"2026-09-05T23:35:30.078242+09:00","Action":"pass","Package":"waiting-room/internal/installplan/preview","Test":"TestPreviewHTTPBoundary/plan/duplicate-origin","Elapsed":0}
{"Time":"2026-09-05T23:35:30.078249+09:00","Action":"run","Package":"waiting-room/internal/installplan/preview","Test":"TestPreviewHTTPBoundary/plan/host"}
{"Time":"2026-09-05T23:35:30.07825+09:00","Action":"output","Package":"waiting-room/internal/installplan/preview","Test":"TestPreviewHTTPBoundary/plan/host","Output":"=== RUN   TestPreviewHTTPBoundary/plan/host\n"}
{"Time":"2026-09-05T23:35:30.078321+09:00","Action":"output","Package":"waiting-room/internal/installplan/preview","Test":"TestPreviewHTTPBoundary/plan/host","Output":"--- PASS: TestPreviewHTTPBoundary/plan/host (0.00s)\n"}
{"Time":"2026-09-05T23:35:30.078327+09:00","Action":"pass","Package":"waiting-room/internal/installplan/preview","Test":"TestPreviewHTTPBoundary/plan/host","Elapsed":0}
{"Time":"2026-09-05T23:35:30.078344+09:00","Action":"run","Package":"waiting-room/internal/installplan/preview","Test":"TestPreviewHTTPBoundary/plan/remote"}
{"Time":"2026-09-05T23:35:30.078346+09:00","Action":"output","Package":"waiting-room/internal/installplan/preview","Test":"TestPreviewHTTPBoundary/plan/remote","Output":"=== RUN   TestPreviewHTTPBoundary/plan/remote\n"}
{"Time":"2026-09-05T23:35:30.078418+09:00","Action":"output","Package":"waiting-room/internal/installplan/preview","Test":"TestPreviewHTTPBoundary/plan/remote","Output":"--- PASS: TestPreviewHTTPBoundary/plan/remote (0.00s)\n"}
{"Time":"2026-09-05T23:35:30.078432+09:00","Action":"pass","Package":"waiting-room/internal/installplan/preview","Test":"TestPreviewHTTPBoundary/plan/remote","Elapsed":0}
{"Time":"2026-09-05T23:35:30.078448+09:00","Action":"run","Package":"waiting-room/internal/installplan/preview","Test":"TestPreviewHTTPBoundary/plan/content-type"}
{"Time":"2026-09-05T23:35:30.078451+09:00","Action":"output","Package":"waiting-room/internal/installplan/preview","Test":"TestPreviewHTTPBoundary/plan/content-type","Output":"=== RUN   TestPreviewHTTPBoundary/plan/content-type\n"}
{"Time":"2026-09-05T23:35:30.078517+09:00","Action":"output","Package":"waiting-room/internal/installplan/preview","Test":"TestPreviewHTTPBoundary/plan/content-type","Output":"--- PASS: TestPreviewHTTPBoundary/plan/content-type (0.00s)\n"}
{"Time":"2026-09-05T23:35:30.07853+09:00","Action":"pass","Package":"waiting-room/internal/installplan/preview","Test":"TestPreviewHTTPBoundary/plan/content-type","Elapsed":0}
{"Time":"2026-09-05T23:35:30.078539+09:00","Action":"run","Package":"waiting-room/internal/installplan/preview","Test":"TestPreviewHTTPBoundary/plan/marker"}
{"Time":"2026-09-05T23:35:30.078547+09:00","Action":"output","Package":"waiting-room/internal/installplan/preview","Test":"TestPreviewHTTPBoundary/plan/marker","Output":"=== RUN   TestPreviewHTTPBoundary/plan/marker\n"}
{"Time":"2026-09-05T23:35:30.078616+09:00","Action":"output","Package":"waiting-room/internal/installplan/preview","Test":"TestPreviewHTTPBoundary/plan/marker","Output":"--- PASS: TestPreviewHTTPBoundary/plan/marker (0.00s)\n"}
{"Time":"2026-09-05T23:35:30.07862+09:00","Action":"pass","Package":"waiting-room/internal/installplan/preview","Test":"TestPreviewHTTPBoundary/plan/marker","Elapsed":0}
{"Time":"2026-09-05T23:35:30.078636+09:00","Action":"run","Package":"waiting-room/internal/installplan/preview","Test":"TestPreviewHTTPBoundary/plan/cookie"}
{"Time":"2026-09-05T23:35:30.078638+09:00","Action":"output","Package":"waiting-room/internal/installplan/preview","Test":"TestPreviewHTTPBoundary/plan/cookie","Output":"=== RUN   TestPreviewHTTPBoundary/plan/cookie\n"}
{"Time":"2026-09-05T23:35:30.078717+09:00","Action":"output","Package":"waiting-room/internal/installplan/preview","Test":"TestPreviewHTTPBoundary/plan/cookie","Output":"--- PASS: TestPreviewHTTPBoundary/plan/cookie (0.00s)\n"}
{"Time":"2026-09-05T23:35:30.078729+09:00","Action":"pass","Package":"waiting-room/internal/installplan/preview","Test":"TestPreviewHTTPBoundary/plan/cookie","Elapsed":0}
{"Time":"2026-09-05T23:35:30.078738+09:00","Action":"run","Package":"waiting-room/internal/installplan/preview","Test":"TestPreviewHTTPBoundary/plan/auth"}
{"Time":"2026-09-05T23:35:30.07874+09:00","Action":"output","Package":"waiting-room/internal/installplan/preview","Test":"TestPreviewHTTPBoundary/plan/auth","Output":"=== RUN   TestPreviewHTTPBoundary/plan/auth\n"}
{"Time":"2026-09-05T23:35:30.07881+09:00","Action":"output","Package":"waiting-room/internal/installplan/preview","Test":"TestPreviewHTTPBoundary/plan/auth","Output":"--- PASS: TestPreviewHTTPBoundary/plan/auth (0.00s)\n"}
{"Time":"2026-09-05T23:35:30.078816+09:00","Action":"pass","Package":"waiting-room/internal/installplan/preview","Test":"TestPreviewHTTPBoundary/plan/auth","Elapsed":0}
{"Time":"2026-09-05T23:35:30.078834+09:00","Action":"run","Package":"waiting-room/internal/installplan/preview","Test":"TestPreviewHTTPBoundary/plan/query"}
{"Time":"2026-09-05T23:35:30.078836+09:00","Action":"output","Package":"waiting-room/internal/installplan/preview","Test":"TestPreviewHTTPBoundary/plan/query","Output":"=== RUN   TestPreviewHTTPBoundary/plan/query\n"}
{"Time":"2026-09-05T23:35:30.078899+09:00","Action":"output","Package":"waiting-room/internal/installplan/preview","Test":"TestPreviewHTTPBoundary/plan/query","Output":"--- PASS: TestPreviewHTTPBoundary/plan/query (0.00s)\n"}
{"Time":"2026-09-05T23:35:30.078913+09:00","Action":"pass","Package":"waiting-room/internal/installplan/preview","Test":"TestPreviewHTTPBoundary/plan/query","Elapsed":0}
{"Time":"2026-09-05T23:35:30.078929+09:00","Action":"run","Package":"waiting-room/internal/installplan/preview","Test":"TestPreviewHTTPBoundary/plan/method"}
{"Time":"2026-09-05T23:35:30.078933+09:00","Action":"output","Package":"waiting-room/internal/installplan/preview","Test":"TestPreviewHTTPBoundary/plan/method","Output":"=== RUN   TestPreviewHTTPBoundary/plan/method\n"}
{"Time":"2026-09-05T23:35:30.079006+09:00","Action":"output","Package":"waiting-room/internal/installplan/preview","Test":"TestPreviewHTTPBoundary/plan/method","Output":"--- PASS: TestPreviewHTTPBoundary/plan/method (0.00s)\n"}
{"Time":"2026-09-05T23:35:30.079011+09:00","Action":"pass","Package":"waiting-room/internal/installplan/preview","Test":"TestPreviewHTTPBoundary/plan/method","Elapsed":0}
{"Time":"2026-09-05T23:35:30.079029+09:00","Action":"run","Package":"waiting-room/internal/installplan/preview","Test":"TestPreviewHTTPBoundary/plan/invalid"}
{"Time":"2026-09-05T23:35:30.079031+09:00","Action":"output","Package":"waiting-room/internal/installplan/preview","Test":"TestPreviewHTTPBoundary/plan/invalid","Output":"=== RUN   TestPreviewHTTPBoundary/plan/invalid\n"}
{"Time":"2026-09-05T23:35:30.079129+09:00","Action":"output","Package":"waiting-room/internal/installplan/preview","Test":"TestPreviewHTTPBoundary/plan/invalid","Output":"--- PASS: TestPreviewHTTPBoundary/plan/invalid (0.00s)\n"}
{"Time":"2026-09-05T23:35:30.079146+09:00","Action":"pass","Package":"waiting-room/internal/installplan/preview","Test":"TestPreviewHTTPBoundary/plan/invalid","Elapsed":0}
{"Time":"2026-09-05T23:35:30.079163+09:00","Action":"run","Package":"waiting-room/internal/installplan/preview","Test":"TestPreviewHTTPBoundary/plan/large"}
{"Time":"2026-09-05T23:35:30.079167+09:00","Action":"output","Package":"waiting-room/internal/installplan/preview","Test":"TestPreviewHTTPBoundary/plan/large","Output":"=== RUN   TestPreviewHTTPBoundary/plan/large\n"}
{"Time":"2026-09-05T23:35:30.07933+09:00","Action":"output","Package":"waiting-room/internal/installplan/preview","Test":"TestPreviewHTTPBoundary/plan/large","Output":"--- PASS: TestPreviewHTTPBoundary/plan/large (0.00s)\n"}
{"Time":"2026-09-05T23:35:30.07934+09:00","Action":"pass","Package":"waiting-room/internal/installplan/preview","Test":"TestPreviewHTTPBoundary/plan/large","Elapsed":0}
{"Time":"2026-09-05T23:35:30.07941+09:00","Action":"run","Package":"waiting-room/internal/installplan/preview","Test":"TestPreviewHTTPBoundary/estimate/valid"}
{"Time":"2026-09-05T23:35:30.079413+09:00","Action":"output","Package":"waiting-room/internal/installplan/preview","Test":"TestPreviewHTTPBoundary/estimate/valid","Output":"=== RUN   TestPreviewHTTPBoundary/estimate/valid\n"}
{"Time":"2026-09-05T23:35:30.080396+09:00","Action":"output","Package":"waiting-room/internal/installplan/preview","Test":"TestPreviewHTTPBoundary/estimate/valid","Output":"--- PASS: TestPreviewHTTPBoundary/estimate/valid (0.00s)\n"}
{"Time":"2026-09-05T23:35:30.08041+09:00","Action":"pass","Package":"waiting-room/internal/installplan/preview","Test":"TestPreviewHTTPBoundary/estimate/valid","Elapsed":0}
{"Time":"2026-09-05T23:35:30.080433+09:00","Action":"run","Package":"waiting-room/internal/installplan/preview","Test":"TestPreviewHTTPBoundary/estimate/origin"}
{"Time":"2026-09-05T23:35:30.080439+09:00","Action":"output","Package":"waiting-room/internal/installplan/preview","Test":"TestPreviewHTTPBoundary/estimate/origin","Output":"=== RUN   TestPreviewHTTPBoundary/estimate/origin\n"}
{"Time":"2026-09-05T23:35:30.080511+09:00","Action":"output","Package":"waiting-room/internal/installplan/preview","Test":"TestPreviewHTTPBoundary/estimate/origin","Output":"--- PASS: TestPreviewHTTPBoundary/estimate/origin (0.00s)\n"}
{"Time":"2026-09-05T23:35:30.080525+09:00","Action":"pass","Package":"waiting-room/internal/installplan/preview","Test":"TestPreviewHTTPBoundary/estimate/origin","Elapsed":0}
{"Time":"2026-09-05T23:35:30.080544+09:00","Action":"run","Package":"waiting-room/internal/installplan/preview","Test":"TestPreviewHTTPBoundary/estimate/duplicate-origin"}
{"Time":"2026-09-05T23:35:30.080547+09:00","Action":"output","Package":"waiting-room/internal/installplan/preview","Test":"TestPreviewHTTPBoundary/estimate/duplicate-origin","Output":"=== RUN   TestPreviewHTTPBoundary/estimate/duplicate-origin\n"}
{"Time":"2026-09-05T23:35:30.080615+09:00","Action":"output","Package":"waiting-room/internal/installplan/preview","Test":"TestPreviewHTTPBoundary/estimate/duplicate-origin","Output":"--- PASS: TestPreviewHTTPBoundary/estimate/duplicate-origin (0.00s)\n"}
{"Time":"2026-09-05T23:35:30.080622+09:00","Action":"pass","Package":"waiting-room/internal/installplan/preview","Test":"TestPreviewHTTPBoundary/estimate/duplicate-origin","Elapsed":0}
{"Time":"2026-09-05T23:35:30.080641+09:00","Action":"run","Package":"waiting-room/internal/installplan/preview","Test":"TestPreviewHTTPBoundary/estimate/host"}
{"Time":"2026-09-05T23:35:30.080645+09:00","Action":"output","Package":"waiting-room/internal/installplan/preview","Test":"TestPreviewHTTPBoundary/estimate/host","Output":"=== RUN   TestPreviewHTTPBoundary/estimate/host\n"}
{"Time":"2026-09-05T23:35:30.080723+09:00","Action":"output","Package":"waiting-room/internal/installplan/preview","Test":"TestPreviewHTTPBoundary/estimate/host","Output":"--- PASS: TestPreviewHTTPBoundary/estimate/host (0.00s)\n"}
{"Time":"2026-09-05T23:35:30.080731+09:00","Action":"pass","Package":"waiting-room/internal/installplan/preview","Test":"TestPreviewHTTPBoundary/estimate/host","Elapsed":0}
{"Time":"2026-09-05T23:35:30.080733+09:00","Action":"run","Package":"waiting-room/internal/installplan/preview","Test":"TestPreviewHTTPBoundary/estimate/remote"}
{"Time":"2026-09-05T23:35:30.080736+09:00","Action":"output","Package":"waiting-room/internal/installplan/preview","Test":"TestPreviewHTTPBoundary/estimate/remote","Output":"=== RUN   TestPreviewHTTPBoundary/estimate/remote\n"}
{"Time":"2026-09-05T23:35:30.080781+09:00","Action":"output","Package":"waiting-room/internal/installplan/preview","Test":"TestPreviewHTTPBoundary/estimate/remote","Output":"--- PASS: TestPreviewHTTPBoundary/estimate/remote (0.00s)\n"}
{"Time":"2026-09-05T23:35:30.080786+09:00","Action":"pass","Package":"waiting-room/internal/installplan/preview","Test":"TestPreviewHTTPBoundary/estimate/remote","Elapsed":0}
{"Time":"2026-09-05T23:35:30.080788+09:00","Action":"run","Package":"waiting-room/internal/installplan/preview","Test":"TestPreviewHTTPBoundary/estimate/content-type"}
{"Time":"2026-09-05T23:35:30.08079+09:00","Action":"output","Package":"waiting-room/internal/installplan/preview","Test":"TestPreviewHTTPBoundary/estimate/content-type","Output":"=== RUN   TestPreviewHTTPBoundary/estimate/content-type\n"}
{"Time":"2026-09-05T23:35:30.080839+09:00","Action":"output","Package":"waiting-room/internal/installplan/preview","Test":"TestPreviewHTTPBoundary/estimate/content-type","Output":"--- PASS: TestPreviewHTTPBoundary/estimate/content-type (0.00s)\n"}
{"Time":"2026-09-05T23:35:30.080842+09:00","Action":"pass","Package":"waiting-room/internal/installplan/preview","Test":"TestPreviewHTTPBoundary/estimate/content-type","Elapsed":0}
{"Time":"2026-09-05T23:35:30.080855+09:00","Action":"run","Package":"waiting-room/internal/installplan/preview","Test":"TestPreviewHTTPBoundary/estimate/marker"}
{"Time":"2026-09-05T23:35:30.080858+09:00","Action":"output","Package":"waiting-room/internal/installplan/preview","Test":"TestPreviewHTTPBoundary/estimate/marker","Output":"=== RUN   TestPreviewHTTPBoundary/estimate/marker\n"}
{"Time":"2026-09-05T23:35:30.080897+09:00","Action":"output","Package":"waiting-room/internal/installplan/preview","Test":"TestPreviewHTTPBoundary/estimate/marker","Output":"--- PASS: TestPreviewHTTPBoundary/estimate/marker (0.00s)\n"}
{"Time":"2026-09-05T23:35:30.080901+09:00","Action":"pass","Package":"waiting-room/internal/installplan/preview","Test":"TestPreviewHTTPBoundary/estimate/marker","Elapsed":0}
{"Time":"2026-09-05T23:35:30.080916+09:00","Action":"run","Package":"waiting-room/internal/installplan/preview","Test":"TestPreviewHTTPBoundary/estimate/cookie"}
{"Time":"2026-09-05T23:35:30.080918+09:00","Action":"output","Package":"waiting-room/internal/installplan/preview","Test":"TestPreviewHTTPBoundary/estimate/cookie","Output":"=== RUN   TestPreviewHTTPBoundary/estimate/cookie\n"}
{"Time":"2026-09-05T23:35:30.08096+09:00","Action":"output","Package":"waiting-room/internal/installplan/preview","Test":"TestPreviewHTTPBoundary/estimate/cookie","Output":"--- PASS: TestPreviewHTTPBoundary/estimate/cookie (0.00s)\n"}
{"Time":"2026-09-05T23:35:30.080965+09:00","Action":"pass","Package":"waiting-room/internal/installplan/preview","Test":"TestPreviewHTTPBoundary/estimate/cookie","Elapsed":0}
{"Time":"2026-09-05T23:35:30.080969+09:00","Action":"run","Package":"waiting-room/internal/installplan/preview","Test":"TestPreviewHTTPBoundary/estimate/auth"}
{"Time":"2026-09-05T23:35:30.080972+09:00","Action":"output","Package":"waiting-room/internal/installplan/preview","Test":"TestPreviewHTTPBoundary/estimate/auth","Output":"=== RUN   TestPreviewHTTPBoundary/estimate/auth\n"}
{"Time":"2026-09-05T23:35:30.081019+09:00","Action":"output","Package":"waiting-room/internal/installplan/preview","Test":"TestPreviewHTTPBoundary/estimate/auth","Output":"--- PASS: TestPreviewHTTPBoundary/estimate/auth (0.00s)\n"}
{"Time":"2026-09-05T23:35:30.081023+09:00","Action":"pass","Package":"waiting-room/internal/installplan/preview","Test":"TestPreviewHTTPBoundary/estimate/auth","Elapsed":0}
{"Time":"2026-09-05T23:35:30.081025+09:00","Action":"run","Package":"waiting-room/internal/installplan/preview","Test":"TestPreviewHTTPBoundary/estimate/query"}
{"Time":"2026-09-05T23:35:30.081027+09:00","Action":"output","Package":"waiting-room/internal/installplan/preview","Test":"TestPreviewHTTPBoundary/estimate/query","Output":"=== RUN   TestPreviewHTTPBoundary/estimate/query\n"}
{"Time":"2026-09-05T23:35:30.08107+09:00","Action":"output","Package":"waiting-room/internal/installplan/preview","Test":"TestPreviewHTTPBoundary/estimate/query","Output":"--- PASS: TestPreviewHTTPBoundary/estimate/query (0.00s)\n"}
{"Time":"2026-09-05T23:35:30.081081+09:00","Action":"pass","Package":"waiting-room/internal/installplan/preview","Test":"TestPreviewHTTPBoundary/estimate/query","Elapsed":0}
{"Time":"2026-09-05T23:35:30.081094+09:00","Action":"run","Package":"waiting-room/internal/installplan/preview","Test":"TestPreviewHTTPBoundary/estimate/method"}
{"Time":"2026-09-05T23:35:30.081097+09:00","Action":"output","Package":"waiting-room/internal/installplan/preview","Test":"TestPreviewHTTPBoundary/estimate/method","Output":"=== RUN   TestPreviewHTTPBoundary/estimate/method\n"}
{"Time":"2026-09-05T23:35:30.081126+09:00","Action":"output","Package":"waiting-room/internal/installplan/preview","Test":"TestPreviewHTTPBoundary/estimate/method","Output":"--- PASS: TestPreviewHTTPBoundary/estimate/method (0.00s)\n"}
{"Time":"2026-09-05T23:35:30.081143+09:00","Action":"pass","Package":"waiting-room/internal/installplan/preview","Test":"TestPreviewHTTPBoundary/estimate/method","Elapsed":0}
{"Time":"2026-09-05T23:35:30.081149+09:00","Action":"run","Package":"waiting-room/internal/installplan/preview","Test":"TestPreviewHTTPBoundary/estimate/invalid"}
{"Time":"2026-09-05T23:35:30.08115+09:00","Action":"output","Package":"waiting-room/internal/installplan/preview","Test":"TestPreviewHTTPBoundary/estimate/invalid","Output":"=== RUN   TestPreviewHTTPBoundary/estimate/invalid\n"}
{"Time":"2026-09-05T23:35:30.08121+09:00","Action":"output","Package":"waiting-room/internal/installplan/preview","Test":"TestPreviewHTTPBoundary/estimate/invalid","Output":"--- PASS: TestPreviewHTTPBoundary/estimate/invalid (0.00s)\n"}
{"Time":"2026-09-05T23:35:30.081221+09:00","Action":"pass","Package":"waiting-room/internal/installplan/preview","Test":"TestPreviewHTTPBoundary/estimate/invalid","Elapsed":0}
{"Time":"2026-09-05T23:35:30.081237+09:00","Action":"run","Package":"waiting-room/internal/installplan/preview","Test":"TestPreviewHTTPBoundary/estimate/large"}
{"Time":"2026-09-05T23:35:30.081242+09:00","Action":"output","Package":"waiting-room/internal/installplan/preview","Test":"TestPreviewHTTPBoundary/estimate/large","Output":"=== RUN   TestPreviewHTTPBoundary/estimate/large\n"}
{"Time":"2026-09-05T23:35:30.081366+09:00","Action":"output","Package":"waiting-room/internal/installplan/preview","Test":"TestPreviewHTTPBoundary/estimate/large","Output":"--- PASS: TestPreviewHTTPBoundary/estimate/large (0.00s)\n"}
{"Time":"2026-09-05T23:35:30.081369+09:00","Action":"pass","Package":"waiting-room/internal/installplan/preview","Test":"TestPreviewHTTPBoundary/estimate/large","Elapsed":0}
{"Time":"2026-09-05T23:35:30.088843+09:00","Action":"output","Package":"waiting-room/internal/installplan/preview","Test":"TestPreviewHTTPBoundary","Output":"--- PASS: TestPreviewHTTPBoundary (0.01s)\n"}
{"Time":"2026-09-05T23:35:30.088872+09:00","Action":"pass","Package":"waiting-room/internal/installplan/preview","Test":"TestPreviewHTTPBoundary","Elapsed":0.01}
{"Time":"2026-09-05T23:35:30.088892+09:00","Action":"output","Package":"waiting-room/internal/installplan/preview","Output":"PASS\n"}
{"Time":"2026-09-05T23:35:30.246212+09:00","Action":"run","Package":"waiting-room/cmd/wrctl","Test":"TestPlanCLI"}
{"Time":"2026-09-05T23:35:30.246228+09:00","Action":"output","Package":"waiting-room/cmd/wrctl","Test":"TestPlanCLI","Output":"=== RUN   TestPlanCLI\n"}
{"Time":"2026-09-05T23:35:30.247386+09:00","Action":"output","Package":"waiting-room/cmd/wrctl","Test":"TestPlanCLI","Output":"--- PASS: TestPlanCLI (0.00s)\n"}
{"Time":"2026-09-05T23:35:30.247395+09:00","Action":"pass","Package":"waiting-room/cmd/wrctl","Test":"TestPlanCLI","Elapsed":0}
{"Time":"2026-09-05T23:35:30.2474+09:00","Action":"run","Package":"waiting-room/cmd/wrctl","Test":"TestCLIRejectsWithoutEcho"}
{"Time":"2026-09-05T23:35:30.247402+09:00","Action":"output","Package":"waiting-room/cmd/wrctl","Test":"TestCLIRejectsWithoutEcho","Output":"=== RUN   TestCLIRejectsWithoutEcho\n"}
{"Time":"2026-09-05T23:35:30.247477+09:00","Action":"output","Package":"waiting-room/cmd/wrctl","Test":"TestCLIRejectsWithoutEcho","Output":"--- PASS: TestCLIRejectsWithoutEcho (0.00s)\n"}
{"Time":"2026-09-05T23:35:30.247486+09:00","Action":"pass","Package":"waiting-room/cmd/wrctl","Test":"TestCLIRejectsWithoutEcho","Elapsed":0}
{"Time":"2026-09-05T23:35:30.247489+09:00","Action":"run","Package":"waiting-room/cmd/wrctl","Test":"TestEstimateCLI"}
{"Time":"2026-09-05T23:35:30.247491+09:00","Action":"output","Package":"waiting-room/cmd/wrctl","Test":"TestEstimateCLI","Output":"=== RUN   TestEstimateCLI\n"}
{"Time":"2026-09-05T23:35:30.248749+09:00","Action":"output","Package":"waiting-room/cmd/wrctl","Test":"TestEstimateCLI","Output":"--- PASS: TestEstimateCLI (0.00s)\n"}
{"Time":"2026-09-05T23:35:30.248767+09:00","Action":"pass","Package":"waiting-room/cmd/wrctl","Test":"TestEstimateCLI","Elapsed":0}
{"Time":"2026-09-05T23:35:30.248799+09:00","Action":"run","Package":"waiting-room/cmd/wrctl","Test":"TestCLIIOErrors"}
{"Time":"2026-09-05T23:35:30.248814+09:00","Action":"output","Package":"waiting-room/cmd/wrctl","Test":"TestCLIIOErrors","Output":"=== RUN   TestCLIIOErrors\n"}
{"Time":"2026-09-05T23:35:30.249225+09:00","Action":"output","Package":"waiting-room/cmd/wrctl","Test":"TestCLIIOErrors","Output":"--- PASS: TestCLIIOErrors (0.00s)\n"}
{"Time":"2026-09-05T23:35:30.24923+09:00","Action":"pass","Package":"waiting-room/cmd/wrctl","Test":"TestCLIIOErrors","Elapsed":0}
{"Time":"2026-09-05T23:35:30.249241+09:00","Action":"output","Package":"waiting-room/cmd/wrctl","Output":"PASS\n"}
{"Time":"2026-09-05T23:35:30.772965+09:00","Action":"output","Package":"waiting-room/internal/installplan","Output":"ok  \twaiting-room/internal/installplan\t1.248s\n"}
{"Time":"2026-09-05T23:35:30.773024+09:00","Action":"pass","Package":"waiting-room/internal/installplan","Elapsed":1.248}
{"Time":"2026-09-05T23:35:30.933616+09:00","Action":"output","Package":"waiting-room/internal/installplan/preflight","Output":"ok  \twaiting-room/internal/installplan/preflight\t1.409s\n"}
{"Time":"2026-09-05T23:35:30.933674+09:00","Action":"pass","Package":"waiting-room/internal/installplan/preflight","Elapsed":1.409}
{"Time":"2026-09-05T23:35:31.094513+09:00","Action":"output","Package":"waiting-room/internal/installplan/preview","Output":"ok  \twaiting-room/internal/installplan/preview\t1.545s\n"}
{"Time":"2026-09-05T23:35:31.094542+09:00","Action":"pass","Package":"waiting-room/internal/installplan/preview","Elapsed":1.545}
{"Time":"2026-09-05T23:35:31.259168+09:00","Action":"output","Package":"waiting-room/cmd/wrctl","Output":"ok  \twaiting-room/cmd/wrctl\t1.705s\n"}
{"Time":"2026-09-05T23:35:31.259239+09:00","Action":"pass","Package":"waiting-room/cmd/wrctl","Elapsed":1.706}
