{"event":"fixture_diagnostic_acl","observedAt":"2026-09-10T09:15:47.490943169Z","onlyAddedCommand":"latency|latest","role":"wr_initializer"}
PASS: six-role Docker installation, actual Linux Control calibration, reviewed policy/region/defaults apply
PASS: PostgreSQL and Control restart preserve exact setup report and calibrated parameters before bootstrap
PASS: applied installation region and Room defaults reach signed runtime with both Gateway/Coordinator ACK
PASS: disposable fixture latency observer enabled at 100ms; durability/TTL/quota unchanged
PUBLIC QUOTA: obeyed 429 responses=1; successful heartbeats=0
PUBLIC QUOTA: obeyed 429 responses=100; successful heartbeats=0
PUBLIC QUOTA: obeyed 429 responses=200; successful heartbeats=0
PUBLIC QUOTA: obeyed 429 responses=300; successful heartbeats=0
PUBLIC QUOTA: obeyed 429 responses=400; successful heartbeats=0
PASS: guarded candidate real Docker HTTPS 1000 visitors, 1000 status reads, 100 recent exact retries; client wall p99 including quota waits=46070.5ms; elapsed=67.1s
PASS: real HTTP heartbeat cycle retained 1800 visitors; total=1800
PUBLIC QUOTA: obeyed 429 responses=500; successful heartbeats=1800
PUBLIC QUOTA: obeyed 429 responses=600; successful heartbeats=1800
PUBLIC QUOTA: obeyed 429 responses=700; successful heartbeats=1800
PUBLIC QUOTA: obeyed 429 responses=800; successful heartbeats=1800
PUBLIC QUOTA: obeyed 429 responses=900; successful heartbeats=1800
PUBLIC QUOTA: obeyed 429 responses=1000; successful heartbeats=1800
PUBLIC QUOTA: obeyed 429 responses=1100; successful heartbeats=1800
PUBLIC QUOTA: obeyed 429 responses=1200; successful heartbeats=1800
PUBLIC QUOTA: obeyed 429 responses=1300; successful heartbeats=1800
PUBLIC QUOTA: obeyed 429 responses=1400; successful heartbeats=1800
PUBLIC QUOTA: obeyed 429 responses=1500; successful heartbeats=1800
PUBLIC QUOTA: obeyed 429 responses=1600; successful heartbeats=1800
PUBLIC QUOTA: obeyed 429 responses=1700; successful heartbeats=1800
PUBLIC QUOTA: obeyed 429 responses=1800; successful heartbeats=1800
PUBLIC QUOTA: obeyed 429 responses=1900; successful heartbeats=1800
PUBLIC QUOTA: obeyed 429 responses=2000; successful heartbeats=1800
PUBLIC QUOTA: obeyed 429 responses=2100; successful heartbeats=1800
PUBLIC QUOTA: obeyed 429 responses=2200; successful heartbeats=1800
PUBLIC QUOTA: obeyed 429 responses=2300; successful heartbeats=1800
PASS: guarded candidate real Docker HTTPS 2000 visitors, 2000 status reads, 100 recent exact retries; client wall p99 including quota waits=60072.3ms; elapsed=134.9s
PUBLIC QUOTA: obeyed 429 responses=2400; successful heartbeats=1800
PASS: real HTTP heartbeat cycle retained 3000 visitors; total=4800
PASS: real HTTP heartbeat cycle retained 4200 visitors; total=9000
PUBLIC QUOTA: obeyed 429 responses=2500; successful heartbeats=9000
PUBLIC QUOTA: obeyed 429 responses=2600; successful heartbeats=9000
PUBLIC QUOTA: obeyed 429 responses=2700; successful heartbeats=9000
PUBLIC QUOTA: obeyed 429 responses=2800; successful heartbeats=9000
PUBLIC QUOTA: obeyed 429 responses=2900; successful heartbeats=9000
PUBLIC QUOTA: obeyed 429 responses=3000; successful heartbeats=9000
PUBLIC QUOTA: obeyed 429 responses=3100; successful heartbeats=9000
PUBLIC QUOTA: obeyed 429 responses=3200; successful heartbeats=9000
PUBLIC QUOTA: obeyed 429 responses=3300; successful heartbeats=9000
PUBLIC QUOTA: obeyed 429 responses=3400; successful heartbeats=9000
PUBLIC QUOTA: obeyed 429 responses=3500; successful heartbeats=9000
PUBLIC QUOTA: obeyed 429 responses=3600; successful heartbeats=9000
PUBLIC QUOTA: obeyed 429 responses=3700; successful heartbeats=9000
PUBLIC QUOTA: obeyed 429 responses=3800; successful heartbeats=9000
PUBLIC QUOTA: obeyed 429 responses=3900; successful heartbeats=9000
PUBLIC QUOTA: obeyed 429 responses=4000; successful heartbeats=9000
PUBLIC QUOTA: obeyed 429 responses=4100; successful heartbeats=9000
PUBLIC QUOTA: obeyed 429 responses=4200; successful heartbeats=9000
PUBLIC QUOTA: obeyed 429 responses=4300; successful heartbeats=9000
PUBLIC QUOTA: obeyed 429 responses=4400; successful heartbeats=10335
PUBLIC QUOTA: obeyed 429 responses=4500; successful heartbeats=12096
PUBLIC QUOTA: obeyed 429 responses=4600; successful heartbeats=12096
PUBLIC QUOTA: obeyed 429 responses=4700; successful heartbeats=12096
PUBLIC QUOTA: obeyed 429 responses=4800; successful heartbeats=12096
PUBLIC QUOTA: obeyed 429 responses=4900; successful heartbeats=12096
PUBLIC QUOTA: obeyed 429 responses=5000; successful heartbeats=12096
PUBLIC QUOTA: obeyed 429 responses=5100; successful heartbeats=12096
PUBLIC QUOTA: obeyed 429 responses=5200; successful heartbeats=12096
PUBLIC QUOTA: obeyed 429 responses=5300; successful heartbeats=12096
PUBLIC QUOTA: obeyed 429 responses=5400; successful heartbeats=12096
PUBLIC QUOTA: obeyed 429 responses=5500; successful heartbeats=12096
PUBLIC QUOTA: obeyed 429 responses=5600; successful heartbeats=12096
PUBLIC QUOTA: obeyed 429 responses=5700; successful heartbeats=12096
PUBLIC QUOTA: obeyed 429 responses=5800; successful heartbeats=12096
PUBLIC QUOTA: obeyed 429 responses=5900; successful heartbeats=12096
PUBLIC QUOTA: obeyed 429 responses=6000; successful heartbeats=12096
PUBLIC QUOTA: obeyed 429 responses=6100; successful heartbeats=12096
PUBLIC QUOTA: obeyed 429 responses=6200; successful heartbeats=12096
PUBLIC QUOTA: obeyed 429 responses=6300; successful heartbeats=12096
PUBLIC QUOTA: obeyed 429 responses=6400; successful heartbeats=12096
PUBLIC QUOTA: obeyed 429 responses=6500; successful heartbeats=12096
PASS: real HTTP heartbeat cycle retained 5000 visitors; total=14000
PUBLIC QUOTA: obeyed 429 responses=6600; successful heartbeats=14000
PUBLIC QUOTA: obeyed 429 responses=6700; successful heartbeats=14000
PUBLIC QUOTA: obeyed 429 responses=6800; successful heartbeats=14000
PUBLIC QUOTA: obeyed 429 responses=6900; successful heartbeats=14000
PUBLIC QUOTA: obeyed 429 responses=7000; successful heartbeats=14000
PUBLIC QUOTA: obeyed 429 responses=7100; successful heartbeats=14000
PUBLIC QUOTA: obeyed 429 responses=7200; successful heartbeats=14000
PUBLIC QUOTA: obeyed 429 responses=7300; successful heartbeats=14000
PUBLIC QUOTA: obeyed 429 responses=7400; successful heartbeats=14000
PUBLIC QUOTA: obeyed 429 responses=7500; successful heartbeats=14000
PUBLIC QUOTA: obeyed 429 responses=7600; successful heartbeats=14000
PUBLIC QUOTA: obeyed 429 responses=7700; successful heartbeats=14000
PUBLIC QUOTA: obeyed 429 responses=7800; successful heartbeats=14000
PUBLIC QUOTA: obeyed 429 responses=7900; successful heartbeats=14000
PUBLIC QUOTA: obeyed 429 responses=8000; successful heartbeats=14000
PUBLIC QUOTA: obeyed 429 responses=8100; successful heartbeats=14000
PUBLIC QUOTA: obeyed 429 responses=8200; successful heartbeats=14000
PUBLIC QUOTA: obeyed 429 responses=8300; successful heartbeats=14000
PUBLIC QUOTA: obeyed 429 responses=8400; successful heartbeats=14000
PUBLIC QUOTA: obeyed 429 responses=8500; successful heartbeats=14000
PUBLIC QUOTA: obeyed 429 responses=8600; successful heartbeats=14000
PUBLIC QUOTA: obeyed 429 responses=8700; successful heartbeats=14000
PUBLIC QUOTA: obeyed 429 responses=8800; successful heartbeats=14000
PUBLIC QUOTA: obeyed 429 responses=8900; successful heartbeats=14000
PUBLIC QUOTA: obeyed 429 responses=9000; successful heartbeats=14000
PUBLIC QUOTA: obeyed 429 responses=9100; successful heartbeats=14000
PUBLIC QUOTA: obeyed 429 responses=9200; successful heartbeats=14000
PUBLIC QUOTA: obeyed 429 responses=9300; successful heartbeats=14000
PUBLIC QUOTA: obeyed 429 responses=9400; successful heartbeats=14000
PUBLIC QUOTA: obeyed 429 responses=9500; successful heartbeats=14000
PUBLIC QUOTA: obeyed 429 responses=9600; successful heartbeats=14000
PUBLIC QUOTA: obeyed 429 responses=9700; successful heartbeats=14000
PASS: guarded candidate real Docker HTTPS 5000 visitors, 5000 status reads, 100 recent exact retries; client wall p99 including quota waits=60079.9ms; elapsed=409.3s
PUBLIC QUOTA: obeyed 429 responses=9800; successful heartbeats=14000
PASS: real HTTP heartbeat cycle retained 6200 visitors; total=20200
PUBLIC QUOTA: obeyed 429 responses=9900; successful heartbeats=20200
PUBLIC QUOTA: obeyed 429 responses=10000; successful heartbeats=26200
PASS: real HTTP heartbeat cycle retained 8000 visitors; total=28200
PUBLIC QUOTA: obeyed 429 responses=10100; successful heartbeats=34180
PUBLIC QUOTA: obeyed 429 responses=10200; successful heartbeats=34455
PUBLIC QUOTA: obeyed 429 responses=10300; successful heartbeats=34455
PUBLIC QUOTA: obeyed 429 responses=10400; successful heartbeats=34455
PUBLIC QUOTA: obeyed 429 responses=10500; successful heartbeats=34455
PUBLIC QUOTA: obeyed 429 responses=10600; successful heartbeats=34455
PUBLIC QUOTA: obeyed 429 responses=10700; successful heartbeats=34455
PUBLIC QUOTA: obeyed 429 responses=10800; successful heartbeats=34455
PUBLIC QUOTA: obeyed 429 responses=10900; successful heartbeats=34455
PUBLIC QUOTA: obeyed 429 responses=11000; successful heartbeats=34455
PUBLIC QUOTA: obeyed 429 responses=11100; successful heartbeats=34455
PASS: real HTTP heartbeat cycle retained 9800 visitors; total=38000
PUBLIC QUOTA: obeyed 429 responses=11200; successful heartbeats=38000
PUBLIC QUOTA: obeyed 429 responses=11300; successful heartbeats=38000
PUBLIC QUOTA: obeyed 429 responses=11400; successful heartbeats=38000
PUBLIC QUOTA: obeyed 429 responses=11500; successful heartbeats=38000
PUBLIC QUOTA: obeyed 429 responses=11600; successful heartbeats=38000
PUBLIC QUOTA: obeyed 429 responses=11700; successful heartbeats=38000
PUBLIC QUOTA: obeyed 429 responses=11800; successful heartbeats=38000
PUBLIC QUOTA: obeyed 429 responses=11900; successful heartbeats=38000
PUBLIC QUOTA: obeyed 429 responses=12000; successful heartbeats=38000
PUBLIC QUOTA: obeyed 429 responses=12100; successful heartbeats=38000
PUBLIC QUOTA: obeyed 429 responses=12200; successful heartbeats=38000
PUBLIC QUOTA: obeyed 429 responses=12300; successful heartbeats=38000
PUBLIC QUOTA: obeyed 429 responses=12400; successful heartbeats=38000
PUBLIC QUOTA: obeyed 429 responses=12500; successful heartbeats=38000
PUBLIC QUOTA: obeyed 429 responses=12600; successful heartbeats=38000
PUBLIC QUOTA: obeyed 429 responses=12700; successful heartbeats=38000
PUBLIC QUOTA: obeyed 429 responses=12800; successful heartbeats=38000
PUBLIC QUOTA: obeyed 429 responses=12900; successful heartbeats=38000
PUBLIC QUOTA: obeyed 429 responses=13000; successful heartbeats=38000
PUBLIC QUOTA: obeyed 429 responses=13100; successful heartbeats=38000
PUBLIC QUOTA: obeyed 429 responses=13200; successful heartbeats=38000
PUBLIC QUOTA: obeyed 429 responses=13300; successful heartbeats=38000
PUBLIC QUOTA: obeyed 429 responses=13400; successful heartbeats=38000
PUBLIC QUOTA: obeyed 429 responses=13500; successful heartbeats=38000
PUBLIC QUOTA: obeyed 429 responses=13600; successful heartbeats=38000
PUBLIC QUOTA: obeyed 429 responses=13700; successful heartbeats=38000
PUBLIC QUOTA: obeyed 429 responses=13800; successful heartbeats=38000
PUBLIC QUOTA: obeyed 429 responses=13900; successful heartbeats=38000
PUBLIC QUOTA: obeyed 429 responses=14000; successful heartbeats=38000
PUBLIC QUOTA: obeyed 429 responses=14100; successful heartbeats=38000
PUBLIC QUOTA: obeyed 429 responses=14200; successful heartbeats=38000
PUBLIC QUOTA: obeyed 429 responses=14300; successful heartbeats=38000
PUBLIC QUOTA: obeyed 429 responses=14400; successful heartbeats=38000
PUBLIC QUOTA: obeyed 429 responses=14500; successful heartbeats=38000
PUBLIC QUOTA: obeyed 429 responses=14600; successful heartbeats=38000
PUBLIC QUOTA: obeyed 429 responses=14700; successful heartbeats=38000
PUBLIC QUOTA: obeyed 429 responses=14800; successful heartbeats=38000
PUBLIC QUOTA: obeyed 429 responses=14900; successful heartbeats=38000
PUBLIC QUOTA: obeyed 429 responses=15000; successful heartbeats=38000
PUBLIC QUOTA: obeyed 429 responses=15100; successful heartbeats=38000
PUBLIC QUOTA: obeyed 429 responses=15200; successful heartbeats=38000
PUBLIC QUOTA: obeyed 429 responses=15300; successful heartbeats=38000
PUBLIC QUOTA: obeyed 429 responses=15400; successful heartbeats=38000
PUBLIC QUOTA: obeyed 429 responses=15500; successful heartbeats=38000
PUBLIC QUOTA: obeyed 429 responses=15600; successful heartbeats=38000
PUBLIC QUOTA: obeyed 429 responses=15700; successful heartbeats=38000
PUBLIC QUOTA: obeyed 429 responses=15800; successful heartbeats=38000
PUBLIC QUOTA: obeyed 429 responses=15900; successful heartbeats=38000
PUBLIC QUOTA: obeyed 429 responses=16000; successful heartbeats=38000
PUBLIC QUOTA: obeyed 429 responses=16100; successful heartbeats=38000
PUBLIC QUOTA: obeyed 429 responses=16200; successful heartbeats=38000
PUBLIC QUOTA: obeyed 429 responses=16300; successful heartbeats=38000
PUBLIC QUOTA: obeyed 429 responses=16400; successful heartbeats=38000
PUBLIC QUOTA: obeyed 429 responses=16500; successful heartbeats=38000
PUBLIC QUOTA: obeyed 429 responses=16600; successful heartbeats=38000
PUBLIC QUOTA: obeyed 429 responses=16700; successful heartbeats=38000
PUBLIC QUOTA: obeyed 429 responses=16800; successful heartbeats=38000
PUBLIC QUOTA: obeyed 429 responses=16900; successful heartbeats=38000
PUBLIC QUOTA: obeyed 429 responses=17000; successful heartbeats=38000
PUBLIC QUOTA: obeyed 429 responses=17100; successful heartbeats=38000
PUBLIC QUOTA: obeyed 429 responses=17200; successful heartbeats=38000
PUBLIC QUOTA: obeyed 429 responses=17300; successful heartbeats=38000
PUBLIC QUOTA: obeyed 429 responses=17400; successful heartbeats=38000
PUBLIC QUOTA: obeyed 429 responses=17500; successful heartbeats=38000
PUBLIC QUOTA: obeyed 429 responses=17600; successful heartbeats=38000
PUBLIC QUOTA: obeyed 429 responses=17700; successful heartbeats=38000
PUBLIC QUOTA: obeyed 429 responses=17800; successful heartbeats=38000
PUBLIC QUOTA: obeyed 429 responses=17900; successful heartbeats=38000
PUBLIC QUOTA: obeyed 429 responses=18000; successful heartbeats=41953
PUBLIC QUOTA: obeyed 429 responses=18100; successful heartbeats=41953
PUBLIC QUOTA: obeyed 429 responses=18200; successful heartbeats=41953
PUBLIC QUOTA: obeyed 429 responses=18300; successful heartbeats=41953
PUBLIC QUOTA: obeyed 429 responses=18400; successful heartbeats=41953
PUBLIC QUOTA: obeyed 429 responses=18500; successful heartbeats=41953
PUBLIC QUOTA: obeyed 429 responses=18600; successful heartbeats=41953
PUBLIC QUOTA: obeyed 429 responses=18700; successful heartbeats=41953
PUBLIC QUOTA: obeyed 429 responses=18800; successful heartbeats=41953
PUBLIC QUOTA: obeyed 429 responses=18900; successful heartbeats=41953
PUBLIC QUOTA: obeyed 429 responses=19000; successful heartbeats=41953
PUBLIC QUOTA: obeyed 429 responses=19100; successful heartbeats=41953
PUBLIC QUOTA: obeyed 429 responses=19200; successful heartbeats=41953
PUBLIC QUOTA: obeyed 429 responses=19300; successful heartbeats=41953
PUBLIC QUOTA: obeyed 429 responses=19400; successful heartbeats=41953
PUBLIC QUOTA: obeyed 429 responses=19500; successful heartbeats=41953
PUBLIC QUOTA: obeyed 429 responses=19600; successful heartbeats=41953
PUBLIC QUOTA: obeyed 429 responses=19700; successful heartbeats=41953
PUBLIC QUOTA: obeyed 429 responses=19800; successful heartbeats=41953
PUBLIC QUOTA: obeyed 429 responses=19900; successful heartbeats=41953
PUBLIC QUOTA: obeyed 429 responses=20000; successful heartbeats=41953
PUBLIC QUOTA: obeyed 429 responses=20100; successful heartbeats=46850
PUBLIC QUOTA: obeyed 429 responses=20200; successful heartbeats=46850
PUBLIC QUOTA: obeyed 429 responses=20300; successful heartbeats=46850
PUBLIC QUOTA: obeyed 429 responses=20400; successful heartbeats=46850
PUBLIC QUOTA: obeyed 429 responses=20500; successful heartbeats=46850
PUBLIC QUOTA: obeyed 429 responses=20600; successful heartbeats=46850
PUBLIC QUOTA: obeyed 429 responses=20700; successful heartbeats=46850
PUBLIC QUOTA: obeyed 429 responses=20800; successful heartbeats=46850
PUBLIC QUOTA: obeyed 429 responses=20900; successful heartbeats=46850
PUBLIC QUOTA: obeyed 429 responses=21000; successful heartbeats=46850
PUBLIC QUOTA: obeyed 429 responses=21100; successful heartbeats=46850
PUBLIC QUOTA: obeyed 429 responses=21200; successful heartbeats=46850
PUBLIC QUOTA: obeyed 429 responses=21300; successful heartbeats=46850
PUBLIC QUOTA: obeyed 429 responses=21400; successful heartbeats=46850
PUBLIC QUOTA: obeyed 429 responses=21500; successful heartbeats=46850
PUBLIC QUOTA: obeyed 429 responses=21600; successful heartbeats=46850
PUBLIC QUOTA: obeyed 429 responses=21700; successful heartbeats=46850
PUBLIC QUOTA: obeyed 429 responses=21800; successful heartbeats=46850
PUBLIC QUOTA: obeyed 429 responses=21900; successful heartbeats=46850
PUBLIC QUOTA: obeyed 429 responses=22000; successful heartbeats=46850
PUBLIC QUOTA: obeyed 429 responses=22100; successful heartbeats=46850
PASS: real HTTP heartbeat cycle retained 10000 visitors; total=48000
PUBLIC QUOTA: obeyed 429 responses=22200; successful heartbeats=48000
PUBLIC QUOTA: obeyed 429 responses=22300; successful heartbeats=48000
PUBLIC QUOTA: obeyed 429 responses=22400; successful heartbeats=48000
PUBLIC QUOTA: obeyed 429 responses=22500; successful heartbeats=48000
PUBLIC QUOTA: obeyed 429 responses=22600; successful heartbeats=48000
PUBLIC QUOTA: obeyed 429 responses=22700; successful heartbeats=48000
PUBLIC QUOTA: obeyed 429 responses=22800; successful heartbeats=48000
PUBLIC QUOTA: obeyed 429 responses=22900; successful heartbeats=48000
PUBLIC QUOTA: obeyed 429 responses=23000; successful heartbeats=48000
PUBLIC QUOTA: obeyed 429 responses=23100; successful heartbeats=48000
PUBLIC QUOTA: obeyed 429 responses=23200; successful heartbeats=48000
PUBLIC QUOTA: obeyed 429 responses=23300; successful heartbeats=48000
PUBLIC QUOTA: obeyed 429 responses=23400; successful heartbeats=48000
PUBLIC QUOTA: obeyed 429 responses=23500; successful heartbeats=48000
PUBLIC QUOTA: obeyed 429 responses=23600; successful heartbeats=48000
PUBLIC QUOTA: obeyed 429 responses=23700; successful heartbeats=48000
PUBLIC QUOTA: obeyed 429 responses=23800; successful heartbeats=48000
PUBLIC QUOTA: obeyed 429 responses=23900; successful heartbeats=48000
PUBLIC QUOTA: obeyed 429 responses=24000; successful heartbeats=48000
PUBLIC QUOTA: obeyed 429 responses=24100; successful heartbeats=48000
PUBLIC QUOTA: obeyed 429 responses=24200; successful heartbeats=48000
PUBLIC QUOTA: obeyed 429 responses=24300; successful heartbeats=48000
PUBLIC QUOTA: obeyed 429 responses=24400; successful heartbeats=48000
PUBLIC QUOTA: obeyed 429 responses=24500; successful heartbeats=48000
PUBLIC QUOTA: obeyed 429 responses=24600; successful heartbeats=48000
PUBLIC QUOTA: obeyed 429 responses=24700; successful heartbeats=48000
PUBLIC QUOTA: obeyed 429 responses=24800; successful heartbeats=48000
PUBLIC QUOTA: obeyed 429 responses=24900; successful heartbeats=48000
PUBLIC QUOTA: obeyed 429 responses=25000; successful heartbeats=48000
PUBLIC QUOTA: obeyed 429 responses=25100; successful heartbeats=48000
PUBLIC QUOTA: obeyed 429 responses=25200; successful heartbeats=48000
PUBLIC QUOTA: obeyed 429 responses=25300; successful heartbeats=48000
PUBLIC QUOTA: obeyed 429 responses=25400; successful heartbeats=48000
PUBLIC QUOTA: obeyed 429 responses=25500; successful heartbeats=48000
PUBLIC QUOTA: obeyed 429 responses=25600; successful heartbeats=48000
PUBLIC QUOTA: obeyed 429 responses=25700; successful heartbeats=48000
PUBLIC QUOTA: obeyed 429 responses=25800; successful heartbeats=48000
PUBLIC QUOTA: obeyed 429 responses=25900; successful heartbeats=48000
PUBLIC QUOTA: obeyed 429 responses=26000; successful heartbeats=48000
PUBLIC QUOTA: obeyed 429 responses=26100; successful heartbeats=48000
PUBLIC QUOTA: obeyed 429 responses=26200; successful heartbeats=48000
PUBLIC QUOTA: obeyed 429 responses=26300; successful heartbeats=48000
PUBLIC QUOTA: obeyed 429 responses=26400; successful heartbeats=48000
PUBLIC QUOTA: obeyed 429 responses=26500; successful heartbeats=48000
PUBLIC QUOTA: obeyed 429 responses=26600; successful heartbeats=48000
PUBLIC QUOTA: obeyed 429 responses=26700; successful heartbeats=48000
PUBLIC QUOTA: obeyed 429 responses=26800; successful heartbeats=48000
PUBLIC QUOTA: obeyed 429 responses=26900; successful heartbeats=48000
PUBLIC QUOTA: obeyed 429 responses=27000; successful heartbeats=48000
PUBLIC QUOTA: obeyed 429 responses=27100; successful heartbeats=48000
PUBLIC QUOTA: obeyed 429 responses=27200; successful heartbeats=48000
PUBLIC QUOTA: obeyed 429 responses=27300; successful heartbeats=48000
PUBLIC QUOTA: obeyed 429 responses=27400; successful heartbeats=48000
PUBLIC QUOTA: obeyed 429 responses=27500; successful heartbeats=48000
PUBLIC QUOTA: obeyed 429 responses=27600; successful heartbeats=48000
PASS: guarded candidate real Docker HTTPS 10000 visitors, 10000 status reads, 100 recent exact retries; client wall p99 including quota waits=60080.1ms; elapsed=813.8s
PASS: real cold readiness wait 162541ms, bounded 10K validation, same epoch, newer fence and all 10000 waiting tickets preserved
PUBLIC QUOTA: obeyed 429 responses=27700; successful heartbeats=48349
PASS: cold join response contracts: exact within retention=100, expired replay rejected at full capacity=0; all 100 original ticket credentials still read queued; explicit AUTO still required; continuous hold probing is covered separately by epoch-runtime
PASS: 10K physical queue retains exact cap rejection, protected GET/POST stay blocked, AUTO grants exactly seven configured leases and those claims reach mTLS origin
Fixture: waiting-room-beta-tiers-ccc3094f; image=waiting-room-beta9-confirmed-join:local; guarded=true; observed 429=27791; successful heartbeats=48349; local population/boundary validation only; 10K sustained qualification NOT_RUN
VALKEY OBSERVER: {"event":"latency_monitor_enabled","observedAt":"2026-09-10T09:16:14.09980275Z","scope":"disposable_population_fixture","thresholdMs":100}
VALKEY OBSERVER: {"aof_buffer_length":0,"aof_current_size":2332114,"aof_delayed_fsync":0,"aof_enabled":1,"aof_last_bgrewrite_status":"ok","aof_last_write_status":"ok","aof_pending_bio_fsync":0,"aof_rewrite_in_progress":0,"blocked_clients":0,"connected_clients":9,"event":"valkey_sample","eventloop_duration_cmd_sum":69400,"eventloop_duration_sum":372531,"evicted_keys":0,"infoRoundTripMs":0.233,"instantaneous_ops_per_sec":35231,"kernelAfter":{"Dirty":52,"EstabResets":0,"InSegs":5,"MemAvailable":4286964,"OutSegs":8,"RetransSegs":0,"SwapFree":381960,"TCPBacklogDrop":0,"TCPRcvQDrop":0,"TCPRetransFail":0,"TCPSynRetrans":0,"TCPTimeouts":0,"Writeback":228,"cpu_full_us":0,"cpu_some_us":1953376963,"io_full_us":190603013,"io_some_us":311239569,"memory_full_us":15857833,"memory_some_us":19099959,"pgmajfault":177826,"pgscan_direct":396898,"pgscan_kswapd":13918083,"pswpin":56356,"pswpout":201358},"kernelBefore":{"Dirty":52,"EstabResets":0,"InSegs":4,"MemAvailable":4286964,"OutSegs":6,"RetransSegs":0,"SwapFree":381960,"TCPBacklogDrop":0,"TCPRcvQDrop":0,"TCPRetransFail":0,"TCPSynRetrans":0,"TCPTimeouts":0,"Writeback":228,"cpu_full_us":0,"cpu_some_us":1953376963,"io_full_us":190603013,"io_some_us":311239569,"memory_full_us":15857833,"memory_some_us":19099959,"pgmajfault":177826,"pgscan_direct":396898,"pgscan_kswapd":13918083,"pswpin":56356,"pswpout":201358},"latest_fork_usec":0,"maxmemory":268435456,"observedAt":"2026-09-10T09:16:15.102385667Z","rdb_bgsave_in_progress":0,"used_memory":3229024}
VALKEY OBSERVER: {"aof_buffer_length":0,"aof_current_size":2332114,"aof_delayed_fsync":0,"aof_enabled":1,"aof_last_bgrewrite_status":"ok","aof_last_write_status":"ok","aof_pending_bio_fsync":0,"aof_rewrite_in_progress":0,"blocked_clients":0,"connected_clients":9,"event":"valkey_sample","eventloop_duration_cmd_sum":119377,"eventloop_duration_sum":505208,"evicted_keys":0,"infoRoundTripMs":0.309,"instantaneous_ops_per_sec":489,"kernelAfter":{"Dirty":388,"EstabResets":0,"InSegs":65,"MemAvailable":4271760,"OutSegs":128,"RetransSegs":0,"SwapFree":382728,"TCPBacklogDrop":0,"TCPRcvQDrop":0,"TCPRetransFail":0,"TCPSynRetrans":0,"TCPTimeouts":0,"Writeback":192,"cpu_full_us":0,"cpu_some_us":1953525136,"io_full_us":190614419,"io_some_us":311251561,"memory_full_us":15857855,"memory_some_us":19099981,"pgmajfault":177979,"pgscan_direct":396898,"pgscan_kswapd":13918083,"pswpin":56543,"pswpout":201358},"kernelBefore":{"Dirty":388,"EstabResets":0,"InSegs":64,"MemAvailable":4271760,"OutSegs":126,"RetransSegs":0,"SwapFree":382728,"TCPBacklogDrop":0,"TCPRcvQDrop":0,"TCPRetransFail":0,"TCPSynRetrans":0,"TCPTimeouts":0,"Writeback":192,"cpu_full_us":0,"cpu_some_us":1953525136,"io_full_us":190614419,"io_some_us":311251561,"memory_full_us":15857855,"memory_some_us":19099981,"pgmajfault":177979,"pgscan_direct":396898,"pgscan_kswapd":13918083,"pswpin":56543,"pswpout":201358},"latest_fork_usec":0,"maxmemory":268435456,"observedAt":"2026-09-10T09:16:45.102305501Z","rdb_bgsave_in_progress":0,"used_memory":3219808}
VALKEY OBSERVER: {"aof_buffer_length":0,"aof_current_size":4700327,"aof_delayed_fsync":0,"aof_enabled":1,"aof_last_bgrewrite_status":"ok","aof_last_write_status":"ok","aof_pending_bio_fsync":0,"aof_rewrite_in_progress":0,"blocked_clients":0,"connected_clients":9,"event":"valkey_sample","eventloop_duration_cmd_sum":276967,"eventloop_duration_sum":1144604,"evicted_keys":0,"infoRoundTripMs":0.202,"instantaneous_ops_per_sec":1193,"kernelAfter":{"Dirty":7688,"EstabResets":0,"InSegs":125,"MemAvailable":4299024,"OutSegs":248,"RetransSegs":0,"SwapFree":383240,"TCPBacklogDrop":0,"TCPRcvQDrop":0,"TCPRetransFail":0,"TCPSynRetrans":0,"TCPTimeouts":0,"Writeback":0,"cpu_full_us":0,"cpu_some_us":1953712107,"io_full_us":190654504,"io_some_us":311293953,"memory_full_us":15857855,"memory_some_us":19099981,"pgmajfault":178057,"pgscan_direct":396898,"pgscan_kswapd":13918083,"pswpin":56650,"pswpout":201358},"kernelBefore":{"Dirty":7688,"EstabResets":0,"InSegs":124,"MemAvailable":4299024,"OutSegs":246,"RetransSegs":0,"SwapFree":383240,"TCPBacklogDrop":0,"TCPRcvQDrop":0,"TCPRetransFail":0,"TCPSynRetrans":0,"TCPTimeouts":0,"Writeback":0,"cpu_full_us":0,"cpu_some_us":1953712107,"io_full_us":190654504,"io_some_us":311293953,"memory_full_us":15857855,"memory_some_us":19099981,"pgmajfault":178057,"pgscan_direct":396898,"pgscan_kswapd":13918083,"pswpin":56650,"pswpout":201358},"latest_fork_usec":725,"maxmemory":268435456,"observedAt":"2026-09-10T09:17:15.100970001Z","rdb_bgsave_in_progress":0,"used_memory":4251280}
VALKEY OBSERVER: {"aof_buffer_length":0,"aof_current_size":5667835,"aof_delayed_fsync":0,"aof_enabled":1,"aof_last_bgrewrite_status":"ok","aof_last_write_status":"ok","aof_pending_bio_fsync":0,"aof_rewrite_in_progress":0,"blocked_clients":0,"connected_clients":9,"event":"valkey_sample","eventloop_duration_cmd_sum":381182,"eventloop_duration_sum":1635878,"evicted_keys":0,"infoRoundTripMs":0.212,"instantaneous_ops_per_sec":476,"kernelAfter":{"Dirty":8000,"EstabResets":0,"InSegs":185,"MemAvailable":4287292,"OutSegs":368,"RetransSegs":0,"SwapFree":383240,"TCPBacklogDrop":0,"TCPRcvQDrop":0,"TCPRetransFail":0,"TCPSynRetrans":0,"TCPTimeouts":0,"Writeback":148,"cpu_full_us":0,"cpu_some_us":1953931398,"io_full_us":190687827,"io_some_us":311328793,"memory_full_us":15857855,"memory_some_us":19099981,"pgmajfault":178097,"pgscan_direct":396898,"pgscan_kswapd":13918083,"pswpin":56720,"pswpout":201358},"kernelBefore":{"Dirty":8000,"EstabResets":0,"InSegs":184,"MemAvailable":4287292,"OutSegs":366,"RetransSegs":0,"SwapFree":383240,"TCPBacklogDrop":0,"TCPRcvQDrop":0,"TCPRetransFail":0,"TCPSynRetrans":0,"TCPTimeouts":0,"Writeback":148,"cpu_full_us":0,"cpu_some_us":1953931398,"io_full_us":190687827,"io_some_us":311328793,"memory_full_us":15857855,"memory_some_us":19099981,"pgmajfault":178097,"pgscan_direct":396898,"pgscan_kswapd":13918083,"pswpin":56720,"pswpout":201358},"latest_fork_usec":725,"maxmemory":268435456,"observedAt":"2026-09-10T09:17:45.102340959Z","rdb_bgsave_in_progress":0,"used_memory":4706296}
VALKEY OBSERVER: {"aof_buffer_length":0,"aof_current_size":11215400,"aof_delayed_fsync":0,"aof_enabled":1,"aof_last_bgrewrite_status":"ok","aof_last_write_status":"ok","aof_pending_bio_fsync":0,"aof_rewrite_in_progress":0,"blocked_clients":0,"connected_clients":9,"event":"valkey_sample","eventloop_duration_cmd_sum":594456,"eventloop_duration_sum":2417572,"evicted_keys":0,"infoRoundTripMs":0.31,"instantaneous_ops_per_sec":69467,"kernelAfter":{"Dirty":5544,"EstabResets":0,"InSegs":245,"MemAvailable":4310904,"OutSegs":488,"RetransSegs":0,"SwapFree":383760,"TCPBacklogDrop":0,"TCPRcvQDrop":0,"TCPRetransFail":0,"TCPSynRetrans":0,"TCPTimeouts":0,"Writeback":0,"cpu_full_us":0,"cpu_some_us":1954126003,"io_full_us":190723945,"io_some_us":311368816,"memory_full_us":15857856,"memory_some_us":19099981,"pgmajfault":178131,"pgscan_direct":396898,"pgscan_kswapd":13918083,"pswpin":56780,"pswpout":201358},"kernelBefore":{"Dirty":5544,"EstabResets":0,"InSegs":244,"MemAvailable":4307000,"OutSegs":486,"RetransSegs":0,"SwapFree":383760,"TCPBacklogDrop":0,"TCPRcvQDrop":0,"TCPRetransFail":0,"TCPSynRetrans":0,"TCPTimeouts":0,"Writeback":0,"cpu_full_us":0,"cpu_some_us":1954126003,"io_full_us":190723945,"io_some_us":311368816,"memory_full_us":15857856,"memory_some_us":19099981,"pgmajfault":178131,"pgscan_direct":396898,"pgscan_kswapd":13918083,"pswpin":56780,"pswpout":201358},"latest_fork_usec":1207,"maxmemory":268435456,"observedAt":"2026-09-10T09:18:15.101479792Z","rdb_bgsave_in_progress":0,"used_memory":6099768}
VALKEY OBSERVER: {"aof_buffer_length":0,"aof_current_size":11215400,"aof_delayed_fsync":0,"aof_enabled":1,"aof_last_bgrewrite_status":"ok","aof_last_write_status":"ok","aof_pending_bio_fsync":0,"aof_rewrite_in_progress":0,"blocked_clients":0,"connected_clients":9,"event":"valkey_sample","eventloop_duration_cmd_sum":647482,"eventloop_duration_sum":2552425,"evicted_keys":0,"infoRoundTripMs":0.385,"instantaneous_ops_per_sec":475,"kernelAfter":{"Dirty":4656,"EstabResets":0,"InSegs":305,"MemAvailable":4369960,"OutSegs":608,"RetransSegs":0,"SwapFree":384272,"TCPBacklogDrop":0,"TCPRcvQDrop":0,"TCPRetransFail":0,"TCPSynRetrans":0,"TCPTimeouts":0,"Writeback":0,"cpu_full_us":0,"cpu_some_us":1954318615,"io_full_us":190737970,"io_some_us":311383874,"memory_full_us":15857913,"memory_some_us":19100039,"pgmajfault":178236,"pgscan_direct":396898,"pgscan_kswapd":13918083,"pswpin":56957,"pswpout":201358},"kernelBefore":{"Dirty":4656,"EstabResets":0,"InSegs":304,"MemAvailable":4369960,"OutSegs":606,"RetransSegs":0,"SwapFree":384272,"TCPBacklogDrop":0,"TCPRcvQDrop":0,"TCPRetransFail":0,"TCPSynRetrans":0,"TCPTimeouts":0,"Writeback":0,"cpu_full_us":0,"cpu_some_us":1954318615,"io_full_us":190737970,"io_some_us":311383874,"memory_full_us":15857913,"memory_some_us":19100039,"pgmajfault":178236,"pgscan_direct":396898,"pgscan_kswapd":13918083,"pswpin":56957,"pswpout":201358},"latest_fork_usec":1207,"maxmemory":268435456,"observedAt":"2026-09-10T09:18:45.103499209Z","rdb_bgsave_in_progress":0,"used_memory":6083384}
VALKEY OBSERVER: {"aof_buffer_length":0,"aof_current_size":14255964,"aof_delayed_fsync":0,"aof_enabled":1,"aof_last_bgrewrite_status":"ok","aof_last_write_status":"ok","aof_pending_bio_fsync":0,"aof_rewrite_in_progress":0,"blocked_clients":0,"connected_clients":9,"event":"valkey_sample","eventloop_duration_cmd_sum":840931,"eventloop_duration_sum":3757770,"evicted_keys":0,"infoRoundTripMs":0.261,"instantaneous_ops_per_sec":8042,"kernelAfter":{"Dirty":6708,"EstabResets":0,"InSegs":365,"MemAvailable":4355408,"OutSegs":728,"RetransSegs":0,"SwapFree":384924,"TCPBacklogDrop":0,"TCPRcvQDrop":0,"TCPRetransFail":0,"TCPSynRetrans":0,"TCPTimeouts":0,"Writeback":0,"cpu_full_us":0,"cpu_some_us":1954527333,"io_full_us":190807600,"io_some_us":311458012,"memory_full_us":15857913,"memory_some_us":19100039,"pgmajfault":178264,"pgscan_direct":396898,"pgscan_kswapd":13918083,"pswpin":57003,"pswpout":201358},"kernelBefore":{"Dirty":6708,"EstabResets":0,"InSegs":364,"MemAvailable":4357368,"OutSegs":726,"RetransSegs":0,"SwapFree":384924,"TCPBacklogDrop":0,"TCPRcvQDrop":0,"TCPRetransFail":0,"TCPSynRetrans":0,"TCPTimeouts":0,"Writeback":0,"cpu_full_us":0,"cpu_some_us":1954527333,"io_full_us":190807600,"io_some_us":311458012,"memory_full_us":15857913,"memory_some_us":19100039,"pgmajfault":178264,"pgscan_direct":396898,"pgscan_kswapd":13918083,"pswpin":57003,"pswpout":201358},"latest_fork_usec":356,"maxmemory":268435456,"observedAt":"2026-09-10T09:19:15.101488376Z","rdb_bgsave_in_progress":0,"used_memory":6649208}
VALKEY OBSERVER: {"aof_buffer_length":0,"aof_current_size":16918734,"aof_delayed_fsync":0,"aof_enabled":1,"aof_last_bgrewrite_status":"ok","aof_last_write_status":"ok","aof_pending_bio_fsync":0,"aof_rewrite_in_progress":0,"blocked_clients":0,"connected_clients":9,"event":"valkey_sample","eventloop_duration_cmd_sum":1050271,"eventloop_duration_sum":5014571,"evicted_keys":0,"infoRoundTripMs":0.432,"instantaneous_ops_per_sec":478,"kernelAfter":{"Dirty":3336,"EstabResets":0,"InSegs":425,"MemAvailable":4386644,"OutSegs":848,"RetransSegs":0,"SwapFree":384936,"TCPBacklogDrop":0,"TCPRcvQDrop":0,"TCPRetransFail":0,"TCPSynRetrans":0,"TCPTimeouts":0,"Writeback":0,"cpu_full_us":0,"cpu_some_us":1954743383,"io_full_us":190876597,"io_some_us":311530978,"memory_full_us":15857913,"memory_some_us":19100039,"pgmajfault":178276,"pgscan_direct":396898,"pgscan_kswapd":13918083,"pswpin":57034,"pswpout":201358},"kernelBefore":{"Dirty":3336,"EstabResets":0,"InSegs":424,"MemAvailable":4386644,"OutSegs":846,"RetransSegs":0,"SwapFree":384936,"TCPBacklogDrop":0,"TCPRcvQDrop":0,"TCPRetransFail":0,"TCPSynRetrans":0,"TCPTimeouts":0,"Writeback":0,"cpu_full_us":0,"cpu_some_us":1954743383,"io_full_us":190876597,"io_some_us":311530978,"memory_full_us":15857913,"memory_some_us":19100039,"pgmajfault":178276,"pgscan_direct":396898,"pgscan_kswapd":13918083,"pswpin":57034,"pswpout":201358},"latest_fork_usec":356,"maxmemory":268435456,"observedAt":"2026-09-10T09:19:45.103772584Z","rdb_bgsave_in_progress":0,"used_memory":7576784}
VALKEY OBSERVER: {"aof_buffer_length":2195,"aof_current_size":22643723,"aof_delayed_fsync":0,"aof_enabled":1,"aof_last_bgrewrite_status":"ok","aof_last_write_status":"ok","aof_pending_bio_fsync":0,"aof_rewrite_in_progress":0,"blocked_clients":0,"connected_clients":9,"event":"valkey_sample","eventloop_duration_cmd_sum":1277517,"eventloop_duration_sum":5735659,"evicted_keys":0,"infoRoundTripMs":2.415,"instantaneous_ops_per_sec":61381,"kernelAfter":{"Dirty":5368,"EstabResets":0,"InSegs":485,"MemAvailable":4411004,"OutSegs":968,"RetransSegs":0,"SwapFree":388024,"TCPBacklogDrop":0,"TCPRcvQDrop":0,"TCPRetransFail":0,"TCPSynRetrans":0,"TCPTimeouts":0,"Writeback":0,"cpu_full_us":0,"cpu_some_us":1954957263,"io_full_us":190915242,"io_some_us":311572759,"memory_full_us":15858038,"memory_some_us":19100163,"pgmajfault":178664,"pgscan_direct":396898,"pgscan_kswapd":13918083,"pswpin":57754,"pswpout":201358},"kernelBefore":{"Dirty":5368,"EstabResets":0,"InSegs":484,"MemAvailable":4410968,"OutSegs":966,"RetransSegs":0,"SwapFree":388024,"TCPBacklogDrop":0,"TCPRcvQDrop":0,"TCPRetransFail":0,"TCPSynRetrans":0,"TCPTimeouts":0,"Writeback":0,"cpu_full_us":0,"cpu_some_us":1954957212,"io_full_us":190915091,"io_some_us":311572603,"memory_full_us":15858038,"memory_some_us":19100163,"pgmajfault":178664,"pgscan_direct":396898,"pgscan_kswapd":13918083,"pswpin":57754,"pswpout":201358},"latest_fork_usec":535,"maxmemory":268435456,"observedAt":"2026-09-10T09:20:15.103639376Z","rdb_bgsave_in_progress":0,"used_memory":8769808}
VALKEY OBSERVER: {"aof_buffer_length":0,"aof_current_size":24451051,"aof_delayed_fsync":0,"aof_enabled":1,"aof_last_bgrewrite_status":"ok","aof_last_write_status":"ok","aof_pending_bio_fsync":0,"aof_rewrite_in_progress":0,"blocked_clients":0,"connected_clients":9,"event":"valkey_sample","eventloop_duration_cmd_sum":1400398,"eventloop_duration_sum":6110997,"evicted_keys":0,"infoRoundTripMs":0.163,"instantaneous_ops_per_sec":516,"kernelAfter":{"Dirty":4060,"EstabResets":0,"InSegs":545,"MemAvailable":4383260,"OutSegs":1088,"RetransSegs":0,"SwapFree":388024,"TCPBacklogDrop":0,"TCPRcvQDrop":0,"TCPRetransFail":0,"TCPSynRetrans":0,"TCPTimeouts":0,"Writeback":0,"cpu_full_us":0,"cpu_some_us":1955165862,"io_full_us":190935187,"io_some_us":311594177,"memory_full_us":15858067,"memory_some_us":19100192,"pgmajfault":178684,"pgscan_direct":396898,"pgscan_kswapd":13918083,"pswpin":57782,"pswpout":201358},"kernelBefore":{"Dirty":4060,"EstabResets":0,"InSegs":544,"MemAvailable":4383260,"OutSegs":1086,"RetransSegs":0,"SwapFree":388024,"TCPBacklogDrop":0,"TCPRcvQDrop":0,"TCPRetransFail":0,"TCPSynRetrans":0,"TCPTimeouts":0,"Writeback":0,"cpu_full_us":0,"cpu_some_us":1955165862,"io_full_us":190935187,"io_some_us":311594177,"memory_full_us":15858067,"memory_some_us":19100192,"pgmajfault":178684,"pgscan_direct":396898,"pgscan_kswapd":13918083,"pswpin":57782,"pswpout":201358},"latest_fork_usec":535,"maxmemory":268435456,"observedAt":"2026-09-10T09:20:45.102274959Z","rdb_bgsave_in_progress":0,"used_memory":8762848}
VALKEY OBSERVER: {"aof_buffer_length":0,"aof_current_size":27424395,"aof_delayed_fsync":0,"aof_enabled":1,"aof_last_bgrewrite_status":"ok","aof_last_write_status":"ok","aof_pending_bio_fsync":0,"aof_rewrite_in_progress":0,"blocked_clients":0,"connected_clients":9,"event":"valkey_sample","eventloop_duration_cmd_sum":1524237,"eventloop_duration_sum":6474011,"evicted_keys":0,"infoRoundTripMs":0.643,"instantaneous_ops_per_sec":489,"kernelAfter":{"Dirty":7272,"EstabResets":0,"InSegs":605,"MemAvailable":4417352,"OutSegs":1208,"RetransSegs":0,"SwapFree":388392,"TCPBacklogDrop":0,"TCPRcvQDrop":0,"TCPRetransFail":0,"TCPSynRetrans":0,"TCPTimeouts":0,"Writeback":0,"cpu_full_us":0,"cpu_some_us":1955373592,"io_full_us":190953178,"io_some_us":311614273,"memory_full_us":15858067,"memory_some_us":19100192,"pgmajfault":178718,"pgscan_direct":396898,"pgscan_kswapd":13918083,"pswpin":57863,"pswpout":201358},"kernelBefore":{"Dirty":7272,"EstabResets":0,"InSegs":604,"MemAvailable":4417352,"OutSegs":1206,"RetransSegs":0,"SwapFree":388392,"TCPBacklogDrop":0,"TCPRcvQDrop":0,"TCPRetransFail":0,"TCPSynRetrans":0,"TCPTimeouts":0,"Writeback":0,"cpu_full_us":0,"cpu_some_us":1955373592,"io_full_us":190953178,"io_some_us":311614273,"memory_full_us":15858067,"memory_some_us":19100192,"pgmajfault":178718,"pgscan_direct":396898,"pgscan_kswapd":13918083,"pswpin":57863,"pswpout":201358},"latest_fork_usec":450,"maxmemory":268435456,"observedAt":"2026-09-10T09:21:15.104613917Z","rdb_bgsave_in_progress":0,"used_memory":10005056}
VALKEY OBSERVER: {"aof_buffer_length":0,"aof_current_size":27424395,"aof_delayed_fsync":0,"aof_enabled":1,"aof_last_bgrewrite_status":"ok","aof_last_write_status":"ok","aof_pending_bio_fsync":0,"aof_rewrite_in_progress":0,"blocked_clients":0,"connected_clients":9,"event":"valkey_sample","eventloop_duration_cmd_sum":1594543,"eventloop_duration_sum":6647111,"evicted_keys":0,"infoRoundTripMs":0.173,"instantaneous_ops_per_sec":477,"kernelAfter":{"Dirty":3840,"EstabResets":0,"InSegs":665,"MemAvailable":4414200,"OutSegs":1328,"RetransSegs":0,"SwapFree":388648,"TCPBacklogDrop":0,"TCPRcvQDrop":0,"TCPRetransFail":0,"TCPSynRetrans":0,"TCPTimeouts":0,"Writeback":0,"cpu_full_us":0,"cpu_some_us":1955587966,"io_full_us":190964122,"io_some_us":311625654,"memory_full_us":15858067,"memory_some_us":19100193,"pgmajfault":178736,"pgscan_direct":396898,"pgscan_kswapd":13918083,"pswpin":57881,"pswpout":201358},"kernelBefore":{"Dirty":3840,"EstabResets":0,"InSegs":664,"MemAvailable":4414200,"OutSegs":1326,"RetransSegs":0,"SwapFree":388648,"TCPBacklogDrop":0,"TCPRcvQDrop":0,"TCPRetransFail":0,"TCPSynRetrans":0,"TCPTimeouts":0,"Writeback":0,"cpu_full_us":0,"cpu_some_us":1955587966,"io_full_us":190964122,"io_some_us":311625654,"memory_full_us":15858067,"memory_some_us":19100193,"pgmajfault":178736,"pgscan_direct":396898,"pgscan_kswapd":13918083,"pswpin":57881,"pswpout":201358},"latest_fork_usec":450,"maxmemory":268435456,"observedAt":"2026-09-10T09:21:45.102650876Z","rdb_bgsave_in_progress":0,"used_memory":10005056}
VALKEY OBSERVER: {"aof_buffer_length":0,"aof_current_size":29877705,"aof_delayed_fsync":0,"aof_enabled":1,"aof_last_bgrewrite_status":"ok","aof_last_write_status":"ok","aof_pending_bio_fsync":0,"aof_rewrite_in_progress":0,"blocked_clients":0,"connected_clients":9,"event":"valkey_sample","eventloop_duration_cmd_sum":1709856,"eventloop_duration_sum":6971784,"evicted_keys":0,"infoRoundTripMs":0.511,"instantaneous_ops_per_sec":519,"kernelAfter":{"Dirty":3692,"EstabResets":0,"InSegs":725,"MemAvailable":4417864,"OutSegs":1448,"RetransSegs":0,"SwapFree":388904,"TCPBacklogDrop":0,"TCPRcvQDrop":0,"TCPRetransFail":0,"TCPSynRetrans":0,"TCPTimeouts":0,"Writeback":0,"cpu_full_us":0,"cpu_some_us":1955790732,"io_full_us":190983765,"io_some_us":311647312,"memory_full_us":15858263,"memory_some_us":19100390,"pgmajfault":178819,"pgscan_direct":396898,"pgscan_kswapd":13918083,"pswpin":58063,"pswpout":201358},"kernelBefore":{"Dirty":3692,"EstabResets":0,"InSegs":724,"MemAvailable":4417864,"OutSegs":1446,"RetransSegs":0,"SwapFree":388904,"TCPBacklogDrop":0,"TCPRcvQDrop":0,"TCPRetransFail":0,"TCPSynRetrans":0,"TCPTimeouts":0,"Writeback":0,"cpu_full_us":0,"cpu_some_us":1955790727,"io_full_us":190983765,"io_some_us":311647312,"memory_full_us":15858263,"memory_some_us":19100390,"pgmajfault":178819,"pgscan_direct":396898,"pgscan_kswapd":13918083,"pswpin":58063,"pswpout":201358},"latest_fork_usec":1363,"maxmemory":268435456,"observedAt":"2026-09-10T09:22:15.108775667Z","rdb_bgsave_in_progress":0,"used_memory":10896488}
VALKEY OBSERVER: {"aof_buffer_length":0,"aof_current_size":36926504,"aof_delayed_fsync":0,"aof_enabled":1,"aof_last_bgrewrite_status":"ok","aof_last_write_status":"ok","aof_pending_bio_fsync":0,"aof_rewrite_in_progress":0,"blocked_clients":0,"connected_clients":9,"event":"valkey_sample","eventloop_duration_cmd_sum":2005704,"eventloop_duration_sum":7992955,"evicted_keys":0,"infoRoundTripMs":0.274,"instantaneous_ops_per_sec":488,"kernelAfter":{"Dirty":4040,"EstabResets":0,"InSegs":785,"MemAvailable":4400648,"OutSegs":1568,"RetransSegs":0,"SwapFree":389160,"TCPBacklogDrop":0,"TCPRcvQDrop":0,"TCPRetransFail":0,"TCPSynRetrans":0,"TCPTimeouts":0,"Writeback":0,"cpu_full_us":0,"cpu_some_us":1956019681,"io_full_us":191028651,"io_some_us":311696848,"memory_full_us":15858265,"memory_some_us":19100392,"pgmajfault":178901,"pgscan_direct":396898,"pgscan_kswapd":13918083,"pswpin":58181,"pswpout":201358},"kernelBefore":{"Dirty":4040,"EstabResets":0,"InSegs":784,"MemAvailable":4400648,"OutSegs":1566,"RetransSegs":0,"SwapFree":389160,"TCPBacklogDrop":0,"TCPRcvQDrop":0,"TCPRetransFail":0,"TCPSynRetrans":0,"TCPTimeouts":0,"Writeback":0,"cpu_full_us":0,"cpu_some_us":1956019681,"io_full_us":191028651,"io_some_us":311696848,"memory_full_us":15858265,"memory_some_us":19100392,"pgmajfault":178901,"pgscan_direct":396898,"pgscan_kswapd":13918083,"pswpin":58181,"pswpout":201358},"latest_fork_usec":1363,"maxmemory":268435456,"observedAt":"2026-09-10T09:22:45.103427209Z","rdb_bgsave_in_progress":0,"used_memory":10893792}
VALKEY OBSERVER: {"aof_buffer_length":0,"aof_current_size":39192576,"aof_delayed_fsync":0,"aof_enabled":1,"aof_last_bgrewrite_status":"ok","aof_last_write_status":"ok","aof_pending_bio_fsync":0,"aof_rewrite_in_progress":0,"blocked_clients":0,"connected_clients":9,"event":"valkey_sample","eventloop_duration_cmd_sum":2130991,"eventloop_duration_sum":8342439,"evicted_keys":0,"infoRoundTripMs":0.235,"instantaneous_ops_per_sec":477,"kernelAfter":{"Dirty":4724,"EstabResets":0,"InSegs":845,"MemAvailable":4417916,"OutSegs":1688,"RetransSegs":0,"SwapFree":389536,"TCPBacklogDrop":0,"TCPRcvQDrop":0,"TCPRetransFail":0,"TCPSynRetrans":0,"TCPTimeouts":0,"Writeback":0,"cpu_full_us":0,"cpu_some_us":1956217529,"io_full_us":191048112,"io_some_us":311718111,"memory_full_us":15858369,"memory_some_us":19100496,"pgmajfault":178941,"pgscan_direct":396898,"pgscan_kswapd":13918083,"pswpin":58267,"pswpout":201358},"kernelBefore":{"Dirty":4724,"EstabResets":0,"InSegs":844,"MemAvailable":4417916,"OutSegs":1686,"RetransSegs":0,"SwapFree":389536,"TCPBacklogDrop":0,"TCPRcvQDrop":0,"TCPRetransFail":0,"TCPSynRetrans":0,"TCPTimeouts":0,"Writeback":0,"cpu_full_us":0,"cpu_some_us":1956217480,"io_full_us":191048112,"io_some_us":311718111,"memory_full_us":15858369,"memory_some_us":19100496,"pgmajfault":178941,"pgscan_direct":396898,"pgscan_kswapd":13918083,"pswpin":58267,"pswpout":201358},"latest_fork_usec":593,"maxmemory":268435456,"observedAt":"2026-09-10T09:23:17.138698001Z","rdb_bgsave_in_progress":0,"used_memory":12182320}
VALKEY OBSERVER: {"aof_buffer_length":0,"aof_current_size":39192576,"aof_delayed_fsync":0,"aof_enabled":1,"aof_last_bgrewrite_status":"ok","aof_last_write_status":"ok","aof_pending_bio_fsync":0,"aof_rewrite_in_progress":0,"blocked_clients":0,"connected_clients":9,"event":"valkey_sample","eventloop_duration_cmd_sum":2203121,"eventloop_duration_sum":8511594,"evicted_keys":0,"infoRoundTripMs":0.267,"instantaneous_ops_per_sec":479,"kernelAfter":{"Dirty":2628,"EstabResets":0,"InSegs":906,"MemAvailable":4420188,"OutSegs":1809,"RetransSegs":0,"SwapFree":390048,"TCPBacklogDrop":0,"TCPRcvQDrop":0,"TCPRetransFail":0,"TCPSynRetrans":0,"TCPTimeouts":0,"Writeback":0,"cpu_full_us":0,"cpu_some_us":1956464890,"io_full_us":191064703,"io_some_us":311737572,"memory_full_us":15858369,"memory_some_us":19100496,"pgmajfault":178985,"pgscan_direct":396898,"pgscan_kswapd":13918083,"pswpin":58336,"pswpout":201358},"kernelBefore":{"Dirty":2628,"EstabResets":0,"InSegs":905,"MemAvailable":4420188,"OutSegs":1807,"RetransSegs":0,"SwapFree":390048,"TCPBacklogDrop":0,"TCPRcvQDrop":0,"TCPRetransFail":0,"TCPSynRetrans":0,"TCPTimeouts":0,"Writeback":0,"cpu_full_us":0,"cpu_some_us":1956464890,"io_full_us":191064703,"io_some_us":311737572,"memory_full_us":15858369,"memory_some_us":19100496,"pgmajfault":178985,"pgscan_direct":396898,"pgscan_kswapd":13918083,"pswpin":58336,"pswpout":201358},"latest_fork_usec":593,"maxmemory":268435456,"observedAt":"2026-09-10T09:23:47.138217209Z","rdb_bgsave_in_progress":0,"used_memory":12180272}
VALKEY OBSERVER: {"aof_buffer_length":0,"aof_current_size":42307072,"aof_delayed_fsync":0,"aof_enabled":1,"aof_last_bgrewrite_status":"ok","aof_last_write_status":"ok","aof_pending_bio_fsync":0,"aof_rewrite_in_progress":0,"blocked_clients":0,"connected_clients":9,"event":"valkey_sample","eventloop_duration_cmd_sum":2387579,"eventloop_duration_sum":9635623,"evicted_keys":0,"infoRoundTripMs":0.152,"instantaneous_ops_per_sec":8016,"kernelAfter":{"Dirty":2912,"EstabResets":0,"InSegs":966,"MemAvailable":4453496,"OutSegs":1929,"RetransSegs":0,"SwapFree":390620,"TCPBacklogDrop":0,"TCPRcvQDrop":0,"TCPRetransFail":0,"TCPSynRetrans":0,"TCPTimeouts":0,"Writeback":0,"cpu_full_us":0,"cpu_some_us":1956702849,"io_full_us":191215809,"io_some_us":311897872,"memory_full_us":15858369,"memory_some_us":19100496,"pgmajfault":179036,"pgscan_direct":396898,"pgscan_kswapd":13918083,"pswpin":58411,"pswpout":201358},"kernelBefore":{"Dirty":2912,"EstabResets":0,"InSegs":965,"MemAvailable":4453496,"OutSegs":1927,"RetransSegs":0,"SwapFree":390620,"TCPBacklogDrop":0,"TCPRcvQDrop":0,"TCPRetransFail":0,"TCPSynRetrans":0,"TCPTimeouts":0,"Writeback":0,"cpu_full_us":0,"cpu_some_us":1956702849,"io_full_us":191215809,"io_some_us":311897872,"memory_full_us":15858369,"memory_some_us":19100496,"pgmajfault":179036,"pgscan_direct":396898,"pgscan_kswapd":13918083,"pswpin":58411,"pswpout":201358},"latest_fork_usec":781,"maxmemory":268435456,"observedAt":"2026-09-10T09:24:17.135279834Z","rdb_bgsave_in_progress":0,"used_memory":12887024}
VALKEY OBSERVER: {"aof_buffer_length":0,"aof_current_size":47931829,"aof_delayed_fsync":0,"aof_enabled":1,"aof_last_bgrewrite_status":"ok","aof_last_write_status":"ok","aof_pending_bio_fsync":0,"aof_rewrite_in_progress":0,"blocked_clients":0,"connected_clients":9,"event":"valkey_sample","eventloop_duration_cmd_sum":2716628,"eventloop_duration_sum":12118809,"evicted_keys":0,"infoRoundTripMs":0.215,"instantaneous_ops_per_sec":478,"kernelAfter":{"Dirty":820,"EstabResets":0,"InSegs":1027,"MemAvailable":4399764,"OutSegs":2050,"RetransSegs":0,"SwapFree":390876,"TCPBacklogDrop":0,"TCPRcvQDrop":0,"TCPRetransFail":0,"TCPSynRetrans":0,"TCPTimeouts":0,"Writeback":0,"cpu_full_us":0,"cpu_some_us":1958445716,"io_full_us":191393297,"io_some_us":312306413,"memory_full_us":15858369,"memory_some_us":19100496,"pgmajfault":179100,"pgscan_direct":396898,"pgscan_kswapd":13918083,"pswpin":58515,"pswpout":201358},"kernelBefore":{"Dirty":820,"EstabResets":0,"InSegs":1026,"MemAvailable":4399764,"OutSegs":2048,"RetransSegs":0,"SwapFree":390876,"TCPBacklogDrop":0,"TCPRcvQDrop":0,"TCPRetransFail":0,"TCPSynRetrans":0,"TCPTimeouts":0,"Writeback":0,"cpu_full_us":0,"cpu_some_us":1958445716,"io_full_us":191393297,"io_some_us":312306413,"memory_full_us":15858369,"memory_some_us":19100496,"pgmajfault":179100,"pgscan_direct":396898,"pgscan_kswapd":13918083,"pswpin":58515,"pswpout":201358},"latest_fork_usec":781,"maxmemory":268435456,"observedAt":"2026-09-10T09:24:47.136156417Z","rdb_bgsave_in_progress":0,"used_memory":12934768}
VALKEY OBSERVER: {"aof_buffer_length":0,"aof_current_size":54521017,"aof_delayed_fsync":0,"aof_enabled":1,"aof_last_bgrewrite_status":"ok","aof_last_write_status":"ok","aof_pending_bio_fsync":0,"aof_rewrite_in_progress":0,"blocked_clients":0,"connected_clients":9,"event":"valkey_sample","eventloop_duration_cmd_sum":3103780,"eventloop_duration_sum":14261889,"evicted_keys":0,"infoRoundTripMs":0.26,"instantaneous_ops_per_sec":8277,"kernelAfter":{"Dirty":204,"EstabResets":0,"InSegs":1087,"MemAvailable":4369836,"OutSegs":2170,"RetransSegs":0,"SwapFree":391388,"TCPBacklogDrop":0,"TCPRcvQDrop":0,"TCPRetransFail":0,"TCPSynRetrans":0,"TCPTimeouts":0,"Writeback":0,"cpu_full_us":0,"cpu_some_us":1958722566,"io_full_us":191510614,"io_some_us":312436098,"memory_full_us":15858369,"memory_some_us":19100496,"pgmajfault":179190,"pgscan_direct":396898,"pgscan_kswapd":13918083,"pswpin":58637,"pswpout":201358},"kernelBefore":{"Dirty":204,"EstabResets":0,"InSegs":1086,"MemAvailable":4369836,"OutSegs":2168,"RetransSegs":0,"SwapFree":391388,"TCPBacklogDrop":0,"TCPRcvQDrop":0,"TCPRetransFail":0,"TCPSynRetrans":0,"TCPTimeouts":0,"Writeback":0,"cpu_full_us":0,"cpu_some_us":1958722566,"io_full_us":191510614,"io_some_us":312436098,"memory_full_us":15858369,"memory_some_us":19100496,"pgmajfault":179190,"pgscan_direct":396898,"pgscan_kswapd":13918083,"pswpin":58637,"pswpout":201358},"latest_fork_usec":472,"maxmemory":268435456,"observedAt":"2026-09-10T09:25:17.138483334Z","rdb_bgsave_in_progress":0,"used_memory":13290688}
VALKEY OBSERVER: {"aof_buffer_length":0,"aof_current_size":54839630,"aof_delayed_fsync":0,"aof_enabled":1,"aof_last_bgrewrite_status":"ok","aof_last_write_status":"ok","aof_pending_bio_fsync":0,"aof_rewrite_in_progress":0,"blocked_clients":0,"connected_clients":9,"event":"valkey_sample","eventloop_duration_cmd_sum":3235651,"eventloop_duration_sum":15290762,"evicted_keys":0,"infoRoundTripMs":0.229,"instantaneous_ops_per_sec":487,"kernelAfter":{"Dirty":0,"EstabResets":0,"InSegs":1147,"MemAvailable":4392976,"OutSegs":2290,"RetransSegs":0,"SwapFree":391644,"TCPBacklogDrop":0,"TCPRcvQDrop":0,"TCPRetransFail":0,"TCPSynRetrans":0,"TCPTimeouts":0,"Writeback":0,"cpu_full_us":0,"cpu_some_us":1958932545,"io_full_us":191578131,"io_some_us":312508015,"memory_full_us":15858369,"memory_some_us":19100497,"pgmajfault":179208,"pgscan_direct":396898,"pgscan_kswapd":13918083,"pswpin":58681,"pswpout":201358},"kernelBefore":{"Dirty":0,"EstabResets":0,"InSegs":1146,"MemAvailable":4393228,"OutSegs":2288,"RetransSegs":0,"SwapFree":391644,"TCPBacklogDrop":0,"TCPRcvQDrop":0,"TCPRetransFail":0,"TCPSynRetrans":0,"TCPTimeouts":0,"Writeback":0,"cpu_full_us":0,"cpu_some_us":1958932542,"io_full_us":191578131,"io_some_us":312508015,"memory_full_us":15858369,"memory_some_us":19100497,"pgmajfault":179208,"pgscan_direct":396898,"pgscan_kswapd":13918083,"pswpin":58681,"pswpout":201358},"latest_fork_usec":472,"maxmemory":268435456,"observedAt":"2026-09-10T09:25:47.138275834Z","rdb_bgsave_in_progress":0,"used_memory":13263624}
VALKEY OBSERVER: {"aof_buffer_length":0,"aof_current_size":58104172,"aof_delayed_fsync":0,"aof_enabled":1,"aof_last_bgrewrite_status":"ok","aof_last_write_status":"ok","aof_pending_bio_fsync":0,"aof_rewrite_in_progress":0,"blocked_clients":0,"connected_clients":9,"event":"valkey_sample","eventloop_duration_cmd_sum":3480749,"eventloop_duration_sum":16586422,"evicted_keys":0,"infoRoundTripMs":0.135,"instantaneous_ops_per_sec":2938,"kernelAfter":{"Dirty":7020,"EstabResets":0,"InSegs":1207,"MemAvailable":4331920,"OutSegs":2410,"RetransSegs":0,"SwapFree":391924,"TCPBacklogDrop":0,"TCPRcvQDrop":0,"TCPRetransFail":0,"TCPSynRetrans":0,"TCPTimeouts":0,"Writeback":0,"cpu_full_us":0,"cpu_some_us":1959190857,"io_full_us":191663506,"io_some_us":312601663,"memory_full_us":15858370,"memory_some_us":19100498,"pgmajfault":179358,"pgscan_direct":396898,"pgscan_kswapd":13918083,"pswpin":58893,"pswpout":201358},"kernelBefore":{"Dirty":7020,"EstabResets":0,"InSegs":1206,"MemAvailable":4331920,"OutSegs":2408,"RetransSegs":0,"SwapFree":391924,"TCPBacklogDrop":0,"TCPRcvQDrop":0,"TCPRetransFail":0,"TCPSynRetrans":0,"TCPTimeouts":0,"Writeback":0,"cpu_full_us":0,"cpu_some_us":1959190857,"io_full_us":191663506,"io_some_us":312601663,"memory_full_us":15858370,"memory_some_us":19100498,"pgmajfault":179358,"pgscan_direct":396898,"pgscan_kswapd":13918083,"pswpin":58893,"pswpout":201358},"latest_fork_usec":1189,"maxmemory":268435456,"observedAt":"2026-09-10T09:26:17.135663084Z","rdb_bgsave_in_progress":0,"used_memory":12253112}
VALKEY OBSERVER: {"aof_buffer_length":0,"aof_current_size":60895985,"aof_delayed_fsync":0,"aof_enabled":1,"aof_last_bgrewrite_status":"ok","aof_last_write_status":"ok","aof_pending_bio_fsync":0,"aof_rewrite_in_progress":0,"blocked_clients":0,"connected_clients":9,"event":"valkey_sample","eventloop_duration_cmd_sum":3654658,"eventloop_duration_sum":17473204,"evicted_keys":0,"infoRoundTripMs":0.292,"instantaneous_ops_per_sec":478,"kernelAfter":{"Dirty":4420,"EstabResets":0,"InSegs":1267,"MemAvailable":4385408,"OutSegs":2530,"RetransSegs":0,"SwapFree":392436,"TCPBacklogDrop":0,"TCPRcvQDrop":0,"TCPRetransFail":0,"TCPSynRetrans":0,"TCPTimeouts":0,"Writeback":0,"cpu_full_us":0,"cpu_some_us":1959378148,"io_full_us":191715117,"io_some_us":312656039,"memory_full_us":15858370,"memory_some_us":19100498,"pgmajfault":179369,"pgscan_direct":396898,"pgscan_kswapd":13918083,"pswpin":58917,"pswpout":201358},"kernelBefore":{"Dirty":4420,"EstabResets":0,"InSegs":1266,"MemAvailable":4385408,"OutSegs":2528,"RetransSegs":0,"SwapFree":392436,"TCPBacklogDrop":0,"TCPRcvQDrop":0,"TCPRetransFail":0,"TCPSynRetrans":0,"TCPTimeouts":0,"Writeback":0,"cpu_full_us":0,"cpu_some_us":1959378148,"io_full_us":191715117,"io_some_us":312656039,"memory_full_us":15858370,"memory_some_us":19100498,"pgmajfault":179369,"pgscan_direct":396898,"pgscan_kswapd":13918083,"pswpin":58917,"pswpout":201358},"latest_fork_usec":1189,"maxmemory":268435456,"observedAt":"2026-09-10T09:26:47.137263542Z","rdb_bgsave_in_progress":0,"used_memory":13597472}
VALKEY OBSERVER: {"aof_buffer_length":0,"aof_current_size":14601373,"aof_delayed_fsync":0,"aof_enabled":1,"aof_last_bgrewrite_status":"ok","aof_last_write_status":"ok","aof_pending_bio_fsync":0,"aof_rewrite_in_progress":0,"blocked_clients":0,"connected_clients":9,"event":"valkey_sample","eventloop_duration_cmd_sum":4111029,"eventloop_duration_sum":19158598,"evicted_keys":0,"infoRoundTripMs":0.173,"instantaneous_ops_per_sec":475,"kernelAfter":{"Dirty":5364,"EstabResets":0,"InSegs":1327,"MemAvailable":4401252,"OutSegs":2650,"RetransSegs":0,"SwapFree":393568,"TCPBacklogDrop":0,"TCPRcvQDrop":0,"TCPRetransFail":0,"TCPSynRetrans":0,"TCPTimeouts":0,"Writeback":0,"cpu_full_us":0,"cpu_some_us":1959613615,"io_full_us":191792780,"io_some_us":312741174,"memory_full_us":15858370,"memory_some_us":19100498,"pgmajfault":179463,"pgscan_direct":396898,"pgscan_kswapd":13918083,"pswpin":59126,"pswpout":201358},"kernelBefore":{"Dirty":5364,"EstabResets":0,"InSegs":1326,"MemAvailable":4401252,"OutSegs":2648,"RetransSegs":0,"SwapFree":393568,"TCPBacklogDrop":0,"TCPRcvQDrop":0,"TCPRetransFail":0,"TCPSynRetrans":0,"TCPTimeouts":0,"Writeback":0,"cpu_full_us":0,"cpu_some_us":1959613615,"io_full_us":191792780,"io_some_us":312741174,"memory_full_us":15858370,"memory_some_us":19100498,"pgmajfault":179463,"pgscan_direct":396898,"pgscan_kswapd":13918083,"pswpin":59126,"pswpout":201358},"latest_fork_usec":346,"maxmemory":268435456,"observedAt":"2026-09-10T09:27:17.136443584Z","rdb_bgsave_in_progress":0,"used_memory":14241784}
VALKEY OBSERVER: {"aof_buffer_length":0,"aof_current_size":14691409,"aof_delayed_fsync":0,"aof_enabled":1,"aof_last_bgrewrite_status":"ok","aof_last_write_status":"ok","aof_pending_bio_fsync":0,"aof_rewrite_in_progress":0,"blocked_clients":0,"connected_clients":9,"event":"valkey_sample","eventloop_duration_cmd_sum":4168142,"eventloop_duration_sum":19338589,"evicted_keys":0,"infoRoundTripMs":0.637,"instantaneous_ops_per_sec":477,"kernelAfter":{"Dirty":2344,"EstabResets":0,"InSegs":1387,"MemAvailable":4389452,"OutSegs":2770,"RetransSegs":0,"SwapFree":394336,"TCPBacklogDrop":0,"TCPRcvQDrop":0,"TCPRetransFail":0,"TCPSynRetrans":0,"TCPTimeouts":0,"Writeback":0,"cpu_full_us":0,"cpu_some_us":1959832796,"io_full_us":191815058,"io_some_us":312765207,"memory_full_us":15858469,"memory_some_us":19100599,"pgmajfault":179573,"pgscan_direct":396898,"pgscan_kswapd":13918083,"pswpin":59304,"pswpout":201358},"kernelBefore":{"Dirty":2344,"EstabResets":0,"InSegs":1386,"MemAvailable":4389452,"OutSegs":2768,"RetransSegs":0,"SwapFree":394336,"TCPBacklogDrop":0,"TCPRcvQDrop":0,"TCPRetransFail":0,"TCPSynRetrans":0,"TCPTimeouts":0,"Writeback":0,"cpu_full_us":0,"cpu_some_us":1959832724,"io_full_us":191815058,"io_some_us":312765207,"memory_full_us":15858469,"memory_some_us":19100599,"pgmajfault":179573,"pgscan_direct":396898,"pgscan_kswapd":13918083,"pswpin":59304,"pswpout":201358},"latest_fork_usec":346,"maxmemory":268435456,"observedAt":"2026-09-10T09:27:47.141742126Z","rdb_bgsave_in_progress":0,"used_memory":14044000}
VALKEY OBSERVER: {"aof_buffer_length":0,"aof_current_size":18558120,"aof_delayed_fsync":0,"aof_enabled":1,"aof_last_bgrewrite_status":"ok","aof_last_write_status":"ok","aof_pending_bio_fsync":0,"aof_rewrite_in_progress":0,"blocked_clients":0,"connected_clients":9,"event":"valkey_sample","eventloop_duration_cmd_sum":4311653,"eventloop_duration_sum":19771535,"evicted_keys":0,"infoRoundTripMs":0.331,"instantaneous_ops_per_sec":475,"kernelAfter":{"Dirty":5168,"EstabResets":0,"InSegs":1447,"MemAvailable":4382280,"OutSegs":2890,"RetransSegs":0,"SwapFree":394636,"TCPBacklogDrop":0,"TCPRcvQDrop":0,"TCPRetransFail":0,"TCPSynRetrans":0,"TCPTimeouts":0,"Writeback":0,"cpu_full_us":0,"cpu_some_us":1960030134,"io_full_us":191838700,"io_some_us":312790550,"memory_full_us":15858469,"memory_some_us":19100599,"pgmajfault":179625,"pgscan_direct":396898,"pgscan_kswapd":13918083,"pswpin":59410,"pswpout":201358},"kernelBefore":{"Dirty":5168,"EstabResets":0,"InSegs":1446,"MemAvailable":4382280,"OutSegs":2888,"RetransSegs":0,"SwapFree":394636,"TCPBacklogDrop":0,"TCPRcvQDrop":0,"TCPRetransFail":0,"TCPSynRetrans":0,"TCPTimeouts":0,"Writeback":0,"cpu_full_us":0,"cpu_some_us":1960030134,"io_full_us":191838700,"io_some_us":312790550,"memory_full_us":15858469,"memory_some_us":19100599,"pgmajfault":179625,"pgscan_direct":396898,"pgscan_kswapd":13918083,"pswpin":59410,"pswpout":201358},"latest_fork_usec":1283,"maxmemory":268435456,"observedAt":"2026-09-10T09:28:17.138521417Z","rdb_bgsave_in_progress":0,"used_memory":13987256}
VALKEY OBSERVER: {"aof_buffer_length":0,"aof_current_size":18558120,"aof_delayed_fsync":0,"aof_enabled":1,"aof_last_bgrewrite_status":"ok","aof_last_write_status":"ok","aof_pending_bio_fsync":0,"aof_rewrite_in_progress":0,"blocked_clients":0,"connected_clients":9,"event":"valkey_sample","eventloop_duration_cmd_sum":4371707,"eventloop_duration_sum":19943825,"evicted_keys":0,"infoRoundTripMs":0.429,"instantaneous_ops_per_sec":476,"kernelAfter":{"Dirty":3144,"EstabResets":0,"InSegs":1507,"MemAvailable":4349292,"OutSegs":3010,"RetransSegs":0,"SwapFree":394892,"TCPBacklogDrop":0,"TCPRcvQDrop":0,"TCPRetransFail":0,"TCPSynRetrans":0,"TCPTimeouts":0,"Writeback":0,"cpu_full_us":0,"cpu_some_us":1960250404,"io_full_us":191852447,"io_some_us":312804869,"memory_full_us":15860112,"memory_some_us":19102243,"pgmajfault":179675,"pgscan_direct":396898,"pgscan_kswapd":13918083,"pswpin":59525,"pswpout":201358},"kernelBefore":{"Dirty":3144,"EstabResets":0,"InSegs":1506,"MemAvailable":4349292,"OutSegs":3008,"RetransSegs":0,"SwapFree":394892,"TCPBacklogDrop":0,"TCPRcvQDrop":0,"TCPRetransFail":0,"TCPSynRetrans":0,"TCPTimeouts":0,"Writeback":0,"cpu_full_us":0,"cpu_some_us":1960250404,"io_full_us":191852447,"io_some_us":312804869,"memory_full_us":15860112,"memory_some_us":19102243,"pgmajfault":179675,"pgscan_direct":396898,"pgscan_kswapd":13918083,"pswpin":59525,"pswpout":201358},"latest_fork_usec":1283,"maxmemory":268435456,"observedAt":"2026-09-10T09:28:47.136804334Z","rdb_bgsave_in_progress":0,"used_memory":13994424}
VALKEY OBSERVER: {"aof_buffer_length":0,"aof_current_size":20914228,"aof_delayed_fsync":0,"aof_enabled":1,"aof_last_bgrewrite_status":"ok","aof_last_write_status":"ok","aof_pending_bio_fsync":0,"aof_rewrite_in_progress":0,"blocked_clients":0,"connected_clients":9,"event":"valkey_sample","eventloop_duration_cmd_sum":4491521,"eventloop_duration_sum":20326236,"evicted_keys":0,"infoRoundTripMs":1.016,"instantaneous_ops_per_sec":475,"kernelAfter":{"Dirty":4128,"EstabResets":0,"InSegs":1567,"MemAvailable":4415024,"OutSegs":3130,"RetransSegs":0,"SwapFree":395420,"TCPBacklogDrop":0,"TCPRcvQDrop":0,"TCPRetransFail":0,"TCPSynRetrans":0,"TCPTimeouts":0,"Writeback":0,"cpu_full_us":0,"cpu_some_us":1960457428,"io_full_us":191871879,"io_some_us":312825681,"memory_full_us":15860112,"memory_some_us":19102243,"pgmajfault":179702,"pgscan_direct":396898,"pgscan_kswapd":13918083,"pswpin":59566,"pswpout":201358},"kernelBefore":{"Dirty":4128,"EstabResets":0,"InSegs":1566,"MemAvailable":4415008,"OutSegs":3128,"RetransSegs":0,"SwapFree":395420,"TCPBacklogDrop":0,"TCPRcvQDrop":0,"TCPRetransFail":0,"TCPSynRetrans":0,"TCPTimeouts":0,"Writeback":0,"cpu_full_us":0,"cpu_some_us":1960457419,"io_full_us":191871879,"io_some_us":312825681,"memory_full_us":15860112,"memory_some_us":19102243,"pgmajfault":179702,"pgscan_direct":396898,"pgscan_kswapd":13918083,"pswpin":59566,"pswpout":201358},"latest_fork_usec":3708,"maxmemory":268435456,"observedAt":"2026-09-10T09:29:17.136171001Z","rdb_bgsave_in_progress":0,"used_memory":15653264}
VALKEY OBSERVER: {"aof_buffer_length":0,"aof_current_size":21094300,"aof_delayed_fsync":0,"aof_enabled":1,"aof_last_bgrewrite_status":"ok","aof_last_write_status":"ok","aof_pending_bio_fsync":0,"aof_rewrite_in_progress":0,"blocked_clients":0,"connected_clients":9,"event":"valkey_sample","eventloop_duration_cmd_sum":4552553,"eventloop_duration_sum":20494579,"evicted_keys":0,"infoRoundTripMs":0.247,"instantaneous_ops_per_sec":513,"kernelAfter":{"Dirty":3028,"EstabResets":0,"InSegs":1627,"MemAvailable":4395308,"OutSegs":3250,"RetransSegs":0,"SwapFree":395676,"TCPBacklogDrop":0,"TCPRcvQDrop":0,"TCPRetransFail":0,"TCPSynRetrans":0,"TCPTimeouts":0,"Writeback":0,"cpu_full_us":0,"cpu_some_us":1960655123,"io_full_us":191883682,"io_some_us":312837940,"memory_full_us":15860114,"memory_some_us":19102245,"pgmajfault":179742,"pgscan_direct":396898,"pgscan_kswapd":13918083,"pswpin":59642,"pswpout":201358},"kernelBefore":{"Dirty":3028,"EstabResets":0,"InSegs":1626,"MemAvailable":4395308,"OutSegs":3248,"RetransSegs":0,"SwapFree":395676,"TCPBacklogDrop":0,"TCPRcvQDrop":0,"TCPRetransFail":0,"TCPSynRetrans":0,"TCPTimeouts":0,"Writeback":0,"cpu_full_us":0,"cpu_some_us":1960655123,"io_full_us":191883682,"io_some_us":312837940,"memory_full_us":15860114,"memory_some_us":19102245,"pgmajfault":179742,"pgscan_direct":396898,"pgscan_kswapd":13918083,"pswpin":59642,"pswpout":201358},"latest_fork_usec":3708,"maxmemory":268435456,"observedAt":"2026-09-10T09:29:47.138120167Z","rdb_bgsave_in_progress":0,"used_memory":15242536}
VALKEY OBSERVER: {"aof_buffer_length":0,"aof_current_size":34454019,"aof_delayed_fsync":0,"aof_enabled":1,"aof_last_bgrewrite_status":"ok","aof_last_write_status":"ok","aof_pending_bio_fsync":0,"aof_rewrite_in_progress":0,"blocked_clients":0,"connected_clients":9,"event":"valkey_sample","eventloop_duration_cmd_sum":5020151,"eventloop_duration_sum":22260153,"evicted_keys":0,"infoRoundTripMs":0.227,"instantaneous_ops_per_sec":514,"kernelAfter":{"Dirty":1840,"EstabResets":0,"InSegs":1688,"MemAvailable":4380852,"OutSegs":3372,"RetransSegs":0,"SwapFree":396440,"TCPBacklogDrop":0,"TCPRcvQDrop":0,"TCPRetransFail":0,"TCPSynRetrans":0,"TCPTimeouts":0,"Writeback":120,"cpu_full_us":0,"cpu_some_us":1960921447,"io_full_us":191956702,"io_some_us":312925887,"memory_full_us":15860129,"memory_some_us":19102281,"pgmajfault":179802,"pgscan_direct":396898,"pgscan_kswapd":13918083,"pswpin":59767,"pswpout":201358},"kernelBefore":{"Dirty":1840,"EstabResets":0,"InSegs":1687,"MemAvailable":4380852,"OutSegs":3370,"RetransSegs":0,"SwapFree":396440,"TCPBacklogDrop":0,"TCPRcvQDrop":0,"TCPRetransFail":0,"TCPSynRetrans":0,"TCPTimeouts":0,"Writeback":120,"cpu_full_us":0,"cpu_some_us":1960921447,"io_full_us":191956702,"io_some_us":312925887,"memory_full_us":15860129,"memory_some_us":19102281,"pgmajfault":179802,"pgscan_direct":396898,"pgscan_kswapd":13918083,"pswpin":59767,"pswpout":201358},"latest_fork_usec":1207,"maxmemory":268435456,"observedAt":"2026-09-10T09:30:17.138621834Z","rdb_bgsave_in_progress":0,"used_memory":15061344}
VALKEY OBSERVER: {"aof_buffer_length":0,"aof_current_size":34454019,"aof_delayed_fsync":0,"aof_enabled":1,"aof_last_bgrewrite_status":"ok","aof_last_write_status":"ok","aof_pending_bio_fsync":0,"aof_rewrite_in_progress":0,"blocked_clients":0,"connected_clients":9,"event":"valkey_sample","eventloop_duration_cmd_sum":5083675,"eventloop_duration_sum":22463365,"evicted_keys":0,"infoRoundTripMs":0.512,"instantaneous_ops_per_sec":519,"kernelAfter":{"Dirty":1844,"EstabResets":0,"InSegs":1749,"MemAvailable":4399940,"OutSegs":3494,"RetransSegs":0,"SwapFree":396440,"TCPBacklogDrop":0,"TCPRcvQDrop":0,"TCPRetransFail":0,"TCPSynRetrans":0,"TCPTimeouts":0,"Writeback":0,"cpu_full_us":0,"cpu_some_us":1961134579,"io_full_us":191968921,"io_some_us":312939161,"memory_full_us":15860129,"memory_some_us":19102282,"pgmajfault":179829,"pgscan_direct":396898,"pgscan_kswapd":13918083,"pswpin":59816,"pswpout":201358},"kernelBefore":{"Dirty":1844,"EstabResets":0,"InSegs":1748,"MemAvailable":4400176,"OutSegs":3492,"RetransSegs":0,"SwapFree":396440,"TCPBacklogDrop":0,"TCPRcvQDrop":0,"TCPRetransFail":0,"TCPSynRetrans":0,"TCPTimeouts":0,"Writeback":0,"cpu_full_us":0,"cpu_some_us":1961134351,"io_full_us":191968921,"io_some_us":312939161,"memory_full_us":15860129,"memory_some_us":19102282,"pgmajfault":179829,"pgscan_direct":396898,"pgscan_kswapd":13918083,"pswpin":59816,"pswpout":201358},"latest_fork_usec":1207,"maxmemory":268435456,"observedAt":"2026-09-10T09:30:47.140191501Z","rdb_bgsave_in_progress":0,"used_memory":15057248}
VALKEY OBSERVER: {"aof_buffer_length":0,"aof_current_size":40719315,"aof_delayed_fsync":0,"aof_enabled":1,"aof_last_bgrewrite_status":"ok","aof_last_write_status":"ok","aof_pending_bio_fsync":0,"aof_rewrite_in_progress":0,"blocked_clients":0,"connected_clients":9,"event":"valkey_sample","eventloop_duration_cmd_sum":5385083,"eventloop_duration_sum":23375258,"evicted_keys":0,"infoRoundTripMs":0.201,"instantaneous_ops_per_sec":503,"kernelAfter":{"Dirty":2492,"EstabResets":0,"InSegs":1809,"MemAvailable":4342052,"OutSegs":3614,"RetransSegs":0,"SwapFree":396696,"TCPBacklogDrop":0,"TCPRcvQDrop":0,"TCPRetransFail":0,"TCPSynRetrans":0,"TCPTimeouts":0,"Writeback":20,"cpu_full_us":0,"cpu_some_us":1961363529,"io_full_us":192006629,"io_some_us":312981163,"memory_full_us":15860129,"memory_some_us":19102282,"pgmajfault":179858,"pgscan_direct":396898,"pgscan_kswapd":13918083,"pswpin":59862,"pswpout":201358},"kernelBefore":{"Dirty":2492,"EstabResets":0,"InSegs":1808,"MemAvailable":4342052,"OutSegs":3612,"RetransSegs":0,"SwapFree":396696,"TCPBacklogDrop":0,"TCPRcvQDrop":0,"TCPRetransFail":0,"TCPSynRetrans":0,"TCPTimeouts":0,"Writeback":20,"cpu_full_us":0,"cpu_some_us":1961363529,"io_full_us":192006629,"io_some_us":312981163,"memory_full_us":15860129,"memory_some_us":19102282,"pgmajfault":179858,"pgscan_direct":396898,"pgscan_kswapd":13918083,"pswpin":59862,"pswpout":201358},"latest_fork_usec":1742,"maxmemory":268435456,"observedAt":"2026-09-10T09:31:17.138588459Z","rdb_bgsave_in_progress":0,"used_memory":15500000}
VALKEY OBSERVER: {"aof_buffer_length":0,"aof_current_size":40719315,"aof_delayed_fsync":0,"aof_enabled":1,"aof_last_bgrewrite_status":"ok","aof_last_write_status":"ok","aof_pending_bio_fsync":0,"aof_rewrite_in_progress":0,"blocked_clients":0,"connected_clients":9,"event":"valkey_sample","eventloop_duration_cmd_sum":5447508,"eventloop_duration_sum":23547130,"evicted_keys":0,"infoRoundTripMs":0.365,"instantaneous_ops_per_sec":488,"kernelAfter":{"Dirty":1304,"EstabResets":0,"InSegs":1869,"MemAvailable":4353460,"OutSegs":3734,"RetransSegs":0,"SwapFree":396952,"TCPBacklogDrop":0,"TCPRcvQDrop":0,"TCPRetransFail":0,"TCPSynRetrans":0,"TCPTimeouts":0,"Writeback":0,"cpu_full_us":0,"cpu_some_us":1961599719,"io_full_us":192016510,"io_some_us":312991972,"memory_full_us":15860155,"memory_some_us":19102308,"pgmajfault":179870,"pgscan_direct":396898,"pgscan_kswapd":13918083,"pswpin":59892,"pswpout":201358},"kernelBefore":{"Dirty":1304,"EstabResets":0,"InSegs":1868,"MemAvailable":4353460,"OutSegs":3732,"RetransSegs":0,"SwapFree":396952,"TCPBacklogDrop":0,"TCPRcvQDrop":0,"TCPRetransFail":0,"TCPSynRetrans":0,"TCPTimeouts":0,"Writeback":0,"cpu_full_us":0,"cpu_some_us":1961599719,"io_full_us":192016510,"io_some_us":312991972,"memory_full_us":15860155,"memory_some_us":19102308,"pgmajfault":179870,"pgscan_direct":396898,"pgscan_kswapd":13918083,"pswpin":59892,"pswpout":201358},"latest_fork_usec":1742,"maxmemory":268435456,"observedAt":"2026-09-10T09:31:47.139715459Z","rdb_bgsave_in_progress":0,"used_memory":15506144}
VALKEY OBSERVER: {"aof_buffer_length":0,"aof_current_size":43255495,"aof_delayed_fsync":0,"aof_enabled":1,"aof_last_bgrewrite_status":"ok","aof_last_write_status":"ok","aof_pending_bio_fsync":0,"aof_rewrite_in_progress":0,"blocked_clients":0,"connected_clients":9,"event":"valkey_sample","eventloop_duration_cmd_sum":5569448,"eventloop_duration_sum":23941554,"evicted_keys":0,"infoRoundTripMs":0.53,"instantaneous_ops_per_sec":477,"kernelAfter":{"Dirty":1916,"EstabResets":0,"InSegs":1929,"MemAvailable":4372136,"OutSegs":3854,"RetransSegs":0,"SwapFree":397208,"TCPBacklogDrop":0,"TCPRcvQDrop":0,"TCPRetransFail":0,"TCPSynRetrans":0,"TCPTimeouts":0,"Writeback":0,"cpu_full_us":0,"cpu_some_us":1961806710,"io_full_us":192033448,"io_some_us":313010306,"memory_full_us":15860176,"memory_some_us":19102328,"pgmajfault":179904,"pgscan_direct":396898,"pgscan_kswapd":13918083,"pswpin":59954,"pswpout":201358},"kernelBefore":{"Dirty":1916,"EstabResets":0,"InSegs":1928,"MemAvailable":4372136,"OutSegs":3852,"RetransSegs":0,"SwapFree":397208,"TCPBacklogDrop":0,"TCPRcvQDrop":0,"TCPRetransFail":0,"TCPSynRetrans":0,"TCPTimeouts":0,"Writeback":0,"cpu_full_us":0,"cpu_some_us":1961806710,"io_full_us":192033448,"io_some_us":313010306,"memory_full_us":15860176,"memory_some_us":19102328,"pgmajfault":179904,"pgscan_direct":396898,"pgscan_kswapd":13918083,"pswpin":59954,"pswpout":201358},"latest_fork_usec":637,"maxmemory":268435456,"observedAt":"2026-09-10T09:32:17.139329959Z","rdb_bgsave_in_progress":0,"used_memory":16257680}
VALKEY OBSERVER: {"aof_buffer_length":0,"aof_current_size":43255495,"aof_delayed_fsync":0,"aof_enabled":1,"aof_last_bgrewrite_status":"ok","aof_last_write_status":"ok","aof_pending_bio_fsync":0,"aof_rewrite_in_progress":0,"blocked_clients":0,"connected_clients":9,"event":"valkey_sample","eventloop_duration_cmd_sum":5652669,"eventloop_duration_sum":24151424,"evicted_keys":0,"infoRoundTripMs":0.22,"instantaneous_ops_per_sec":479,"kernelAfter":{"Dirty":388,"EstabResets":0,"InSegs":1989,"MemAvailable":4371360,"OutSegs":3974,"RetransSegs":0,"SwapFree":397208,"TCPBacklogDrop":0,"TCPRcvQDrop":0,"TCPRetransFail":0,"TCPSynRetrans":0,"TCPTimeouts":0,"Writeback":0,"cpu_full_us":0,"cpu_some_us":1962001864,"io_full_us":192045890,"io_some_us":313023185,"memory_full_us":15860176,"memory_some_us":19102329,"pgmajfault":179959,"pgscan_direct":396898,"pgscan_kswapd":13918083,"pswpin":60088,"pswpout":201358},"kernelBefore":{"Dirty":388,"EstabResets":0,"InSegs":1988,"MemAvailable":4371360,"OutSegs":3972,"RetransSegs":0,"SwapFree":397208,"TCPBacklogDrop":0,"TCPRcvQDrop":0,"TCPRetransFail":0,"TCPSynRetrans":0,"TCPTimeouts":0,"Writeback":0,"cpu_full_us":0,"cpu_some_us":1962001864,"io_full_us":192045890,"io_some_us":313023185,"memory_full_us":15860176,"memory_some_us":19102329,"pgmajfault":179959,"pgscan_direct":396898,"pgscan_kswapd":13918083,"pswpin":60088,"pswpout":201358},"latest_fork_usec":637,"maxmemory":268435456,"observedAt":"2026-09-10T09:32:47.137045334Z","rdb_bgsave_in_progress":0,"used_memory":16265016}
VALKEY OBSERVER: {"aof_buffer_length":0,"aof_current_size":56616768,"aof_delayed_fsync":0,"aof_enabled":1,"aof_last_bgrewrite_status":"ok","aof_last_write_status":"ok","aof_pending_bio_fsync":0,"aof_rewrite_in_progress":0,"blocked_clients":0,"connected_clients":9,"event":"valkey_sample","eventloop_duration_cmd_sum":6181433,"eventloop_duration_sum":26002721,"evicted_keys":0,"infoRoundTripMs":0.229,"instantaneous_ops_per_sec":519,"kernelAfter":{"Dirty":536,"EstabResets":0,"InSegs":2049,"MemAvailable":4389076,"OutSegs":4094,"RetransSegs":0,"SwapFree":397464,"TCPBacklogDrop":0,"TCPRcvQDrop":0,"TCPRetransFail":0,"TCPSynRetrans":0,"TCPTimeouts":0,"Writeback":0,"cpu_full_us":0,"cpu_some_us":1962301357,"io_full_us":192117677,"io_some_us":313105947,"memory_full_us":15860176,"memory_some_us":19102329,"pgmajfault":179980,"pgscan_direct":396898,"pgscan_kswapd":13918083,"pswpin":60126,"pswpout":201358},"kernelBefore":{"Dirty":536,"EstabResets":0,"InSegs":2048,"MemAvailable":4389076,"OutSegs":4092,"RetransSegs":0,"SwapFree":397464,"TCPBacklogDrop":0,"TCPRcvQDrop":0,"TCPRetransFail":0,"TCPSynRetrans":0,"TCPTimeouts":0,"Writeback":0,"cpu_full_us":0,"cpu_some_us":1962301357,"io_full_us":192117677,"io_some_us":313105947,"memory_full_us":15860176,"memory_some_us":19102329,"pgmajfault":179980,"pgscan_direct":396898,"pgscan_kswapd":13918083,"pswpin":60126,"pswpout":201358},"latest_fork_usec":2335,"maxmemory":268435456,"observedAt":"2026-09-10T09:33:17.137486709Z","rdb_bgsave_in_progress":0,"used_memory":16408544}
VALKEY OBSERVER: {"aof_buffer_length":0,"aof_current_size":56616768,"aof_delayed_fsync":0,"aof_enabled":1,"aof_last_bgrewrite_status":"ok","aof_last_write_status":"ok","aof_pending_bio_fsync":0,"aof_rewrite_in_progress":0,"blocked_clients":0,"connected_clients":9,"event":"valkey_sample","eventloop_duration_cmd_sum":6253272,"eventloop_duration_sum":26210795,"evicted_keys":0,"infoRoundTripMs":0.618,"instantaneous_ops_per_sec":518,"kernelAfter":{"Dirty":572,"EstabResets":0,"InSegs":2109,"MemAvailable":4357652,"OutSegs":4214,"RetransSegs":0,"SwapFree":398232,"TCPBacklogDrop":0,"TCPRcvQDrop":0,"TCPRetransFail":0,"TCPSynRetrans":0,"TCPTimeouts":0,"Writeback":112,"cpu_full_us":0,"cpu_some_us":1962520488,"io_full_us":192129273,"io_some_us":313118110,"memory_full_us":15860176,"memory_some_us":19102329,"pgmajfault":180021,"pgscan_direct":396898,"pgscan_kswapd":13918083,"pswpin":60185,"pswpout":201358},"kernelBefore":{"Dirty":572,"EstabResets":0,"InSegs":2108,"MemAvailable":4357652,"OutSegs":4212,"RetransSegs":0,"SwapFree":398232,"TCPBacklogDrop":0,"TCPRcvQDrop":0,"TCPRetransFail":0,"TCPSynRetrans":0,"TCPTimeouts":0,"Writeback":112,"cpu_full_us":0,"cpu_some_us":1962520488,"io_full_us":192129273,"io_some_us":313118110,"memory_full_us":15860176,"memory_some_us":19102329,"pgmajfault":180021,"pgscan_direct":396898,"pgscan_kswapd":13918083,"pswpin":60185,"pswpout":201358},"latest_fork_usec":2335,"maxmemory":268435456,"observedAt":"2026-09-10T09:33:47.140539709Z","rdb_bgsave_in_progress":0,"used_memory":16408544}
VALKEY OBSERVER: {"aof_buffer_length":0,"aof_current_size":65875169,"aof_delayed_fsync":0,"aof_enabled":1,"aof_last_bgrewrite_status":"ok","aof_last_write_status":"ok","aof_pending_bio_fsync":0,"aof_rewrite_in_progress":0,"blocked_clients":0,"connected_clients":9,"event":"valkey_sample","eventloop_duration_cmd_sum":6735545,"eventloop_duration_sum":28491391,"evicted_keys":0,"infoRoundTripMs":0.187,"instantaneous_ops_per_sec":1681,"kernelAfter":{"Dirty":828,"EstabResets":0,"InSegs":2169,"MemAvailable":4391244,"OutSegs":4334,"RetransSegs":0,"SwapFree":398796,"TCPBacklogDrop":0,"TCPRcvQDrop":0,"TCPRetransFail":0,"TCPSynRetrans":0,"TCPTimeouts":0,"Writeback":0,"cpu_full_us":0,"cpu_some_us":1962814382,"io_full_us":192238412,"io_some_us":313239955,"memory_full_us":15860180,"memory_some_us":19102332,"pgmajfault":180069,"pgscan_direct":396898,"pgscan_kswapd":13918083,"pswpin":60272,"pswpout":201358},"kernelBefore":{"Dirty":828,"EstabResets":0,"InSegs":2168,"MemAvailable":4391244,"OutSegs":4332,"RetransSegs":0,"SwapFree":398796,"TCPBacklogDrop":0,"TCPRcvQDrop":0,"TCPRetransFail":0,"TCPSynRetrans":0,"TCPTimeouts":0,"Writeback":0,"cpu_full_us":0,"cpu_some_us":1962814382,"io_full_us":192238412,"io_some_us":313239955,"memory_full_us":15860180,"memory_some_us":19102332,"pgmajfault":180069,"pgscan_direct":396898,"pgscan_kswapd":13918083,"pswpin":60272,"pswpout":201358},"latest_fork_usec":548,"maxmemory":268435456,"observedAt":"2026-09-10T09:34:17.139279459Z","rdb_bgsave_in_progress":0,"used_memory":16867736}
VALKEY OBSERVER: {"aof_buffer_length":0,"aof_current_size":65947637,"aof_delayed_fsync":0,"aof_enabled":1,"aof_last_bgrewrite_status":"ok","aof_last_write_status":"ok","aof_pending_bio_fsync":0,"aof_rewrite_in_progress":0,"blocked_clients":0,"connected_clients":9,"event":"valkey_sample","eventloop_duration_cmd_sum":6821198,"eventloop_duration_sum":29155357,"evicted_keys":0,"infoRoundTripMs":0.517,"instantaneous_ops_per_sec":479,"kernelAfter":{"Dirty":6384,"EstabResets":0,"InSegs":2229,"MemAvailable":4390004,"OutSegs":4454,"RetransSegs":0,"SwapFree":399564,"TCPBacklogDrop":0,"TCPRcvQDrop":0,"TCPRetransFail":0,"TCPSynRetrans":0,"TCPTimeouts":0,"Writeback":68,"cpu_full_us":0,"cpu_some_us":1963052945,"io_full_us":192280418,"io_some_us":313284703,"memory_full_us":15860742,"memory_some_us":19102895,"pgmajfault":180168,"pgscan_direct":396898,"pgscan_kswapd":13918083,"pswpin":60467,"pswpout":201358},"kernelBefore":{"Dirty":6384,"EstabResets":0,"InSegs":2228,"MemAvailable":4390004,"OutSegs":4452,"RetransSegs":0,"SwapFree":399564,"TCPBacklogDrop":0,"TCPRcvQDrop":0,"TCPRetransFail":0,"TCPSynRetrans":0,"TCPTimeouts":0,"Writeback":68,"cpu_full_us":0,"cpu_some_us":1963052945,"io_full_us":192280418,"io_some_us":313284703,"memory_full_us":15860742,"memory_some_us":19102895,"pgmajfault":180168,"pgscan_direct":396898,"pgscan_kswapd":13918083,"pswpin":60467,"pswpout":201358},"latest_fork_usec":548,"maxmemory":268435456,"observedAt":"2026-09-10T09:34:47.140894584Z","rdb_bgsave_in_progress":0,"used_memory":16871840}
VALKEY OBSERVER: {"aof_buffer_length":0,"aof_current_size":11868171,"aof_delayed_fsync":0,"aof_enabled":1,"aof_last_bgrewrite_status":"ok","aof_last_write_status":"ok","aof_pending_bio_fsync":0,"aof_rewrite_in_progress":0,"blocked_clients":0,"connected_clients":9,"event":"valkey_sample","eventloop_duration_cmd_sum":7104193,"eventloop_duration_sum":30738623,"evicted_keys":0,"infoRoundTripMs":0.664,"instantaneous_ops_per_sec":6455,"kernelAfter":{"Dirty":8972,"EstabResets":0,"InSegs":2291,"MemAvailable":4373540,"OutSegs":4574,"RetransSegs":0,"SwapFree":399828,"TCPBacklogDrop":0,"TCPRcvQDrop":0,"TCPRetransFail":0,"TCPSynRetrans":0,"TCPTimeouts":0,"Writeback":0,"cpu_full_us":0,"cpu_some_us":1963292000,"io_full_us":192368932,"io_some_us":313379207,"memory_full_us":15861149,"memory_some_us":19103303,"pgmajfault":180206,"pgscan_direct":396898,"pgscan_kswapd":13918083,"pswpin":60554,"pswpout":201358},"kernelBefore":{"Dirty":8972,"EstabResets":0,"InSegs":2290,"MemAvailable":4373540,"OutSegs":4572,"RetransSegs":0,"SwapFree":399828,"TCPBacklogDrop":0,"TCPRcvQDrop":0,"TCPRetransFail":0,"TCPSynRetrans":0,"TCPTimeouts":0,"Writeback":0,"cpu_full_us":0,"cpu_some_us":1963292000,"io_full_us":192368932,"io_some_us":313379207,"memory_full_us":15861149,"memory_some_us":19103303,"pgmajfault":180206,"pgscan_direct":396898,"pgscan_kswapd":13918083,"pswpin":60554,"pswpout":201358},"latest_fork_usec":619,"maxmemory":268435456,"observedAt":"2026-09-10T09:35:17.140017126Z","rdb_bgsave_in_progress":0,"used_memory":17053656}
VALKEY OBSERVER: {"aof_buffer_length":0,"aof_current_size":14072415,"aof_delayed_fsync":0,"aof_enabled":1,"aof_last_bgrewrite_status":"ok","aof_last_write_status":"ok","aof_pending_bio_fsync":0,"aof_rewrite_in_progress":0,"blocked_clients":0,"connected_clients":9,"event":"valkey_sample","eventloop_duration_cmd_sum":7360850,"eventloop_duration_sum":33039922,"evicted_keys":0,"infoRoundTripMs":1.353,"instantaneous_ops_per_sec":752,"kernelAfter":{"Dirty":6468,"EstabResets":0,"InSegs":2351,"MemAvailable":4358720,"OutSegs":4694,"RetransSegs":0,"SwapFree":399828,"TCPBacklogDrop":0,"TCPRcvQDrop":0,"TCPRetransFail":0,"TCPSynRetrans":0,"TCPTimeouts":0,"Writeback":0,"cpu_full_us":0,"cpu_some_us":1963517416,"io_full_us":192515308,"io_some_us":313531894,"memory_full_us":15861149,"memory_some_us":19103303,"pgmajfault":180211,"pgscan_direct":396898,"pgscan_kswapd":13918083,"pswpin":60564,"pswpout":201358},"kernelBefore":{"Dirty":6468,"EstabResets":0,"InSegs":2350,"MemAvailable":4358720,"OutSegs":4692,"RetransSegs":0,"SwapFree":399828,"TCPBacklogDrop":0,"TCPRcvQDrop":0,"TCPRetransFail":0,"TCPSynRetrans":0,"TCPTimeouts":0,"Writeback":0,"cpu_full_us":0,"cpu_some_us":1963517401,"io_full_us":192514445,"io_some_us":313531013,"memory_full_us":15861149,"memory_some_us":19103303,"pgmajfault":180211,"pgscan_direct":396898,"pgscan_kswapd":13918083,"pswpin":60564,"pswpout":201358},"latest_fork_usec":619,"maxmemory":268435456,"observedAt":"2026-09-10T09:35:47.140447251Z","rdb_bgsave_in_progress":0,"used_memory":17398504}
VALKEY OBSERVER: {"aof_buffer_length":0,"aof_current_size":22908886,"aof_delayed_fsync":0,"aof_enabled":1,"aof_last_bgrewrite_status":"ok","aof_last_write_status":"ok","aof_pending_bio_fsync":0,"aof_rewrite_in_progress":0,"blocked_clients":0,"connected_clients":9,"event":"valkey_sample","eventloop_duration_cmd_sum":7764280,"eventloop_duration_sum":35040401,"evicted_keys":0,"infoRoundTripMs":0.13,"instantaneous_ops_per_sec":1128,"kernelAfter":{"Dirty":7608,"EstabResets":0,"InSegs":2411,"MemAvailable":4311036,"OutSegs":4814,"RetransSegs":0,"SwapFree":400724,"TCPBacklogDrop":0,"TCPRcvQDrop":0,"TCPRetransFail":0,"TCPSynRetrans":0,"TCPTimeouts":0,"Writeback":0,"cpu_full_us":0,"cpu_some_us":1963758977,"io_full_us":192610959,"io_some_us":313635887,"memory_full_us":15861280,"memory_some_us":19103434,"pgmajfault":180302,"pgscan_direct":396898,"pgscan_kswapd":13918083,"pswpin":60765,"pswpout":201358},"kernelBefore":{"Dirty":7608,"EstabResets":0,"InSegs":2410,"MemAvailable":4311036,"OutSegs":4812,"RetransSegs":0,"SwapFree":400724,"TCPBacklogDrop":0,"TCPRcvQDrop":0,"TCPRetransFail":0,"TCPSynRetrans":0,"TCPTimeouts":0,"Writeback":0,"cpu_full_us":0,"cpu_some_us":1963758977,"io_full_us":192610959,"io_some_us":313635887,"memory_full_us":15861280,"memory_some_us":19103434,"pgmajfault":180302,"pgscan_direct":396898,"pgscan_kswapd":13918083,"pswpin":60765,"pswpout":201358},"latest_fork_usec":512,"maxmemory":268435456,"observedAt":"2026-09-10T09:36:17.139011626Z","rdb_bgsave_in_progress":0,"used_memory":17283344}
VALKEY OBSERVER: {"aof_buffer_length":0,"aof_current_size":23345956,"aof_delayed_fsync":0,"aof_enabled":1,"aof_last_bgrewrite_status":"ok","aof_last_write_status":"ok","aof_pending_bio_fsync":0,"aof_rewrite_in_progress":0,"blocked_clients":0,"connected_clients":9,"event":"valkey_sample","eventloop_duration_cmd_sum":7840276,"eventloop_duration_sum":35388334,"evicted_keys":0,"infoRoundTripMs":0.416,"instantaneous_ops_per_sec":488,"kernelAfter":{"Dirty":4808,"EstabResets":0,"InSegs":2471,"MemAvailable":4360020,"OutSegs":4934,"RetransSegs":0,"SwapFree":400724,"TCPBacklogDrop":0,"TCPRcvQDrop":0,"TCPRetransFail":0,"TCPSynRetrans":0,"TCPTimeouts":0,"Writeback":0,"cpu_full_us":0,"cpu_some_us":1963934278,"io_full_us":192633629,"io_some_us":313659638,"memory_full_us":15861316,"memory_some_us":19103475,"pgmajfault":180313,"pgscan_direct":396898,"pgscan_kswapd":13918083,"pswpin":60786,"pswpout":201358},"kernelBefore":{"Dirty":4808,"EstabResets":0,"InSegs":2470,"MemAvailable":4360020,"OutSegs":4932,"RetransSegs":0,"SwapFree":400724,"TCPBacklogDrop":0,"TCPRcvQDrop":0,"TCPRetransFail":0,"TCPSynRetrans":0,"TCPTimeouts":0,"Writeback":0,"cpu_full_us":0,"cpu_some_us":1963934278,"io_full_us":192633629,"io_some_us":313659638,"memory_full_us":15861316,"memory_some_us":19103475,"pgmajfault":180313,"pgscan_direct":396898,"pgscan_kswapd":13918083,"pswpin":60786,"pswpout":201358},"latest_fork_usec":512,"maxmemory":268435456,"observedAt":"2026-09-10T09:36:47.140697584Z","rdb_bgsave_in_progress":0,"used_memory":16559680}
VALKEY OBSERVER: {"aof_buffer_length":0,"aof_current_size":34067312,"aof_delayed_fsync":0,"aof_enabled":1,"aof_last_bgrewrite_status":"ok","aof_last_write_status":"ok","aof_pending_bio_fsync":0,"aof_rewrite_in_progress":0,"blocked_clients":0,"connected_clients":9,"event":"valkey_sample","eventloop_duration_cmd_sum":8296081,"eventloop_duration_sum":37466489,"evicted_keys":0,"infoRoundTripMs":0.173,"instantaneous_ops_per_sec":948,"kernelAfter":{"Dirty":6984,"EstabResets":0,"InSegs":2531,"MemAvailable":4359164,"OutSegs":5054,"RetransSegs":0,"SwapFree":400724,"TCPBacklogDrop":0,"TCPRcvQDrop":0,"TCPRetransFail":0,"TCPSynRetrans":0,"TCPTimeouts":0,"Writeback":0,"cpu_full_us":0,"cpu_some_us":1964204495,"io_full_us":192730463,"io_some_us":313765956,"memory_full_us":15861317,"memory_some_us":19103475,"pgmajfault":180360,"pgscan_direct":396898,"pgscan_kswapd":13918083,"pswpin":60869,"pswpout":201358},"kernelBefore":{"Dirty":6984,"EstabResets":0,"InSegs":2530,"MemAvailable":4359164,"OutSegs":5052,"RetransSegs":0,"SwapFree":400724,"TCPBacklogDrop":0,"TCPRcvQDrop":0,"TCPRetransFail":0,"TCPSynRetrans":0,"TCPTimeouts":0,"Writeback":0,"cpu_full_us":0,"cpu_some_us":1964204495,"io_full_us":192730463,"io_some_us":313765956,"memory_full_us":15861317,"memory_some_us":19103475,"pgmajfault":180360,"pgscan_direct":396898,"pgscan_kswapd":13918083,"pswpin":60869,"pswpout":201358},"latest_fork_usec":477,"maxmemory":268435456,"observedAt":"2026-09-10T09:37:17.140031876Z","rdb_bgsave_in_progress":0,"used_memory":15181600}
VALKEY OBSERVER: {"aof_buffer_length":0,"aof_current_size":34093232,"aof_delayed_fsync":0,"aof_enabled":1,"aof_last_bgrewrite_status":"ok","aof_last_write_status":"ok","aof_pending_bio_fsync":0,"aof_rewrite_in_progress":0,"blocked_clients":0,"connected_clients":9,"event":"valkey_sample","eventloop_duration_cmd_sum":8359984,"eventloop_duration_sum":37799065,"evicted_keys":0,"infoRoundTripMs":0.332,"instantaneous_ops_per_sec":475,"kernelAfter":{"Dirty":5072,"EstabResets":0,"InSegs":2591,"MemAvailable":4335540,"OutSegs":5174,"RetransSegs":0,"SwapFree":400724,"TCPBacklogDrop":0,"TCPRcvQDrop":0,"TCPRetransFail":0,"TCPSynRetrans":0,"TCPTimeouts":0,"Writeback":0,"cpu_full_us":0,"cpu_some_us":1964414674,"io_full_us":192750759,"io_some_us":313787852,"memory_full_us":15861317,"memory_some_us":19103476,"pgmajfault":180369,"pgscan_direct":396898,"pgscan_kswapd":13918083,"pswpin":60885,"pswpout":201358},"kernelBefore":{"Dirty":5072,"EstabResets":0,"InSegs":2590,"MemAvailable":4335540,"OutSegs":5172,"RetransSegs":0,"SwapFree":400724,"TCPBacklogDrop":0,"TCPRcvQDrop":0,"TCPRetransFail":0,"TCPSynRetrans":0,"TCPTimeouts":0,"Writeback":0,"cpu_full_us":0,"cpu_some_us":1964414674,"io_full_us":192750759,"io_some_us":313787852,"memory_full_us":15861317,"memory_some_us":19103476,"pgmajfault":180369,"pgscan_direct":396898,"pgscan_kswapd":13918083,"pswpin":60885,"pswpout":201358},"latest_fork_usec":477,"maxmemory":268435456,"observedAt":"2026-09-10T09:37:47.140713834Z","rdb_bgsave_in_progress":0,"used_memory":15181600}
VALKEY OBSERVER: {"aof_buffer_length":0,"aof_current_size":39141851,"aof_delayed_fsync":0,"aof_enabled":1,"aof_last_bgrewrite_status":"ok","aof_last_write_status":"ok","aof_pending_bio_fsync":0,"aof_rewrite_in_progress":0,"blocked_clients":0,"connected_clients":9,"event":"valkey_sample","eventloop_duration_cmd_sum":8660904,"eventloop_duration_sum":39523219,"evicted_keys":0,"infoRoundTripMs":0.227,"instantaneous_ops_per_sec":5734,"kernelAfter":{"Dirty":6672,"EstabResets":0,"InSegs":2651,"MemAvailable":4345728,"OutSegs":5294,"RetransSegs":0,"SwapFree":402280,"TCPBacklogDrop":0,"TCPRcvQDrop":0,"TCPRetransFail":0,"TCPSynRetrans":0,"TCPTimeouts":0,"Writeback":0,"cpu_full_us":0,"cpu_some_us":1964624531,"io_full_us":192858988,"io_some_us":313901093,"memory_full_us":15861338,"memory_some_us":19103497,"pgmajfault":180575,"pgscan_direct":396898,"pgscan_kswapd":13918083,"pswpin":61304,"pswpout":201358},"kernelBefore":{"Dirty":6672,"EstabResets":0,"InSegs":2650,"MemAvailable":4346220,"OutSegs":5292,"RetransSegs":0,"SwapFree":402280,"TCPBacklogDrop":0,"TCPRcvQDrop":0,"TCPRetransFail":0,"TCPSynRetrans":0,"TCPTimeouts":0,"Writeback":0,"cpu_full_us":0,"cpu_some_us":1964624531,"io_full_us":192858988,"io_some_us":313901093,"memory_full_us":15861338,"memory_some_us":19103497,"pgmajfault":180575,"pgscan_direct":396898,"pgscan_kswapd":13918083,"pswpin":61304,"pswpout":201358},"latest_fork_usec":519,"maxmemory":268435456,"observedAt":"2026-09-10T09:38:17.139471084Z","rdb_bgsave_in_progress":0,"used_memory":14649992}
VALKEY OBSERVER: {"aof_buffer_length":0,"aof_current_size":40775495,"aof_delayed_fsync":0,"aof_enabled":1,"aof_last_bgrewrite_status":"ok","aof_last_write_status":"ok","aof_pending_bio_fsync":0,"aof_rewrite_in_progress":0,"blocked_clients":0,"connected_clients":9,"event":"valkey_sample","eventloop_duration_cmd_sum":8866692,"eventloop_duration_sum":41448839,"evicted_keys":0,"infoRoundTripMs":0.525,"instantaneous_ops_per_sec":554,"kernelAfter":{"Dirty":7652,"EstabResets":0,"InSegs":2711,"MemAvailable":4256168,"OutSegs":5414,"RetransSegs":0,"SwapFree":402536,"TCPBacklogDrop":0,"TCPRcvQDrop":0,"TCPRetransFail":0,"TCPSynRetrans":0,"TCPTimeouts":0,"Writeback":0,"cpu_full_us":0,"cpu_some_us":1964839911,"io_full_us":192979236,"io_some_us":314028389,"memory_full_us":15861338,"memory_some_us":19103497,"pgmajfault":180596,"pgscan_direct":396898,"pgscan_kswapd":13918083,"pswpin":61329,"pswpout":201358},"kernelBefore":{"Dirty":7652,"EstabResets":0,"InSegs":2710,"MemAvailable":4256168,"OutSegs":5412,"RetransSegs":0,"SwapFree":402536,"TCPBacklogDrop":0,"TCPRcvQDrop":0,"TCPRetransFail":0,"TCPSynRetrans":0,"TCPTimeouts":0,"Writeback":0,"cpu_full_us":0,"cpu_some_us":1964839911,"io_full_us":192979236,"io_some_us":314028389,"memory_full_us":15861338,"memory_some_us":19103497,"pgmajfault":180596,"pgscan_direct":396898,"pgscan_kswapd":13918083,"pswpin":61329,"pswpout":201358},"latest_fork_usec":519,"maxmemory":268435456,"observedAt":"2026-09-10T09:38:47.141710709Z","rdb_bgsave_in_progress":0,"used_memory":14893808}
VALKEY OBSERVER: {"aof_buffer_length":0,"aof_current_size":44581280,"aof_delayed_fsync":0,"aof_enabled":1,"aof_last_bgrewrite_status":"ok","aof_last_write_status":"ok","aof_pending_bio_fsync":0,"aof_rewrite_in_progress":0,"blocked_clients":0,"connected_clients":9,"event":"valkey_sample","eventloop_duration_cmd_sum":9121297,"eventloop_duration_sum":43064835,"evicted_keys":0,"infoRoundTripMs":0.569,"instantaneous_ops_per_sec":8970,"kernelAfter":{"Dirty":6004,"EstabResets":0,"InSegs":2771,"MemAvailable":4330432,"OutSegs":5534,"RetransSegs":0,"SwapFree":402556,"TCPBacklogDrop":0,"TCPRcvQDrop":0,"TCPRetransFail":0,"TCPSynRetrans":0,"TCPTimeouts":0,"Writeback":0,"cpu_full_us":0,"cpu_some_us":1965046789,"io_full_us":193073374,"io_some_us":314127957,"memory_full_us":15861342,"memory_some_us":19103500,"pgmajfault":180608,"pgscan_direct":396898,"pgscan_kswapd":13918083,"pswpin":61358,"pswpout":201358},"kernelBefore":{"Dirty":6004,"EstabResets":0,"InSegs":2770,"MemAvailable":4330432,"OutSegs":5532,"RetransSegs":0,"SwapFree":402556,"TCPBacklogDrop":0,"TCPRcvQDrop":0,"TCPRetransFail":0,"TCPSynRetrans":0,"TCPTimeouts":0,"Writeback":0,"cpu_full_us":0,"cpu_some_us":1965046789,"io_full_us":193073374,"io_some_us":314127957,"memory_full_us":15861342,"memory_some_us":19103500,"pgmajfault":180608,"pgscan_direct":396898,"pgscan_kswapd":13918083,"pswpin":61358,"pswpout":201358},"latest_fork_usec":677,"maxmemory":268435456,"observedAt":"2026-09-10T09:39:17.139883501Z","rdb_bgsave_in_progress":0,"used_memory":14402640}
VALKEY OBSERVER: {"aof_buffer_length":0,"aof_current_size":46593516,"aof_delayed_fsync":0,"aof_enabled":1,"aof_last_bgrewrite_status":"ok","aof_last_write_status":"ok","aof_pending_bio_fsync":0,"aof_rewrite_in_progress":0,"blocked_clients":0,"connected_clients":9,"event":"valkey_sample","eventloop_duration_cmd_sum":9359966,"eventloop_duration_sum":44805623,"evicted_keys":0,"infoRoundTripMs":0.232,"instantaneous_ops_per_sec":474,"kernelAfter":{"Dirty":3272,"EstabResets":0,"InSegs":2831,"MemAvailable":4344440,"OutSegs":5654,"RetransSegs":0,"SwapFree":405620,"TCPBacklogDrop":0,"TCPRcvQDrop":0,"TCPRetransFail":0,"TCPSynRetrans":0,"TCPTimeouts":0,"Writeback":0,"cpu_full_us":0,"cpu_some_us":1965251953,"io_full_us":193177893,"io_some_us":314237855,"memory_full_us":15861441,"memory_some_us":19103600,"pgmajfault":181161,"pgscan_direct":396898,"pgscan_kswapd":13918083,"pswpin":61706,"pswpout":201358},"kernelBefore":{"Dirty":3272,"EstabResets":0,"InSegs":2830,"MemAvailable":4344440,"OutSegs":5652,"RetransSegs":0,"SwapFree":405620,"TCPBacklogDrop":0,"TCPRcvQDrop":0,"TCPRetransFail":0,"TCPSynRetrans":0,"TCPTimeouts":0,"Writeback":0,"cpu_full_us":0,"cpu_some_us":1965251953,"io_full_us":193177893,"io_some_us":314237855,"memory_full_us":15861441,"memory_some_us":19103600,"pgmajfault":181161,"pgscan_direct":396898,"pgscan_kswapd":13918083,"pswpin":61706,"pswpout":201358},"latest_fork_usec":677,"maxmemory":268435456,"observedAt":"2026-09-10T09:39:47.135432584Z","rdb_bgsave_in_progress":0,"used_memory":14305632}
VALKEY OBSERVER: {"error":"info_unavailable","event":"valkey_sample","infoRoundTripMs":0.564,"kernelAfter":{"Dirty":0,"EstabResets":0,"InSegs":2862,"MemAvailable":4378532,"OutSegs":5713,"RetransSegs":0,"SwapFree":407156,"TCPBacklogDrop":0,"TCPRcvQDrop":0,"TCPRetransFail":0,"TCPSynRetrans":0,"TCPTimeouts":0,"Writeback":0,"cpu_full_us":0,"cpu_some_us":1965361214,"io_full_us":193217138,"io_some_us":314280371,"memory_full_us":15861524,"memory_some_us":19103683,"pgmajfault":181441,"pgscan_direct":396898,"pgscan_kswapd":13918083,"pswpin":62139,"pswpout":201358},"kernelBefore":{"Dirty":0,"EstabResets":0,"InSegs":2862,"MemAvailable":4378532,"OutSegs":5713,"RetransSegs":0,"SwapFree":407156,"TCPBacklogDrop":0,"TCPRcvQDrop":0,"TCPRetransFail":0,"TCPSynRetrans":0,"TCPTimeouts":0,"Writeback":0,"cpu_full_us":0,"cpu_some_us":1965361214,"io_full_us":193217138,"io_some_us":314280371,"memory_full_us":15861524,"memory_some_us":19103683,"pgmajfault":181441,"pgscan_direct":396898,"pgscan_kswapd":13918083,"pswpin":62139,"pswpout":201358},"observedAt":"2026-09-10T09:40:02.135506549Z"}
VALKEY OBSERVER: {"aof_buffer_length":0,"aof_current_size":48132802,"aof_delayed_fsync":0,"aof_enabled":1,"aof_last_bgrewrite_status":"ok","aof_last_write_status":"ok","aof_pending_bio_fsync":0,"aof_rewrite_in_progress":0,"blocked_clients":0,"connected_clients":5,"event":"valkey_sample","eventloop_duration_cmd_sum":9554,"eventloop_duration_sum":46793,"evicted_keys":0,"infoRoundTripMs":0.156,"instantaneous_ops_per_sec":157,"kernelAfter":{"Dirty":4536,"EstabResets":0,"InSegs":2894,"MemAvailable":4361924,"OutSegs":5775,"RetransSegs":0,"SwapFree":407172,"TCPBacklogDrop":0,"TCPRcvQDrop":0,"TCPRetransFail":0,"TCPSynRetrans":0,"TCPTimeouts":0,"Writeback":0,"cpu_full_us":0,"cpu_some_us":1965450844,"io_full_us":193248989,"io_some_us":314314093,"memory_full_us":15861525,"memory_some_us":19103683,"pgmajfault":181448,"pgscan_direct":396898,"pgscan_kswapd":13918083,"pswpin":62146,"pswpout":201358},"kernelBefore":{"Dirty":4536,"EstabResets":0,"InSegs":2893,"MemAvailable":4362120,"OutSegs":5773,"RetransSegs":0,"SwapFree":407172,"TCPBacklogDrop":0,"TCPRcvQDrop":0,"TCPRetransFail":0,"TCPSynRetrans":0,"TCPTimeouts":0,"Writeback":0,"cpu_full_us":0,"cpu_some_us":1965450844,"io_full_us":193248989,"io_some_us":314314093,"memory_full_us":15861525,"memory_some_us":19103683,"pgmajfault":181448,"pgscan_direct":396898,"pgscan_kswapd":13918083,"pswpin":62146,"pswpout":201358},"latest_fork_usec":0,"maxmemory":268435456,"observedAt":"2026-09-10T09:40:17.134908792Z","rdb_bgsave_in_progress":0,"used_memory":12847472}
VALKEY OBSERVER: {"aof_buffer_length":0,"aof_current_size":48132802,"aof_delayed_fsync":0,"aof_enabled":1,"aof_last_bgrewrite_status":"ok","aof_last_write_status":"ok","aof_pending_bio_fsync":0,"aof_rewrite_in_progress":0,"blocked_clients":0,"connected_clients":5,"event":"valkey_sample","eventloop_duration_cmd_sum":41495,"eventloop_duration_sum":146765,"evicted_keys":0,"infoRoundTripMs":0.296,"instantaneous_ops_per_sec":159,"kernelAfter":{"Dirty":4044,"EstabResets":0,"InSegs":2954,"MemAvailable":4353096,"OutSegs":5895,"RetransSegs":0,"SwapFree":408196,"TCPBacklogDrop":0,"TCPRcvQDrop":0,"TCPRetransFail":0,"TCPSynRetrans":0,"TCPTimeouts":0,"Writeback":0,"cpu_full_us":0,"cpu_some_us":1965608047,"io_full_us":193266415,"io_some_us":314333723,"memory_full_us":15861525,"memory_some_us":19103683,"pgmajfault":181637,"pgscan_direct":396898,"pgscan_kswapd":13918083,"pswpin":62493,"pswpout":201358},"kernelBefore":{"Dirty":4044,"EstabResets":0,"InSegs":2953,"MemAvailable":4353096,"OutSegs":5893,"RetransSegs":0,"SwapFree":408196,"TCPBacklogDrop":0,"TCPRcvQDrop":0,"TCPRetransFail":0,"TCPSynRetrans":0,"TCPTimeouts":0,"Writeback":0,"cpu_full_us":0,"cpu_some_us":1965608047,"io_full_us":193266415,"io_some_us":314333723,"memory_full_us":15861525,"memory_some_us":19103683,"pgmajfault":181637,"pgscan_direct":396898,"pgscan_kswapd":13918083,"pswpin":62493,"pswpout":201358},"latest_fork_usec":0,"maxmemory":268435456,"observedAt":"2026-09-10T09:40:47.137019792Z","rdb_bgsave_in_progress":0,"used_memory":12847472}
VALKEY OBSERVER: {"aof_buffer_length":0,"aof_current_size":48132802,"aof_delayed_fsync":0,"aof_enabled":1,"aof_last_bgrewrite_status":"ok","aof_last_write_status":"ok","aof_pending_bio_fsync":0,"aof_rewrite_in_progress":0,"blocked_clients":0,"connected_clients":5,"event":"valkey_sample","eventloop_duration_cmd_sum":67520,"eventloop_duration_sum":234068,"evicted_keys":0,"infoRoundTripMs":0.166,"instantaneous_ops_per_sec":168,"kernelAfter":{"Dirty":5100,"EstabResets":0,"InSegs":3014,"MemAvailable":4296068,"OutSegs":6015,"RetransSegs":0,"SwapFree":408512,"TCPBacklogDrop":0,"TCPRcvQDrop":0,"TCPRetransFail":0,"TCPSynRetrans":0,"TCPTimeouts":0,"Writeback":0,"cpu_full_us":0,"cpu_some_us":1965765784,"io_full_us":193281853,"io_some_us":314350061,"memory_full_us":15861525,"memory_some_us":19103684,"pgmajfault":181645,"pgscan_direct":396898,"pgscan_kswapd":13918083,"pswpin":62504,"pswpout":201358},"kernelBefore":{"Dirty":5100,"EstabResets":0,"InSegs":3013,"MemAvailable":4296068,"OutSegs":6013,"RetransSegs":0,"SwapFree":408512,"TCPBacklogDrop":0,"TCPRcvQDrop":0,"TCPRetransFail":0,"TCPSynRetrans":0,"TCPTimeouts":0,"Writeback":0,"cpu_full_us":0,"cpu_some_us":1965765784,"io_full_us":193281853,"io_some_us":314350061,"memory_full_us":15861525,"memory_some_us":19103684,"pgmajfault":181645,"pgscan_direct":396898,"pgscan_kswapd":13918083,"pswpin":62504,"pswpout":201358},"latest_fork_usec":392,"maxmemory":268435456,"observedAt":"2026-09-10T09:41:17.136587001Z","rdb_bgsave_in_progress":0,"used_memory":12843376}
VALKEY OBSERVER: {"aof_buffer_length":0,"aof_current_size":48132802,"aof_delayed_fsync":0,"aof_enabled":1,"aof_last_bgrewrite_status":"ok","aof_last_write_status":"ok","aof_pending_bio_fsync":0,"aof_rewrite_in_progress":0,"blocked_clients":0,"connected_clients":5,"event":"valkey_sample","eventloop_duration_cmd_sum":97726,"eventloop_duration_sum":343530,"evicted_keys":0,"infoRoundTripMs":0.293,"instantaneous_ops_per_sec":158,"kernelAfter":{"Dirty":1420,"EstabResets":0,"InSegs":3074,"MemAvailable":4367616,"OutSegs":6135,"RetransSegs":0,"SwapFree":408512,"TCPBacklogDrop":0,"TCPRcvQDrop":0,"TCPRetransFail":0,"TCPSynRetrans":0,"TCPTimeouts":0,"Writeback":0,"cpu_full_us":0,"cpu_some_us":1965937515,"io_full_us":193295170,"io_some_us":314363850,"memory_full_us":15861525,"memory_some_us":19103684,"pgmajfault":181653,"pgscan_direct":396898,"pgscan_kswapd":13918083,"pswpin":62524,"pswpout":201358},"kernelBefore":{"Dirty":1420,"EstabResets":0,"InSegs":3073,"MemAvailable":4367616,"OutSegs":6133,"RetransSegs":0,"SwapFree":408512,"TCPBacklogDrop":0,"TCPRcvQDrop":0,"TCPRetransFail":0,"TCPSynRetrans":0,"TCPTimeouts":0,"Writeback":0,"cpu_full_us":0,"cpu_some_us":1965937515,"io_full_us":193295170,"io_some_us":314363850,"memory_full_us":15861525,"memory_some_us":19103684,"pgmajfault":181653,"pgscan_direct":396898,"pgscan_kswapd":13918083,"pswpin":62524,"pswpout":201358},"latest_fork_usec":392,"maxmemory":268435456,"observedAt":"2026-09-10T09:41:47.135056917Z","rdb_bgsave_in_progress":0,"used_memory":12843376}
VALKEY OBSERVER: {"aof_buffer_length":0,"aof_current_size":48132802,"aof_delayed_fsync":0,"aof_enabled":1,"aof_last_bgrewrite_status":"ok","aof_last_write_status":"ok","aof_pending_bio_fsync":0,"aof_rewrite_in_progress":0,"blocked_clients":0,"connected_clients":5,"event":"valkey_sample","eventloop_duration_cmd_sum":126283,"eventloop_duration_sum":434270,"evicted_keys":0,"infoRoundTripMs":0.131,"instantaneous_ops_per_sec":158,"kernelAfter":{"Dirty":2784,"EstabResets":0,"InSegs":3134,"MemAvailable":4365036,"OutSegs":6255,"RetransSegs":0,"SwapFree":409756,"TCPBacklogDrop":0,"TCPRcvQDrop":0,"TCPRetransFail":0,"TCPSynRetrans":0,"TCPTimeouts":0,"Writeback":0,"cpu_full_us":0,"cpu_some_us":1966099964,"io_full_us":193307322,"io_some_us":314377490,"memory_full_us":15861525,"memory_some_us":19103684,"pgmajfault":181822,"pgscan_direct":396898,"pgscan_kswapd":13918083,"pswpin":62832,"pswpout":201358},"kernelBefore":{"Dirty":2784,"EstabResets":0,"InSegs":3133,"MemAvailable":4365036,"OutSegs":6253,"RetransSegs":0,"SwapFree":409756,"TCPBacklogDrop":0,"TCPRcvQDrop":0,"TCPRetransFail":0,"TCPSynRetrans":0,"TCPTimeouts":0,"Writeback":0,"cpu_full_us":0,"cpu_some_us":1966099964,"io_full_us":193307322,"io_some_us":314377490,"memory_full_us":15861525,"memory_some_us":19103684,"pgmajfault":181822,"pgscan_direct":396898,"pgscan_kswapd":13918083,"pswpin":62832,"pswpout":201358},"latest_fork_usec":392,"maxmemory":268435456,"observedAt":"2026-09-10T09:42:17.136047667Z","rdb_bgsave_in_progress":0,"used_memory":12841328}
VALKEY OBSERVER: {"aof_buffer_length":0,"aof_current_size":48613032,"aof_delayed_fsync":0,"aof_enabled":1,"aof_last_bgrewrite_status":"ok","aof_last_write_status":"ok","aof_pending_bio_fsync":0,"aof_rewrite_in_progress":0,"blocked_clients":0,"connected_clients":5,"event":"valkey_sample","eventloop_duration_cmd_sum":320646,"eventloop_duration_sum":836775,"evicted_keys":0,"infoRoundTripMs":0.34,"instantaneous_ops_per_sec":3523,"kernelAfter":{"Dirty":5652,"EstabResets":0,"InSegs":3194,"MemAvailable":4347444,"OutSegs":6375,"RetransSegs":0,"SwapFree":410268,"TCPBacklogDrop":0,"TCPRcvQDrop":0,"TCPRetransFail":0,"TCPSynRetrans":0,"TCPTimeouts":0,"Writeback":0,"cpu_full_us":0,"cpu_some_us":1966272408,"io_full_us":193341401,"io_some_us":314413315,"memory_full_us":15861525,"memory_some_us":19103684,"pgmajfault":181877,"pgscan_direct":396898,"pgscan_kswapd":13918083,"pswpin":62971,"pswpout":201358},"kernelBefore":{"Dirty":5652,"EstabResets":0,"InSegs":3193,"MemAvailable":4347444,"OutSegs":6373,"RetransSegs":0,"SwapFree":410268,"TCPBacklogDrop":0,"TCPRcvQDrop":0,"TCPRetransFail":0,"TCPSynRetrans":0,"TCPTimeouts":0,"Writeback":0,"cpu_full_us":0,"cpu_some_us":1966272408,"io_full_us":193341401,"io_some_us":314413315,"memory_full_us":15861525,"memory_some_us":19103684,"pgmajfault":181877,"pgscan_direct":396898,"pgscan_kswapd":13918083,"pswpin":62971,"pswpout":201358},"latest_fork_usec":392,"maxmemory":268435456,"observedAt":"2026-09-10T09:42:47.136198042Z","rdb_bgsave_in_progress":0,"used_memory":12087688}
VALKEY OBSERVER: {"aof_buffer_length":0,"aof_current_size":50607693,"aof_delayed_fsync":0,"aof_enabled":1,"aof_last_bgrewrite_status":"ok","aof_last_write_status":"ok","aof_pending_bio_fsync":0,"aof_rewrite_in_progress":0,"blocked_clients":0,"connected_clients":9,"event":"valkey_sample","eventloop_duration_cmd_sum":426307,"eventloop_duration_sum":1325152,"evicted_keys":0,"infoRoundTripMs":0.653,"instantaneous_ops_per_sec":563,"kernelAfter":{"Dirty":6464,"EstabResets":0,"InSegs":3254,"MemAvailable":4341536,"OutSegs":6495,"RetransSegs":0,"SwapFree":410416,"TCPBacklogDrop":0,"TCPRcvQDrop":0,"TCPRetransFail":0,"TCPSynRetrans":0,"TCPTimeouts":0,"Writeback":0,"cpu_full_us":0,"cpu_some_us":1966456909,"io_full_us":193385303,"io_some_us":314459328,"memory_full_us":15861525,"memory_some_us":19103684,"pgmajfault":181918,"pgscan_direct":396898,"pgscan_kswapd":13918083,"pswpin":63018,"pswpout":201358},"kernelBefore":{"Dirty":6464,"EstabResets":0,"InSegs":3253,"MemAvailable":4341536,"OutSegs":6493,"RetransSegs":0,"SwapFree":410416,"TCPBacklogDrop":0,"TCPRcvQDrop":0,"TCPRetransFail":0,"TCPSynRetrans":0,"TCPTimeouts":0,"Writeback":0,"cpu_full_us":0,"cpu_some_us":1966456909,"io_full_us":193385303,"io_some_us":314459328,"memory_full_us":15861525,"memory_some_us":19103684,"pgmajfault":181918,"pgscan_direct":396898,"pgscan_kswapd":13918083,"pswpin":63018,"pswpout":201358},"latest_fork_usec":330,"maxmemory":268435456,"observedAt":"2026-09-10T09:43:17.138751209Z","rdb_bgsave_in_progress":0,"used_memory":10262344}
