{"event":"fixture_diagnostic_acl","observedAt":"2026-09-10T08:44:19.804160378Z","onlyAddedCommand":"latency|latest","role":"wr_initializer"}
PASS: six-role Docker installation, actual Linux Control calibration, reviewed policy/region/defaults apply
PASS: PostgreSQL and Control restart preserve exact setup report and calibrated parameters before bootstrap
PASS: applied installation region and Room defaults reach signed runtime with both Gateway/Coordinator ACK
PASS: disposable fixture latency observer enabled at 100ms; durability/TTL/quota unchanged
PUBLIC QUOTA: obeyed 429 responses=1; successful heartbeats=0
PUBLIC QUOTA: obeyed 429 responses=100; successful heartbeats=0
PUBLIC QUOTA: obeyed 429 responses=200; successful heartbeats=0
PUBLIC QUOTA: obeyed 429 responses=300; successful heartbeats=0
PUBLIC QUOTA: obeyed 429 responses=400; successful heartbeats=0
PASS: guarded candidate real Docker HTTPS 1000 visitors, 1000 status reads, 100 recent exact retries; client wall p99 including quota waits=53083.9ms; elapsed=74.6s
PASS: real HTTP heartbeat cycle retained 1800 visitors; total=1800
PUBLIC QUOTA: obeyed 429 responses=500; successful heartbeats=1800
PUBLIC QUOTA: obeyed 429 responses=600; successful heartbeats=1800
PUBLIC QUOTA: obeyed 429 responses=700; successful heartbeats=1800
PUBLIC QUOTA: obeyed 429 responses=800; successful heartbeats=1800
PUBLIC QUOTA: obeyed 429 responses=900; successful heartbeats=1800
PUBLIC QUOTA: obeyed 429 responses=1000; successful heartbeats=1800
PUBLIC QUOTA: obeyed 429 responses=1100; successful heartbeats=1800
PUBLIC QUOTA: obeyed 429 responses=1200; successful heartbeats=1800
PUBLIC QUOTA: obeyed 429 responses=1300; successful heartbeats=1800
PUBLIC QUOTA: obeyed 429 responses=1400; successful heartbeats=1800
PUBLIC QUOTA: obeyed 429 responses=1500; successful heartbeats=1800
PUBLIC QUOTA: obeyed 429 responses=1600; successful heartbeats=1800
PUBLIC QUOTA: obeyed 429 responses=1700; successful heartbeats=1800
PUBLIC QUOTA: obeyed 429 responses=1800; successful heartbeats=1800
PUBLIC QUOTA: obeyed 429 responses=1900; successful heartbeats=1800
PUBLIC QUOTA: obeyed 429 responses=2000; successful heartbeats=1800
PUBLIC QUOTA: obeyed 429 responses=2100; successful heartbeats=1800
PUBLIC QUOTA: obeyed 429 responses=2200; successful heartbeats=1800
PUBLIC QUOTA: obeyed 429 responses=2300; successful heartbeats=1800
PASS: guarded candidate real Docker HTTPS 2000 visitors, 2000 status reads, 100 recent exact retries; client wall p99 including quota waits=59090.9ms; elapsed=134.0s
PUBLIC QUOTA: obeyed 429 responses=2400; successful heartbeats=1800
PASS: real HTTP heartbeat cycle retained 3000 visitors; total=4800
PASS: real HTTP heartbeat cycle retained 4200 visitors; total=9000
PUBLIC QUOTA: obeyed 429 responses=2500; successful heartbeats=9000
PUBLIC QUOTA: obeyed 429 responses=2600; successful heartbeats=9000
PUBLIC QUOTA: obeyed 429 responses=2700; successful heartbeats=9000
PUBLIC QUOTA: obeyed 429 responses=2800; successful heartbeats=9000
PUBLIC QUOTA: obeyed 429 responses=2900; successful heartbeats=9000
PUBLIC QUOTA: obeyed 429 responses=3000; successful heartbeats=9000
PUBLIC QUOTA: obeyed 429 responses=3100; successful heartbeats=9000
PUBLIC QUOTA: obeyed 429 responses=3200; successful heartbeats=9000
PUBLIC QUOTA: obeyed 429 responses=3300; successful heartbeats=9000
PUBLIC QUOTA: obeyed 429 responses=3400; successful heartbeats=9000
PUBLIC QUOTA: obeyed 429 responses=3500; successful heartbeats=9000
PUBLIC QUOTA: obeyed 429 responses=3600; successful heartbeats=9000
PUBLIC QUOTA: obeyed 429 responses=3700; successful heartbeats=9000
PUBLIC QUOTA: obeyed 429 responses=3800; successful heartbeats=9000
PUBLIC QUOTA: obeyed 429 responses=3900; successful heartbeats=13284
PUBLIC QUOTA: obeyed 429 responses=4000; successful heartbeats=13284
PUBLIC QUOTA: obeyed 429 responses=4100; successful heartbeats=13284
PUBLIC QUOTA: obeyed 429 responses=4200; successful heartbeats=13284
PUBLIC QUOTA: obeyed 429 responses=4300; successful heartbeats=13284
PUBLIC QUOTA: obeyed 429 responses=4400; successful heartbeats=13284
PUBLIC QUOTA: obeyed 429 responses=4500; successful heartbeats=13284
PUBLIC QUOTA: obeyed 429 responses=4600; successful heartbeats=13284
PUBLIC QUOTA: obeyed 429 responses=4700; successful heartbeats=13284
PUBLIC QUOTA: obeyed 429 responses=4800; successful heartbeats=13284
PUBLIC QUOTA: obeyed 429 responses=4900; successful heartbeats=13284
PASS: real HTTP heartbeat cycle retained 5000 visitors; total=14000
PUBLIC QUOTA: obeyed 429 responses=5000; successful heartbeats=14000
PUBLIC QUOTA: obeyed 429 responses=5100; successful heartbeats=14000
PUBLIC QUOTA: obeyed 429 responses=5200; successful heartbeats=14000
PUBLIC QUOTA: obeyed 429 responses=5300; successful heartbeats=14000
PUBLIC QUOTA: obeyed 429 responses=5400; successful heartbeats=14000
PUBLIC QUOTA: obeyed 429 responses=5500; successful heartbeats=14000
PUBLIC QUOTA: obeyed 429 responses=5600; successful heartbeats=14000
PUBLIC QUOTA: obeyed 429 responses=5700; successful heartbeats=14000
PUBLIC QUOTA: obeyed 429 responses=5800; successful heartbeats=14000
PUBLIC QUOTA: obeyed 429 responses=5900; successful heartbeats=14000
PUBLIC QUOTA: obeyed 429 responses=6000; successful heartbeats=14000
PUBLIC QUOTA: obeyed 429 responses=6100; successful heartbeats=14000
PUBLIC QUOTA: obeyed 429 responses=6200; successful heartbeats=14000
PUBLIC QUOTA: obeyed 429 responses=6300; successful heartbeats=14000
PUBLIC QUOTA: obeyed 429 responses=6400; successful heartbeats=14000
PUBLIC QUOTA: obeyed 429 responses=6500; successful heartbeats=14000
PUBLIC QUOTA: obeyed 429 responses=6600; successful heartbeats=14000
PUBLIC QUOTA: obeyed 429 responses=6700; successful heartbeats=14000
PUBLIC QUOTA: obeyed 429 responses=6800; successful heartbeats=14000
PUBLIC QUOTA: obeyed 429 responses=6900; successful heartbeats=14000
PUBLIC QUOTA: obeyed 429 responses=7000; successful heartbeats=14000
PUBLIC QUOTA: obeyed 429 responses=7100; successful heartbeats=14000
PUBLIC QUOTA: obeyed 429 responses=7200; successful heartbeats=14000
PUBLIC QUOTA: obeyed 429 responses=7300; successful heartbeats=14000
PUBLIC QUOTA: obeyed 429 responses=7400; successful heartbeats=14000
PUBLIC QUOTA: obeyed 429 responses=7500; successful heartbeats=14000
PUBLIC QUOTA: obeyed 429 responses=7600; successful heartbeats=14000
PUBLIC QUOTA: obeyed 429 responses=7700; successful heartbeats=14000
PUBLIC QUOTA: obeyed 429 responses=7800; successful heartbeats=14000
PUBLIC QUOTA: obeyed 429 responses=7900; successful heartbeats=14000
PUBLIC QUOTA: obeyed 429 responses=8000; successful heartbeats=14000
PUBLIC QUOTA: obeyed 429 responses=8100; successful heartbeats=14000
PUBLIC QUOTA: obeyed 429 responses=8200; successful heartbeats=14000
PUBLIC QUOTA: obeyed 429 responses=8300; successful heartbeats=14000
PUBLIC QUOTA: obeyed 429 responses=8400; successful heartbeats=14000
PUBLIC QUOTA: obeyed 429 responses=8500; successful heartbeats=14000
PUBLIC QUOTA: obeyed 429 responses=8600; successful heartbeats=14000
PUBLIC QUOTA: obeyed 429 responses=8700; successful heartbeats=14000
PUBLIC QUOTA: obeyed 429 responses=8800; successful heartbeats=14000
PUBLIC QUOTA: obeyed 429 responses=8900; successful heartbeats=14000
PUBLIC QUOTA: obeyed 429 responses=9000; successful heartbeats=14000
PUBLIC QUOTA: obeyed 429 responses=9100; successful heartbeats=14000
PUBLIC QUOTA: obeyed 429 responses=9200; successful heartbeats=14000
PUBLIC QUOTA: obeyed 429 responses=9300; successful heartbeats=14000
PUBLIC QUOTA: obeyed 429 responses=9400; successful heartbeats=14000
PUBLIC QUOTA: obeyed 429 responses=9500; successful heartbeats=14000
PUBLIC QUOTA: obeyed 429 responses=9600; successful heartbeats=14000
PUBLIC QUOTA: obeyed 429 responses=9700; successful heartbeats=14000
PUBLIC QUOTA: obeyed 429 responses=9800; successful heartbeats=14000
PUBLIC QUOTA: obeyed 429 responses=9900; successful heartbeats=14000
PUBLIC QUOTA: obeyed 429 responses=10000; successful heartbeats=14000
PUBLIC QUOTA: obeyed 429 responses=10100; successful heartbeats=14000
PUBLIC QUOTA: obeyed 429 responses=10200; successful heartbeats=14000
PASS: guarded candidate real Docker HTTPS 5000 visitors, 5000 status reads, 100 recent exact retries; client wall p99 including quota waits=60117.5ms; elapsed=415.4s
PUBLIC QUOTA: obeyed 429 responses=10300; successful heartbeats=14000
PASS: real HTTP heartbeat cycle retained 5600 visitors; total=19600
PUBLIC QUOTA: obeyed 429 responses=10400; successful heartbeats=19600
PASS: real HTTP heartbeat cycle retained 7400 visitors; total=27000
PUBLIC QUOTA: obeyed 429 responses=10500; successful heartbeats=27000
PUBLIC QUOTA: obeyed 429 responses=10600; successful heartbeats=33135
PASS: real HTTP heartbeat cycle retained 9200 visitors; total=36200
PUBLIC QUOTA: obeyed 429 responses=10700; successful heartbeats=36200
PUBLIC QUOTA: obeyed 429 responses=10800; successful heartbeats=36200
PUBLIC QUOTA: obeyed 429 responses=10900; successful heartbeats=36200
PUBLIC QUOTA: obeyed 429 responses=11000; successful heartbeats=36200
PUBLIC QUOTA: obeyed 429 responses=11100; successful heartbeats=36200
PUBLIC QUOTA: obeyed 429 responses=11200; successful heartbeats=36200
PUBLIC QUOTA: obeyed 429 responses=11300; successful heartbeats=36200
PUBLIC QUOTA: obeyed 429 responses=11400; successful heartbeats=36200
PUBLIC QUOTA: obeyed 429 responses=11500; successful heartbeats=36200
PUBLIC QUOTA: obeyed 429 responses=11600; successful heartbeats=36200
PUBLIC QUOTA: obeyed 429 responses=11700; successful heartbeats=36200
PUBLIC QUOTA: obeyed 429 responses=11800; successful heartbeats=36200
PUBLIC QUOTA: obeyed 429 responses=11900; successful heartbeats=36200
PUBLIC QUOTA: obeyed 429 responses=12000; successful heartbeats=36200
PUBLIC QUOTA: obeyed 429 responses=12100; successful heartbeats=36200
PUBLIC QUOTA: obeyed 429 responses=12200; successful heartbeats=36200
PUBLIC QUOTA: obeyed 429 responses=12300; successful heartbeats=36200
PUBLIC QUOTA: obeyed 429 responses=12400; successful heartbeats=36200
PUBLIC QUOTA: obeyed 429 responses=12500; successful heartbeats=36200
PUBLIC QUOTA: obeyed 429 responses=12600; successful heartbeats=36200
PUBLIC QUOTA: obeyed 429 responses=12700; successful heartbeats=36200
PUBLIC QUOTA: obeyed 429 responses=12800; successful heartbeats=36200
PUBLIC QUOTA: obeyed 429 responses=12900; successful heartbeats=36200
PUBLIC QUOTA: obeyed 429 responses=13000; successful heartbeats=36200
PUBLIC QUOTA: obeyed 429 responses=13100; successful heartbeats=36200
PUBLIC QUOTA: obeyed 429 responses=13200; successful heartbeats=36200
PUBLIC QUOTA: obeyed 429 responses=13300; successful heartbeats=36200
PUBLIC QUOTA: obeyed 429 responses=13400; successful heartbeats=36200
PUBLIC QUOTA: obeyed 429 responses=13500; successful heartbeats=36200
PUBLIC QUOTA: obeyed 429 responses=13600; successful heartbeats=36200
PUBLIC QUOTA: obeyed 429 responses=13700; successful heartbeats=36200
PUBLIC QUOTA: obeyed 429 responses=13800; successful heartbeats=36200
PUBLIC QUOTA: obeyed 429 responses=13900; successful heartbeats=36200
PUBLIC QUOTA: obeyed 429 responses=14000; successful heartbeats=36200
PUBLIC QUOTA: obeyed 429 responses=14100; successful heartbeats=36200
PUBLIC QUOTA: obeyed 429 responses=14200; successful heartbeats=36200
PUBLIC QUOTA: obeyed 429 responses=14300; successful heartbeats=36200
PUBLIC QUOTA: obeyed 429 responses=14400; successful heartbeats=36200
PUBLIC QUOTA: obeyed 429 responses=14500; successful heartbeats=36200
PUBLIC QUOTA: obeyed 429 responses=14600; successful heartbeats=36200
PUBLIC QUOTA: obeyed 429 responses=14700; successful heartbeats=36200
PUBLIC QUOTA: obeyed 429 responses=14800; successful heartbeats=36200
PUBLIC QUOTA: obeyed 429 responses=14900; successful heartbeats=36200
PUBLIC QUOTA: obeyed 429 responses=15000; successful heartbeats=36200
PUBLIC QUOTA: obeyed 429 responses=15100; successful heartbeats=36200
PUBLIC QUOTA: obeyed 429 responses=15200; successful heartbeats=36200
PUBLIC QUOTA: obeyed 429 responses=15300; successful heartbeats=36200
PUBLIC QUOTA: obeyed 429 responses=15400; successful heartbeats=36200
PUBLIC QUOTA: obeyed 429 responses=15500; successful heartbeats=36200
PUBLIC QUOTA: obeyed 429 responses=15600; successful heartbeats=36200
PUBLIC QUOTA: obeyed 429 responses=15700; successful heartbeats=36200
PUBLIC QUOTA: obeyed 429 responses=15800; successful heartbeats=36200
PUBLIC QUOTA: obeyed 429 responses=15900; successful heartbeats=36200
PUBLIC QUOTA: obeyed 429 responses=16000; successful heartbeats=36200
PUBLIC QUOTA: obeyed 429 responses=16100; successful heartbeats=36200
PUBLIC QUOTA: obeyed 429 responses=16200; successful heartbeats=40152
PUBLIC QUOTA: obeyed 429 responses=16300; successful heartbeats=40152
PUBLIC QUOTA: obeyed 429 responses=16400; successful heartbeats=40152
PUBLIC QUOTA: obeyed 429 responses=16500; successful heartbeats=40152
PUBLIC QUOTA: obeyed 429 responses=16600; successful heartbeats=40152
PUBLIC QUOTA: obeyed 429 responses=16700; successful heartbeats=40152
PUBLIC QUOTA: obeyed 429 responses=16800; successful heartbeats=40152
PUBLIC QUOTA: obeyed 429 responses=16900; successful heartbeats=40152
PUBLIC QUOTA: obeyed 429 responses=17000; successful heartbeats=40152
PUBLIC QUOTA: obeyed 429 responses=17100; successful heartbeats=40152
PUBLIC QUOTA: obeyed 429 responses=17200; successful heartbeats=40152
PUBLIC QUOTA: obeyed 429 responses=17300; successful heartbeats=40152
PUBLIC QUOTA: obeyed 429 responses=17400; successful heartbeats=40152
PUBLIC QUOTA: obeyed 429 responses=17500; successful heartbeats=40202
PUBLIC QUOTA: obeyed 429 responses=17600; successful heartbeats=40259
PUBLIC QUOTA: obeyed 429 responses=17700; successful heartbeats=40376
PUBLIC QUOTA: obeyed 429 responses=17800; successful heartbeats=40423
PUBLIC QUOTA: obeyed 429 responses=17900; successful heartbeats=40440
PUBLIC QUOTA: obeyed 429 responses=18000; successful heartbeats=40451
PUBLIC QUOTA: obeyed 429 responses=18100; successful heartbeats=40452
PUBLIC QUOTA: obeyed 429 responses=18200; successful heartbeats=40463
PUBLIC QUOTA: obeyed 429 responses=18300; successful heartbeats=45120
PUBLIC QUOTA: obeyed 429 responses=18400; successful heartbeats=45120
PUBLIC QUOTA: obeyed 429 responses=18500; successful heartbeats=45120
PUBLIC QUOTA: obeyed 429 responses=18600; successful heartbeats=45120
PUBLIC QUOTA: obeyed 429 responses=18700; successful heartbeats=45120
PUBLIC QUOTA: obeyed 429 responses=18800; successful heartbeats=45120
PUBLIC QUOTA: obeyed 429 responses=18900; successful heartbeats=45120
PUBLIC QUOTA: obeyed 429 responses=19000; successful heartbeats=45120
PUBLIC QUOTA: obeyed 429 responses=19100; successful heartbeats=45120
PUBLIC QUOTA: obeyed 429 responses=19200; successful heartbeats=45120
PUBLIC QUOTA: obeyed 429 responses=19300; successful heartbeats=45120
PUBLIC QUOTA: obeyed 429 responses=19400; successful heartbeats=45120
PUBLIC QUOTA: obeyed 429 responses=19500; successful heartbeats=45120
PUBLIC QUOTA: obeyed 429 responses=19600; successful heartbeats=45598
PUBLIC QUOTA: obeyed 429 responses=19700; successful heartbeats=46010
PUBLIC QUOTA: obeyed 429 responses=19800; successful heartbeats=46147
PASS: real HTTP heartbeat cycle retained 10000 visitors; total=46200
PUBLIC QUOTA: obeyed 429 responses=19900; successful heartbeats=46200
PUBLIC QUOTA: obeyed 429 responses=20000; successful heartbeats=46200
PUBLIC QUOTA: obeyed 429 responses=20100; successful heartbeats=46200
PUBLIC QUOTA: obeyed 429 responses=20200; successful heartbeats=46200
PUBLIC QUOTA: obeyed 429 responses=20300; successful heartbeats=46200
PUBLIC QUOTA: obeyed 429 responses=20400; successful heartbeats=46200
PUBLIC QUOTA: obeyed 429 responses=20500; successful heartbeats=46200
PUBLIC QUOTA: obeyed 429 responses=20600; successful heartbeats=46200
PUBLIC QUOTA: obeyed 429 responses=20700; successful heartbeats=46200
PUBLIC QUOTA: obeyed 429 responses=20800; successful heartbeats=46200
PUBLIC QUOTA: obeyed 429 responses=20900; successful heartbeats=46200
PUBLIC QUOTA: obeyed 429 responses=21000; successful heartbeats=46200
PUBLIC QUOTA: obeyed 429 responses=21100; successful heartbeats=46200
PUBLIC QUOTA: obeyed 429 responses=21200; successful heartbeats=46200
PUBLIC QUOTA: obeyed 429 responses=21300; successful heartbeats=46200
PUBLIC QUOTA: obeyed 429 responses=21400; successful heartbeats=46200
PUBLIC QUOTA: obeyed 429 responses=21500; successful heartbeats=46200
PUBLIC QUOTA: obeyed 429 responses=21600; successful heartbeats=46200
PUBLIC QUOTA: obeyed 429 responses=21700; successful heartbeats=46200
PUBLIC QUOTA: obeyed 429 responses=21800; successful heartbeats=46200
PUBLIC QUOTA: obeyed 429 responses=21900; successful heartbeats=46200
PUBLIC QUOTA: obeyed 429 responses=22000; successful heartbeats=46200
PUBLIC QUOTA: obeyed 429 responses=22100; successful heartbeats=46200
PUBLIC QUOTA: obeyed 429 responses=22200; successful heartbeats=46200
PUBLIC QUOTA: obeyed 429 responses=22300; successful heartbeats=46200
PUBLIC QUOTA: obeyed 429 responses=22400; successful heartbeats=46200
PUBLIC QUOTA: obeyed 429 responses=22500; successful heartbeats=46200
PUBLIC QUOTA: obeyed 429 responses=22600; successful heartbeats=46200
PUBLIC QUOTA: obeyed 429 responses=22700; successful heartbeats=46200
PUBLIC QUOTA: obeyed 429 responses=22800; successful heartbeats=46200
PUBLIC QUOTA: obeyed 429 responses=22900; successful heartbeats=46200
PUBLIC QUOTA: obeyed 429 responses=23000; successful heartbeats=46200
PUBLIC QUOTA: obeyed 429 responses=23100; successful heartbeats=46200
PUBLIC QUOTA: obeyed 429 responses=23200; successful heartbeats=46200
PUBLIC QUOTA: obeyed 429 responses=23300; successful heartbeats=46200
PUBLIC QUOTA: obeyed 429 responses=23400; successful heartbeats=46200
PUBLIC QUOTA: obeyed 429 responses=23500; successful heartbeats=46200
PUBLIC QUOTA: obeyed 429 responses=23600; successful heartbeats=46200
PUBLIC QUOTA: obeyed 429 responses=23700; successful heartbeats=46200
PUBLIC QUOTA: obeyed 429 responses=23800; successful heartbeats=46200
PUBLIC QUOTA: obeyed 429 responses=23900; successful heartbeats=46200
PUBLIC QUOTA: obeyed 429 responses=24000; successful heartbeats=46200
PUBLIC QUOTA: obeyed 429 responses=24100; successful heartbeats=46200
PUBLIC QUOTA: obeyed 429 responses=24200; successful heartbeats=46200
PUBLIC QUOTA: obeyed 429 responses=24300; successful heartbeats=46200
PUBLIC QUOTA: obeyed 429 responses=24400; successful heartbeats=46200
PUBLIC QUOTA: obeyed 429 responses=24500; successful heartbeats=46200
PUBLIC QUOTA: obeyed 429 responses=24600; successful heartbeats=46200
PUBLIC QUOTA: obeyed 429 responses=24700; successful heartbeats=46200
PUBLIC QUOTA: obeyed 429 responses=24800; successful heartbeats=46200
PUBLIC QUOTA: obeyed 429 responses=24900; successful heartbeats=46200
PUBLIC QUOTA: obeyed 429 responses=25000; successful heartbeats=46200
PUBLIC QUOTA: obeyed 429 responses=25100; successful heartbeats=46200
PUBLIC QUOTA: obeyed 429 responses=25200; successful heartbeats=46200
PUBLIC QUOTA: obeyed 429 responses=25300; successful heartbeats=46200
PUBLIC QUOTA: obeyed 429 responses=25400; successful heartbeats=46200
PUBLIC QUOTA: obeyed 429 responses=25500; successful heartbeats=46200
PUBLIC QUOTA: obeyed 429 responses=25600; successful heartbeats=46200
PUBLIC QUOTA: obeyed 429 responses=25700; successful heartbeats=46200
PUBLIC QUOTA: obeyed 429 responses=25800; successful heartbeats=46200
PUBLIC QUOTA: obeyed 429 responses=25900; successful heartbeats=46200
PUBLIC QUOTA: obeyed 429 responses=26000; successful heartbeats=46200
PUBLIC QUOTA: obeyed 429 responses=26100; successful heartbeats=46200
PUBLIC QUOTA: obeyed 429 responses=26200; successful heartbeats=46200
PUBLIC QUOTA: obeyed 429 responses=26300; successful heartbeats=46200
PUBLIC QUOTA: obeyed 429 responses=26400; successful heartbeats=46200
PUBLIC QUOTA: obeyed 429 responses=26500; successful heartbeats=46200
PUBLIC QUOTA: obeyed 429 responses=26600; successful heartbeats=46200
PUBLIC QUOTA: obeyed 429 responses=26700; successful heartbeats=46200
PUBLIC QUOTA: obeyed 429 responses=26800; successful heartbeats=46200
PUBLIC QUOTA: obeyed 429 responses=26900; successful heartbeats=46200
PUBLIC QUOTA: obeyed 429 responses=27000; successful heartbeats=46200
PUBLIC QUOTA: obeyed 429 responses=27100; successful heartbeats=46200
PUBLIC QUOTA: obeyed 429 responses=27200; successful heartbeats=46200
PUBLIC QUOTA: obeyed 429 responses=27300; successful heartbeats=46200
PUBLIC QUOTA: obeyed 429 responses=27400; successful heartbeats=46200
PUBLIC QUOTA: obeyed 429 responses=27500; successful heartbeats=46200
PUBLIC QUOTA: obeyed 429 responses=27600; successful heartbeats=50812
PUBLIC QUOTA: obeyed 429 responses=27700; successful heartbeats=50812
PUBLIC QUOTA: obeyed 429 responses=27800; successful heartbeats=50812
PUBLIC QUOTA: obeyed 429 responses=27900; successful heartbeats=50812
PUBLIC QUOTA: obeyed 429 responses=28000; successful heartbeats=50812
PUBLIC QUOTA: obeyed 429 responses=28100; successful heartbeats=50812
PUBLIC QUOTA: obeyed 429 responses=28200; successful heartbeats=50812
PASS: real HTTP heartbeat cycle retained 10000 visitors; total=56200
PUBLIC QUOTA: obeyed 429 responses=28300; successful heartbeats=56200
PUBLIC QUOTA: obeyed 429 responses=28400; successful heartbeats=56200
PUBLIC QUOTA: obeyed 429 responses=28500; successful heartbeats=56200
PASS: guarded candidate real Docker HTTPS 10000 visitors, 10000 status reads, 100 recent exact retries; client wall p99 including quota waits=60060.9ms; elapsed=890.3s
Failed fixture: waiting-room-beta-tiers-d491aeea; image=waiting-room-beta9-config-refresh:local; private state retained at /var/folders/j_/blpv946j115gq8l1z2sx975c0000gn/T/waiting-room-beta-tiers-d491aeea-gmZqET
Failure kind: assertion
Population failure: explicit 429=28522; successful heartbeats=56200
Population delivery: {"state":"applied","generation":9,"nodes":[{"id":"coordinator","generation":9,"rooms":[{"epoch":1,"mode":"HOLD","waiting":10000,"ready":0,"recoveryFence":2,"recoveryReason":"primary_changed","recoveryUntil":0}]},{"id":"gateway","generation":9,"rooms":[{"epoch":1,"mode":"HOLD","waiting":0,"ready":0,"recoveryFence":0,"recoveryReason":"","recoveryUntil":0}]}]}
gateway-1  | 2026/09/10 08:44:52 runtime_sync node=gateway state=pending stage=ack code=unavailable generation=1
gateway-1  | 2026/09/10 08:44:54 runtime_sync node=gateway state=recovered generation=3
coordinator-1  | 2026/09/10 08:44:52 runtime_sync node=coordinator state=pending stage=ack code=deadline generation=1
coordinator-1  | 2026/09/10 08:44:52 runtime_sync node=coordinator state=pending stage=ack code=unavailable generation=1
coordinator-1  | 2026/09/10 08:44:55 runtime_sync node=coordinator state=recovered generation=3
coordinator-1  | 2026/09/10 09:10:26 runtime_sync node=coordinator state=pending stage=apply code=unavailable generation=0
coordinator-1  | 2026/09/10 09:11:26 runtime_sync node=coordinator state=pending stage=apply code=unavailable generation=0
coordinator-1  | 2026/09/10 09:12:26 runtime_sync node=coordinator state=pending stage=apply code=unavailable generation=0
coordinator-1  | 2026/09/10 09:13:06 runtime_sync node=coordinator state=pending stage=apply code=queue_sweep generation=0
coordinator-1  | 2026/09/10 09:13:07 runtime_sync node=coordinator state=recovered generation=9
VALKEY OBSERVER: {"event":"latency_monitor_enabled","observedAt":"2026-09-10T08:45:06.127666844Z","scope":"disposable_population_fixture","thresholdMs":100}
VALKEY OBSERVER: {"aof_buffer_length":0,"aof_current_size":2332114,"aof_delayed_fsync":0,"aof_enabled":1,"aof_last_bgrewrite_status":"ok","aof_last_write_status":"ok","aof_pending_bio_fsync":0,"aof_rewrite_in_progress":0,"blocked_clients":0,"connected_clients":9,"event":"valkey_sample","eventloop_duration_cmd_sum":263522,"eventloop_duration_sum":1642095,"evicted_keys":0,"infoRoundTripMs":1.596,"instantaneous_ops_per_sec":33260,"kernelAfter":{"Dirty":5300,"EstabResets":0,"InSegs":5,"MemAvailable":4471760,"OutSegs":8,"RetransSegs":0,"SwapFree":301272,"TCPBacklogDrop":0,"TCPRcvQDrop":0,"TCPRetransFail":0,"TCPSynRetrans":0,"TCPTimeouts":0,"Writeback":0,"cpu_full_us":0,"cpu_some_us":1930647316,"io_full_us":185617858,"io_some_us":305447978,"memory_full_us":15666372,"memory_some_us":18892523,"pgmajfault":157396,"pgscan_direct":396898,"pgscan_kswapd":13880226,"pswpin":22484,"pswpout":200887},"kernelBefore":{"Dirty":5300,"EstabResets":0,"InSegs":4,"MemAvailable":4471760,"OutSegs":6,"RetransSegs":0,"SwapFree":301272,"TCPBacklogDrop":0,"TCPRcvQDrop":0,"TCPRetransFail":0,"TCPSynRetrans":0,"TCPTimeouts":0,"Writeback":0,"cpu_full_us":0,"cpu_some_us":1930646961,"io_full_us":185617858,"io_some_us":305447978,"memory_full_us":15666372,"memory_some_us":18892523,"pgmajfault":157396,"pgscan_direct":396898,"pgscan_kswapd":13880226,"pswpin":22484,"pswpout":200887},"latest_fork_usec":0,"maxmemory":268435456,"observedAt":"2026-09-10T08:45:07.132036637Z","rdb_bgsave_in_progress":0,"used_memory":3248584}
VALKEY OBSERVER: {"aof_buffer_length":0,"aof_current_size":2332114,"aof_delayed_fsync":0,"aof_enabled":1,"aof_last_bgrewrite_status":"ok","aof_last_write_status":"ok","aof_pending_bio_fsync":0,"aof_rewrite_in_progress":0,"blocked_clients":0,"connected_clients":9,"event":"valkey_sample","eventloop_duration_cmd_sum":360543,"eventloop_duration_sum":1888453,"evicted_keys":0,"infoRoundTripMs":0.179,"instantaneous_ops_per_sec":518,"kernelAfter":{"Dirty":7888,"EstabResets":0,"InSegs":66,"MemAvailable":4046868,"OutSegs":129,"RetransSegs":0,"SwapFree":303064,"TCPBacklogDrop":0,"TCPRcvQDrop":0,"TCPRetransFail":0,"TCPSynRetrans":0,"TCPTimeouts":0,"Writeback":0,"cpu_full_us":0,"cpu_some_us":1932697879,"io_full_us":186207198,"io_some_us":306184553,"memory_full_us":15770133,"memory_some_us":19011838,"pgmajfault":165806,"pgscan_direct":396898,"pgscan_kswapd":13918083,"pswpin":36136,"pswpout":201358},"kernelBefore":{"Dirty":7888,"EstabResets":0,"InSegs":65,"MemAvailable":4046868,"OutSegs":127,"RetransSegs":0,"SwapFree":303064,"TCPBacklogDrop":0,"TCPRcvQDrop":0,"TCPRetransFail":0,"TCPSynRetrans":0,"TCPTimeouts":0,"Writeback":0,"cpu_full_us":0,"cpu_some_us":1932697879,"io_full_us":186207198,"io_some_us":306184553,"memory_full_us":15770133,"memory_some_us":19011838,"pgmajfault":165806,"pgscan_direct":396898,"pgscan_kswapd":13918083,"pswpin":36136,"pswpout":201358},"latest_fork_usec":5005,"maxmemory":268435456,"observedAt":"2026-09-10T08:45:37.13015122Z","rdb_bgsave_in_progress":0,"used_memory":3228376}
VALKEY OBSERVER: {"aof_buffer_length":0,"aof_current_size":4553015,"aof_delayed_fsync":0,"aof_enabled":1,"aof_last_bgrewrite_status":"ok","aof_last_write_status":"ok","aof_pending_bio_fsync":0,"aof_rewrite_in_progress":0,"blocked_clients":0,"connected_clients":9,"event":"valkey_sample","eventloop_duration_cmd_sum":516087,"eventloop_duration_sum":2504576,"evicted_keys":0,"infoRoundTripMs":0.273,"instantaneous_ops_per_sec":1933,"kernelAfter":{"Dirty":7460,"EstabResets":0,"InSegs":127,"MemAvailable":4025900,"OutSegs":250,"RetransSegs":0,"SwapFree":303320,"TCPBacklogDrop":0,"TCPRcvQDrop":0,"TCPRetransFail":0,"TCPSynRetrans":0,"TCPTimeouts":0,"Writeback":88,"cpu_full_us":0,"cpu_some_us":1932996902,"io_full_us":186242957,"io_some_us":306223149,"memory_full_us":15770154,"memory_some_us":19011858,"pgmajfault":165954,"pgscan_direct":396898,"pgscan_kswapd":13918083,"pswpin":36253,"pswpout":201358},"kernelBefore":{"Dirty":7460,"EstabResets":0,"InSegs":126,"MemAvailable":4025900,"OutSegs":248,"RetransSegs":0,"SwapFree":303320,"TCPBacklogDrop":0,"TCPRcvQDrop":0,"TCPRetransFail":0,"TCPSynRetrans":0,"TCPTimeouts":0,"Writeback":88,"cpu_full_us":0,"cpu_some_us":1932996902,"io_full_us":186242957,"io_some_us":306223149,"memory_full_us":15770154,"memory_some_us":19011858,"pgmajfault":165954,"pgscan_direct":396898,"pgscan_kswapd":13918083,"pswpin":36253,"pswpout":201358},"latest_fork_usec":5005,"maxmemory":268435456,"observedAt":"2026-09-10T08:46:07.130380345Z","rdb_bgsave_in_progress":0,"used_memory":4254664}
VALKEY OBSERVER: {"aof_buffer_length":0,"aof_current_size":5667835,"aof_delayed_fsync":0,"aof_enabled":1,"aof_last_bgrewrite_status":"ok","aof_last_write_status":"ok","aof_pending_bio_fsync":0,"aof_rewrite_in_progress":0,"blocked_clients":0,"connected_clients":9,"event":"valkey_sample","eventloop_duration_cmd_sum":666995,"eventloop_duration_sum":3349486,"evicted_keys":0,"infoRoundTripMs":0.202,"instantaneous_ops_per_sec":479,"kernelAfter":{"Dirty":12216,"EstabResets":0,"InSegs":189,"MemAvailable":4488872,"OutSegs":372,"RetransSegs":0,"SwapFree":304088,"TCPBacklogDrop":0,"TCPRcvQDrop":0,"TCPRetransFail":0,"TCPSynRetrans":0,"TCPTimeouts":0,"Writeback":0,"cpu_full_us":0,"cpu_some_us":1933426783,"io_full_us":186356146,"io_some_us":306356785,"memory_full_us":15770248,"memory_some_us":19011952,"pgmajfault":166038,"pgscan_direct":396898,"pgscan_kswapd":13918083,"pswpin":36395,"pswpout":201358},"kernelBefore":{"Dirty":12216,"EstabResets":0,"InSegs":188,"MemAvailable":4488872,"OutSegs":370,"RetransSegs":0,"SwapFree":304088,"TCPBacklogDrop":0,"TCPRcvQDrop":0,"TCPRetransFail":0,"TCPSynRetrans":0,"TCPTimeouts":0,"Writeback":0,"cpu_full_us":0,"cpu_some_us":1933426783,"io_full_us":186356146,"io_some_us":306356785,"memory_full_us":15770248,"memory_some_us":19011952,"pgmajfault":166038,"pgscan_direct":396898,"pgscan_kswapd":13918083,"pswpin":36395,"pswpout":201358},"latest_fork_usec":656,"maxmemory":268435456,"observedAt":"2026-09-10T08:46:37.131007928Z","rdb_bgsave_in_progress":0,"used_memory":4707104}
VALKEY OBSERVER: {"aof_buffer_length":0,"aof_current_size":11166885,"aof_delayed_fsync":0,"aof_enabled":1,"aof_last_bgrewrite_status":"ok","aof_last_write_status":"ok","aof_pending_bio_fsync":0,"aof_rewrite_in_progress":0,"blocked_clients":0,"connected_clients":9,"event":"valkey_sample","eventloop_duration_cmd_sum":901600,"eventloop_duration_sum":4167617,"evicted_keys":0,"infoRoundTripMs":0.346,"instantaneous_ops_per_sec":67854,"kernelAfter":{"Dirty":13220,"EstabResets":0,"InSegs":249,"MemAvailable":4423076,"OutSegs":492,"RetransSegs":0,"SwapFree":304600,"TCPBacklogDrop":0,"TCPRcvQDrop":0,"TCPRetransFail":0,"TCPSynRetrans":0,"TCPTimeouts":0,"Writeback":0,"cpu_full_us":0,"cpu_some_us":1933613159,"io_full_us":186398118,"io_some_us":306402928,"memory_full_us":15770404,"memory_some_us":19012108,"pgmajfault":166175,"pgscan_direct":396898,"pgscan_kswapd":13918083,"pswpin":36584,"pswpout":201358},"kernelBefore":{"Dirty":13220,"EstabResets":0,"InSegs":248,"MemAvailable":4423076,"OutSegs":490,"RetransSegs":0,"SwapFree":304600,"TCPBacklogDrop":0,"TCPRcvQDrop":0,"TCPRetransFail":0,"TCPSynRetrans":0,"TCPTimeouts":0,"Writeback":0,"cpu_full_us":0,"cpu_some_us":1933613154,"io_full_us":186398118,"io_some_us":306402928,"memory_full_us":15770404,"memory_some_us":19012108,"pgmajfault":166175,"pgscan_direct":396898,"pgscan_kswapd":13918083,"pswpin":36584,"pswpout":201358},"latest_fork_usec":656,"maxmemory":268435456,"observedAt":"2026-09-10T08:47:07.13115347Z","rdb_bgsave_in_progress":0,"used_memory":6084984}
VALKEY OBSERVER: {"aof_buffer_length":0,"aof_current_size":11166885,"aof_delayed_fsync":0,"aof_enabled":1,"aof_last_bgrewrite_status":"ok","aof_last_write_status":"ok","aof_pending_bio_fsync":0,"aof_rewrite_in_progress":0,"blocked_clients":0,"connected_clients":9,"event":"valkey_sample","eventloop_duration_cmd_sum":964033,"eventloop_duration_sum":4334814,"evicted_keys":0,"infoRoundTripMs":0.307,"instantaneous_ops_per_sec":479,"kernelAfter":{"Dirty":10816,"EstabResets":0,"InSegs":309,"MemAvailable":4609292,"OutSegs":612,"RetransSegs":0,"SwapFree":306664,"TCPBacklogDrop":0,"TCPRcvQDrop":0,"TCPRetransFail":0,"TCPSynRetrans":0,"TCPTimeouts":0,"Writeback":88,"cpu_full_us":0,"cpu_some_us":1933778366,"io_full_us":186419372,"io_some_us":306424742,"memory_full_us":15771027,"memory_some_us":19012733,"pgmajfault":166446,"pgscan_direct":396898,"pgscan_kswapd":13918083,"pswpin":37143,"pswpout":201358},"kernelBefore":{"Dirty":10816,"EstabResets":0,"InSegs":308,"MemAvailable":4609292,"OutSegs":610,"RetransSegs":0,"SwapFree":306664,"TCPBacklogDrop":0,"TCPRcvQDrop":0,"TCPRetransFail":0,"TCPSynRetrans":0,"TCPTimeouts":0,"Writeback":88,"cpu_full_us":0,"cpu_some_us":1933778366,"io_full_us":186419372,"io_some_us":306424742,"memory_full_us":15771027,"memory_some_us":19012733,"pgmajfault":166446,"pgscan_direct":396898,"pgscan_kswapd":13918083,"pswpin":37143,"pswpout":201358},"latest_fork_usec":363,"maxmemory":268435456,"observedAt":"2026-09-10T08:47:37.133032928Z","rdb_bgsave_in_progress":0,"used_memory":6068600}
VALKEY OBSERVER: {"aof_buffer_length":0,"aof_current_size":13357836,"aof_delayed_fsync":0,"aof_enabled":1,"aof_last_bgrewrite_status":"ok","aof_last_write_status":"ok","aof_pending_bio_fsync":0,"aof_rewrite_in_progress":0,"blocked_clients":0,"connected_clients":9,"event":"valkey_sample","eventloop_duration_cmd_sum":1110790,"eventloop_duration_sum":4941749,"evicted_keys":0,"infoRoundTripMs":0.281,"instantaneous_ops_per_sec":5479,"kernelAfter":{"Dirty":10184,"EstabResets":0,"InSegs":369,"MemAvailable":4583568,"OutSegs":732,"RetransSegs":0,"SwapFree":308572,"TCPBacklogDrop":0,"TCPRcvQDrop":0,"TCPRetransFail":0,"TCPSynRetrans":0,"TCPTimeouts":0,"Writeback":0,"cpu_full_us":0,"cpu_some_us":1933951746,"io_full_us":186461695,"io_some_us":306469544,"memory_full_us":15771055,"memory_some_us":19012761,"pgmajfault":166646,"pgscan_direct":396898,"pgscan_kswapd":13918083,"pswpin":37550,"pswpout":201358},"kernelBefore":{"Dirty":10184,"EstabResets":0,"InSegs":368,"MemAvailable":4583568,"OutSegs":730,"RetransSegs":0,"SwapFree":308572,"TCPBacklogDrop":0,"TCPRcvQDrop":0,"TCPRetransFail":0,"TCPSynRetrans":0,"TCPTimeouts":0,"Writeback":0,"cpu_full_us":0,"cpu_some_us":1933951746,"io_full_us":186461695,"io_some_us":306469544,"memory_full_us":15771055,"memory_some_us":19012761,"pgmajfault":166646,"pgscan_direct":396898,"pgscan_kswapd":13918083,"pswpin":37550,"pswpout":201358},"latest_fork_usec":363,"maxmemory":268435456,"observedAt":"2026-09-10T08:48:07.13174147Z","rdb_bgsave_in_progress":0,"used_memory":6506040}
VALKEY OBSERVER: {"aof_buffer_length":0,"aof_current_size":16921807,"aof_delayed_fsync":0,"aof_enabled":1,"aof_last_bgrewrite_status":"ok","aof_last_write_status":"ok","aof_pending_bio_fsync":0,"aof_rewrite_in_progress":0,"blocked_clients":0,"connected_clients":9,"event":"valkey_sample","eventloop_duration_cmd_sum":1421295,"eventloop_duration_sum":6925520,"evicted_keys":0,"infoRoundTripMs":0.185,"instantaneous_ops_per_sec":487,"kernelAfter":{"Dirty":9804,"EstabResets":0,"InSegs":429,"MemAvailable":4601160,"OutSegs":852,"RetransSegs":0,"SwapFree":309340,"TCPBacklogDrop":0,"TCPRcvQDrop":0,"TCPRetransFail":0,"TCPSynRetrans":0,"TCPTimeouts":0,"Writeback":164,"cpu_full_us":0,"cpu_some_us":1934147149,"io_full_us":186589574,"io_some_us":306604040,"memory_full_us":15771554,"memory_some_us":19013261,"pgmajfault":166804,"pgscan_direct":396898,"pgscan_kswapd":13918083,"pswpin":37878,"pswpout":201358},"kernelBefore":{"Dirty":9804,"EstabResets":0,"InSegs":428,"MemAvailable":4601160,"OutSegs":850,"RetransSegs":0,"SwapFree":309340,"TCPBacklogDrop":0,"TCPRcvQDrop":0,"TCPRetransFail":0,"TCPSynRetrans":0,"TCPTimeouts":0,"Writeback":164,"cpu_full_us":0,"cpu_some_us":1934147149,"io_full_us":186589574,"io_some_us":306604040,"memory_full_us":15771554,"memory_some_us":19013261,"pgmajfault":166804,"pgscan_direct":396898,"pgscan_kswapd":13918083,"pswpin":37878,"pswpout":201358},"latest_fork_usec":653,"maxmemory":268435456,"observedAt":"2026-09-10T08:48:37.130592053Z","rdb_bgsave_in_progress":0,"used_memory":7579288}
VALKEY OBSERVER: {"aof_buffer_length":2919,"aof_current_size":21759470,"aof_delayed_fsync":0,"aof_enabled":1,"aof_last_bgrewrite_status":"ok","aof_last_write_status":"ok","aof_pending_bio_fsync":0,"aof_rewrite_in_progress":0,"blocked_clients":0,"connected_clients":9,"event":"valkey_sample","eventloop_duration_cmd_sum":1645358,"eventloop_duration_sum":7709324,"evicted_keys":0,"infoRoundTripMs":2.393,"instantaneous_ops_per_sec":41708,"kernelAfter":{"Dirty":13520,"EstabResets":0,"InSegs":489,"MemAvailable":4566432,"OutSegs":972,"RetransSegs":0,"SwapFree":310388,"TCPBacklogDrop":0,"TCPRcvQDrop":0,"TCPRetransFail":0,"TCPSynRetrans":0,"TCPTimeouts":0,"Writeback":80,"cpu_full_us":0,"cpu_some_us":1934329735,"io_full_us":186623238,"io_some_us":306644427,"memory_full_us":15771662,"memory_some_us":19013369,"pgmajfault":166905,"pgscan_direct":396898,"pgscan_kswapd":13918083,"pswpin":37996,"pswpout":201358},"kernelBefore":{"Dirty":13520,"EstabResets":0,"InSegs":488,"MemAvailable":4566388,"OutSegs":970,"RetransSegs":0,"SwapFree":310388,"TCPBacklogDrop":0,"TCPRcvQDrop":0,"TCPRetransFail":0,"TCPSynRetrans":0,"TCPTimeouts":0,"Writeback":88,"cpu_full_us":0,"cpu_some_us":1934329547,"io_full_us":186622910,"io_some_us":306643902,"memory_full_us":15771662,"memory_some_us":19013369,"pgmajfault":166905,"pgscan_direct":396898,"pgscan_kswapd":13918083,"pswpin":37996,"pswpout":201358},"latest_fork_usec":653,"maxmemory":268435456,"observedAt":"2026-09-10T08:49:07.133063261Z","rdb_bgsave_in_progress":0,"used_memory":8922000}
VALKEY OBSERVER: {"aof_buffer_length":0,"aof_current_size":24291364,"aof_delayed_fsync":0,"aof_enabled":1,"aof_last_bgrewrite_status":"ok","aof_last_write_status":"ok","aof_pending_bio_fsync":0,"aof_rewrite_in_progress":0,"blocked_clients":0,"connected_clients":9,"event":"valkey_sample","eventloop_duration_cmd_sum":1809725,"eventloop_duration_sum":8276340,"evicted_keys":0,"infoRoundTripMs":0.343,"instantaneous_ops_per_sec":480,"kernelAfter":{"Dirty":8904,"EstabResets":0,"InSegs":550,"MemAvailable":4481852,"OutSegs":1093,"RetransSegs":0,"SwapFree":310644,"TCPBacklogDrop":0,"TCPRcvQDrop":0,"TCPRetransFail":0,"TCPSynRetrans":0,"TCPTimeouts":0,"Writeback":0,"cpu_full_us":0,"cpu_some_us":1934583843,"io_full_us":186652818,"io_some_us":306677433,"memory_full_us":15771690,"memory_some_us":19013397,"pgmajfault":166995,"pgscan_direct":396898,"pgscan_kswapd":13918083,"pswpin":38137,"pswpout":201358},"kernelBefore":{"Dirty":8904,"EstabResets":0,"InSegs":549,"MemAvailable":4481852,"OutSegs":1091,"RetransSegs":0,"SwapFree":310644,"TCPBacklogDrop":0,"TCPRcvQDrop":0,"TCPRetransFail":0,"TCPSynRetrans":0,"TCPTimeouts":0,"Writeback":0,"cpu_full_us":0,"cpu_some_us":1934583843,"io_full_us":186652818,"io_some_us":306677433,"memory_full_us":15771690,"memory_some_us":19013397,"pgmajfault":166995,"pgscan_direct":396898,"pgscan_kswapd":13918083,"pswpin":38137,"pswpout":201358},"latest_fork_usec":694,"maxmemory":268435456,"observedAt":"2026-09-10T08:49:37.131773595Z","rdb_bgsave_in_progress":0,"used_memory":8901872}
VALKEY OBSERVER: {"aof_buffer_length":0,"aof_current_size":27427468,"aof_delayed_fsync":0,"aof_enabled":1,"aof_last_bgrewrite_status":"ok","aof_last_write_status":"ok","aof_pending_bio_fsync":0,"aof_rewrite_in_progress":0,"blocked_clients":0,"connected_clients":9,"event":"valkey_sample","eventloop_duration_cmd_sum":1949863,"eventloop_duration_sum":8664186,"evicted_keys":0,"infoRoundTripMs":0.271,"instantaneous_ops_per_sec":478,"kernelAfter":{"Dirty":8464,"EstabResets":0,"InSegs":610,"MemAvailable":4562608,"OutSegs":1213,"RetransSegs":0,"SwapFree":311164,"TCPBacklogDrop":0,"TCPRcvQDrop":0,"TCPRetransFail":0,"TCPSynRetrans":0,"TCPTimeouts":0,"Writeback":0,"cpu_full_us":0,"cpu_some_us":1934759331,"io_full_us":186672904,"io_some_us":306699010,"memory_full_us":15771758,"memory_some_us":19013465,"pgmajfault":167055,"pgscan_direct":396898,"pgscan_kswapd":13918083,"pswpin":38229,"pswpout":201358},"kernelBefore":{"Dirty":8464,"EstabResets":0,"InSegs":609,"MemAvailable":4562608,"OutSegs":1211,"RetransSegs":0,"SwapFree":311164,"TCPBacklogDrop":0,"TCPRcvQDrop":0,"TCPRetransFail":0,"TCPSynRetrans":0,"TCPTimeouts":0,"Writeback":0,"cpu_full_us":0,"cpu_some_us":1934759331,"io_full_us":186672904,"io_some_us":306699010,"memory_full_us":15771758,"memory_some_us":19013465,"pgmajfault":167055,"pgscan_direct":396898,"pgscan_kswapd":13918083,"pswpin":38229,"pswpout":201358},"latest_fork_usec":694,"maxmemory":268435456,"observedAt":"2026-09-10T08:50:07.133714095Z","rdb_bgsave_in_progress":0,"used_memory":10010600}
VALKEY OBSERVER: {"aof_buffer_length":0,"aof_current_size":27427468,"aof_delayed_fsync":0,"aof_enabled":1,"aof_last_bgrewrite_status":"ok","aof_last_write_status":"ok","aof_pending_bio_fsync":0,"aof_rewrite_in_progress":0,"blocked_clients":0,"connected_clients":9,"event":"valkey_sample","eventloop_duration_cmd_sum":2022170,"eventloop_duration_sum":8855459,"evicted_keys":0,"infoRoundTripMs":0.191,"instantaneous_ops_per_sec":518,"kernelAfter":{"Dirty":6692,"EstabResets":0,"InSegs":670,"MemAvailable":4552824,"OutSegs":1333,"RetransSegs":0,"SwapFree":313876,"TCPBacklogDrop":0,"TCPRcvQDrop":0,"TCPRetransFail":0,"TCPSynRetrans":0,"TCPTimeouts":0,"Writeback":0,"cpu_full_us":0,"cpu_some_us":1934941703,"io_full_us":186683687,"io_some_us":306710729,"memory_full_us":15772305,"memory_some_us":19014019,"pgmajfault":167183,"pgscan_direct":396898,"pgscan_kswapd":13918083,"pswpin":38431,"pswpout":201358},"kernelBefore":{"Dirty":6692,"EstabResets":0,"InSegs":669,"MemAvailable":4552824,"OutSegs":1331,"RetransSegs":0,"SwapFree":313876,"TCPBacklogDrop":0,"TCPRcvQDrop":0,"TCPRetransFail":0,"TCPSynRetrans":0,"TCPTimeouts":0,"Writeback":0,"cpu_full_us":0,"cpu_some_us":1934941703,"io_full_us":186683687,"io_some_us":306710729,"memory_full_us":15772305,"memory_some_us":19014019,"pgmajfault":167183,"pgscan_direct":396898,"pgscan_kswapd":13918083,"pswpin":38431,"pswpout":201358},"latest_fork_usec":1075,"maxmemory":268435456,"observedAt":"2026-09-10T08:50:37.13239772Z","rdb_bgsave_in_progress":0,"used_memory":10010600}
VALKEY OBSERVER: {"aof_buffer_length":0,"aof_current_size":29880778,"aof_delayed_fsync":0,"aof_enabled":1,"aof_last_bgrewrite_status":"ok","aof_last_write_status":"ok","aof_pending_bio_fsync":0,"aof_rewrite_in_progress":0,"blocked_clients":0,"connected_clients":9,"event":"valkey_sample","eventloop_duration_cmd_sum":2179165,"eventloop_duration_sum":9275687,"evicted_keys":0,"infoRoundTripMs":0.231,"instantaneous_ops_per_sec":516,"kernelAfter":{"Dirty":8808,"EstabResets":0,"InSegs":732,"MemAvailable":4586072,"OutSegs":1455,"RetransSegs":0,"SwapFree":316540,"TCPBacklogDrop":0,"TCPRcvQDrop":0,"TCPRetransFail":0,"TCPSynRetrans":0,"TCPTimeouts":0,"Writeback":0,"cpu_full_us":0,"cpu_some_us":1935128602,"io_full_us":186706253,"io_some_us":306734876,"memory_full_us":15772867,"memory_some_us":19014589,"pgmajfault":167391,"pgscan_direct":396898,"pgscan_kswapd":13918083,"pswpin":38775,"pswpout":201358},"kernelBefore":{"Dirty":8808,"EstabResets":0,"InSegs":731,"MemAvailable":4586072,"OutSegs":1453,"RetransSegs":0,"SwapFree":316540,"TCPBacklogDrop":0,"TCPRcvQDrop":0,"TCPRetransFail":0,"TCPSynRetrans":0,"TCPTimeouts":0,"Writeback":0,"cpu_full_us":0,"cpu_some_us":1935128602,"io_full_us":186706253,"io_some_us":306734876,"memory_full_us":15772867,"memory_some_us":19014589,"pgmajfault":167391,"pgscan_direct":396898,"pgscan_kswapd":13918083,"pswpin":38775,"pswpout":201358},"latest_fork_usec":1075,"maxmemory":268435456,"observedAt":"2026-09-10T08:51:07.131525428Z","rdb_bgsave_in_progress":0,"used_memory":10890696}
VALKEY OBSERVER: {"aof_buffer_length":0,"aof_current_size":36929577,"aof_delayed_fsync":0,"aof_enabled":1,"aof_last_bgrewrite_status":"ok","aof_last_write_status":"ok","aof_pending_bio_fsync":0,"aof_rewrite_in_progress":0,"blocked_clients":0,"connected_clients":9,"event":"valkey_sample","eventloop_duration_cmd_sum":2519868,"eventloop_duration_sum":10455228,"evicted_keys":0,"infoRoundTripMs":0.245,"instantaneous_ops_per_sec":519,"kernelAfter":{"Dirty":49164,"EstabResets":0,"InSegs":792,"MemAvailable":4508536,"OutSegs":1575,"RetransSegs":0,"SwapFree":316796,"TCPBacklogDrop":0,"TCPRcvQDrop":0,"TCPRetransFail":0,"TCPSynRetrans":0,"TCPTimeouts":0,"Writeback":0,"cpu_full_us":0,"cpu_some_us":1935458417,"io_full_us":186849696,"io_some_us":306894374,"memory_full_us":15794081,"memory_some_us":19036028,"pgmajfault":167488,"pgscan_direct":396898,"pgscan_kswapd":13918083,"pswpin":38917,"pswpout":201358},"kernelBefore":{"Dirty":49164,"EstabResets":0,"InSegs":791,"MemAvailable":4508536,"OutSegs":1573,"RetransSegs":0,"SwapFree":316796,"TCPBacklogDrop":0,"TCPRcvQDrop":0,"TCPRetransFail":0,"TCPSynRetrans":0,"TCPTimeouts":0,"Writeback":0,"cpu_full_us":0,"cpu_some_us":1935458417,"io_full_us":186849696,"io_some_us":306894374,"memory_full_us":15794081,"memory_some_us":19036028,"pgmajfault":167488,"pgscan_direct":396898,"pgscan_kswapd":13918083,"pswpin":38917,"pswpout":201358},"latest_fork_usec":1228,"maxmemory":268435456,"observedAt":"2026-09-10T08:51:37.193615886Z","rdb_bgsave_in_progress":0,"used_memory":10889944}
VALKEY OBSERVER: {"aof_buffer_length":0,"aof_current_size":39383449,"aof_delayed_fsync":0,"aof_enabled":1,"aof_last_bgrewrite_status":"ok","aof_last_write_status":"ok","aof_pending_bio_fsync":0,"aof_rewrite_in_progress":0,"blocked_clients":0,"connected_clients":9,"event":"valkey_sample","eventloop_duration_cmd_sum":2674832,"eventloop_duration_sum":10898812,"evicted_keys":0,"infoRoundTripMs":3.747,"instantaneous_ops_per_sec":473,"kernelAfter":{"Dirty":39004,"EstabResets":0,"InSegs":852,"MemAvailable":4459772,"OutSegs":1695,"RetransSegs":0,"SwapFree":317640,"TCPBacklogDrop":0,"TCPRcvQDrop":0,"TCPRetransFail":0,"TCPSynRetrans":0,"TCPTimeouts":0,"Writeback":32,"cpu_full_us":0,"cpu_some_us":1935689608,"io_full_us":186876932,"io_some_us":306925192,"memory_full_us":15794462,"memory_some_us":19036423,"pgmajfault":167597,"pgscan_direct":396898,"pgscan_kswapd":13918083,"pswpin":39095,"pswpout":201358},"kernelBefore":{"Dirty":39004,"EstabResets":0,"InSegs":851,"MemAvailable":4460640,"OutSegs":1693,"RetransSegs":0,"SwapFree":317640,"TCPBacklogDrop":0,"TCPRcvQDrop":0,"TCPRetransFail":0,"TCPSynRetrans":0,"TCPTimeouts":0,"Writeback":32,"cpu_full_us":0,"cpu_some_us":1935684900,"io_full_us":186876865,"io_some_us":306925124,"memory_full_us":15794462,"memory_some_us":19036423,"pgmajfault":167597,"pgscan_direct":396898,"pgscan_kswapd":13918083,"pswpin":39095,"pswpout":201358},"latest_fork_usec":1228,"maxmemory":268435456,"observedAt":"2026-09-10T08:52:07.220443428Z","rdb_bgsave_in_progress":0,"used_memory":12104464}
VALKEY OBSERVER: {"aof_buffer_length":0,"aof_current_size":39383449,"aof_delayed_fsync":0,"aof_enabled":1,"aof_last_bgrewrite_status":"ok","aof_last_write_status":"ok","aof_pending_bio_fsync":0,"aof_rewrite_in_progress":0,"blocked_clients":0,"connected_clients":9,"event":"valkey_sample","eventloop_duration_cmd_sum":2769959,"eventloop_duration_sum":11142904,"evicted_keys":0,"infoRoundTripMs":0.374,"instantaneous_ops_per_sec":486,"kernelAfter":{"Dirty":4916,"EstabResets":0,"InSegs":912,"MemAvailable":4318448,"OutSegs":1815,"RetransSegs":0,"SwapFree":317896,"TCPBacklogDrop":0,"TCPRcvQDrop":0,"TCPRetransFail":0,"TCPSynRetrans":0,"TCPTimeouts":0,"Writeback":0,"cpu_full_us":0,"cpu_some_us":1936345498,"io_full_us":186988154,"io_some_us":307056207,"memory_full_us":15795622,"memory_some_us":19037583,"pgmajfault":167632,"pgscan_direct":396898,"pgscan_kswapd":13918083,"pswpin":39130,"pswpout":201358},"kernelBefore":{"Dirty":4916,"EstabResets":0,"InSegs":911,"MemAvailable":4318448,"OutSegs":1813,"RetransSegs":0,"SwapFree":317896,"TCPBacklogDrop":0,"TCPRcvQDrop":0,"TCPRetransFail":0,"TCPSynRetrans":0,"TCPTimeouts":0,"Writeback":0,"cpu_full_us":0,"cpu_some_us":1936345498,"io_full_us":186988154,"io_some_us":307056207,"memory_full_us":15795622,"memory_some_us":19037583,"pgmajfault":167631,"pgscan_direct":396898,"pgscan_kswapd":13918083,"pswpin":39128,"pswpout":201358},"latest_fork_usec":1493,"maxmemory":268435456,"observedAt":"2026-09-10T08:52:37.195819178Z","rdb_bgsave_in_progress":0,"used_memory":12103440}
VALKEY OBSERVER: {"aof_buffer_length":0,"aof_current_size":41412017,"aof_delayed_fsync":0,"aof_enabled":1,"aof_last_bgrewrite_status":"ok","aof_last_write_status":"ok","aof_pending_bio_fsync":0,"aof_rewrite_in_progress":0,"blocked_clients":0,"connected_clients":9,"event":"valkey_sample","eventloop_duration_cmd_sum":2915488,"eventloop_duration_sum":11807474,"evicted_keys":0,"infoRoundTripMs":0.335,"instantaneous_ops_per_sec":3692,"kernelAfter":{"Dirty":8460,"EstabResets":0,"InSegs":972,"MemAvailable":4289880,"OutSegs":1935,"RetransSegs":0,"SwapFree":319156,"TCPBacklogDrop":0,"TCPRcvQDrop":0,"TCPRetransFail":0,"TCPSynRetrans":0,"TCPTimeouts":0,"Writeback":0,"cpu_full_us":0,"cpu_some_us":1936868166,"io_full_us":187072753,"io_some_us":307166702,"memory_full_us":15796427,"memory_some_us":19038411,"pgmajfault":167910,"pgscan_direct":396898,"pgscan_kswapd":13918083,"pswpin":39340,"pswpout":201358},"kernelBefore":{"Dirty":8460,"EstabResets":0,"InSegs":971,"MemAvailable":4289880,"OutSegs":1933,"RetransSegs":0,"SwapFree":319156,"TCPBacklogDrop":0,"TCPRcvQDrop":0,"TCPRetransFail":0,"TCPSynRetrans":0,"TCPTimeouts":0,"Writeback":0,"cpu_full_us":0,"cpu_some_us":1936868166,"io_full_us":187072753,"io_some_us":307166702,"memory_full_us":15796427,"memory_some_us":19038411,"pgmajfault":167910,"pgscan_direct":396898,"pgscan_kswapd":13918083,"pswpin":39340,"pswpout":201358},"latest_fork_usec":1493,"maxmemory":268435456,"observedAt":"2026-09-10T08:53:07.198565095Z","rdb_bgsave_in_progress":0,"used_memory":12734824}
VALKEY OBSERVER: {"aof_buffer_length":0,"aof_current_size":48988658,"aof_delayed_fsync":0,"aof_enabled":1,"aof_last_bgrewrite_status":"ok","aof_last_write_status":"ok","aof_pending_bio_fsync":0,"aof_rewrite_in_progress":0,"blocked_clients":0,"connected_clients":9,"event":"valkey_sample","eventloop_duration_cmd_sum":3404629,"eventloop_duration_sum":14357610,"evicted_keys":0,"infoRoundTripMs":0.163,"instantaneous_ops_per_sec":518,"kernelAfter":{"Dirty":2592,"EstabResets":0,"InSegs":1035,"MemAvailable":4322656,"OutSegs":2056,"RetransSegs":0,"SwapFree":319156,"TCPBacklogDrop":0,"TCPRcvQDrop":0,"TCPRetransFail":0,"TCPSynRetrans":0,"TCPTimeouts":0,"Writeback":0,"cpu_full_us":0,"cpu_some_us":1937303209,"io_full_us":187193560,"io_some_us":307312929,"memory_full_us":15796427,"memory_some_us":19038411,"pgmajfault":167924,"pgscan_direct":396898,"pgscan_kswapd":13918083,"pswpin":39367,"pswpout":201358},"kernelBefore":{"Dirty":2592,"EstabResets":0,"InSegs":1034,"MemAvailable":4322656,"OutSegs":2054,"RetransSegs":0,"SwapFree":319156,"TCPBacklogDrop":0,"TCPRcvQDrop":0,"TCPRetransFail":0,"TCPSynRetrans":0,"TCPTimeouts":0,"Writeback":0,"cpu_full_us":0,"cpu_some_us":1937303209,"io_full_us":187193560,"io_some_us":307312929,"memory_full_us":15796427,"memory_some_us":19038411,"pgmajfault":167924,"pgscan_direct":396898,"pgscan_kswapd":13918083,"pswpin":39367,"pswpout":201358},"latest_fork_usec":578,"maxmemory":268435456,"observedAt":"2026-09-10T08:53:37.198989053Z","rdb_bgsave_in_progress":0,"used_memory":12785000}
VALKEY OBSERVER: {"aof_buffer_length":0,"aof_current_size":51699196,"aof_delayed_fsync":0,"aof_enabled":1,"aof_last_bgrewrite_status":"ok","aof_last_write_status":"ok","aof_pending_bio_fsync":0,"aof_rewrite_in_progress":0,"blocked_clients":0,"connected_clients":9,"event":"valkey_sample","eventloop_duration_cmd_sum":3588408,"eventloop_duration_sum":15087834,"evicted_keys":0,"infoRoundTripMs":1.259,"instantaneous_ops_per_sec":2356,"kernelAfter":{"Dirty":14124,"EstabResets":0,"InSegs":1096,"MemAvailable":4326216,"OutSegs":2177,"RetransSegs":0,"SwapFree":319468,"TCPBacklogDrop":0,"TCPRcvQDrop":0,"TCPRetransFail":0,"TCPSynRetrans":0,"TCPTimeouts":0,"Writeback":60,"cpu_full_us":0,"cpu_some_us":1937791118,"io_full_us":187350059,"io_some_us":307493994,"memory_full_us":15796514,"memory_some_us":19038502,"pgmajfault":168040,"pgscan_direct":396898,"pgscan_kswapd":13918083,"pswpin":39547,"pswpout":201358},"kernelBefore":{"Dirty":14124,"EstabResets":0,"InSegs":1095,"MemAvailable":4327812,"OutSegs":2175,"RetransSegs":0,"SwapFree":319468,"TCPBacklogDrop":0,"TCPRcvQDrop":0,"TCPRetransFail":0,"TCPSynRetrans":0,"TCPTimeouts":0,"Writeback":60,"cpu_full_us":0,"cpu_some_us":1937786764,"io_full_us":187350059,"io_some_us":307493880,"memory_full_us":15796514,"memory_some_us":19038502,"pgmajfault":168040,"pgscan_direct":396898,"pgscan_kswapd":13918083,"pswpin":39547,"pswpout":201358},"latest_fork_usec":578,"maxmemory":268435456,"observedAt":"2026-09-10T08:54:07.213406678Z","rdb_bgsave_in_progress":0,"used_memory":12795224}
VALKEY OBSERVER: {"aof_buffer_length":0,"aof_current_size":54823519,"aof_delayed_fsync":0,"aof_enabled":1,"aof_last_bgrewrite_status":"ok","aof_last_write_status":"ok","aof_pending_bio_fsync":0,"aof_rewrite_in_progress":0,"blocked_clients":0,"connected_clients":9,"event":"valkey_sample","eventloop_duration_cmd_sum":4126410,"eventloop_duration_sum":19749731,"evicted_keys":0,"infoRoundTripMs":0.717,"instantaneous_ops_per_sec":1470,"kernelAfter":{"Dirty":13360,"EstabResets":0,"InSegs":1158,"MemAvailable":4496396,"OutSegs":2300,"RetransSegs":0,"SwapFree":320492,"TCPBacklogDrop":0,"TCPRcvQDrop":0,"TCPRetransFail":0,"TCPSynRetrans":0,"TCPTimeouts":0,"Writeback":0,"cpu_full_us":0,"cpu_some_us":1938840218,"io_full_us":187647176,"io_some_us":307897740,"memory_full_us":15796514,"memory_some_us":19038502,"pgmajfault":168300,"pgscan_direct":396898,"pgscan_kswapd":13918083,"pswpin":39718,"pswpout":201358},"kernelBefore":{"Dirty":13360,"EstabResets":0,"InSegs":1157,"MemAvailable":4496396,"OutSegs":2298,"RetransSegs":0,"SwapFree":320492,"TCPBacklogDrop":0,"TCPRcvQDrop":0,"TCPRetransFail":0,"TCPSynRetrans":0,"TCPTimeouts":0,"Writeback":0,"cpu_full_us":0,"cpu_some_us":1938840218,"io_full_us":187647176,"io_some_us":307897740,"memory_full_us":15796514,"memory_some_us":19038502,"pgmajfault":168300,"pgscan_direct":396898,"pgscan_kswapd":13918083,"pswpin":39718,"pswpout":201358},"latest_fork_usec":593,"maxmemory":268435456,"observedAt":"2026-09-10T08:54:37.20303197Z","rdb_bgsave_in_progress":0,"used_memory":13332376}
VALKEY OBSERVER: {"aof_buffer_length":0,"aof_current_size":57357176,"aof_delayed_fsync":0,"aof_enabled":1,"aof_last_bgrewrite_status":"ok","aof_last_write_status":"ok","aof_pending_bio_fsync":0,"aof_rewrite_in_progress":0,"blocked_clients":0,"connected_clients":9,"event":"valkey_sample","eventloop_duration_cmd_sum":4386116,"eventloop_duration_sum":21144579,"evicted_keys":0,"infoRoundTripMs":0.717,"instantaneous_ops_per_sec":7734,"kernelAfter":{"Dirty":16912,"EstabResets":0,"InSegs":1218,"MemAvailable":4527808,"OutSegs":2420,"RetransSegs":0,"SwapFree":332524,"TCPBacklogDrop":0,"TCPRcvQDrop":0,"TCPRetransFail":0,"TCPSynRetrans":0,"TCPTimeouts":0,"Writeback":0,"cpu_full_us":0,"cpu_some_us":1939060154,"io_full_us":187760572,"io_some_us":308017070,"memory_full_us":15796821,"memory_some_us":19038808,"pgmajfault":170086,"pgscan_direct":396898,"pgscan_kswapd":13918083,"pswpin":42877,"pswpout":201358},"kernelBefore":{"Dirty":16912,"EstabResets":0,"InSegs":1217,"MemAvailable":4528588,"OutSegs":2418,"RetransSegs":0,"SwapFree":332524,"TCPBacklogDrop":0,"TCPRcvQDrop":0,"TCPRetransFail":0,"TCPSynRetrans":0,"TCPTimeouts":0,"Writeback":0,"cpu_full_us":0,"cpu_some_us":1939060085,"io_full_us":187760572,"io_some_us":308017070,"memory_full_us":15796821,"memory_some_us":19038808,"pgmajfault":170086,"pgscan_direct":396898,"pgscan_kswapd":13918083,"pswpin":42877,"pswpout":201358},"latest_fork_usec":593,"maxmemory":268435456,"observedAt":"2026-09-10T08:55:07.202226261Z","rdb_bgsave_in_progress":0,"used_memory":12785792}
VALKEY OBSERVER: {"aof_buffer_length":0,"aof_current_size":61340979,"aof_delayed_fsync":0,"aof_enabled":1,"aof_last_bgrewrite_status":"ok","aof_last_write_status":"ok","aof_pending_bio_fsync":0,"aof_rewrite_in_progress":0,"blocked_clients":0,"connected_clients":9,"event":"valkey_sample","eventloop_duration_cmd_sum":4799411,"eventloop_duration_sum":23277911,"evicted_keys":0,"infoRoundTripMs":0.349,"instantaneous_ops_per_sec":498,"kernelAfter":{"Dirty":13140,"EstabResets":0,"InSegs":1278,"MemAvailable":4542288,"OutSegs":2540,"RetransSegs":0,"SwapFree":332780,"TCPBacklogDrop":0,"TCPRcvQDrop":0,"TCPRetransFail":0,"TCPSynRetrans":0,"TCPTimeouts":0,"Writeback":0,"cpu_full_us":0,"cpu_some_us":1939465070,"io_full_us":187879580,"io_some_us":308142553,"memory_full_us":15797182,"memory_some_us":19039170,"pgmajfault":170120,"pgscan_direct":396898,"pgscan_kswapd":13918083,"pswpin":42912,"pswpout":201358},"kernelBefore":{"Dirty":13140,"EstabResets":0,"InSegs":1277,"MemAvailable":4542288,"OutSegs":2538,"RetransSegs":0,"SwapFree":332780,"TCPBacklogDrop":0,"TCPRcvQDrop":0,"TCPRetransFail":0,"TCPSynRetrans":0,"TCPTimeouts":0,"Writeback":0,"cpu_full_us":0,"cpu_some_us":1939465070,"io_full_us":187879580,"io_some_us":308142553,"memory_full_us":15797182,"memory_some_us":19039170,"pgmajfault":170120,"pgscan_direct":396898,"pgscan_kswapd":13918083,"pswpin":42912,"pswpout":201358},"latest_fork_usec":610,"maxmemory":268435456,"observedAt":"2026-09-10T08:55:37.202789178Z","rdb_bgsave_in_progress":0,"used_memory":13695240}
VALKEY OBSERVER: {"aof_buffer_length":0,"aof_current_size":14806738,"aof_delayed_fsync":0,"aof_enabled":1,"aof_last_bgrewrite_status":"ok","aof_last_write_status":"ok","aof_pending_bio_fsync":0,"aof_rewrite_in_progress":0,"blocked_clients":0,"connected_clients":9,"event":"valkey_sample","eventloop_duration_cmd_sum":5327351,"eventloop_duration_sum":25134288,"evicted_keys":0,"infoRoundTripMs":0.434,"instantaneous_ops_per_sec":476,"kernelAfter":{"Dirty":17564,"EstabResets":0,"InSegs":1338,"MemAvailable":4550128,"OutSegs":2660,"RetransSegs":0,"SwapFree":333548,"TCPBacklogDrop":0,"TCPRcvQDrop":0,"TCPRetransFail":0,"TCPSynRetrans":0,"TCPTimeouts":0,"Writeback":0,"cpu_full_us":0,"cpu_some_us":1939721164,"io_full_us":187967468,"io_some_us":308238071,"memory_full_us":15797381,"memory_some_us":19039368,"pgmajfault":170260,"pgscan_direct":396898,"pgscan_kswapd":13918083,"pswpin":43146,"pswpout":201358},"kernelBefore":{"Dirty":17564,"EstabResets":0,"InSegs":1337,"MemAvailable":4550128,"OutSegs":2658,"RetransSegs":0,"SwapFree":333548,"TCPBacklogDrop":0,"TCPRcvQDrop":0,"TCPRetransFail":0,"TCPSynRetrans":0,"TCPTimeouts":0,"Writeback":0,"cpu_full_us":0,"cpu_some_us":1939721164,"io_full_us":187967468,"io_some_us":308238071,"memory_full_us":15797381,"memory_some_us":19039368,"pgmajfault":170260,"pgscan_direct":396898,"pgscan_kswapd":13918083,"pswpin":43146,"pswpout":201358},"latest_fork_usec":542,"maxmemory":268435456,"observedAt":"2026-09-10T08:56:07.202381511Z","rdb_bgsave_in_progress":0,"used_memory":14300024}
VALKEY OBSERVER: {"aof_buffer_length":0,"aof_current_size":14896774,"aof_delayed_fsync":0,"aof_enabled":1,"aof_last_bgrewrite_status":"ok","aof_last_write_status":"ok","aof_pending_bio_fsync":0,"aof_rewrite_in_progress":0,"blocked_clients":0,"connected_clients":9,"event":"valkey_sample","eventloop_duration_cmd_sum":5406836,"eventloop_duration_sum":25351852,"evicted_keys":0,"infoRoundTripMs":0.443,"instantaneous_ops_per_sec":518,"kernelAfter":{"Dirty":9920,"EstabResets":0,"InSegs":1399,"MemAvailable":4537840,"OutSegs":2781,"RetransSegs":0,"SwapFree":333588,"TCPBacklogDrop":0,"TCPRcvQDrop":0,"TCPRetransFail":0,"TCPSynRetrans":0,"TCPTimeouts":0,"Writeback":0,"cpu_full_us":0,"cpu_some_us":1939936874,"io_full_us":187978258,"io_some_us":308250732,"memory_full_us":15797381,"memory_some_us":19039368,"pgmajfault":170283,"pgscan_direct":396898,"pgscan_kswapd":13918083,"pswpin":43189,"pswpout":201358},"kernelBefore":{"Dirty":9920,"EstabResets":0,"InSegs":1398,"MemAvailable":4537840,"OutSegs":2779,"RetransSegs":0,"SwapFree":333588,"TCPBacklogDrop":0,"TCPRcvQDrop":0,"TCPRetransFail":0,"TCPSynRetrans":0,"TCPTimeouts":0,"Writeback":0,"cpu_full_us":0,"cpu_some_us":1939936874,"io_full_us":187978258,"io_some_us":308250732,"memory_full_us":15797381,"memory_some_us":19039368,"pgmajfault":170283,"pgscan_direct":396898,"pgscan_kswapd":13918083,"pswpin":43189,"pswpout":201358},"latest_fork_usec":662,"maxmemory":268435456,"observedAt":"2026-09-10T08:56:37.205060178Z","rdb_bgsave_in_progress":0,"used_memory":14096448}
VALKEY OBSERVER: {"aof_buffer_length":0,"aof_current_size":18474629,"aof_delayed_fsync":0,"aof_enabled":1,"aof_last_bgrewrite_status":"ok","aof_last_write_status":"ok","aof_pending_bio_fsync":0,"aof_rewrite_in_progress":0,"blocked_clients":0,"connected_clients":9,"event":"valkey_sample","eventloop_duration_cmd_sum":5931978,"eventloop_duration_sum":27628097,"evicted_keys":0,"infoRoundTripMs":0.401,"instantaneous_ops_per_sec":478,"kernelAfter":{"Dirty":11488,"EstabResets":0,"InSegs":1463,"MemAvailable":4573552,"OutSegs":2902,"RetransSegs":0,"SwapFree":333844,"TCPBacklogDrop":0,"TCPRcvQDrop":0,"TCPRetransFail":0,"TCPSynRetrans":0,"TCPTimeouts":0,"Writeback":0,"cpu_full_us":0,"cpu_some_us":1940392281,"io_full_us":188077418,"io_some_us":308383897,"memory_full_us":15797408,"memory_some_us":19039395,"pgmajfault":170325,"pgscan_direct":396898,"pgscan_kswapd":13918083,"pswpin":43260,"pswpout":201358},"kernelBefore":{"Dirty":11488,"EstabResets":0,"InSegs":1462,"MemAvailable":4573552,"OutSegs":2900,"RetransSegs":0,"SwapFree":333844,"TCPBacklogDrop":0,"TCPRcvQDrop":0,"TCPRetransFail":0,"TCPSynRetrans":0,"TCPTimeouts":0,"Writeback":0,"cpu_full_us":0,"cpu_some_us":1940392281,"io_full_us":188077418,"io_some_us":308383897,"memory_full_us":15797408,"memory_some_us":19039395,"pgmajfault":170325,"pgscan_direct":396898,"pgscan_kswapd":13918083,"pswpin":43260,"pswpout":201358},"latest_fork_usec":662,"maxmemory":268435456,"observedAt":"2026-09-10T08:57:07.205056053Z","rdb_bgsave_in_progress":0,"used_memory":14015344}
VALKEY OBSERVER: {"aof_buffer_length":0,"aof_current_size":18474629,"aof_delayed_fsync":0,"aof_enabled":1,"aof_last_bgrewrite_status":"ok","aof_last_write_status":"ok","aof_pending_bio_fsync":0,"aof_rewrite_in_progress":0,"blocked_clients":0,"connected_clients":9,"event":"valkey_sample","eventloop_duration_cmd_sum":5994778,"eventloop_duration_sum":27797170,"evicted_keys":0,"infoRoundTripMs":0.265,"instantaneous_ops_per_sec":478,"kernelAfter":{"Dirty":2856,"EstabResets":0,"InSegs":1523,"MemAvailable":4492900,"OutSegs":3022,"RetransSegs":0,"SwapFree":334100,"TCPBacklogDrop":0,"TCPRcvQDrop":0,"TCPRetransFail":0,"TCPSynRetrans":0,"TCPTimeouts":0,"Writeback":0,"cpu_full_us":0,"cpu_some_us":1940662253,"io_full_us":188113172,"io_some_us":308422203,"memory_full_us":15797533,"memory_some_us":19039531,"pgmajfault":170392,"pgscan_direct":396898,"pgscan_kswapd":13918083,"pswpin":43370,"pswpout":201358},"kernelBefore":{"Dirty":2856,"EstabResets":0,"InSegs":1522,"MemAvailable":4492900,"OutSegs":3020,"RetransSegs":0,"SwapFree":334100,"TCPBacklogDrop":0,"TCPRcvQDrop":0,"TCPRetransFail":0,"TCPSynRetrans":0,"TCPTimeouts":0,"Writeback":0,"cpu_full_us":0,"cpu_some_us":1940662253,"io_full_us":188113172,"io_some_us":308422203,"memory_full_us":15797533,"memory_some_us":19039531,"pgmajfault":170392,"pgscan_direct":396898,"pgscan_kswapd":13918083,"pswpin":43370,"pswpout":201358},"latest_fork_usec":536,"maxmemory":268435456,"observedAt":"2026-09-10T08:57:37.206740428Z","rdb_bgsave_in_progress":0,"used_memory":14015344}
VALKEY OBSERVER: {"aof_buffer_length":0,"aof_current_size":31155548,"aof_delayed_fsync":0,"aof_enabled":1,"aof_last_bgrewrite_status":"ok","aof_last_write_status":"ok","aof_pending_bio_fsync":0,"aof_rewrite_in_progress":0,"blocked_clients":0,"connected_clients":9,"event":"valkey_sample","eventloop_duration_cmd_sum":6872209,"eventloop_duration_sum":32496492,"evicted_keys":0,"infoRoundTripMs":0.691,"instantaneous_ops_per_sec":90783,"kernelAfter":{"Dirty":2732,"EstabResets":0,"InSegs":1585,"MemAvailable":4491836,"OutSegs":3142,"RetransSegs":0,"SwapFree":334444,"TCPBacklogDrop":0,"TCPRcvQDrop":0,"TCPRetransFail":0,"TCPSynRetrans":0,"TCPTimeouts":0,"Writeback":0,"cpu_full_us":0,"cpu_some_us":1941904211,"io_full_us":188348719,"io_some_us":308755679,"memory_full_us":15797535,"memory_some_us":19039532,"pgmajfault":170455,"pgscan_direct":396898,"pgscan_kswapd":13918083,"pswpin":43474,"pswpout":201358},"kernelBefore":{"Dirty":2732,"EstabResets":0,"InSegs":1584,"MemAvailable":4491836,"OutSegs":3140,"RetransSegs":0,"SwapFree":334444,"TCPBacklogDrop":0,"TCPRcvQDrop":0,"TCPRetransFail":0,"TCPSynRetrans":0,"TCPTimeouts":0,"Writeback":0,"cpu_full_us":0,"cpu_some_us":1941904211,"io_full_us":188348719,"io_some_us":308755679,"memory_full_us":15797535,"memory_some_us":19039532,"pgmajfault":170455,"pgscan_direct":396898,"pgscan_kswapd":13918083,"pswpin":43474,"pswpout":201358},"latest_fork_usec":536,"maxmemory":268435456,"observedAt":"2026-09-10T08:58:07.20793097Z","rdb_bgsave_in_progress":0,"used_memory":15233320}
VALKEY OBSERVER: {"aof_buffer_length":0,"aof_current_size":31335620,"aof_delayed_fsync":0,"aof_enabled":1,"aof_last_bgrewrite_status":"ok","aof_last_write_status":"ok","aof_pending_bio_fsync":0,"aof_rewrite_in_progress":0,"blocked_clients":0,"connected_clients":9,"event":"valkey_sample","eventloop_duration_cmd_sum":6955745,"eventloop_duration_sum":32722021,"evicted_keys":0,"infoRoundTripMs":0.35,"instantaneous_ops_per_sec":479,"kernelAfter":{"Dirty":2496,"EstabResets":0,"InSegs":1645,"MemAvailable":4495280,"OutSegs":3262,"RetransSegs":0,"SwapFree":334700,"TCPBacklogDrop":0,"TCPRcvQDrop":0,"TCPRetransFail":0,"TCPSynRetrans":0,"TCPTimeouts":0,"Writeback":0,"cpu_full_us":0,"cpu_some_us":1942237222,"io_full_us":188386983,"io_some_us":308797184,"memory_full_us":15836817,"memory_some_us":19078820,"pgmajfault":170477,"pgscan_direct":396898,"pgscan_kswapd":13918083,"pswpin":43489,"pswpout":201358},"kernelBefore":{"Dirty":2496,"EstabResets":0,"InSegs":1644,"MemAvailable":4495280,"OutSegs":3260,"RetransSegs":0,"SwapFree":334700,"TCPBacklogDrop":0,"TCPRcvQDrop":0,"TCPRetransFail":0,"TCPSynRetrans":0,"TCPTimeouts":0,"Writeback":0,"cpu_full_us":0,"cpu_some_us":1942237222,"io_full_us":188386983,"io_some_us":308797184,"memory_full_us":15836817,"memory_some_us":19078820,"pgmajfault":170477,"pgscan_direct":396898,"pgscan_kswapd":13918083,"pswpin":43489,"pswpout":201358},"latest_fork_usec":536,"maxmemory":268435456,"observedAt":"2026-09-10T08:58:37.208477095Z","rdb_bgsave_in_progress":0,"used_memory":14825096}
VALKEY OBSERVER: {"aof_buffer_length":0,"aof_current_size":36721306,"aof_delayed_fsync":0,"aof_enabled":1,"aof_last_bgrewrite_status":"ok","aof_last_write_status":"ok","aof_pending_bio_fsync":0,"aof_rewrite_in_progress":0,"blocked_clients":0,"connected_clients":9,"event":"valkey_sample","eventloop_duration_cmd_sum":7251131,"eventloop_duration_sum":33601805,"evicted_keys":0,"infoRoundTripMs":0.26,"instantaneous_ops_per_sec":479,"kernelAfter":{"Dirty":14152,"EstabResets":0,"InSegs":1705,"MemAvailable":4312156,"OutSegs":3382,"RetransSegs":0,"SwapFree":335724,"TCPBacklogDrop":0,"TCPRcvQDrop":0,"TCPRetransFail":0,"TCPSynRetrans":0,"TCPTimeouts":0,"Writeback":0,"cpu_full_us":0,"cpu_some_us":1942896345,"io_full_us":188473002,"io_some_us":308908237,"memory_full_us":15836823,"memory_some_us":19078826,"pgmajfault":170661,"pgscan_direct":396898,"pgscan_kswapd":13918083,"pswpin":43800,"pswpout":201358},"kernelBefore":{"Dirty":14152,"EstabResets":0,"InSegs":1704,"MemAvailable":4312156,"OutSegs":3380,"RetransSegs":0,"SwapFree":335724,"TCPBacklogDrop":0,"TCPRcvQDrop":0,"TCPRetransFail":0,"TCPSynRetrans":0,"TCPTimeouts":0,"Writeback":0,"cpu_full_us":0,"cpu_some_us":1942896345,"io_full_us":188473002,"io_some_us":308908237,"memory_full_us":15836823,"memory_some_us":19078826,"pgmajfault":170661,"pgscan_direct":396898,"pgscan_kswapd":13918083,"pswpin":43800,"pswpout":201358},"latest_fork_usec":1354,"maxmemory":268435456,"observedAt":"2026-09-10T08:59:07.209316178Z","rdb_bgsave_in_progress":0,"used_memory":15082920}
VALKEY OBSERVER: {"aof_buffer_length":0,"aof_current_size":36721306,"aof_delayed_fsync":0,"aof_enabled":1,"aof_last_bgrewrite_status":"ok","aof_last_write_status":"ok","aof_pending_bio_fsync":0,"aof_rewrite_in_progress":0,"blocked_clients":0,"connected_clients":9,"event":"valkey_sample","eventloop_duration_cmd_sum":7323113,"eventloop_duration_sum":33793234,"evicted_keys":0,"infoRoundTripMs":0.216,"instantaneous_ops_per_sec":519,"kernelAfter":{"Dirty":9580,"EstabResets":0,"InSegs":1765,"MemAvailable":4315404,"OutSegs":3502,"RetransSegs":0,"SwapFree":335724,"TCPBacklogDrop":0,"TCPRcvQDrop":0,"TCPRetransFail":0,"TCPSynRetrans":0,"TCPTimeouts":0,"Writeback":0,"cpu_full_us":0,"cpu_some_us":1943367638,"io_full_us":188490186,"io_some_us":308928964,"memory_full_us":15836825,"memory_some_us":19078828,"pgmajfault":170667,"pgscan_direct":396898,"pgscan_kswapd":13918083,"pswpin":43809,"pswpout":201358},"kernelBefore":{"Dirty":9580,"EstabResets":0,"InSegs":1764,"MemAvailable":4315460,"OutSegs":3500,"RetransSegs":0,"SwapFree":335724,"TCPBacklogDrop":0,"TCPRcvQDrop":0,"TCPRetransFail":0,"TCPSynRetrans":0,"TCPTimeouts":0,"Writeback":0,"cpu_full_us":0,"cpu_some_us":1943367638,"io_full_us":188490186,"io_some_us":308928964,"memory_full_us":15836825,"memory_some_us":19078828,"pgmajfault":170667,"pgscan_direct":396898,"pgscan_kswapd":13918083,"pswpin":43809,"pswpout":201358},"latest_fork_usec":1354,"maxmemory":268435456,"observedAt":"2026-09-10T08:59:37.209752428Z","rdb_bgsave_in_progress":0,"used_memory":15076776}
VALKEY OBSERVER: {"aof_buffer_length":0,"aof_current_size":39385630,"aof_delayed_fsync":0,"aof_enabled":1,"aof_last_bgrewrite_status":"ok","aof_last_write_status":"ok","aof_pending_bio_fsync":0,"aof_rewrite_in_progress":0,"blocked_clients":0,"connected_clients":9,"event":"valkey_sample","eventloop_duration_cmd_sum":7486125,"eventloop_duration_sum":34205373,"evicted_keys":0,"infoRoundTripMs":0.413,"instantaneous_ops_per_sec":475,"kernelAfter":{"Dirty":9688,"EstabResets":0,"InSegs":1825,"MemAvailable":4302592,"OutSegs":3622,"RetransSegs":0,"SwapFree":335724,"TCPBacklogDrop":0,"TCPRcvQDrop":0,"TCPRetransFail":0,"TCPSynRetrans":0,"TCPTimeouts":0,"Writeback":0,"cpu_full_us":0,"cpu_some_us":1943712158,"io_full_us":188522883,"io_some_us":308963715,"memory_full_us":15836847,"memory_some_us":19078850,"pgmajfault":170703,"pgscan_direct":396898,"pgscan_kswapd":13918083,"pswpin":43858,"pswpout":201358},"kernelBefore":{"Dirty":9688,"EstabResets":0,"InSegs":1824,"MemAvailable":4303864,"OutSegs":3620,"RetransSegs":0,"SwapFree":335724,"TCPBacklogDrop":0,"TCPRcvQDrop":0,"TCPRetransFail":0,"TCPSynRetrans":0,"TCPTimeouts":0,"Writeback":0,"cpu_full_us":0,"cpu_some_us":1943712158,"io_full_us":188522883,"io_some_us":308963715,"memory_full_us":15836847,"memory_some_us":19078850,"pgmajfault":170703,"pgscan_direct":396898,"pgscan_kswapd":13918083,"pswpin":43858,"pswpout":201358},"latest_fork_usec":779,"maxmemory":268435456,"observedAt":"2026-09-10T09:00:07.211910303Z","rdb_bgsave_in_progress":0,"used_memory":15723872}
VALKEY OBSERVER: {"aof_buffer_length":0,"aof_current_size":39385630,"aof_delayed_fsync":0,"aof_enabled":1,"aof_last_bgrewrite_status":"ok","aof_last_write_status":"ok","aof_pending_bio_fsync":0,"aof_rewrite_in_progress":0,"blocked_clients":0,"connected_clients":9,"event":"valkey_sample","eventloop_duration_cmd_sum":7548085,"eventloop_duration_sum":34376965,"evicted_keys":0,"infoRoundTripMs":0.231,"instantaneous_ops_per_sec":507,"kernelAfter":{"Dirty":3152,"EstabResets":0,"InSegs":1885,"MemAvailable":4325176,"OutSegs":3742,"RetransSegs":0,"SwapFree":336748,"TCPBacklogDrop":0,"TCPRcvQDrop":0,"TCPRetransFail":0,"TCPSynRetrans":0,"TCPTimeouts":0,"Writeback":0,"cpu_full_us":0,"cpu_some_us":1943972004,"io_full_us":188542429,"io_some_us":308983967,"memory_full_us":15836847,"memory_some_us":19078851,"pgmajfault":170867,"pgscan_direct":396898,"pgscan_kswapd":13918083,"pswpin":44204,"pswpout":201358},"kernelBefore":{"Dirty":3152,"EstabResets":0,"InSegs":1884,"MemAvailable":4325176,"OutSegs":3740,"RetransSegs":0,"SwapFree":336748,"TCPBacklogDrop":0,"TCPRcvQDrop":0,"TCPRetransFail":0,"TCPSynRetrans":0,"TCPTimeouts":0,"Writeback":0,"cpu_full_us":0,"cpu_some_us":1943972004,"io_full_us":188542429,"io_some_us":308983967,"memory_full_us":15836847,"memory_some_us":19078851,"pgmajfault":170867,"pgscan_direct":396898,"pgscan_kswapd":13918083,"pswpin":44204,"pswpout":201358},"latest_fork_usec":779,"maxmemory":268435456,"observedAt":"2026-09-10T09:00:37.210669136Z","rdb_bgsave_in_progress":0,"used_memory":15731040}
VALKEY OBSERVER: {"aof_buffer_length":0,"aof_current_size":52615883,"aof_delayed_fsync":0,"aof_enabled":1,"aof_last_bgrewrite_status":"ok","aof_last_write_status":"ok","aof_pending_bio_fsync":0,"aof_rewrite_in_progress":0,"blocked_clients":0,"connected_clients":9,"event":"valkey_sample","eventloop_duration_cmd_sum":8115986,"eventloop_duration_sum":36383151,"evicted_keys":0,"infoRoundTripMs":0.434,"instantaneous_ops_per_sec":518,"kernelAfter":{"Dirty":7796,"EstabResets":0,"InSegs":1945,"MemAvailable":4373396,"OutSegs":3862,"RetransSegs":0,"SwapFree":337032,"TCPBacklogDrop":0,"TCPRcvQDrop":0,"TCPRetransFail":0,"TCPSynRetrans":0,"TCPTimeouts":0,"Writeback":0,"cpu_full_us":0,"cpu_some_us":1944321028,"io_full_us":188617470,"io_some_us":309069759,"memory_full_us":15836847,"memory_some_us":19078851,"pgmajfault":170940,"pgscan_direct":396898,"pgscan_kswapd":13918083,"pswpin":44307,"pswpout":201358},"kernelBefore":{"Dirty":7796,"EstabResets":0,"InSegs":1944,"MemAvailable":4373396,"OutSegs":3860,"RetransSegs":0,"SwapFree":337032,"TCPBacklogDrop":0,"TCPRcvQDrop":0,"TCPRetransFail":0,"TCPSynRetrans":0,"TCPTimeouts":0,"Writeback":0,"cpu_full_us":0,"cpu_some_us":1944321028,"io_full_us":188617470,"io_some_us":309069759,"memory_full_us":15836847,"memory_some_us":19078851,"pgmajfault":170940,"pgscan_direct":396898,"pgscan_kswapd":13918083,"pswpin":44307,"pswpout":201358},"latest_fork_usec":528,"maxmemory":268435456,"observedAt":"2026-09-10T09:01:07.212038053Z","rdb_bgsave_in_progress":0,"used_memory":15983264}
VALKEY OBSERVER: {"aof_buffer_length":0,"aof_current_size":52615883,"aof_delayed_fsync":0,"aof_enabled":1,"aof_last_bgrewrite_status":"ok","aof_last_write_status":"ok","aof_pending_bio_fsync":0,"aof_rewrite_in_progress":0,"blocked_clients":0,"connected_clients":9,"event":"valkey_sample","eventloop_duration_cmd_sum":8172308,"eventloop_duration_sum":36542583,"evicted_keys":0,"infoRoundTripMs":0.386,"instantaneous_ops_per_sec":479,"kernelAfter":{"Dirty":4352,"EstabResets":0,"InSegs":2005,"MemAvailable":4476484,"OutSegs":3982,"RetransSegs":0,"SwapFree":337544,"TCPBacklogDrop":0,"TCPRcvQDrop":0,"TCPRetransFail":0,"TCPSynRetrans":0,"TCPTimeouts":0,"Writeback":0,"cpu_full_us":0,"cpu_some_us":1944583730,"io_full_us":188630683,"io_some_us":309083413,"memory_full_us":15836847,"memory_some_us":19078851,"pgmajfault":170982,"pgscan_direct":396898,"pgscan_kswapd":13918083,"pswpin":44381,"pswpout":201358},"kernelBefore":{"Dirty":4352,"EstabResets":0,"InSegs":2004,"MemAvailable":4476484,"OutSegs":3980,"RetransSegs":0,"SwapFree":337544,"TCPBacklogDrop":0,"TCPRcvQDrop":0,"TCPRetransFail":0,"TCPSynRetrans":0,"TCPTimeouts":0,"Writeback":0,"cpu_full_us":0,"cpu_some_us":1944583730,"io_full_us":188630683,"io_some_us":309083413,"memory_full_us":15836847,"memory_some_us":19078851,"pgmajfault":170982,"pgscan_direct":396898,"pgscan_kswapd":13918083,"pswpin":44381,"pswpout":201358},"latest_fork_usec":528,"maxmemory":268435456,"observedAt":"2026-09-10T09:01:37.212575803Z","rdb_bgsave_in_progress":0,"used_memory":15983264}
VALKEY OBSERVER: {"aof_buffer_length":0,"aof_current_size":60896008,"aof_delayed_fsync":0,"aof_enabled":1,"aof_last_bgrewrite_status":"ok","aof_last_write_status":"ok","aof_pending_bio_fsync":0,"aof_rewrite_in_progress":0,"blocked_clients":0,"connected_clients":9,"event":"valkey_sample","eventloop_duration_cmd_sum":8496124,"eventloop_duration_sum":37622116,"evicted_keys":0,"infoRoundTripMs":0.343,"instantaneous_ops_per_sec":477,"kernelAfter":{"Dirty":6300,"EstabResets":0,"InSegs":2065,"MemAvailable":4466716,"OutSegs":4102,"RetransSegs":0,"SwapFree":337544,"TCPBacklogDrop":0,"TCPRcvQDrop":0,"TCPRetransFail":0,"TCPSynRetrans":0,"TCPTimeouts":0,"Writeback":0,"cpu_full_us":0,"cpu_some_us":1944919715,"io_full_us":188676085,"io_some_us":309133992,"memory_full_us":15836875,"memory_some_us":19078881,"pgmajfault":171015,"pgscan_direct":396898,"pgscan_kswapd":13918083,"pswpin":44456,"pswpout":201358},"kernelBefore":{"Dirty":6300,"EstabResets":0,"InSegs":2064,"MemAvailable":4466716,"OutSegs":4100,"RetransSegs":0,"SwapFree":337544,"TCPBacklogDrop":0,"TCPRcvQDrop":0,"TCPRetransFail":0,"TCPSynRetrans":0,"TCPTimeouts":0,"Writeback":0,"cpu_full_us":0,"cpu_some_us":1944919715,"io_full_us":188676085,"io_some_us":309133992,"memory_full_us":15836875,"memory_some_us":19078881,"pgmajfault":171015,"pgscan_direct":396898,"pgscan_kswapd":13918083,"pswpin":44456,"pswpout":201358},"latest_fork_usec":547,"maxmemory":268435456,"observedAt":"2026-09-10T09:02:07.216482636Z","rdb_bgsave_in_progress":0,"used_memory":16429224}
VALKEY OBSERVER: {"aof_buffer_length":0,"aof_current_size":60896008,"aof_delayed_fsync":0,"aof_enabled":1,"aof_last_bgrewrite_status":"ok","aof_last_write_status":"ok","aof_pending_bio_fsync":0,"aof_rewrite_in_progress":0,"blocked_clients":0,"connected_clients":9,"event":"valkey_sample","eventloop_duration_cmd_sum":8562571,"eventloop_duration_sum":37798468,"evicted_keys":0,"infoRoundTripMs":0.461,"instantaneous_ops_per_sec":476,"kernelAfter":{"Dirty":3800,"EstabResets":0,"InSegs":2125,"MemAvailable":4473592,"OutSegs":4222,"RetransSegs":0,"SwapFree":338056,"TCPBacklogDrop":0,"TCPRcvQDrop":0,"TCPRetransFail":0,"TCPSynRetrans":0,"TCPTimeouts":0,"Writeback":0,"cpu_full_us":0,"cpu_some_us":1945217256,"io_full_us":188690174,"io_some_us":309149156,"memory_full_us":15836955,"memory_some_us":19078960,"pgmajfault":171072,"pgscan_direct":396898,"pgscan_kswapd":13918083,"pswpin":44541,"pswpout":201358},"kernelBefore":{"Dirty":3800,"EstabResets":0,"InSegs":2124,"MemAvailable":4473592,"OutSegs":4220,"RetransSegs":0,"SwapFree":338056,"TCPBacklogDrop":0,"TCPRcvQDrop":0,"TCPRetransFail":0,"TCPSynRetrans":0,"TCPTimeouts":0,"Writeback":0,"cpu_full_us":0,"cpu_some_us":1945217256,"io_full_us":188690174,"io_some_us":309149156,"memory_full_us":15836955,"memory_some_us":19078960,"pgmajfault":171072,"pgscan_direct":396898,"pgscan_kswapd":13918083,"pswpin":44541,"pswpout":201358},"latest_fork_usec":547,"maxmemory":268435456,"observedAt":"2026-09-10T09:02:37.214376636Z","rdb_bgsave_in_progress":0,"used_memory":16429224}
VALKEY OBSERVER: {"aof_buffer_length":0,"aof_current_size":63077780,"aof_delayed_fsync":0,"aof_enabled":1,"aof_last_bgrewrite_status":"ok","aof_last_write_status":"ok","aof_pending_bio_fsync":0,"aof_rewrite_in_progress":0,"blocked_clients":0,"connected_clients":9,"event":"valkey_sample","eventloop_duration_cmd_sum":8740581,"eventloop_duration_sum":38509371,"evicted_keys":0,"infoRoundTripMs":0.335,"instantaneous_ops_per_sec":3400,"kernelAfter":{"Dirty":6540,"EstabResets":0,"InSegs":2186,"MemAvailable":4425352,"OutSegs":4343,"RetransSegs":0,"SwapFree":338824,"TCPBacklogDrop":0,"TCPRcvQDrop":0,"TCPRetransFail":0,"TCPSynRetrans":0,"TCPTimeouts":0,"Writeback":0,"cpu_full_us":0,"cpu_some_us":1945545849,"io_full_us":188726004,"io_some_us":309189375,"memory_full_us":15836955,"memory_some_us":19078960,"pgmajfault":171129,"pgscan_direct":396898,"pgscan_kswapd":13918083,"pswpin":44653,"pswpout":201358},"kernelBefore":{"Dirty":6540,"EstabResets":0,"InSegs":2185,"MemAvailable":4425352,"OutSegs":4341,"RetransSegs":0,"SwapFree":338824,"TCPBacklogDrop":0,"TCPRcvQDrop":0,"TCPRetransFail":0,"TCPSynRetrans":0,"TCPTimeouts":0,"Writeback":0,"cpu_full_us":0,"cpu_some_us":1945545849,"io_full_us":188726004,"io_some_us":309189375,"memory_full_us":15836955,"memory_some_us":19078960,"pgmajfault":171129,"pgscan_direct":396898,"pgscan_kswapd":13918083,"pswpin":44653,"pswpout":201358},"latest_fork_usec":489,"maxmemory":268435456,"observedAt":"2026-09-10T09:03:07.216691428Z","rdb_bgsave_in_progress":0,"used_memory":16784016}
VALKEY OBSERVER: {"aof_buffer_length":0,"aof_current_size":66764036,"aof_delayed_fsync":0,"aof_enabled":1,"aof_last_bgrewrite_status":"ok","aof_last_write_status":"ok","aof_pending_bio_fsync":0,"aof_rewrite_in_progress":0,"blocked_clients":0,"connected_clients":9,"event":"valkey_sample","eventloop_duration_cmd_sum":9086477,"eventloop_duration_sum":41292060,"evicted_keys":0,"infoRoundTripMs":0.247,"instantaneous_ops_per_sec":1152,"kernelAfter":{"Dirty":3052,"EstabResets":0,"InSegs":2246,"MemAvailable":4419868,"OutSegs":4463,"RetransSegs":0,"SwapFree":339100,"TCPBacklogDrop":0,"TCPRcvQDrop":0,"TCPRetransFail":0,"TCPSynRetrans":0,"TCPTimeouts":0,"Writeback":0,"cpu_full_us":0,"cpu_some_us":1945889341,"io_full_us":188909241,"io_some_us":309379728,"memory_full_us":15836962,"memory_some_us":19078967,"pgmajfault":171179,"pgscan_direct":396898,"pgscan_kswapd":13918083,"pswpin":44723,"pswpout":201358},"kernelBefore":{"Dirty":3052,"EstabResets":0,"InSegs":2245,"MemAvailable":4419868,"OutSegs":4461,"RetransSegs":0,"SwapFree":339100,"TCPBacklogDrop":0,"TCPRcvQDrop":0,"TCPRetransFail":0,"TCPSynRetrans":0,"TCPTimeouts":0,"Writeback":0,"cpu_full_us":0,"cpu_some_us":1945889341,"io_full_us":188909241,"io_some_us":309379728,"memory_full_us":15836962,"memory_some_us":19078967,"pgmajfault":171179,"pgscan_direct":396898,"pgscan_kswapd":13918083,"pswpin":44723,"pswpout":201358},"latest_fork_usec":489,"maxmemory":268435456,"observedAt":"2026-09-10T09:03:37.216256678Z","rdb_bgsave_in_progress":0,"used_memory":17384920}
VALKEY OBSERVER: {"aof_buffer_length":0,"aof_current_size":18561725,"aof_delayed_fsync":0,"aof_enabled":1,"aof_last_bgrewrite_status":"ok","aof_last_write_status":"ok","aof_pending_bio_fsync":0,"aof_rewrite_in_progress":0,"blocked_clients":0,"connected_clients":9,"event":"valkey_sample","eventloop_duration_cmd_sum":9528560,"eventloop_duration_sum":43601971,"evicted_keys":0,"infoRoundTripMs":1.208,"instantaneous_ops_per_sec":1378,"kernelAfter":{"Dirty":21684,"EstabResets":0,"InSegs":2306,"MemAvailable":4358276,"OutSegs":4583,"RetransSegs":0,"SwapFree":349084,"TCPBacklogDrop":0,"TCPRcvQDrop":0,"TCPRetransFail":0,"TCPSynRetrans":0,"TCPTimeouts":0,"Writeback":0,"cpu_full_us":0,"cpu_some_us":1946266156,"io_full_us":189081221,"io_some_us":309566059,"memory_full_us":15849714,"memory_some_us":19091770,"pgmajfault":172755,"pgscan_direct":396898,"pgscan_kswapd":13918083,"pswpin":47922,"pswpout":201358},"kernelBefore":{"Dirty":21684,"EstabResets":0,"InSegs":2305,"MemAvailable":4358276,"OutSegs":4581,"RetransSegs":0,"SwapFree":349084,"TCPBacklogDrop":0,"TCPRcvQDrop":0,"TCPRetransFail":0,"TCPSynRetrans":0,"TCPTimeouts":0,"Writeback":0,"cpu_full_us":0,"cpu_some_us":1946266156,"io_full_us":189081221,"io_some_us":309566059,"memory_full_us":15849714,"memory_some_us":19091770,"pgmajfault":172755,"pgscan_direct":396898,"pgscan_kswapd":13918083,"pswpin":47922,"pswpout":201358},"latest_fork_usec":1094,"maxmemory":268435456,"observedAt":"2026-09-10T09:04:07.218597053Z","rdb_bgsave_in_progress":0,"used_memory":17561440}
VALKEY OBSERVER: {"aof_buffer_length":0,"aof_current_size":19036099,"aof_delayed_fsync":0,"aof_enabled":1,"aof_last_bgrewrite_status":"ok","aof_last_write_status":"ok","aof_pending_bio_fsync":0,"aof_rewrite_in_progress":0,"blocked_clients":0,"connected_clients":9,"event":"valkey_sample","eventloop_duration_cmd_sum":9642789,"eventloop_duration_sum":44376732,"evicted_keys":0,"infoRoundTripMs":0.379,"instantaneous_ops_per_sec":474,"kernelAfter":{"Dirty":6972,"EstabResets":0,"InSegs":2366,"MemAvailable":4432468,"OutSegs":4703,"RetransSegs":0,"SwapFree":349340,"TCPBacklogDrop":0,"TCPRcvQDrop":0,"TCPRetransFail":0,"TCPSynRetrans":0,"TCPTimeouts":0,"Writeback":0,"cpu_full_us":0,"cpu_some_us":1946549552,"io_full_us":189131299,"io_some_us":309619674,"memory_full_us":15849859,"memory_some_us":19091915,"pgmajfault":172847,"pgscan_direct":396898,"pgscan_kswapd":13918083,"pswpin":48079,"pswpout":201358},"kernelBefore":{"Dirty":6972,"EstabResets":0,"InSegs":2365,"MemAvailable":4432468,"OutSegs":4701,"RetransSegs":0,"SwapFree":349340,"TCPBacklogDrop":0,"TCPRcvQDrop":0,"TCPRetransFail":0,"TCPSynRetrans":0,"TCPTimeouts":0,"Writeback":0,"cpu_full_us":0,"cpu_some_us":1946549552,"io_full_us":189131299,"io_some_us":309619674,"memory_full_us":15849859,"memory_some_us":19091915,"pgmajfault":172847,"pgscan_direct":396898,"pgscan_kswapd":13918083,"pswpin":48079,"pswpout":201358},"latest_fork_usec":1094,"maxmemory":268435456,"observedAt":"2026-09-10T09:04:37.218816345Z","rdb_bgsave_in_progress":0,"used_memory":17248384}
VALKEY OBSERVER: {"aof_buffer_length":0,"aof_current_size":29202578,"aof_delayed_fsync":0,"aof_enabled":1,"aof_last_bgrewrite_status":"ok","aof_last_write_status":"ok","aof_pending_bio_fsync":0,"aof_rewrite_in_progress":0,"blocked_clients":0,"connected_clients":9,"event":"valkey_sample","eventloop_duration_cmd_sum":10092070,"eventloop_duration_sum":46395133,"evicted_keys":0,"infoRoundTripMs":0.174,"instantaneous_ops_per_sec":1225,"kernelAfter":{"Dirty":6944,"EstabResets":0,"InSegs":2427,"MemAvailable":4453512,"OutSegs":4824,"RetransSegs":0,"SwapFree":350364,"TCPBacklogDrop":0,"TCPRcvQDrop":0,"TCPRetransFail":0,"TCPSynRetrans":0,"TCPTimeouts":0,"Writeback":164,"cpu_full_us":0,"cpu_some_us":1947032485,"io_full_us":189244426,"io_some_us":309753359,"memory_full_us":15849860,"memory_some_us":19091915,"pgmajfault":172990,"pgscan_direct":396898,"pgscan_kswapd":13918083,"pswpin":48389,"pswpout":201358},"kernelBefore":{"Dirty":6944,"EstabResets":0,"InSegs":2426,"MemAvailable":4453512,"OutSegs":4822,"RetransSegs":0,"SwapFree":350364,"TCPBacklogDrop":0,"TCPRcvQDrop":0,"TCPRetransFail":0,"TCPSynRetrans":0,"TCPTimeouts":0,"Writeback":164,"cpu_full_us":0,"cpu_some_us":1947032485,"io_full_us":189244426,"io_some_us":309753359,"memory_full_us":15849860,"memory_some_us":19091915,"pgmajfault":172990,"pgscan_direct":396898,"pgscan_kswapd":13918083,"pswpin":48389,"pswpout":201358},"latest_fork_usec":1788,"maxmemory":268435456,"observedAt":"2026-09-10T09:05:07.218059803Z","rdb_bgsave_in_progress":0,"used_memory":16698696}
VALKEY OBSERVER: {"aof_buffer_length":0,"aof_current_size":29564600,"aof_delayed_fsync":0,"aof_enabled":1,"aof_last_bgrewrite_status":"ok","aof_last_write_status":"ok","aof_pending_bio_fsync":0,"aof_rewrite_in_progress":0,"blocked_clients":0,"connected_clients":9,"event":"valkey_sample","eventloop_duration_cmd_sum":10211475,"eventloop_duration_sum":47199506,"evicted_keys":0,"infoRoundTripMs":0.338,"instantaneous_ops_per_sec":475,"kernelAfter":{"Dirty":23812,"EstabResets":0,"InSegs":2487,"MemAvailable":4428620,"OutSegs":4944,"RetransSegs":0,"SwapFree":360092,"TCPBacklogDrop":0,"TCPRcvQDrop":0,"TCPRetransFail":0,"TCPSynRetrans":0,"TCPTimeouts":0,"Writeback":0,"cpu_full_us":0,"cpu_some_us":1947257308,"io_full_us":189398396,"io_some_us":309910632,"memory_full_us":15851827,"memory_some_us":19093894,"pgmajfault":174906,"pgscan_direct":396898,"pgscan_kswapd":13918083,"pswpin":51346,"pswpout":201358},"kernelBefore":{"Dirty":23812,"EstabResets":0,"InSegs":2486,"MemAvailable":4428620,"OutSegs":4942,"RetransSegs":0,"SwapFree":360092,"TCPBacklogDrop":0,"TCPRcvQDrop":0,"TCPRetransFail":0,"TCPSynRetrans":0,"TCPTimeouts":0,"Writeback":0,"cpu_full_us":0,"cpu_some_us":1947257308,"io_full_us":189398396,"io_some_us":309910632,"memory_full_us":15851827,"memory_some_us":19093894,"pgmajfault":174906,"pgscan_direct":396898,"pgscan_kswapd":13918083,"pswpin":51346,"pswpout":201358},"latest_fork_usec":1788,"maxmemory":268435456,"observedAt":"2026-09-10T09:05:37.220972886Z","rdb_bgsave_in_progress":0,"used_memory":16107944}
VALKEY OBSERVER: {"aof_buffer_length":0,"aof_current_size":33580000,"aof_delayed_fsync":0,"aof_enabled":1,"aof_last_bgrewrite_status":"ok","aof_last_write_status":"ok","aof_pending_bio_fsync":0,"aof_rewrite_in_progress":0,"blocked_clients":0,"connected_clients":9,"event":"valkey_sample","eventloop_duration_cmd_sum":10442050,"eventloop_duration_sum":48176283,"evicted_keys":0,"infoRoundTripMs":0.314,"instantaneous_ops_per_sec":4758,"kernelAfter":{"Dirty":3512,"EstabResets":0,"InSegs":2547,"MemAvailable":4403488,"OutSegs":5064,"RetransSegs":0,"SwapFree":360860,"TCPBacklogDrop":0,"TCPRcvQDrop":0,"TCPRetransFail":0,"TCPSynRetrans":0,"TCPTimeouts":0,"Writeback":0,"cpu_full_us":0,"cpu_some_us":1947679096,"io_full_us":189464475,"io_some_us":309983768,"memory_full_us":15851892,"memory_some_us":19093959,"pgmajfault":175001,"pgscan_direct":396898,"pgscan_kswapd":13918083,"pswpin":51518,"pswpout":201358},"kernelBefore":{"Dirty":3512,"EstabResets":0,"InSegs":2546,"MemAvailable":4403488,"OutSegs":5062,"RetransSegs":0,"SwapFree":360860,"TCPBacklogDrop":0,"TCPRcvQDrop":0,"TCPRetransFail":0,"TCPSynRetrans":0,"TCPTimeouts":0,"Writeback":0,"cpu_full_us":0,"cpu_some_us":1947679096,"io_full_us":189464475,"io_some_us":309983768,"memory_full_us":15851892,"memory_some_us":19093959,"pgmajfault":175001,"pgscan_direct":396898,"pgscan_kswapd":13918083,"pswpin":51518,"pswpout":201358},"latest_fork_usec":2497,"maxmemory":268435456,"observedAt":"2026-09-10T09:06:07.22624422Z","rdb_bgsave_in_progress":0,"used_memory":15299560}
VALKEY OBSERVER: {"aof_buffer_length":0,"aof_current_size":36237016,"aof_delayed_fsync":0,"aof_enabled":1,"aof_last_bgrewrite_status":"ok","aof_last_write_status":"ok","aof_pending_bio_fsync":0,"aof_rewrite_in_progress":0,"blocked_clients":0,"connected_clients":9,"event":"valkey_sample","eventloop_duration_cmd_sum":10769262,"eventloop_duration_sum":50876348,"evicted_keys":0,"infoRoundTripMs":0.205,"instantaneous_ops_per_sec":1120,"kernelAfter":{"Dirty":2700,"EstabResets":0,"InSegs":2607,"MemAvailable":4374056,"OutSegs":5184,"RetransSegs":0,"SwapFree":360860,"TCPBacklogDrop":0,"TCPRcvQDrop":0,"TCPRetransFail":0,"TCPSynRetrans":0,"TCPTimeouts":0,"Writeback":0,"cpu_full_us":0,"cpu_some_us":1947976795,"io_full_us":189646809,"io_some_us":310175140,"memory_full_us":15851894,"memory_some_us":19093961,"pgmajfault":175009,"pgscan_direct":396898,"pgscan_kswapd":13918083,"pswpin":51531,"pswpout":201358},"kernelBefore":{"Dirty":2700,"EstabResets":0,"InSegs":2606,"MemAvailable":4374056,"OutSegs":5182,"RetransSegs":0,"SwapFree":360860,"TCPBacklogDrop":0,"TCPRcvQDrop":0,"TCPRetransFail":0,"TCPSynRetrans":0,"TCPTimeouts":0,"Writeback":0,"cpu_full_us":0,"cpu_some_us":1947976795,"io_full_us":189646809,"io_some_us":310175140,"memory_full_us":15851894,"memory_some_us":19093961,"pgmajfault":175009,"pgscan_direct":396898,"pgscan_kswapd":13918083,"pswpin":51531,"pswpout":201358},"latest_fork_usec":2497,"maxmemory":268435456,"observedAt":"2026-09-10T09:06:37.222242345Z","rdb_bgsave_in_progress":0,"used_memory":15716824}
VALKEY OBSERVER: {"aof_buffer_length":1584,"aof_current_size":38816595,"aof_delayed_fsync":0,"aof_enabled":1,"aof_last_bgrewrite_status":"ok","aof_last_write_status":"ok","aof_pending_bio_fsync":0,"aof_rewrite_in_progress":0,"blocked_clients":0,"connected_clients":9,"event":"valkey_sample","eventloop_duration_cmd_sum":10983547,"eventloop_duration_sum":52090761,"evicted_keys":0,"infoRoundTripMs":1.609,"instantaneous_ops_per_sec":4288,"kernelAfter":{"Dirty":5348,"EstabResets":0,"InSegs":2667,"MemAvailable":4395956,"OutSegs":5304,"RetransSegs":0,"SwapFree":361744,"TCPBacklogDrop":0,"TCPRcvQDrop":0,"TCPRetransFail":0,"TCPSynRetrans":0,"TCPTimeouts":0,"Writeback":0,"cpu_full_us":0,"cpu_some_us":1948248840,"io_full_us":189717594,"io_some_us":310250480,"memory_full_us":15851933,"memory_some_us":19094000,"pgmajfault":175087,"pgscan_direct":396898,"pgscan_kswapd":13918083,"pswpin":51655,"pswpout":201358},"kernelBefore":{"Dirty":5348,"EstabResets":0,"InSegs":2666,"MemAvailable":4395952,"OutSegs":5302,"RetransSegs":0,"SwapFree":361744,"TCPBacklogDrop":0,"TCPRcvQDrop":0,"TCPRetransFail":0,"TCPSynRetrans":0,"TCPTimeouts":0,"Writeback":0,"cpu_full_us":0,"cpu_some_us":1948248821,"io_full_us":189716498,"io_some_us":310249379,"memory_full_us":15851933,"memory_some_us":19094000,"pgmajfault":175087,"pgscan_direct":396898,"pgscan_kswapd":13918083,"pswpin":51655,"pswpout":201358},"latest_fork_usec":1156,"maxmemory":268435456,"observedAt":"2026-09-10T09:07:07.217948428Z","rdb_bgsave_in_progress":0,"used_memory":15155984}
VALKEY OBSERVER: {"aof_buffer_length":0,"aof_current_size":42207560,"aof_delayed_fsync":0,"aof_enabled":1,"aof_last_bgrewrite_status":"ok","aof_last_write_status":"ok","aof_pending_bio_fsync":0,"aof_rewrite_in_progress":0,"blocked_clients":0,"connected_clients":9,"event":"valkey_sample","eventloop_duration_cmd_sum":11357818,"eventloop_duration_sum":55143697,"evicted_keys":0,"infoRoundTripMs":0.213,"instantaneous_ops_per_sec":1110,"kernelAfter":{"Dirty":9060,"EstabResets":0,"InSegs":2727,"MemAvailable":4362988,"OutSegs":5424,"RetransSegs":0,"SwapFree":362256,"TCPBacklogDrop":0,"TCPRcvQDrop":0,"TCPRetransFail":0,"TCPSynRetrans":0,"TCPTimeouts":0,"Writeback":0,"cpu_full_us":0,"cpu_some_us":1948563326,"io_full_us":189913465,"io_some_us":310457949,"memory_full_us":15851977,"memory_some_us":19094044,"pgmajfault":175163,"pgscan_direct":396898,"pgscan_kswapd":13918083,"pswpin":51780,"pswpout":201358},"kernelBefore":{"Dirty":9060,"EstabResets":0,"InSegs":2726,"MemAvailable":4362988,"OutSegs":5422,"RetransSegs":0,"SwapFree":362256,"TCPBacklogDrop":0,"TCPRcvQDrop":0,"TCPRetransFail":0,"TCPSynRetrans":0,"TCPTimeouts":0,"Writeback":0,"cpu_full_us":0,"cpu_some_us":1948563326,"io_full_us":189913465,"io_some_us":310457949,"memory_full_us":15851977,"memory_some_us":19094044,"pgmajfault":175163,"pgscan_direct":396898,"pgscan_kswapd":13918083,"pswpin":51780,"pswpout":201358},"latest_fork_usec":1156,"maxmemory":268435456,"observedAt":"2026-09-10T09:07:37.213905386Z","rdb_bgsave_in_progress":0,"used_memory":15194816}
VALKEY OBSERVER: {"aof_buffer_length":0,"aof_current_size":51937804,"aof_delayed_fsync":0,"aof_enabled":1,"aof_last_bgrewrite_status":"ok","aof_last_write_status":"ok","aof_pending_bio_fsync":0,"aof_rewrite_in_progress":0,"blocked_clients":0,"connected_clients":9,"event":"valkey_sample","eventloop_duration_cmd_sum":11784795,"eventloop_duration_sum":57010094,"evicted_keys":0,"infoRoundTripMs":0.23,"instantaneous_ops_per_sec":745,"kernelAfter":{"Dirty":5316,"EstabResets":0,"InSegs":2787,"MemAvailable":4397524,"OutSegs":5544,"RetransSegs":0,"SwapFree":362932,"TCPBacklogDrop":0,"TCPRcvQDrop":0,"TCPRetransFail":0,"TCPSynRetrans":0,"TCPTimeouts":0,"Writeback":36,"cpu_full_us":0,"cpu_some_us":1948881708,"io_full_us":190000483,"io_some_us":310553385,"memory_full_us":15851977,"memory_some_us":19094044,"pgmajfault":175224,"pgscan_direct":396898,"pgscan_kswapd":13918083,"pswpin":51850,"pswpout":201358},"kernelBefore":{"Dirty":5316,"EstabResets":0,"InSegs":2786,"MemAvailable":4397980,"OutSegs":5542,"RetransSegs":0,"SwapFree":362932,"TCPBacklogDrop":0,"TCPRcvQDrop":0,"TCPRetransFail":0,"TCPSynRetrans":0,"TCPTimeouts":0,"Writeback":36,"cpu_full_us":0,"cpu_some_us":1948881708,"io_full_us":190000483,"io_some_us":310553385,"memory_full_us":15851977,"memory_some_us":19094044,"pgmajfault":175224,"pgscan_direct":396898,"pgscan_kswapd":13918083,"pswpin":51850,"pswpout":201358},"latest_fork_usec":1234,"maxmemory":268435456,"observedAt":"2026-09-10T09:08:07.193393636Z","rdb_bgsave_in_progress":0,"used_memory":14228928}
VALKEY OBSERVER: {"aof_buffer_length":0,"aof_current_size":52320450,"aof_delayed_fsync":0,"aof_enabled":1,"aof_last_bgrewrite_status":"ok","aof_last_write_status":"ok","aof_pending_bio_fsync":0,"aof_rewrite_in_progress":0,"blocked_clients":0,"connected_clients":9,"event":"valkey_sample","eventloop_duration_cmd_sum":11876445,"eventloop_duration_sum":57482455,"evicted_keys":0,"infoRoundTripMs":0.153,"instantaneous_ops_per_sec":489,"kernelAfter":{"Dirty":3920,"EstabResets":0,"InSegs":2847,"MemAvailable":4387796,"OutSegs":5664,"RetransSegs":0,"SwapFree":362932,"TCPBacklogDrop":0,"TCPRcvQDrop":0,"TCPRetransFail":0,"TCPSynRetrans":0,"TCPTimeouts":0,"Writeback":0,"cpu_full_us":0,"cpu_some_us":1949136433,"io_full_us":190035980,"io_some_us":310590835,"memory_full_us":15851977,"memory_some_us":19094044,"pgmajfault":175276,"pgscan_direct":396898,"pgscan_kswapd":13918083,"pswpin":51921,"pswpout":201358},"kernelBefore":{"Dirty":3920,"EstabResets":0,"InSegs":2846,"MemAvailable":4387796,"OutSegs":5662,"RetransSegs":0,"SwapFree":362932,"TCPBacklogDrop":0,"TCPRcvQDrop":0,"TCPRetransFail":0,"TCPSynRetrans":0,"TCPTimeouts":0,"Writeback":0,"cpu_full_us":0,"cpu_some_us":1949136433,"io_full_us":190035980,"io_some_us":310590835,"memory_full_us":15851977,"memory_some_us":19094044,"pgmajfault":175276,"pgscan_direct":396898,"pgscan_kswapd":13918083,"pswpin":51921,"pswpout":201358},"latest_fork_usec":1234,"maxmemory":268435456,"observedAt":"2026-09-10T09:08:37.191889595Z","rdb_bgsave_in_progress":0,"used_memory":13951960}
VALKEY OBSERVER: {"aof_buffer_length":0,"aof_current_size":62796150,"aof_delayed_fsync":0,"aof_enabled":1,"aof_last_bgrewrite_status":"ok","aof_last_write_status":"ok","aof_pending_bio_fsync":0,"aof_rewrite_in_progress":0,"blocked_clients":0,"connected_clients":9,"event":"valkey_sample","eventloop_duration_cmd_sum":12375768,"eventloop_duration_sum":59325820,"evicted_keys":0,"infoRoundTripMs":0.429,"instantaneous_ops_per_sec":991,"kernelAfter":{"Dirty":5332,"EstabResets":0,"InSegs":2909,"MemAvailable":4411424,"OutSegs":5786,"RetransSegs":0,"SwapFree":362932,"TCPBacklogDrop":0,"TCPRcvQDrop":0,"TCPRetransFail":0,"TCPSynRetrans":0,"TCPTimeouts":0,"Writeback":104,"cpu_full_us":0,"cpu_some_us":1949567088,"io_full_us":190122959,"io_some_us":310688083,"memory_full_us":15852007,"memory_some_us":19094074,"pgmajfault":175306,"pgscan_direct":396898,"pgscan_kswapd":13918083,"pswpin":51961,"pswpout":201358},"kernelBefore":{"Dirty":5332,"EstabResets":0,"InSegs":2908,"MemAvailable":4411424,"OutSegs":5784,"RetransSegs":0,"SwapFree":362932,"TCPBacklogDrop":0,"TCPRcvQDrop":0,"TCPRetransFail":0,"TCPSynRetrans":0,"TCPTimeouts":0,"Writeback":104,"cpu_full_us":0,"cpu_some_us":1949567088,"io_full_us":190122959,"io_some_us":310688083,"memory_full_us":15852007,"memory_some_us":19094074,"pgmajfault":175306,"pgscan_direct":396898,"pgscan_kswapd":13918083,"pswpin":51961,"pswpout":201358},"latest_fork_usec":4005,"maxmemory":268435456,"observedAt":"2026-09-10T09:09:07.197757761Z","rdb_bgsave_in_progress":0,"used_memory":12775200}
VALKEY OBSERVER: {"aof_buffer_length":0,"aof_current_size":62967546,"aof_delayed_fsync":0,"aof_enabled":1,"aof_last_bgrewrite_status":"ok","aof_last_write_status":"ok","aof_pending_bio_fsync":0,"aof_rewrite_in_progress":0,"blocked_clients":0,"connected_clients":9,"event":"valkey_sample","eventloop_duration_cmd_sum":12500024,"eventloop_duration_sum":59901512,"evicted_keys":0,"infoRoundTripMs":0.393,"instantaneous_ops_per_sec":520,"kernelAfter":{"Dirty":3664,"EstabResets":0,"InSegs":2969,"MemAvailable":4391860,"OutSegs":5906,"RetransSegs":0,"SwapFree":363188,"TCPBacklogDrop":0,"TCPRcvQDrop":0,"TCPRetransFail":0,"TCPSynRetrans":0,"TCPTimeouts":0,"Writeback":0,"cpu_full_us":0,"cpu_some_us":1950053687,"io_full_us":190172372,"io_some_us":310743500,"memory_full_us":15852042,"memory_some_us":19094109,"pgmajfault":175385,"pgscan_direct":396898,"pgscan_kswapd":13918083,"pswpin":52103,"pswpout":201358},"kernelBefore":{"Dirty":3664,"EstabResets":0,"InSegs":2968,"MemAvailable":4391860,"OutSegs":5904,"RetransSegs":0,"SwapFree":363188,"TCPBacklogDrop":0,"TCPRcvQDrop":0,"TCPRetransFail":0,"TCPSynRetrans":0,"TCPTimeouts":0,"Writeback":0,"cpu_full_us":0,"cpu_some_us":1950053682,"io_full_us":190172372,"io_some_us":310743500,"memory_full_us":15852042,"memory_some_us":19094109,"pgmajfault":175385,"pgscan_direct":396898,"pgscan_kswapd":13918083,"pswpin":52103,"pswpout":201358},"latest_fork_usec":4005,"maxmemory":268435456,"observedAt":"2026-09-10T09:09:37.194437386Z","rdb_bgsave_in_progress":0,"used_memory":12774816}
VALKEY OBSERVER: {"aof_buffer_length":0,"aof_current_size":63459262,"aof_delayed_fsync":0,"aof_enabled":1,"aof_last_bgrewrite_status":"ok","aof_last_write_status":"ok","aof_pending_bio_fsync":0,"aof_rewrite_in_progress":0,"blocked_clients":0,"connected_clients":9,"event":"valkey_sample","eventloop_duration_cmd_sum":12583197,"eventloop_duration_sum":60133298,"evicted_keys":0,"infoRoundTripMs":0.217,"instantaneous_ops_per_sec":476,"kernelAfter":{"Dirty":5128,"EstabResets":0,"InSegs":3029,"MemAvailable":4374784,"OutSegs":6026,"RetransSegs":0,"SwapFree":363444,"TCPBacklogDrop":0,"TCPRcvQDrop":0,"TCPRetransFail":0,"TCPSynRetrans":0,"TCPTimeouts":0,"Writeback":8,"cpu_full_us":0,"cpu_some_us":1950261619,"io_full_us":190189934,"io_some_us":310761755,"memory_full_us":15852042,"memory_some_us":19094109,"pgmajfault":175428,"pgscan_direct":396898,"pgscan_kswapd":13918083,"pswpin":52189,"pswpout":201358},"kernelBefore":{"Dirty":5128,"EstabResets":0,"InSegs":3028,"MemAvailable":4374784,"OutSegs":6024,"RetransSegs":0,"SwapFree":363444,"TCPBacklogDrop":0,"TCPRcvQDrop":0,"TCPRetransFail":0,"TCPSynRetrans":0,"TCPTimeouts":0,"Writeback":8,"cpu_full_us":0,"cpu_some_us":1950261619,"io_full_us":190189934,"io_some_us":310761755,"memory_full_us":15852042,"memory_some_us":19094109,"pgmajfault":175428,"pgscan_direct":396898,"pgscan_kswapd":13918083,"pswpin":52189,"pswpout":201358},"latest_fork_usec":1404,"maxmemory":268435456,"observedAt":"2026-09-10T09:10:07.191224428Z","rdb_bgsave_in_progress":0,"used_memory":12098736}
VALKEY OBSERVER: {"aof_buffer_length":0,"aof_current_size":63854511,"aof_delayed_fsync":0,"aof_enabled":1,"aof_last_bgrewrite_status":"ok","aof_last_write_status":"ok","aof_pending_bio_fsync":0,"aof_rewrite_in_progress":0,"blocked_clients":0,"connected_clients":5,"event":"valkey_sample","eventloop_duration_cmd_sum":25097,"eventloop_duration_sum":67227,"evicted_keys":0,"infoRoundTripMs":0.177,"instantaneous_ops_per_sec":159,"kernelAfter":{"Dirty":6628,"EstabResets":0,"InSegs":3095,"MemAvailable":4427656,"OutSegs":6153,"RetransSegs":0,"SwapFree":363700,"TCPBacklogDrop":0,"TCPRcvQDrop":0,"TCPRetransFail":0,"TCPSynRetrans":0,"TCPTimeouts":0,"Writeback":0,"cpu_full_us":0,"cpu_some_us":1950611104,"io_full_us":190267045,"io_some_us":310849148,"memory_full_us":15852046,"memory_some_us":19094113,"pgmajfault":175522,"pgscan_direct":396898,"pgscan_kswapd":13918083,"pswpin":52338,"pswpout":201358},"kernelBefore":{"Dirty":6628,"EstabResets":0,"InSegs":3094,"MemAvailable":4427656,"OutSegs":6151,"RetransSegs":0,"SwapFree":363700,"TCPBacklogDrop":0,"TCPRcvQDrop":0,"TCPRetransFail":0,"TCPSynRetrans":0,"TCPTimeouts":0,"Writeback":0,"cpu_full_us":0,"cpu_some_us":1950611104,"io_full_us":190267045,"io_some_us":310849148,"memory_full_us":15852046,"memory_some_us":19094113,"pgmajfault":175522,"pgscan_direct":396898,"pgscan_kswapd":13918083,"pswpin":52338,"pswpout":201358},"latest_fork_usec":0,"maxmemory":268435456,"observedAt":"2026-09-10T09:10:37.191217761Z","rdb_bgsave_in_progress":0,"used_memory":11569944}
VALKEY OBSERVER: {"aof_buffer_length":0,"aof_current_size":63854511,"aof_delayed_fsync":0,"aof_enabled":1,"aof_last_bgrewrite_status":"ok","aof_last_write_status":"ok","aof_pending_bio_fsync":0,"aof_rewrite_in_progress":0,"blocked_clients":0,"connected_clients":5,"event":"valkey_sample","eventloop_duration_cmd_sum":62281,"eventloop_duration_sum":176749,"evicted_keys":0,"infoRoundTripMs":0.336,"instantaneous_ops_per_sec":159,"kernelAfter":{"Dirty":7932,"EstabResets":0,"InSegs":3155,"MemAvailable":4391784,"OutSegs":6273,"RetransSegs":0,"SwapFree":364248,"TCPBacklogDrop":0,"TCPRcvQDrop":0,"TCPRetransFail":0,"TCPSynRetrans":0,"TCPTimeouts":0,"Writeback":0,"cpu_full_us":0,"cpu_some_us":1950900580,"io_full_us":190283225,"io_some_us":310867140,"memory_full_us":15852440,"memory_some_us":19094509,"pgmajfault":175629,"pgscan_direct":396898,"pgscan_kswapd":13918083,"pswpin":52560,"pswpout":201358},"kernelBefore":{"Dirty":7932,"EstabResets":0,"InSegs":3154,"MemAvailable":4391784,"OutSegs":6271,"RetransSegs":0,"SwapFree":364248,"TCPBacklogDrop":0,"TCPRcvQDrop":0,"TCPRetransFail":0,"TCPSynRetrans":0,"TCPTimeouts":0,"Writeback":0,"cpu_full_us":0,"cpu_some_us":1950900580,"io_full_us":190283225,"io_some_us":310867140,"memory_full_us":15852440,"memory_some_us":19094509,"pgmajfault":175629,"pgscan_direct":396898,"pgscan_kswapd":13918083,"pswpin":52560,"pswpout":201358},"latest_fork_usec":0,"maxmemory":268435456,"observedAt":"2026-09-10T09:11:07.193085011Z","rdb_bgsave_in_progress":0,"used_memory":11569944}
VALKEY OBSERVER: {"aof_buffer_length":0,"aof_current_size":63854511,"aof_delayed_fsync":0,"aof_enabled":1,"aof_last_bgrewrite_status":"ok","aof_last_write_status":"ok","aof_pending_bio_fsync":0,"aof_rewrite_in_progress":0,"blocked_clients":0,"connected_clients":5,"event":"valkey_sample","eventloop_duration_cmd_sum":93779,"eventloop_duration_sum":279916,"evicted_keys":0,"infoRoundTripMs":0.247,"instantaneous_ops_per_sec":157,"kernelAfter":{"Dirty":3548,"EstabResets":0,"InSegs":3215,"MemAvailable":4404016,"OutSegs":6393,"RetransSegs":0,"SwapFree":364760,"TCPBacklogDrop":0,"TCPRcvQDrop":0,"TCPRetransFail":0,"TCPSynRetrans":0,"TCPTimeouts":0,"Writeback":72,"cpu_full_us":0,"cpu_some_us":1951095247,"io_full_us":190296200,"io_some_us":310880648,"memory_full_us":15852441,"memory_some_us":19094510,"pgmajfault":175642,"pgscan_direct":396898,"pgscan_kswapd":13918083,"pswpin":52585,"pswpout":201358},"kernelBefore":{"Dirty":3548,"EstabResets":0,"InSegs":3214,"MemAvailable":4404016,"OutSegs":6391,"RetransSegs":0,"SwapFree":364760,"TCPBacklogDrop":0,"TCPRcvQDrop":0,"TCPRetransFail":0,"TCPSynRetrans":0,"TCPTimeouts":0,"Writeback":72,"cpu_full_us":0,"cpu_some_us":1951095247,"io_full_us":190296200,"io_some_us":310880648,"memory_full_us":15852441,"memory_some_us":19094510,"pgmajfault":175642,"pgscan_direct":396898,"pgscan_kswapd":13918083,"pswpin":52585,"pswpout":201358},"latest_fork_usec":1147,"maxmemory":268435456,"observedAt":"2026-09-10T09:11:37.19270747Z","rdb_bgsave_in_progress":0,"used_memory":11569944}
VALKEY OBSERVER: {"aof_buffer_length":0,"aof_current_size":63854511,"aof_delayed_fsync":0,"aof_enabled":1,"aof_last_bgrewrite_status":"ok","aof_last_write_status":"ok","aof_pending_bio_fsync":0,"aof_rewrite_in_progress":0,"blocked_clients":0,"connected_clients":5,"event":"valkey_sample","eventloop_duration_cmd_sum":126782,"eventloop_duration_sum":385141,"evicted_keys":0,"infoRoundTripMs":0.425,"instantaneous_ops_per_sec":157,"kernelAfter":{"Dirty":9236,"EstabResets":0,"InSegs":3276,"MemAvailable":4398148,"OutSegs":6514,"RetransSegs":0,"SwapFree":367720,"TCPBacklogDrop":0,"TCPRcvQDrop":0,"TCPRetransFail":0,"TCPSynRetrans":0,"TCPTimeouts":0,"Writeback":0,"cpu_full_us":0,"cpu_some_us":1951263704,"io_full_us":190314774,"io_some_us":310900133,"memory_full_us":15852884,"memory_some_us":19094980,"pgmajfault":176038,"pgscan_direct":396898,"pgscan_kswapd":13918083,"pswpin":53238,"pswpout":201358},"kernelBefore":{"Dirty":9236,"EstabResets":0,"InSegs":3275,"MemAvailable":4398148,"OutSegs":6512,"RetransSegs":0,"SwapFree":367720,"TCPBacklogDrop":0,"TCPRcvQDrop":0,"TCPRetransFail":0,"TCPSynRetrans":0,"TCPTimeouts":0,"Writeback":0,"cpu_full_us":0,"cpu_some_us":1951263704,"io_full_us":190314774,"io_some_us":310900133,"memory_full_us":15852884,"memory_some_us":19094980,"pgmajfault":176038,"pgscan_direct":396898,"pgscan_kswapd":13918083,"pswpin":53238,"pswpout":201358},"latest_fork_usec":1147,"maxmemory":268435456,"observedAt":"2026-09-10T09:12:07.194918095Z","rdb_bgsave_in_progress":0,"used_memory":11569944}
VALKEY OBSERVER: {"aof_buffer_length":0,"aof_current_size":63854511,"aof_delayed_fsync":0,"aof_enabled":1,"aof_last_bgrewrite_status":"ok","aof_last_write_status":"ok","aof_pending_bio_fsync":0,"aof_rewrite_in_progress":0,"blocked_clients":0,"connected_clients":5,"event":"valkey_sample","eventloop_duration_cmd_sum":154786,"eventloop_duration_sum":484367,"evicted_keys":0,"infoRoundTripMs":0.187,"instantaneous_ops_per_sec":158,"kernelAfter":{"Dirty":4044,"EstabResets":0,"InSegs":3336,"MemAvailable":4419488,"OutSegs":6634,"RetransSegs":0,"SwapFree":368308,"TCPBacklogDrop":0,"TCPRcvQDrop":0,"TCPRetransFail":0,"TCPSynRetrans":0,"TCPTimeouts":0,"Writeback":0,"cpu_full_us":0,"cpu_some_us":1951436381,"io_full_us":190330361,"io_some_us":310916133,"memory_full_us":15853193,"memory_some_us":19095290,"pgmajfault":176146,"pgscan_direct":396898,"pgscan_kswapd":13918083,"pswpin":53478,"pswpout":201358},"kernelBefore":{"Dirty":4044,"EstabResets":0,"InSegs":3335,"MemAvailable":4419488,"OutSegs":6632,"RetransSegs":0,"SwapFree":368308,"TCPBacklogDrop":0,"TCPRcvQDrop":0,"TCPRetransFail":0,"TCPSynRetrans":0,"TCPTimeouts":0,"Writeback":0,"cpu_full_us":0,"cpu_some_us":1951436381,"io_full_us":190330361,"io_some_us":310916133,"memory_full_us":15853193,"memory_some_us":19095290,"pgmajfault":176146,"pgscan_direct":396898,"pgscan_kswapd":13918083,"pswpin":53478,"pswpout":201358},"latest_fork_usec":1147,"maxmemory":268435456,"observedAt":"2026-09-10T09:12:37.192156261Z","rdb_bgsave_in_progress":0,"used_memory":11565848}
VALKEY OBSERVER: {"aof_buffer_length":0,"aof_current_size":64503108,"aof_delayed_fsync":0,"aof_enabled":1,"aof_last_bgrewrite_status":"ok","aof_last_write_status":"ok","aof_pending_bio_fsync":0,"aof_rewrite_in_progress":0,"blocked_clients":0,"connected_clients":6,"event":"valkey_sample","eventloop_duration_cmd_sum":554320,"eventloop_duration_sum":1202659,"evicted_keys":0,"infoRoundTripMs":0.246,"instantaneous_ops_per_sec":3966,"kernelAfter":{"Dirty":5324,"EstabResets":0,"InSegs":3397,"MemAvailable":4424888,"OutSegs":6755,"RetransSegs":0,"SwapFree":371148,"TCPBacklogDrop":0,"TCPRcvQDrop":0,"TCPRetransFail":0,"TCPSynRetrans":0,"TCPTimeouts":0,"Writeback":0,"cpu_full_us":0,"cpu_some_us":1951687420,"io_full_us":190364105,"io_some_us":310953774,"memory_full_us":15853209,"memory_some_us":19095306,"pgmajfault":176367,"pgscan_direct":396898,"pgscan_kswapd":13918083,"pswpin":53947,"pswpout":201358},"kernelBefore":{"Dirty":5324,"EstabResets":0,"InSegs":3396,"MemAvailable":4424888,"OutSegs":6753,"RetransSegs":0,"SwapFree":371148,"TCPBacklogDrop":0,"TCPRcvQDrop":0,"TCPRetransFail":0,"TCPSynRetrans":0,"TCPTimeouts":0,"Writeback":0,"cpu_full_us":0,"cpu_some_us":1951687420,"io_full_us":190364105,"io_some_us":310953774,"memory_full_us":15853209,"memory_some_us":19095306,"pgmajfault":176367,"pgscan_direct":396898,"pgscan_kswapd":13918083,"pswpin":53947,"pswpout":201358},"latest_fork_usec":1147,"maxmemory":268435456,"observedAt":"2026-09-10T09:13:07.19225122Z","rdb_bgsave_in_progress":0,"used_memory":10315952}
node:internal/modules/run_main:107
    triggerUncaughtException(
    ^

AssertionError [ERR_ASSERTION]: Expected values to be strictly equal:

503 !== 202

    at populationRecovery (file:///Users/youngjoo/ethan/waiting-room/test/localbeta/population-recovery.mjs:38:12)
    at process.processTicksAndRejections (node:internal/process/task_queues:103:5)
    at async file:///Users/youngjoo/ethan/waiting-room/test/localbeta/runtime-tiers.mjs:145:48 {
  generatedMessage: true,
  code: 'ERR_ASSERTION',
  actual: 503,
  expected: 202,
  operator: 'strictEqual',
  diff: 'simple'
}

Node.js v24.12.0
