{"Time":"2026-09-06T08:35:29.719766+09:00","Action":"start","Package":"waiting-room/internal/installplan"}
{"Time":"2026-09-06T08:35:29.719862+09:00","Action":"start","Package":"waiting-room/internal/installplan/clockcheck"}
{"Time":"2026-09-06T08:35:29.719878+09:00","Action":"start","Package":"waiting-room/internal/installplan/preflight"}
{"Time":"2026-09-06T08:35:29.751115+09:00","Action":"start","Package":"waiting-room/internal/installplan/preview"}
{"Time":"2026-09-06T08:35:29.751478+09:00","Action":"start","Package":"waiting-room/cmd/wrctl"}
{"Time":"2026-09-06T08:35:29.92686+09:00","Action":"run","Package":"waiting-room/internal/installplan/preflight","Test":"TestClockBoundaries"}
{"Time":"2026-09-06T08:35:29.92691+09:00","Action":"output","Package":"waiting-room/internal/installplan/preflight","Test":"TestClockBoundaries","Output":"=== RUN   TestClockBoundaries\n"}
{"Time":"2026-09-06T08:35:29.926941+09:00","Action":"run","Package":"waiting-room/internal/installplan/preflight","Test":"TestClockBoundaries/zero"}
{"Time":"2026-09-06T08:35:29.926946+09:00","Action":"output","Package":"waiting-room/internal/installplan/preflight","Test":"TestClockBoundaries/zero","Output":"=== RUN   TestClockBoundaries/zero\n"}
{"Time":"2026-09-06T08:35:29.927466+09:00","Action":"output","Package":"waiting-room/internal/installplan/preflight","Test":"TestClockBoundaries/zero","Output":"--- PASS: TestClockBoundaries/zero (0.00s)\n"}
{"Time":"2026-09-06T08:35:29.927473+09:00","Action":"pass","Package":"waiting-room/internal/installplan/preflight","Test":"TestClockBoundaries/zero","Elapsed":0}
{"Time":"2026-09-06T08:35:29.927524+09:00","Action":"run","Package":"waiting-room/internal/installplan/preflight","Test":"TestClockBoundaries/plus2"}
{"Time":"2026-09-06T08:35:29.927539+09:00","Action":"output","Package":"waiting-room/internal/installplan/preflight","Test":"TestClockBoundaries/plus2","Output":"=== RUN   TestClockBoundaries/plus2\n"}
{"Time":"2026-09-06T08:35:29.927732+09:00","Action":"output","Package":"waiting-room/internal/installplan/preflight","Test":"TestClockBoundaries/plus2","Output":"--- PASS: TestClockBoundaries/plus2 (0.00s)\n"}
{"Time":"2026-09-06T08:35:29.927746+09:00","Action":"pass","Package":"waiting-room/internal/installplan/preflight","Test":"TestClockBoundaries/plus2","Elapsed":0}
{"Time":"2026-09-06T08:35:29.927749+09:00","Action":"run","Package":"waiting-room/internal/installplan/preflight","Test":"TestClockBoundaries/minus2"}
{"Time":"2026-09-06T08:35:29.927751+09:00","Action":"output","Package":"waiting-room/internal/installplan/preflight","Test":"TestClockBoundaries/minus2","Output":"=== RUN   TestClockBoundaries/minus2\n"}
{"Time":"2026-09-06T08:35:29.927993+09:00","Action":"output","Package":"waiting-room/internal/installplan/preflight","Test":"TestClockBoundaries/minus2","Output":"--- PASS: TestClockBoundaries/minus2 (0.00s)\n"}
{"Time":"2026-09-06T08:35:29.928+09:00","Action":"pass","Package":"waiting-room/internal/installplan/preflight","Test":"TestClockBoundaries/minus2","Elapsed":0}
{"Time":"2026-09-06T08:35:29.928005+09:00","Action":"run","Package":"waiting-room/internal/installplan/preflight","Test":"TestClockBoundaries/above2"}
{"Time":"2026-09-06T08:35:29.928007+09:00","Action":"output","Package":"waiting-room/internal/installplan/preflight","Test":"TestClockBoundaries/above2","Output":"=== RUN   TestClockBoundaries/above2\n"}
{"Time":"2026-09-06T08:35:29.928257+09:00","Action":"output","Package":"waiting-room/internal/installplan/preflight","Test":"TestClockBoundaries/above2","Output":"--- PASS: TestClockBoundaries/above2 (0.00s)\n"}
{"Time":"2026-09-06T08:35:29.928264+09:00","Action":"pass","Package":"waiting-room/internal/installplan/preflight","Test":"TestClockBoundaries/above2","Elapsed":0}
{"Time":"2026-09-06T08:35:29.928267+09:00","Action":"run","Package":"waiting-room/internal/installplan/preflight","Test":"TestClockBoundaries/belowMinus2"}
{"Time":"2026-09-06T08:35:29.928269+09:00","Action":"output","Package":"waiting-room/internal/installplan/preflight","Test":"TestClockBoundaries/belowMinus2","Output":"=== RUN   TestClockBoundaries/belowMinus2\n"}
{"Time":"2026-09-06T08:35:29.928513+09:00","Action":"output","Package":"waiting-room/internal/installplan/preflight","Test":"TestClockBoundaries/belowMinus2","Output":"--- PASS: TestClockBoundaries/belowMinus2 (0.00s)\n"}
{"Time":"2026-09-06T08:35:29.92852+09:00","Action":"pass","Package":"waiting-room/internal/installplan/preflight","Test":"TestClockBoundaries/belowMinus2","Elapsed":0}
{"Time":"2026-09-06T08:35:29.928523+09:00","Action":"run","Package":"waiting-room/internal/installplan/preflight","Test":"TestClockBoundaries/plus5"}
{"Time":"2026-09-06T08:35:29.928524+09:00","Action":"output","Package":"waiting-room/internal/installplan/preflight","Test":"TestClockBoundaries/plus5","Output":"=== RUN   TestClockBoundaries/plus5\n"}
{"Time":"2026-09-06T08:35:29.928837+09:00","Action":"output","Package":"waiting-room/internal/installplan/preflight","Test":"TestClockBoundaries/plus5","Output":"--- PASS: TestClockBoundaries/plus5 (0.00s)\n"}
{"Time":"2026-09-06T08:35:29.928852+09:00","Action":"pass","Package":"waiting-room/internal/installplan/preflight","Test":"TestClockBoundaries/plus5","Elapsed":0}
{"Time":"2026-09-06T08:35:29.928865+09:00","Action":"run","Package":"waiting-room/internal/installplan/preflight","Test":"TestClockBoundaries/minus5"}
{"Time":"2026-09-06T08:35:29.928868+09:00","Action":"output","Package":"waiting-room/internal/installplan/preflight","Test":"TestClockBoundaries/minus5","Output":"=== RUN   TestClockBoundaries/minus5\n"}
{"Time":"2026-09-06T08:35:29.929128+09:00","Action":"output","Package":"waiting-room/internal/installplan/preflight","Test":"TestClockBoundaries/minus5","Output":"--- PASS: TestClockBoundaries/minus5 (0.00s)\n"}
{"Time":"2026-09-06T08:35:29.929132+09:00","Action":"pass","Package":"waiting-room/internal/installplan/preflight","Test":"TestClockBoundaries/minus5","Elapsed":0}
{"Time":"2026-09-06T08:35:29.929146+09:00","Action":"run","Package":"waiting-room/internal/installplan/preflight","Test":"TestClockBoundaries/above5"}
{"Time":"2026-09-06T08:35:29.929149+09:00","Action":"output","Package":"waiting-room/internal/installplan/preflight","Test":"TestClockBoundaries/above5","Output":"=== RUN   TestClockBoundaries/above5\n"}
{"Time":"2026-09-06T08:35:29.929614+09:00","Action":"output","Package":"waiting-room/internal/installplan/preflight","Test":"TestClockBoundaries/above5","Output":"--- PASS: TestClockBoundaries/above5 (0.00s)\n"}
{"Time":"2026-09-06T08:35:29.929629+09:00","Action":"pass","Package":"waiting-room/internal/installplan/preflight","Test":"TestClockBoundaries/above5","Elapsed":0}
{"Time":"2026-09-06T08:35:29.929655+09:00","Action":"run","Package":"waiting-room/internal/installplan/preflight","Test":"TestClockBoundaries/belowMinus5"}
{"Time":"2026-09-06T08:35:29.929662+09:00","Action":"output","Package":"waiting-room/internal/installplan/preflight","Test":"TestClockBoundaries/belowMinus5","Output":"=== RUN   TestClockBoundaries/belowMinus5\n"}
{"Time":"2026-09-06T08:35:29.930065+09:00","Action":"output","Package":"waiting-room/internal/installplan/preflight","Test":"TestClockBoundaries/belowMinus5","Output":"--- PASS: TestClockBoundaries/belowMinus5 (0.00s)\n"}
{"Time":"2026-09-06T08:35:29.930084+09:00","Action":"pass","Package":"waiting-room/internal/installplan/preflight","Test":"TestClockBoundaries/belowMinus5","Elapsed":0}
{"Time":"2026-09-06T08:35:29.930089+09:00","Action":"run","Package":"waiting-room/internal/installplan/preflight","Test":"TestClockBoundaries/minDuration"}
{"Time":"2026-09-06T08:35:29.930091+09:00","Action":"output","Package":"waiting-room/internal/installplan/preflight","Test":"TestClockBoundaries/minDuration","Output":"=== RUN   TestClockBoundaries/minDuration\n"}
{"Time":"2026-09-06T08:35:29.930481+09:00","Action":"output","Package":"waiting-room/internal/installplan/preflight","Test":"TestClockBoundaries/minDuration","Output":"--- PASS: TestClockBoundaries/minDuration (0.00s)\n"}
{"Time":"2026-09-06T08:35:29.930489+09:00","Action":"pass","Package":"waiting-room/internal/installplan/preflight","Test":"TestClockBoundaries/minDuration","Elapsed":0}
{"Time":"2026-09-06T08:35:29.930491+09:00","Action":"run","Package":"waiting-room/internal/installplan/preflight","Test":"TestClockBoundaries/maxDuration"}
{"Time":"2026-09-06T08:35:29.930493+09:00","Action":"output","Package":"waiting-room/internal/installplan/preflight","Test":"TestClockBoundaries/maxDuration","Output":"=== RUN   TestClockBoundaries/maxDuration\n"}
{"Time":"2026-09-06T08:35:29.930881+09:00","Action":"output","Package":"waiting-room/internal/installplan/preflight","Test":"TestClockBoundaries/maxDuration","Output":"--- PASS: TestClockBoundaries/maxDuration (0.00s)\n"}
{"Time":"2026-09-06T08:35:29.930888+09:00","Action":"pass","Package":"waiting-room/internal/installplan/preflight","Test":"TestClockBoundaries/maxDuration","Elapsed":0}
{"Time":"2026-09-06T08:35:29.930918+09:00","Action":"output","Package":"waiting-room/internal/installplan/preflight","Test":"TestClockBoundaries","Output":"--- PASS: TestClockBoundaries (0.00s)\n"}
{"Time":"2026-09-06T08:35:29.930928+09:00","Action":"pass","Package":"waiting-room/internal/installplan/preflight","Test":"TestClockBoundaries","Elapsed":0}
{"Time":"2026-09-06T08:35:29.930943+09:00","Action":"run","Package":"waiting-room/internal/installplan/preflight","Test":"TestObservationValidity"}
{"Time":"2026-09-06T08:35:29.930945+09:00","Action":"output","Package":"waiting-room/internal/installplan/preflight","Test":"TestObservationValidity","Output":"=== RUN   TestObservationValidity\n"}
{"Time":"2026-09-06T08:35:29.930995+09:00","Action":"run","Package":"waiting-room/internal/installplan/preflight","Test":"TestObservationValidity/missing"}
{"Time":"2026-09-06T08:35:29.930999+09:00","Action":"output","Package":"waiting-room/internal/installplan/preflight","Test":"TestObservationValidity/missing","Output":"=== RUN   TestObservationValidity/missing\n"}
{"Time":"2026-09-06T08:35:29.931744+09:00","Action":"output","Package":"waiting-room/internal/installplan/preflight","Test":"TestObservationValidity/missing","Output":"--- PASS: TestObservationValidity/missing (0.00s)\n"}
{"Time":"2026-09-06T08:35:29.931757+09:00","Action":"pass","Package":"waiting-room/internal/installplan/preflight","Test":"TestObservationValidity/missing","Elapsed":0}
{"Time":"2026-09-06T08:35:29.931775+09:00","Action":"run","Package":"waiting-room/internal/installplan/preflight","Test":"TestObservationValidity/unsynchronized"}
{"Time":"2026-09-06T08:35:29.931781+09:00","Action":"output","Package":"waiting-room/internal/installplan/preflight","Test":"TestObservationValidity/unsynchronized","Output":"=== RUN   TestObservationValidity/unsynchronized\n"}
{"Time":"2026-09-06T08:35:29.932294+09:00","Action":"output","Package":"waiting-room/internal/installplan/preflight","Test":"TestObservationValidity/unsynchronized","Output":"--- PASS: TestObservationValidity/unsynchronized (0.00s)\n"}
{"Time":"2026-09-06T08:35:29.932301+09:00","Action":"pass","Package":"waiting-room/internal/installplan/preflight","Test":"TestObservationValidity/unsynchronized","Elapsed":0}
{"Time":"2026-09-06T08:35:29.932323+09:00","Action":"run","Package":"waiting-room/internal/installplan/preflight","Test":"TestObservationValidity/future"}
{"Time":"2026-09-06T08:35:29.932328+09:00","Action":"output","Package":"waiting-room/internal/installplan/preflight","Test":"TestObservationValidity/future","Output":"=== RUN   TestObservationValidity/future\n"}
{"Time":"2026-09-06T08:35:29.932756+09:00","Action":"output","Package":"waiting-room/internal/installplan/preflight","Test":"TestObservationValidity/future","Output":"--- PASS: TestObservationValidity/future (0.00s)\n"}
{"Time":"2026-09-06T08:35:29.932773+09:00","Action":"pass","Package":"waiting-room/internal/installplan/preflight","Test":"TestObservationValidity/future","Elapsed":0}
{"Time":"2026-09-06T08:35:29.932782+09:00","Action":"run","Package":"waiting-room/internal/installplan/preflight","Test":"TestObservationValidity/stale"}
{"Time":"2026-09-06T08:35:29.932785+09:00","Action":"output","Package":"waiting-room/internal/installplan/preflight","Test":"TestObservationValidity/stale","Output":"=== RUN   TestObservationValidity/stale\n"}
{"Time":"2026-09-06T08:35:29.933073+09:00","Action":"output","Package":"waiting-room/internal/installplan/preflight","Test":"TestObservationValidity/stale","Output":"--- PASS: TestObservationValidity/stale (0.00s)\n"}
{"Time":"2026-09-06T08:35:29.933082+09:00","Action":"pass","Package":"waiting-room/internal/installplan/preflight","Test":"TestObservationValidity/stale","Elapsed":0}
{"Time":"2026-09-06T08:35:29.933086+09:00","Action":"run","Package":"waiting-room/internal/installplan/preflight","Test":"TestObservationValidity/exact-age"}
{"Time":"2026-09-06T08:35:29.933088+09:00","Action":"output","Package":"waiting-room/internal/installplan/preflight","Test":"TestObservationValidity/exact-age","Output":"=== RUN   TestObservationValidity/exact-age\n"}
{"Time":"2026-09-06T08:35:29.933331+09:00","Action":"output","Package":"waiting-room/internal/installplan/preflight","Test":"TestObservationValidity/exact-age","Output":"--- PASS: TestObservationValidity/exact-age (0.00s)\n"}
{"Time":"2026-09-06T08:35:29.933336+09:00","Action":"pass","Package":"waiting-room/internal/installplan/preflight","Test":"TestObservationValidity/exact-age","Elapsed":0}
{"Time":"2026-09-06T08:35:29.93335+09:00","Action":"run","Package":"waiting-room/internal/installplan/preflight","Test":"TestObservationValidity/wrong-plan"}
{"Time":"2026-09-06T08:35:29.933353+09:00","Action":"output","Package":"waiting-room/internal/installplan/preflight","Test":"TestObservationValidity/wrong-plan","Output":"=== RUN   TestObservationValidity/wrong-plan\n"}
{"Time":"2026-09-06T08:35:29.933725+09:00","Action":"output","Package":"waiting-room/internal/installplan/preflight","Test":"TestObservationValidity/wrong-plan","Output":"--- PASS: TestObservationValidity/wrong-plan (0.00s)\n"}
{"Time":"2026-09-06T08:35:29.933732+09:00","Action":"pass","Package":"waiting-room/internal/installplan/preflight","Test":"TestObservationValidity/wrong-plan","Elapsed":0}
{"Time":"2026-09-06T08:35:29.93375+09:00","Action":"run","Package":"waiting-room/internal/installplan/preflight","Test":"TestObservationValidity/no-artifact"}
{"Time":"2026-09-06T08:35:29.933752+09:00","Action":"output","Package":"waiting-room/internal/installplan/preflight","Test":"TestObservationValidity/no-artifact","Output":"=== RUN   TestObservationValidity/no-artifact\n"}
{"Time":"2026-09-06T08:35:29.934165+09:00","Action":"output","Package":"waiting-room/internal/installplan/preflight","Test":"TestObservationValidity/no-artifact","Output":"--- PASS: TestObservationValidity/no-artifact (0.00s)\n"}
{"Time":"2026-09-06T08:35:29.934169+09:00","Action":"pass","Package":"waiting-room/internal/installplan/preflight","Test":"TestObservationValidity/no-artifact","Elapsed":0}
{"Time":"2026-09-06T08:35:29.934186+09:00","Action":"run","Package":"waiting-room/internal/installplan/preflight","Test":"TestObservationValidity/no-source"}
{"Time":"2026-09-06T08:35:29.934188+09:00","Action":"output","Package":"waiting-room/internal/installplan/preflight","Test":"TestObservationValidity/no-source","Output":"=== RUN   TestObservationValidity/no-source\n"}
{"Time":"2026-09-06T08:35:29.934598+09:00","Action":"output","Package":"waiting-room/internal/installplan/preflight","Test":"TestObservationValidity/no-source","Output":"--- PASS: TestObservationValidity/no-source (0.00s)\n"}
{"Time":"2026-09-06T08:35:29.934611+09:00","Action":"pass","Package":"waiting-room/internal/installplan/preflight","Test":"TestObservationValidity/no-source","Elapsed":0}
{"Time":"2026-09-06T08:35:29.934627+09:00","Action":"run","Package":"waiting-room/internal/installplan/preflight","Test":"TestObservationValidity/unsafe-method"}
{"Time":"2026-09-06T08:35:29.93463+09:00","Action":"output","Package":"waiting-room/internal/installplan/preflight","Test":"TestObservationValidity/unsafe-method","Output":"=== RUN   TestObservationValidity/unsafe-method\n"}
{"Time":"2026-09-06T08:35:29.935048+09:00","Action":"output","Package":"waiting-room/internal/installplan/preflight","Test":"TestObservationValidity/unsafe-method","Output":"--- PASS: TestObservationValidity/unsafe-method (0.00s)\n"}
{"Time":"2026-09-06T08:35:29.935061+09:00","Action":"pass","Package":"waiting-room/internal/installplan/preflight","Test":"TestObservationValidity/unsafe-method","Elapsed":0}
{"Time":"2026-09-06T08:35:29.935078+09:00","Action":"output","Package":"waiting-room/internal/installplan/preflight","Test":"TestObservationValidity","Output":"--- PASS: TestObservationValidity (0.00s)\n"}
{"Time":"2026-09-06T08:35:29.935094+09:00","Action":"pass","Package":"waiting-room/internal/installplan/preflight","Test":"TestObservationValidity","Elapsed":0}
{"Time":"2026-09-06T08:35:29.935106+09:00","Action":"run","Package":"waiting-room/internal/installplan/preflight","Test":"TestStoreSeverityAndResponsibility"}
{"Time":"2026-09-06T08:35:29.935108+09:00","Action":"output","Package":"waiting-room/internal/installplan/preflight","Test":"TestStoreSeverityAndResponsibility","Output":"=== RUN   TestStoreSeverityAndResponsibility\n"}
{"Time":"2026-09-06T08:35:29.938338+09:00","Action":"output","Package":"waiting-room/internal/installplan/preflight","Test":"TestStoreSeverityAndResponsibility","Output":"--- PASS: TestStoreSeverityAndResponsibility (0.00s)\n"}
{"Time":"2026-09-06T08:35:29.938352+09:00","Action":"pass","Package":"waiting-room/internal/installplan/preflight","Test":"TestStoreSeverityAndResponsibility","Elapsed":0}
{"Time":"2026-09-06T08:35:29.938375+09:00","Action":"run","Package":"waiting-room/internal/installplan/preflight","Test":"TestOriginMustHaveActiveProbe"}
{"Time":"2026-09-06T08:35:29.938385+09:00","Action":"output","Package":"waiting-room/internal/installplan/preflight","Test":"TestOriginMustHaveActiveProbe","Output":"=== RUN   TestOriginMustHaveActiveProbe\n"}
{"Time":"2026-09-06T08:35:29.940017+09:00","Action":"output","Package":"waiting-room/internal/installplan/preflight","Test":"TestOriginMustHaveActiveProbe","Output":"--- PASS: TestOriginMustHaveActiveProbe (0.00s)\n"}
{"Time":"2026-09-06T08:35:29.940023+09:00","Action":"pass","Package":"waiting-room/internal/installplan/preflight","Test":"TestOriginMustHaveActiveProbe","Elapsed":0}
{"Time":"2026-09-06T08:35:29.940041+09:00","Action":"run","Package":"waiting-room/internal/installplan/preflight","Test":"TestEventDeadlineBoundaries"}
{"Time":"2026-09-06T08:35:29.940043+09:00","Action":"output","Package":"waiting-room/internal/installplan/preflight","Test":"TestEventDeadlineBoundaries","Output":"=== RUN   TestEventDeadlineBoundaries\n"}
{"Time":"2026-09-06T08:35:29.942603+09:00","Action":"output","Package":"waiting-room/internal/installplan/preflight","Test":"TestEventDeadlineBoundaries","Output":"--- PASS: TestEventDeadlineBoundaries (0.00s)\n"}
{"Time":"2026-09-06T08:35:29.94261+09:00","Action":"pass","Package":"waiting-room/internal/installplan/preflight","Test":"TestEventDeadlineBoundaries","Elapsed":0}
{"Time":"2026-09-06T08:35:29.942626+09:00","Action":"run","Package":"waiting-room/internal/installplan/preflight","Test":"TestEventReadinessFailures"}
{"Time":"2026-09-06T08:35:29.94263+09:00","Action":"output","Package":"waiting-room/internal/installplan/preflight","Test":"TestEventReadinessFailures","Output":"=== RUN   TestEventReadinessFailures\n"}
{"Time":"2026-09-06T08:35:29.942689+09:00","Action":"run","Package":"waiting-room/internal/installplan/preflight","Test":"TestEventReadinessFailures/lessGateway"}
{"Time":"2026-09-06T08:35:29.942691+09:00","Action":"output","Package":"waiting-room/internal/installplan/preflight","Test":"TestEventReadinessFailures/lessGateway","Output":"=== RUN   TestEventReadinessFailures/lessGateway\n"}
{"Time":"2026-09-06T08:35:29.943062+09:00","Action":"output","Package":"waiting-room/internal/installplan/preflight","Test":"TestEventReadinessFailures/lessGateway","Output":"--- PASS: TestEventReadinessFailures/lessGateway (0.00s)\n"}
{"Time":"2026-09-06T08:35:29.943078+09:00","Action":"pass","Package":"waiting-room/internal/installplan/preflight","Test":"TestEventReadinessFailures/lessGateway","Elapsed":0}
{"Time":"2026-09-06T08:35:29.943097+09:00","Action":"run","Package":"waiting-room/internal/installplan/preflight","Test":"TestEventReadinessFailures/lessCoordinator"}
{"Time":"2026-09-06T08:35:29.943101+09:00","Action":"output","Package":"waiting-room/internal/installplan/preflight","Test":"TestEventReadinessFailures/lessCoordinator","Output":"=== RUN   TestEventReadinessFailures/lessCoordinator\n"}
{"Time":"2026-09-06T08:35:29.943454+09:00","Action":"output","Package":"waiting-room/internal/installplan/preflight","Test":"TestEventReadinessFailures/lessCoordinator","Output":"--- PASS: TestEventReadinessFailures/lessCoordinator (0.00s)\n"}
{"Time":"2026-09-06T08:35:29.943469+09:00","Action":"pass","Package":"waiting-room/internal/installplan/preflight","Test":"TestEventReadinessFailures/lessCoordinator","Elapsed":0}
{"Time":"2026-09-06T08:35:29.943482+09:00","Action":"run","Package":"waiting-room/internal/installplan/preflight","Test":"TestEventReadinessFailures/pendingGateway"}
{"Time":"2026-09-06T08:35:29.943485+09:00","Action":"output","Package":"waiting-room/internal/installplan/preflight","Test":"TestEventReadinessFailures/pendingGateway","Output":"=== RUN   TestEventReadinessFailures/pendingGateway\n"}
{"Time":"2026-09-06T08:35:29.943833+09:00","Action":"output","Package":"waiting-room/internal/installplan/preflight","Test":"TestEventReadinessFailures/pendingGateway","Output":"--- PASS: TestEventReadinessFailures/pendingGateway (0.00s)\n"}
{"Time":"2026-09-06T08:35:29.943842+09:00","Action":"pass","Package":"waiting-room/internal/installplan/preflight","Test":"TestEventReadinessFailures/pendingGateway","Elapsed":0}
{"Time":"2026-09-06T08:35:29.943851+09:00","Action":"run","Package":"waiting-room/internal/installplan/preflight","Test":"TestEventReadinessFailures/pendingCoordinator"}
{"Time":"2026-09-06T08:35:29.943855+09:00","Action":"output","Package":"waiting-room/internal/installplan/preflight","Test":"TestEventReadinessFailures/pendingCoordinator","Output":"=== RUN   TestEventReadinessFailures/pendingCoordinator\n"}
{"Time":"2026-09-06T08:35:29.944222+09:00","Action":"output","Package":"waiting-room/internal/installplan/preflight","Test":"TestEventReadinessFailures/pendingCoordinator","Output":"--- PASS: TestEventReadinessFailures/pendingCoordinator (0.00s)\n"}
{"Time":"2026-09-06T08:35:29.944236+09:00","Action":"pass","Package":"waiting-room/internal/installplan/preflight","Test":"TestEventReadinessFailures/pendingCoordinator","Elapsed":0}
{"Time":"2026-09-06T08:35:29.944248+09:00","Action":"run","Package":"waiting-room/internal/installplan/preflight","Test":"TestEventReadinessFailures/pendingControl"}
{"Time":"2026-09-06T08:35:29.944252+09:00","Action":"output","Package":"waiting-room/internal/installplan/preflight","Test":"TestEventReadinessFailures/pendingControl","Output":"=== RUN   TestEventReadinessFailures/pendingControl\n"}
{"Time":"2026-09-06T08:35:29.944586+09:00","Action":"output","Package":"waiting-room/internal/installplan/preflight","Test":"TestEventReadinessFailures/pendingControl","Output":"--- PASS: TestEventReadinessFailures/pendingControl (0.00s)\n"}
{"Time":"2026-09-06T08:35:29.944597+09:00","Action":"pass","Package":"waiting-room/internal/installplan/preflight","Test":"TestEventReadinessFailures/pendingControl","Elapsed":0}
{"Time":"2026-09-06T08:35:29.944606+09:00","Action":"run","Package":"waiting-room/internal/installplan/preflight","Test":"TestEventReadinessFailures/invalidCounts"}
{"Time":"2026-09-06T08:35:29.944608+09:00","Action":"output","Package":"waiting-room/internal/installplan/preflight","Test":"TestEventReadinessFailures/invalidCounts","Output":"=== RUN   TestEventReadinessFailures/invalidCounts\n"}
{"Time":"2026-09-06T08:35:29.944963+09:00","Action":"output","Package":"waiting-room/internal/installplan/preflight","Test":"TestEventReadinessFailures/invalidCounts","Output":"--- PASS: TestEventReadinessFailures/invalidCounts (0.00s)\n"}
{"Time":"2026-09-06T08:35:29.944976+09:00","Action":"pass","Package":"waiting-room/internal/installplan/preflight","Test":"TestEventReadinessFailures/invalidCounts","Elapsed":0}
{"Time":"2026-09-06T08:35:29.944979+09:00","Action":"run","Package":"waiting-room/internal/installplan/preflight","Test":"TestEventReadinessFailures/overMax"}
{"Time":"2026-09-06T08:35:29.944981+09:00","Action":"output","Package":"waiting-room/internal/installplan/preflight","Test":"TestEventReadinessFailures/overMax","Output":"=== RUN   TestEventReadinessFailures/overMax\n"}
{"Time":"2026-09-06T08:35:29.945333+09:00","Action":"output","Package":"waiting-room/internal/installplan/preflight","Test":"TestEventReadinessFailures/overMax","Output":"--- PASS: TestEventReadinessFailures/overMax (0.00s)\n"}
{"Time":"2026-09-06T08:35:29.945354+09:00","Action":"pass","Package":"waiting-room/internal/installplan/preflight","Test":"TestEventReadinessFailures/overMax","Elapsed":0}
{"Time":"2026-09-06T08:35:29.945358+09:00","Action":"run","Package":"waiting-room/internal/installplan/preflight","Test":"TestEventReadinessFailures/negative"}
{"Time":"2026-09-06T08:35:29.945361+09:00","Action":"output","Package":"waiting-room/internal/installplan/preflight","Test":"TestEventReadinessFailures/negative","Output":"=== RUN   TestEventReadinessFailures/negative\n"}
{"Time":"2026-09-06T08:35:29.945785+09:00","Action":"output","Package":"waiting-room/internal/installplan/preflight","Test":"TestEventReadinessFailures/negative","Output":"--- PASS: TestEventReadinessFailures/negative (0.00s)\n"}
{"Time":"2026-09-06T08:35:29.945805+09:00","Action":"pass","Package":"waiting-room/internal/installplan/preflight","Test":"TestEventReadinessFailures/negative","Elapsed":0}
{"Time":"2026-09-06T08:35:29.945819+09:00","Action":"run","Package":"waiting-room/internal/installplan/preflight","Test":"TestEventReadinessFailures/rttExact2"}
{"Time":"2026-09-06T08:35:29.945823+09:00","Action":"output","Package":"waiting-room/internal/installplan/preflight","Test":"TestEventReadinessFailures/rttExact2","Output":"=== RUN   TestEventReadinessFailures/rttExact2\n"}
{"Time":"2026-09-06T08:35:29.946219+09:00","Action":"output","Package":"waiting-room/internal/installplan/preflight","Test":"TestEventReadinessFailures/rttExact2","Output":"--- PASS: TestEventReadinessFailures/rttExact2 (0.00s)\n"}
{"Time":"2026-09-06T08:35:29.946222+09:00","Action":"pass","Package":"waiting-room/internal/installplan/preflight","Test":"TestEventReadinessFailures/rttExact2","Elapsed":0}
{"Time":"2026-09-06T08:35:29.946224+09:00","Action":"run","Package":"waiting-room/internal/installplan/preflight","Test":"TestEventReadinessFailures/rttBelow2"}
{"Time":"2026-09-06T08:35:29.946225+09:00","Action":"output","Package":"waiting-room/internal/installplan/preflight","Test":"TestEventReadinessFailures/rttBelow2","Output":"=== RUN   TestEventReadinessFailures/rttBelow2\n"}
{"Time":"2026-09-06T08:35:29.946518+09:00","Action":"output","Package":"waiting-room/internal/installplan/preflight","Test":"TestEventReadinessFailures/rttBelow2","Output":"--- PASS: TestEventReadinessFailures/rttBelow2 (0.00s)\n"}
{"Time":"2026-09-06T08:35:29.946527+09:00","Action":"pass","Package":"waiting-room/internal/installplan/preflight","Test":"TestEventReadinessFailures/rttBelow2","Elapsed":0}
{"Time":"2026-09-06T08:35:29.94653+09:00","Action":"run","Package":"waiting-room/internal/installplan/preflight","Test":"TestEventReadinessFailures/rttZero"}
{"Time":"2026-09-06T08:35:29.946531+09:00","Action":"output","Package":"waiting-room/internal/installplan/preflight","Test":"TestEventReadinessFailures/rttZero","Output":"=== RUN   TestEventReadinessFailures/rttZero\n"}
{"Time":"2026-09-06T08:35:29.946803+09:00","Action":"output","Package":"waiting-room/internal/installplan/preflight","Test":"TestEventReadinessFailures/rttZero","Output":"--- PASS: TestEventReadinessFailures/rttZero (0.00s)\n"}
{"Time":"2026-09-06T08:35:29.946808+09:00","Action":"pass","Package":"waiting-room/internal/installplan/preflight","Test":"TestEventReadinessFailures/rttZero","Elapsed":0}
{"Time":"2026-09-06T08:35:29.946823+09:00","Action":"run","Package":"waiting-room/internal/installplan/preflight","Test":"TestEventReadinessFailures/rttNegative"}
{"Time":"2026-09-06T08:35:29.946828+09:00","Action":"output","Package":"waiting-room/internal/installplan/preflight","Test":"TestEventReadinessFailures/rttNegative","Output":"=== RUN   TestEventReadinessFailures/rttNegative\n"}
{"Time":"2026-09-06T08:35:29.947164+09:00","Action":"output","Package":"waiting-room/internal/installplan/preflight","Test":"TestEventReadinessFailures/rttNegative","Output":"--- PASS: TestEventReadinessFailures/rttNegative (0.00s)\n"}
{"Time":"2026-09-06T08:35:29.947179+09:00","Action":"pass","Package":"waiting-room/internal/installplan/preflight","Test":"TestEventReadinessFailures/rttNegative","Elapsed":0}
{"Time":"2026-09-06T08:35:29.947185+09:00","Action":"run","Package":"waiting-room/internal/installplan/preflight","Test":"TestEventReadinessFailures/noSamples"}
{"Time":"2026-09-06T08:35:29.947188+09:00","Action":"output","Package":"waiting-room/internal/installplan/preflight","Test":"TestEventReadinessFailures/noSamples","Output":"=== RUN   TestEventReadinessFailures/noSamples\n"}
{"Time":"2026-09-06T08:35:29.947516+09:00","Action":"output","Package":"waiting-room/internal/installplan/preflight","Test":"TestEventReadinessFailures/noSamples","Output":"--- PASS: TestEventReadinessFailures/noSamples (0.00s)\n"}
{"Time":"2026-09-06T08:35:29.947527+09:00","Action":"pass","Package":"waiting-room/internal/installplan/preflight","Test":"TestEventReadinessFailures/noSamples","Elapsed":0}
{"Time":"2026-09-06T08:35:29.947532+09:00","Action":"run","Package":"waiting-room/internal/installplan/preflight","Test":"TestEventReadinessFailures/wrongEvent"}
{"Time":"2026-09-06T08:35:29.947534+09:00","Action":"output","Package":"waiting-room/internal/installplan/preflight","Test":"TestEventReadinessFailures/wrongEvent","Output":"=== RUN   TestEventReadinessFailures/wrongEvent\n"}
{"Time":"2026-09-06T08:35:29.947872+09:00","Action":"output","Package":"waiting-room/internal/installplan/preflight","Test":"TestEventReadinessFailures/wrongEvent","Output":"--- PASS: TestEventReadinessFailures/wrongEvent (0.00s)\n"}
{"Time":"2026-09-06T08:35:29.947886+09:00","Action":"pass","Package":"waiting-room/internal/installplan/preflight","Test":"TestEventReadinessFailures/wrongEvent","Elapsed":0}
{"Time":"2026-09-06T08:35:29.947908+09:00","Action":"output","Package":"waiting-room/internal/installplan/preflight","Test":"TestEventReadinessFailures","Output":"--- PASS: TestEventReadinessFailures (0.01s)\n"}
{"Time":"2026-09-06T08:35:29.947914+09:00","Action":"pass","Package":"waiting-room/internal/installplan/preflight","Test":"TestEventReadinessFailures","Elapsed":0.01}
{"Time":"2026-09-06T08:35:29.947923+09:00","Action":"run","Package":"waiting-room/internal/installplan/preflight","Test":"TestReportNeverGrantsActivation"}
{"Time":"2026-09-06T08:35:29.947926+09:00","Action":"output","Package":"waiting-room/internal/installplan/preflight","Test":"TestReportNeverGrantsActivation","Output":"=== RUN   TestReportNeverGrantsActivation\n"}
{"Time":"2026-09-06T08:35:29.948869+09:00","Action":"output","Package":"waiting-room/internal/installplan/preflight","Test":"TestReportNeverGrantsActivation","Output":"--- PASS: TestReportNeverGrantsActivation (0.00s)\n"}
{"Time":"2026-09-06T08:35:29.948878+09:00","Action":"pass","Package":"waiting-room/internal/installplan/preflight","Test":"TestReportNeverGrantsActivation","Elapsed":0}
{"Time":"2026-09-06T08:35:29.948896+09:00","Action":"run","Package":"waiting-room/internal/installplan/preflight","Test":"TestMissingAndInvalidEventEvidence"}
{"Time":"2026-09-06T08:35:29.9489+09:00","Action":"output","Package":"waiting-room/internal/installplan/preflight","Test":"TestMissingAndInvalidEventEvidence","Output":"=== RUN   TestMissingAndInvalidEventEvidence\n"}
{"Time":"2026-09-06T08:35:29.948925+09:00","Action":"run","Package":"waiting-room/internal/installplan/preflight","Test":"TestMissingAndInvalidEventEvidence/missing-snapshots"}
{"Time":"2026-09-06T08:35:29.948933+09:00","Action":"output","Package":"waiting-room/internal/installplan/preflight","Test":"TestMissingAndInvalidEventEvidence/missing-snapshots","Output":"=== RUN   TestMissingAndInvalidEventEvidence/missing-snapshots\n"}
{"Time":"2026-09-06T08:35:29.94925+09:00","Action":"output","Package":"waiting-room/internal/installplan/preflight","Test":"TestMissingAndInvalidEventEvidence/missing-snapshots","Output":"--- PASS: TestMissingAndInvalidEventEvidence/missing-snapshots (0.00s)\n"}
{"Time":"2026-09-06T08:35:29.949261+09:00","Action":"pass","Package":"waiting-room/internal/installplan/preflight","Test":"TestMissingAndInvalidEventEvidence/missing-snapshots","Elapsed":0}
{"Time":"2026-09-06T08:35:29.949265+09:00","Action":"run","Package":"waiting-room/internal/installplan/preflight","Test":"TestMissingAndInvalidEventEvidence/invalid-time"}
{"Time":"2026-09-06T08:35:29.949273+09:00","Action":"output","Package":"waiting-room/internal/installplan/preflight","Test":"TestMissingAndInvalidEventEvidence/invalid-time","Output":"=== RUN   TestMissingAndInvalidEventEvidence/invalid-time\n"}
{"Time":"2026-09-06T08:35:29.94957+09:00","Action":"output","Package":"waiting-room/internal/installplan/preflight","Test":"TestMissingAndInvalidEventEvidence/invalid-time","Output":"--- PASS: TestMissingAndInvalidEventEvidence/invalid-time (0.00s)\n"}
{"Time":"2026-09-06T08:35:29.949581+09:00","Action":"pass","Package":"waiting-room/internal/installplan/preflight","Test":"TestMissingAndInvalidEventEvidence/invalid-time","Elapsed":0}
{"Time":"2026-09-06T08:35:29.949585+09:00","Action":"run","Package":"waiting-room/internal/installplan/preflight","Test":"TestMissingAndInvalidEventEvidence/invalid-identity"}
{"Time":"2026-09-06T08:35:29.949587+09:00","Action":"output","Package":"waiting-room/internal/installplan/preflight","Test":"TestMissingAndInvalidEventEvidence/invalid-identity","Output":"=== RUN   TestMissingAndInvalidEventEvidence/invalid-identity\n"}
{"Time":"2026-09-06T08:35:29.949884+09:00","Action":"output","Package":"waiting-room/internal/installplan/preflight","Test":"TestMissingAndInvalidEventEvidence/invalid-identity","Output":"--- PASS: TestMissingAndInvalidEventEvidence/invalid-identity (0.00s)\n"}
{"Time":"2026-09-06T08:35:29.949897+09:00","Action":"pass","Package":"waiting-room/internal/installplan/preflight","Test":"TestMissingAndInvalidEventEvidence/invalid-identity","Elapsed":0}
{"Time":"2026-09-06T08:35:29.950131+09:00","Action":"output","Package":"waiting-room/internal/installplan/preflight","Test":"TestMissingAndInvalidEventEvidence","Output":"--- PASS: TestMissingAndInvalidEventEvidence (0.00s)\n"}
{"Time":"2026-09-06T08:35:29.950136+09:00","Action":"pass","Package":"waiting-room/internal/installplan/preflight","Test":"TestMissingAndInvalidEventEvidence","Elapsed":0}
{"Time":"2026-09-06T08:35:29.950148+09:00","Action":"run","Package":"waiting-room/internal/installplan/preflight","Test":"TestContextBindingAndDeterminism"}
{"Time":"2026-09-06T08:35:29.95015+09:00","Action":"output","Package":"waiting-room/internal/installplan/preflight","Test":"TestContextBindingAndDeterminism","Output":"=== RUN   TestContextBindingAndDeterminism\n"}
{"Time":"2026-09-06T08:35:29.950576+09:00","Action":"run","Package":"waiting-room/internal/installplan/preflight","Test":"TestContextBindingAndDeterminism/repeat"}
{"Time":"2026-09-06T08:35:29.95058+09:00","Action":"output","Package":"waiting-room/internal/installplan/preflight","Test":"TestContextBindingAndDeterminism/repeat","Output":"=== RUN   TestContextBindingAndDeterminism/repeat\n"}
{"Time":"2026-09-06T08:35:29.950591+09:00","Action":"output","Package":"waiting-room/internal/installplan/preflight","Test":"TestContextBindingAndDeterminism/repeat","Output":"=== PAUSE TestContextBindingAndDeterminism/repeat\n"}
{"Time":"2026-09-06T08:35:29.950594+09:00","Action":"pause","Package":"waiting-room/internal/installplan/preflight","Test":"TestContextBindingAndDeterminism/repeat"}
{"Time":"2026-09-06T08:35:29.950617+09:00","Action":"run","Package":"waiting-room/internal/installplan/preflight","Test":"TestContextBindingAndDeterminism/repeat#01"}
{"Time":"2026-09-06T08:35:29.950621+09:00","Action":"output","Package":"waiting-room/internal/installplan/preflight","Test":"TestContextBindingAndDeterminism/repeat#01","Output":"=== RUN   TestContextBindingAndDeterminism/repeat#01\n"}
{"Time":"2026-09-06T08:35:29.950639+09:00","Action":"output","Package":"waiting-room/internal/installplan/preflight","Test":"TestContextBindingAndDeterminism/repeat#01","Output":"=== PAUSE TestContextBindingAndDeterminism/repeat#01\n"}
{"Time":"2026-09-06T08:35:29.950643+09:00","Action":"pause","Package":"waiting-room/internal/installplan/preflight","Test":"TestContextBindingAndDeterminism/repeat#01"}
{"Time":"2026-09-06T08:35:29.950662+09:00","Action":"run","Package":"waiting-room/internal/installplan/preflight","Test":"TestContextBindingAndDeterminism/repeat#02"}
{"Time":"2026-09-06T08:35:29.950666+09:00","Action":"output","Package":"waiting-room/internal/installplan/preflight","Test":"TestContextBindingAndDeterminism/repeat#02","Output":"=== RUN   TestContextBindingAndDeterminism/repeat#02\n"}
{"Time":"2026-09-06T08:35:29.950682+09:00","Action":"output","Package":"waiting-room/internal/installplan/preflight","Test":"TestContextBindingAndDeterminism/repeat#02","Output":"=== PAUSE TestContextBindingAndDeterminism/repeat#02\n"}
{"Time":"2026-09-06T08:35:29.950685+09:00","Action":"pause","Package":"waiting-room/internal/installplan/preflight","Test":"TestContextBindingAndDeterminism/repeat#02"}
{"Time":"2026-09-06T08:35:29.950703+09:00","Action":"run","Package":"waiting-room/internal/installplan/preflight","Test":"TestContextBindingAndDeterminism/repeat#03"}
{"Time":"2026-09-06T08:35:29.950707+09:00","Action":"output","Package":"waiting-room/internal/installplan/preflight","Test":"TestContextBindingAndDeterminism/repeat#03","Output":"=== RUN   TestContextBindingAndDeterminism/repeat#03\n"}
{"Time":"2026-09-06T08:35:29.950718+09:00","Action":"output","Package":"waiting-room/internal/installplan/preflight","Test":"TestContextBindingAndDeterminism/repeat#03","Output":"=== PAUSE TestContextBindingAndDeterminism/repeat#03\n"}
{"Time":"2026-09-06T08:35:29.950725+09:00","Action":"pause","Package":"waiting-room/internal/installplan/preflight","Test":"TestContextBindingAndDeterminism/repeat#03"}
{"Time":"2026-09-06T08:35:29.95074+09:00","Action":"run","Package":"waiting-room/internal/installplan/preflight","Test":"TestContextBindingAndDeterminism/repeat#04"}
{"Time":"2026-09-06T08:35:29.950742+09:00","Action":"output","Package":"waiting-room/internal/installplan/preflight","Test":"TestContextBindingAndDeterminism/repeat#04","Output":"=== RUN   TestContextBindingAndDeterminism/repeat#04\n"}
{"Time":"2026-09-06T08:35:29.950762+09:00","Action":"output","Package":"waiting-room/internal/installplan/preflight","Test":"TestContextBindingAndDeterminism/repeat#04","Output":"=== PAUSE TestContextBindingAndDeterminism/repeat#04\n"}
{"Time":"2026-09-06T08:35:29.950764+09:00","Action":"pause","Package":"waiting-room/internal/installplan/preflight","Test":"TestContextBindingAndDeterminism/repeat#04"}
{"Time":"2026-09-06T08:35:29.950786+09:00","Action":"run","Package":"waiting-room/internal/installplan/preflight","Test":"TestContextBindingAndDeterminism/repeat#05"}
{"Time":"2026-09-06T08:35:29.950789+09:00","Action":"output","Package":"waiting-room/internal/installplan/preflight","Test":"TestContextBindingAndDeterminism/repeat#05","Output":"=== RUN   TestContextBindingAndDeterminism/repeat#05\n"}
{"Time":"2026-09-06T08:35:29.950801+09:00","Action":"output","Package":"waiting-room/internal/installplan/preflight","Test":"TestContextBindingAndDeterminism/repeat#05","Output":"=== PAUSE TestContextBindingAndDeterminism/repeat#05\n"}
{"Time":"2026-09-06T08:35:29.950806+09:00","Action":"pause","Package":"waiting-room/internal/installplan/preflight","Test":"TestContextBindingAndDeterminism/repeat#05"}
{"Time":"2026-09-06T08:35:29.950821+09:00","Action":"run","Package":"waiting-room/internal/installplan/preflight","Test":"TestContextBindingAndDeterminism/repeat#06"}
{"Time":"2026-09-06T08:35:29.950824+09:00","Action":"output","Package":"waiting-room/internal/installplan/preflight","Test":"TestContextBindingAndDeterminism/repeat#06","Output":"=== RUN   TestContextBindingAndDeterminism/repeat#06\n"}
{"Time":"2026-09-06T08:35:29.950827+09:00","Action":"output","Package":"waiting-room/internal/installplan/preflight","Test":"TestContextBindingAndDeterminism/repeat#06","Output":"=== PAUSE TestContextBindingAndDeterminism/repeat#06\n"}
{"Time":"2026-09-06T08:35:29.950829+09:00","Action":"pause","Package":"waiting-room/internal/installplan/preflight","Test":"TestContextBindingAndDeterminism/repeat#06"}
{"Time":"2026-09-06T08:35:29.950852+09:00","Action":"run","Package":"waiting-room/internal/installplan/preflight","Test":"TestContextBindingAndDeterminism/repeat#07"}
{"Time":"2026-09-06T08:35:29.950855+09:00","Action":"output","Package":"waiting-room/internal/installplan/preflight","Test":"TestContextBindingAndDeterminism/repeat#07","Output":"=== RUN   TestContextBindingAndDeterminism/repeat#07\n"}
{"Time":"2026-09-06T08:35:29.950863+09:00","Action":"output","Package":"waiting-room/internal/installplan/preflight","Test":"TestContextBindingAndDeterminism/repeat#07","Output":"=== PAUSE TestContextBindingAndDeterminism/repeat#07\n"}
{"Time":"2026-09-06T08:35:29.950866+09:00","Action":"pause","Package":"waiting-room/internal/installplan/preflight","Test":"TestContextBindingAndDeterminism/repeat#07"}
{"Time":"2026-09-06T08:35:29.950883+09:00","Action":"run","Package":"waiting-room/internal/installplan/preflight","Test":"TestContextBindingAndDeterminism/repeat#08"}
{"Time":"2026-09-06T08:35:29.95089+09:00","Action":"output","Package":"waiting-room/internal/installplan/preflight","Test":"TestContextBindingAndDeterminism/repeat#08","Output":"=== RUN   TestContextBindingAndDeterminism/repeat#08\n"}
{"Time":"2026-09-06T08:35:29.950893+09:00","Action":"output","Package":"waiting-room/internal/installplan/preflight","Test":"TestContextBindingAndDeterminism/repeat#08","Output":"=== PAUSE TestContextBindingAndDeterminism/repeat#08\n"}
{"Time":"2026-09-06T08:35:29.950894+09:00","Action":"pause","Package":"waiting-room/internal/installplan/preflight","Test":"TestContextBindingAndDeterminism/repeat#08"}
{"Time":"2026-09-06T08:35:29.950914+09:00","Action":"run","Package":"waiting-room/internal/installplan/preflight","Test":"TestContextBindingAndDeterminism/repeat#09"}
{"Time":"2026-09-06T08:35:29.950916+09:00","Action":"output","Package":"waiting-room/internal/installplan/preflight","Test":"TestContextBindingAndDeterminism/repeat#09","Output":"=== RUN   TestContextBindingAndDeterminism/repeat#09\n"}
{"Time":"2026-09-06T08:35:29.950935+09:00","Action":"output","Package":"waiting-room/internal/installplan/preflight","Test":"TestContextBindingAndDeterminism/repeat#09","Output":"=== PAUSE TestContextBindingAndDeterminism/repeat#09\n"}
{"Time":"2026-09-06T08:35:29.950938+09:00","Action":"pause","Package":"waiting-room/internal/installplan/preflight","Test":"TestContextBindingAndDeterminism/repeat#09"}
{"Time":"2026-09-06T08:35:29.950957+09:00","Action":"run","Package":"waiting-room/internal/installplan/preflight","Test":"TestContextBindingAndDeterminism/repeat#10"}
{"Time":"2026-09-06T08:35:29.95096+09:00","Action":"output","Package":"waiting-room/internal/installplan/preflight","Test":"TestContextBindingAndDeterminism/repeat#10","Output":"=== RUN   TestContextBindingAndDeterminism/repeat#10\n"}
{"Time":"2026-09-06T08:35:29.950976+09:00","Action":"output","Package":"waiting-room/internal/installplan/preflight","Test":"TestContextBindingAndDeterminism/repeat#10","Output":"=== PAUSE TestContextBindingAndDeterminism/repeat#10\n"}
{"Time":"2026-09-06T08:35:29.950979+09:00","Action":"pause","Package":"waiting-room/internal/installplan/preflight","Test":"TestContextBindingAndDeterminism/repeat#10"}
{"Time":"2026-09-06T08:35:29.950996+09:00","Action":"run","Package":"waiting-room/internal/installplan/preflight","Test":"TestContextBindingAndDeterminism/repeat#11"}
{"Time":"2026-09-06T08:35:29.950998+09:00","Action":"output","Package":"waiting-room/internal/installplan/preflight","Test":"TestContextBindingAndDeterminism/repeat#11","Output":"=== RUN   TestContextBindingAndDeterminism/repeat#11\n"}
{"Time":"2026-09-06T08:35:29.95101+09:00","Action":"output","Package":"waiting-room/internal/installplan/preflight","Test":"TestContextBindingAndDeterminism/repeat#11","Output":"=== PAUSE TestContextBindingAndDeterminism/repeat#11\n"}
{"Time":"2026-09-06T08:35:29.951013+09:00","Action":"pause","Package":"waiting-room/internal/installplan/preflight","Test":"TestContextBindingAndDeterminism/repeat#11"}
{"Time":"2026-09-06T08:35:29.951028+09:00","Action":"run","Package":"waiting-room/internal/installplan/preflight","Test":"TestContextBindingAndDeterminism/repeat#12"}
{"Time":"2026-09-06T08:35:29.951032+09:00","Action":"output","Package":"waiting-room/internal/installplan/preflight","Test":"TestContextBindingAndDeterminism/repeat#12","Output":"=== RUN   TestContextBindingAndDeterminism/repeat#12\n"}
{"Time":"2026-09-06T08:35:29.951042+09:00","Action":"output","Package":"waiting-room/internal/installplan/preflight","Test":"TestContextBindingAndDeterminism/repeat#12","Output":"=== PAUSE TestContextBindingAndDeterminism/repeat#12\n"}
{"Time":"2026-09-06T08:35:29.951048+09:00","Action":"pause","Package":"waiting-room/internal/installplan/preflight","Test":"TestContextBindingAndDeterminism/repeat#12"}
{"Time":"2026-09-06T08:35:29.951061+09:00","Action":"run","Package":"waiting-room/internal/installplan/preflight","Test":"TestContextBindingAndDeterminism/repeat#13"}
{"Time":"2026-09-06T08:35:29.951065+09:00","Action":"output","Package":"waiting-room/internal/installplan/preflight","Test":"TestContextBindingAndDeterminism/repeat#13","Output":"=== RUN   TestContextBindingAndDeterminism/repeat#13\n"}
{"Time":"2026-09-06T08:35:29.951067+09:00","Action":"output","Package":"waiting-room/internal/installplan/preflight","Test":"TestContextBindingAndDeterminism/repeat#13","Output":"=== PAUSE TestContextBindingAndDeterminism/repeat#13\n"}
{"Time":"2026-09-06T08:35:29.951069+09:00","Action":"pause","Package":"waiting-room/internal/installplan/preflight","Test":"TestContextBindingAndDeterminism/repeat#13"}
{"Time":"2026-09-06T08:35:29.951086+09:00","Action":"run","Package":"waiting-room/internal/installplan/preflight","Test":"TestContextBindingAndDeterminism/repeat#14"}
{"Time":"2026-09-06T08:35:29.95109+09:00","Action":"output","Package":"waiting-room/internal/installplan/preflight","Test":"TestContextBindingAndDeterminism/repeat#14","Output":"=== RUN   TestContextBindingAndDeterminism/repeat#14\n"}
{"Time":"2026-09-06T08:35:29.951103+09:00","Action":"output","Package":"waiting-room/internal/installplan/preflight","Test":"TestContextBindingAndDeterminism/repeat#14","Output":"=== PAUSE TestContextBindingAndDeterminism/repeat#14\n"}
{"Time":"2026-09-06T08:35:29.951107+09:00","Action":"pause","Package":"waiting-room/internal/installplan/preflight","Test":"TestContextBindingAndDeterminism/repeat#14"}
{"Time":"2026-09-06T08:35:29.951123+09:00","Action":"run","Package":"waiting-room/internal/installplan/preflight","Test":"TestContextBindingAndDeterminism/repeat#15"}
{"Time":"2026-09-06T08:35:29.951126+09:00","Action":"output","Package":"waiting-room/internal/installplan/preflight","Test":"TestContextBindingAndDeterminism/repeat#15","Output":"=== RUN   TestContextBindingAndDeterminism/repeat#15\n"}
{"Time":"2026-09-06T08:35:29.951134+09:00","Action":"output","Package":"waiting-room/internal/installplan/preflight","Test":"TestContextBindingAndDeterminism/repeat#15","Output":"=== PAUSE TestContextBindingAndDeterminism/repeat#15\n"}
{"Time":"2026-09-06T08:35:29.951137+09:00","Action":"pause","Package":"waiting-room/internal/installplan/preflight","Test":"TestContextBindingAndDeterminism/repeat#15"}
{"Time":"2026-09-06T08:35:29.951153+09:00","Action":"run","Package":"waiting-room/internal/installplan/preflight","Test":"TestContextBindingAndDeterminism/repeat#16"}
{"Time":"2026-09-06T08:35:29.951156+09:00","Action":"output","Package":"waiting-room/internal/installplan/preflight","Test":"TestContextBindingAndDeterminism/repeat#16","Output":"=== RUN   TestContextBindingAndDeterminism/repeat#16\n"}
{"Time":"2026-09-06T08:35:29.951172+09:00","Action":"output","Package":"waiting-room/internal/installplan/preflight","Test":"TestContextBindingAndDeterminism/repeat#16","Output":"=== PAUSE TestContextBindingAndDeterminism/repeat#16\n"}
{"Time":"2026-09-06T08:35:29.951175+09:00","Action":"pause","Package":"waiting-room/internal/installplan/preflight","Test":"TestContextBindingAndDeterminism/repeat#16"}
{"Time":"2026-09-06T08:35:29.951199+09:00","Action":"run","Package":"waiting-room/internal/installplan/preflight","Test":"TestContextBindingAndDeterminism/repeat#17"}
{"Time":"2026-09-06T08:35:29.951203+09:00","Action":"output","Package":"waiting-room/internal/installplan/preflight","Test":"TestContextBindingAndDeterminism/repeat#17","Output":"=== RUN   TestContextBindingAndDeterminism/repeat#17\n"}
{"Time":"2026-09-06T08:35:29.951216+09:00","Action":"output","Package":"waiting-room/internal/installplan/preflight","Test":"TestContextBindingAndDeterminism/repeat#17","Output":"=== PAUSE TestContextBindingAndDeterminism/repeat#17\n"}
{"Time":"2026-09-06T08:35:29.951219+09:00","Action":"pause","Package":"waiting-room/internal/installplan/preflight","Test":"TestContextBindingAndDeterminism/repeat#17"}
{"Time":"2026-09-06T08:35:29.951233+09:00","Action":"run","Package":"waiting-room/internal/installplan/preflight","Test":"TestContextBindingAndDeterminism/repeat#18"}
{"Time":"2026-09-06T08:35:29.951237+09:00","Action":"output","Package":"waiting-room/internal/installplan/preflight","Test":"TestContextBindingAndDeterminism/repeat#18","Output":"=== RUN   TestContextBindingAndDeterminism/repeat#18\n"}
{"Time":"2026-09-06T08:35:29.951257+09:00","Action":"output","Package":"waiting-room/internal/installplan/preflight","Test":"TestContextBindingAndDeterminism/repeat#18","Output":"=== PAUSE TestContextBindingAndDeterminism/repeat#18\n"}
{"Time":"2026-09-06T08:35:29.951262+09:00","Action":"pause","Package":"waiting-room/internal/installplan/preflight","Test":"TestContextBindingAndDeterminism/repeat#18"}
{"Time":"2026-09-06T08:35:29.951275+09:00","Action":"run","Package":"waiting-room/internal/installplan/preflight","Test":"TestContextBindingAndDeterminism/repeat#19"}
{"Time":"2026-09-06T08:35:29.951282+09:00","Action":"output","Package":"waiting-room/internal/installplan/preflight","Test":"TestContextBindingAndDeterminism/repeat#19","Output":"=== RUN   TestContextBindingAndDeterminism/repeat#19\n"}
{"Time":"2026-09-06T08:35:29.951284+09:00","Action":"output","Package":"waiting-room/internal/installplan/preflight","Test":"TestContextBindingAndDeterminism/repeat#19","Output":"=== PAUSE TestContextBindingAndDeterminism/repeat#19\n"}
{"Time":"2026-09-06T08:35:29.951286+09:00","Action":"pause","Package":"waiting-room/internal/installplan/preflight","Test":"TestContextBindingAndDeterminism/repeat#19"}
{"Time":"2026-09-06T08:35:29.951308+09:00","Action":"run","Package":"waiting-room/internal/installplan/preflight","Test":"TestContextBindingAndDeterminism/repeat#20"}
{"Time":"2026-09-06T08:35:29.951312+09:00","Action":"output","Package":"waiting-room/internal/installplan/preflight","Test":"TestContextBindingAndDeterminism/repeat#20","Output":"=== RUN   TestContextBindingAndDeterminism/repeat#20\n"}
{"Time":"2026-09-06T08:35:29.951317+09:00","Action":"output","Package":"waiting-room/internal/installplan/preflight","Test":"TestContextBindingAndDeterminism/repeat#20","Output":"=== PAUSE TestContextBindingAndDeterminism/repeat#20\n"}
{"Time":"2026-09-06T08:35:29.951318+09:00","Action":"pause","Package":"waiting-room/internal/installplan/preflight","Test":"TestContextBindingAndDeterminism/repeat#20"}
{"Time":"2026-09-06T08:35:29.951342+09:00","Action":"run","Package":"waiting-room/internal/installplan/preflight","Test":"TestContextBindingAndDeterminism/repeat#21"}
{"Time":"2026-09-06T08:35:29.951345+09:00","Action":"output","Package":"waiting-room/internal/installplan/preflight","Test":"TestContextBindingAndDeterminism/repeat#21","Output":"=== RUN   TestContextBindingAndDeterminism/repeat#21\n"}
{"Time":"2026-09-06T08:35:29.951353+09:00","Action":"output","Package":"waiting-room/internal/installplan/preflight","Test":"TestContextBindingAndDeterminism/repeat#21","Output":"=== PAUSE TestContextBindingAndDeterminism/repeat#21\n"}
{"Time":"2026-09-06T08:35:29.951356+09:00","Action":"pause","Package":"waiting-room/internal/installplan/preflight","Test":"TestContextBindingAndDeterminism/repeat#21"}
{"Time":"2026-09-06T08:35:29.951371+09:00","Action":"run","Package":"waiting-room/internal/installplan/preflight","Test":"TestContextBindingAndDeterminism/repeat#22"}
{"Time":"2026-09-06T08:35:29.951375+09:00","Action":"output","Package":"waiting-room/internal/installplan/preflight","Test":"TestContextBindingAndDeterminism/repeat#22","Output":"=== RUN   TestContextBindingAndDeterminism/repeat#22\n"}
{"Time":"2026-09-06T08:35:29.951387+09:00","Action":"output","Package":"waiting-room/internal/installplan/preflight","Test":"TestContextBindingAndDeterminism/repeat#22","Output":"=== PAUSE TestContextBindingAndDeterminism/repeat#22\n"}
{"Time":"2026-09-06T08:35:29.95139+09:00","Action":"pause","Package":"waiting-room/internal/installplan/preflight","Test":"TestContextBindingAndDeterminism/repeat#22"}
{"Time":"2026-09-06T08:35:29.951407+09:00","Action":"run","Package":"waiting-room/internal/installplan/preflight","Test":"TestContextBindingAndDeterminism/repeat#23"}
{"Time":"2026-09-06T08:35:29.951411+09:00","Action":"output","Package":"waiting-room/internal/installplan/preflight","Test":"TestContextBindingAndDeterminism/repeat#23","Output":"=== RUN   TestContextBindingAndDeterminism/repeat#23\n"}
{"Time":"2026-09-06T08:35:29.951424+09:00","Action":"output","Package":"waiting-room/internal/installplan/preflight","Test":"TestContextBindingAndDeterminism/repeat#23","Output":"=== PAUSE TestContextBindingAndDeterminism/repeat#23\n"}
{"Time":"2026-09-06T08:35:29.951428+09:00","Action":"pause","Package":"waiting-room/internal/installplan/preflight","Test":"TestContextBindingAndDeterminism/repeat#23"}
{"Time":"2026-09-06T08:35:29.951444+09:00","Action":"run","Package":"waiting-room/internal/installplan/preflight","Test":"TestContextBindingAndDeterminism/repeat#24"}
{"Time":"2026-09-06T08:35:29.951447+09:00","Action":"output","Package":"waiting-room/internal/installplan/preflight","Test":"TestContextBindingAndDeterminism/repeat#24","Output":"=== RUN   TestContextBindingAndDeterminism/repeat#24\n"}
{"Time":"2026-09-06T08:35:29.951461+09:00","Action":"output","Package":"waiting-room/internal/installplan/preflight","Test":"TestContextBindingAndDeterminism/repeat#24","Output":"=== PAUSE TestContextBindingAndDeterminism/repeat#24\n"}
{"Time":"2026-09-06T08:35:29.951463+09:00","Action":"pause","Package":"waiting-room/internal/installplan/preflight","Test":"TestContextBindingAndDeterminism/repeat#24"}
{"Time":"2026-09-06T08:35:29.951479+09:00","Action":"run","Package":"waiting-room/internal/installplan/preflight","Test":"TestContextBindingAndDeterminism/repeat#25"}
{"Time":"2026-09-06T08:35:29.951482+09:00","Action":"output","Package":"waiting-room/internal/installplan/preflight","Test":"TestContextBindingAndDeterminism/repeat#25","Output":"=== RUN   TestContextBindingAndDeterminism/repeat#25\n"}
{"Time":"2026-09-06T08:35:29.951494+09:00","Action":"output","Package":"waiting-room/internal/installplan/preflight","Test":"TestContextBindingAndDeterminism/repeat#25","Output":"=== PAUSE TestContextBindingAndDeterminism/repeat#25\n"}
{"Time":"2026-09-06T08:35:29.951498+09:00","Action":"pause","Package":"waiting-room/internal/installplan/preflight","Test":"TestContextBindingAndDeterminism/repeat#25"}
{"Time":"2026-09-06T08:35:29.951515+09:00","Action":"run","Package":"waiting-room/internal/installplan/preflight","Test":"TestContextBindingAndDeterminism/repeat#26"}
{"Time":"2026-09-06T08:35:29.951519+09:00","Action":"output","Package":"waiting-room/internal/installplan/preflight","Test":"TestContextBindingAndDeterminism/repeat#26","Output":"=== RUN   TestContextBindingAndDeterminism/repeat#26\n"}
{"Time":"2026-09-06T08:35:29.951531+09:00","Action":"output","Package":"waiting-room/internal/installplan/preflight","Test":"TestContextBindingAndDeterminism/repeat#26","Output":"=== PAUSE TestContextBindingAndDeterminism/repeat#26\n"}
{"Time":"2026-09-06T08:35:29.951535+09:00","Action":"pause","Package":"waiting-room/internal/installplan/preflight","Test":"TestContextBindingAndDeterminism/repeat#26"}
{"Time":"2026-09-06T08:35:29.951548+09:00","Action":"run","Package":"waiting-room/internal/installplan/preflight","Test":"TestContextBindingAndDeterminism/repeat#27"}
{"Time":"2026-09-06T08:35:29.951551+09:00","Action":"output","Package":"waiting-room/internal/installplan/preflight","Test":"TestContextBindingAndDeterminism/repeat#27","Output":"=== RUN   TestContextBindingAndDeterminism/repeat#27\n"}
{"Time":"2026-09-06T08:35:29.951562+09:00","Action":"output","Package":"waiting-room/internal/installplan/preflight","Test":"TestContextBindingAndDeterminism/repeat#27","Output":"=== PAUSE TestContextBindingAndDeterminism/repeat#27\n"}
{"Time":"2026-09-06T08:35:29.951566+09:00","Action":"pause","Package":"waiting-room/internal/installplan/preflight","Test":"TestContextBindingAndDeterminism/repeat#27"}
{"Time":"2026-09-06T08:35:29.95158+09:00","Action":"run","Package":"waiting-room/internal/installplan/preflight","Test":"TestContextBindingAndDeterminism/repeat#28"}
{"Time":"2026-09-06T08:35:29.951583+09:00","Action":"output","Package":"waiting-room/internal/installplan/preflight","Test":"TestContextBindingAndDeterminism/repeat#28","Output":"=== RUN   TestContextBindingAndDeterminism/repeat#28\n"}
{"Time":"2026-09-06T08:35:29.951596+09:00","Action":"output","Package":"waiting-room/internal/installplan/preflight","Test":"TestContextBindingAndDeterminism/repeat#28","Output":"=== PAUSE TestContextBindingAndDeterminism/repeat#28\n"}
{"Time":"2026-09-06T08:35:29.951599+09:00","Action":"pause","Package":"waiting-room/internal/installplan/preflight","Test":"TestContextBindingAndDeterminism/repeat#28"}
{"Time":"2026-09-06T08:35:29.951614+09:00","Action":"run","Package":"waiting-room/internal/installplan/preflight","Test":"TestContextBindingAndDeterminism/repeat#29"}
{"Time":"2026-09-06T08:35:29.951618+09:00","Action":"output","Package":"waiting-room/internal/installplan/preflight","Test":"TestContextBindingAndDeterminism/repeat#29","Output":"=== RUN   TestContextBindingAndDeterminism/repeat#29\n"}
{"Time":"2026-09-06T08:35:29.95162+09:00","Action":"output","Package":"waiting-room/internal/installplan/preflight","Test":"TestContextBindingAndDeterminism/repeat#29","Output":"=== PAUSE TestContextBindingAndDeterminism/repeat#29\n"}
{"Time":"2026-09-06T08:35:29.951622+09:00","Action":"pause","Package":"waiting-room/internal/installplan/preflight","Test":"TestContextBindingAndDeterminism/repeat#29"}
{"Time":"2026-09-06T08:35:29.951645+09:00","Action":"run","Package":"waiting-room/internal/installplan/preflight","Test":"TestContextBindingAndDeterminism/repeat#30"}
{"Time":"2026-09-06T08:35:29.951652+09:00","Action":"output","Package":"waiting-room/internal/installplan/preflight","Test":"TestContextBindingAndDeterminism/repeat#30","Output":"=== RUN   TestContextBindingAndDeterminism/repeat#30\n"}
{"Time":"2026-09-06T08:35:29.951658+09:00","Action":"output","Package":"waiting-room/internal/installplan/preflight","Test":"TestContextBindingAndDeterminism/repeat#30","Output":"=== PAUSE TestContextBindingAndDeterminism/repeat#30\n"}
{"Time":"2026-09-06T08:35:29.95166+09:00","Action":"pause","Package":"waiting-room/internal/installplan/preflight","Test":"TestContextBindingAndDeterminism/repeat#30"}
{"Time":"2026-09-06T08:35:29.951671+09:00","Action":"run","Package":"waiting-room/internal/installplan/preflight","Test":"TestContextBindingAndDeterminism/repeat#31"}
{"Time":"2026-09-06T08:35:29.951675+09:00","Action":"output","Package":"waiting-room/internal/installplan/preflight","Test":"TestContextBindingAndDeterminism/repeat#31","Output":"=== RUN   TestContextBindingAndDeterminism/repeat#31\n"}
{"Time":"2026-09-06T08:35:29.951683+09:00","Action":"output","Package":"waiting-room/internal/installplan/preflight","Test":"TestContextBindingAndDeterminism/repeat#31","Output":"=== PAUSE TestContextBindingAndDeterminism/repeat#31\n"}
{"Time":"2026-09-06T08:35:29.951689+09:00","Action":"pause","Package":"waiting-room/internal/installplan/preflight","Test":"TestContextBindingAndDeterminism/repeat#31"}
{"Time":"2026-09-06T08:35:29.9517+09:00","Action":"run","Package":"waiting-room/internal/installplan/preflight","Test":"TestContextBindingAndDeterminism/repeat#32"}
{"Time":"2026-09-06T08:35:29.951705+09:00","Action":"output","Package":"waiting-room/internal/installplan/preflight","Test":"TestContextBindingAndDeterminism/repeat#32","Output":"=== RUN   TestContextBindingAndDeterminism/repeat#32\n"}
{"Time":"2026-09-06T08:35:29.951721+09:00","Action":"output","Package":"waiting-room/internal/installplan/preflight","Test":"TestContextBindingAndDeterminism/repeat#32","Output":"=== PAUSE TestContextBindingAndDeterminism/repeat#32\n"}
{"Time":"2026-09-06T08:35:29.951725+09:00","Action":"pause","Package":"waiting-room/internal/installplan/preflight","Test":"TestContextBindingAndDeterminism/repeat#32"}
{"Time":"2026-09-06T08:35:29.951737+09:00","Action":"run","Package":"waiting-room/internal/installplan/preflight","Test":"TestContextBindingAndDeterminism/repeat#33"}
{"Time":"2026-09-06T08:35:29.951741+09:00","Action":"output","Package":"waiting-room/internal/installplan/preflight","Test":"TestContextBindingAndDeterminism/repeat#33","Output":"=== RUN   TestContextBindingAndDeterminism/repeat#33\n"}
{"Time":"2026-09-06T08:35:29.95175+09:00","Action":"output","Package":"waiting-room/internal/installplan/preflight","Test":"TestContextBindingAndDeterminism/repeat#33","Output":"=== PAUSE TestContextBindingAndDeterminism/repeat#33\n"}
{"Time":"2026-09-06T08:35:29.951754+09:00","Action":"pause","Package":"waiting-room/internal/installplan/preflight","Test":"TestContextBindingAndDeterminism/repeat#33"}
{"Time":"2026-09-06T08:35:29.951768+09:00","Action":"run","Package":"waiting-room/internal/installplan/preflight","Test":"TestContextBindingAndDeterminism/repeat#34"}
{"Time":"2026-09-06T08:35:29.951772+09:00","Action":"output","Package":"waiting-room/internal/installplan/preflight","Test":"TestContextBindingAndDeterminism/repeat#34","Output":"=== RUN   TestContextBindingAndDeterminism/repeat#34\n"}
{"Time":"2026-09-06T08:35:29.951785+09:00","Action":"output","Package":"waiting-room/internal/installplan/preflight","Test":"TestContextBindingAndDeterminism/repeat#34","Output":"=== PAUSE TestContextBindingAndDeterminism/repeat#34\n"}
{"Time":"2026-09-06T08:35:29.951789+09:00","Action":"pause","Package":"waiting-room/internal/installplan/preflight","Test":"TestContextBindingAndDeterminism/repeat#34"}
{"Time":"2026-09-06T08:35:29.951801+09:00","Action":"run","Package":"waiting-room/internal/installplan/preflight","Test":"TestContextBindingAndDeterminism/repeat#35"}
{"Time":"2026-09-06T08:35:29.951805+09:00","Action":"output","Package":"waiting-room/internal/installplan/preflight","Test":"TestContextBindingAndDeterminism/repeat#35","Output":"=== RUN   TestContextBindingAndDeterminism/repeat#35\n"}
{"Time":"2026-09-06T08:35:29.951817+09:00","Action":"output","Package":"waiting-room/internal/installplan/preflight","Test":"TestContextBindingAndDeterminism/repeat#35","Output":"=== PAUSE TestContextBindingAndDeterminism/repeat#35\n"}
{"Time":"2026-09-06T08:35:29.95182+09:00","Action":"pause","Package":"waiting-room/internal/installplan/preflight","Test":"TestContextBindingAndDeterminism/repeat#35"}
{"Time":"2026-09-06T08:35:29.951836+09:00","Action":"run","Package":"waiting-room/internal/installplan/preflight","Test":"TestContextBindingAndDeterminism/repeat#36"}
{"Time":"2026-09-06T08:35:29.951843+09:00","Action":"output","Package":"waiting-room/internal/installplan/preflight","Test":"TestContextBindingAndDeterminism/repeat#36","Output":"=== RUN   TestContextBindingAndDeterminism/repeat#36\n"}
{"Time":"2026-09-06T08:35:29.951846+09:00","Action":"output","Package":"waiting-room/internal/installplan/preflight","Test":"TestContextBindingAndDeterminism/repeat#36","Output":"=== PAUSE TestContextBindingAndDeterminism/repeat#36\n"}
{"Time":"2026-09-06T08:35:29.951851+09:00","Action":"pause","Package":"waiting-room/internal/installplan/preflight","Test":"TestContextBindingAndDeterminism/repeat#36"}
{"Time":"2026-09-06T08:35:29.951863+09:00","Action":"run","Package":"waiting-room/internal/installplan/preflight","Test":"TestContextBindingAndDeterminism/repeat#37"}
{"Time":"2026-09-06T08:35:29.951867+09:00","Action":"output","Package":"waiting-room/internal/installplan/preflight","Test":"TestContextBindingAndDeterminism/repeat#37","Output":"=== RUN   TestContextBindingAndDeterminism/repeat#37\n"}
{"Time":"2026-09-06T08:35:29.951887+09:00","Action":"output","Package":"waiting-room/internal/installplan/preflight","Test":"TestContextBindingAndDeterminism/repeat#37","Output":"=== PAUSE TestContextBindingAndDeterminism/repeat#37\n"}
{"Time":"2026-09-06T08:35:29.951893+09:00","Action":"pause","Package":"waiting-room/internal/installplan/preflight","Test":"TestContextBindingAndDeterminism/repeat#37"}
{"Time":"2026-09-06T08:35:29.951899+09:00","Action":"run","Package":"waiting-room/internal/installplan/preflight","Test":"TestContextBindingAndDeterminism/repeat#38"}
{"Time":"2026-09-06T08:35:29.951901+09:00","Action":"output","Package":"waiting-room/internal/installplan/preflight","Test":"TestContextBindingAndDeterminism/repeat#38","Output":"=== RUN   TestContextBindingAndDeterminism/repeat#38\n"}
{"Time":"2026-09-06T08:35:29.951917+09:00","Action":"output","Package":"waiting-room/internal/installplan/preflight","Test":"TestContextBindingAndDeterminism/repeat#38","Output":"=== PAUSE TestContextBindingAndDeterminism/repeat#38\n"}
{"Time":"2026-09-06T08:35:29.95192+09:00","Action":"pause","Package":"waiting-room/internal/installplan/preflight","Test":"TestContextBindingAndDeterminism/repeat#38"}
{"Time":"2026-09-06T08:35:29.951936+09:00","Action":"run","Package":"waiting-room/internal/installplan/preflight","Test":"TestContextBindingAndDeterminism/repeat#39"}
{"Time":"2026-09-06T08:35:29.95194+09:00","Action":"output","Package":"waiting-room/internal/installplan/preflight","Test":"TestContextBindingAndDeterminism/repeat#39","Output":"=== RUN   TestContextBindingAndDeterminism/repeat#39\n"}
{"Time":"2026-09-06T08:35:29.951954+09:00","Action":"output","Package":"waiting-room/internal/installplan/preflight","Test":"TestContextBindingAndDeterminism/repeat#39","Output":"=== PAUSE TestContextBindingAndDeterminism/repeat#39\n"}
{"Time":"2026-09-06T08:35:29.951958+09:00","Action":"pause","Package":"waiting-room/internal/installplan/preflight","Test":"TestContextBindingAndDeterminism/repeat#39"}
{"Time":"2026-09-06T08:35:29.95197+09:00","Action":"run","Package":"waiting-room/internal/installplan/preflight","Test":"TestContextBindingAndDeterminism/repeat#40"}
{"Time":"2026-09-06T08:35:29.951974+09:00","Action":"output","Package":"waiting-room/internal/installplan/preflight","Test":"TestContextBindingAndDeterminism/repeat#40","Output":"=== RUN   TestContextBindingAndDeterminism/repeat#40\n"}
{"Time":"2026-09-06T08:35:29.951986+09:00","Action":"output","Package":"waiting-room/internal/installplan/preflight","Test":"TestContextBindingAndDeterminism/repeat#40","Output":"=== PAUSE TestContextBindingAndDeterminism/repeat#40\n"}
{"Time":"2026-09-06T08:35:29.951989+09:00","Action":"pause","Package":"waiting-room/internal/installplan/preflight","Test":"TestContextBindingAndDeterminism/repeat#40"}
{"Time":"2026-09-06T08:35:29.952005+09:00","Action":"run","Package":"waiting-room/internal/installplan/preflight","Test":"TestContextBindingAndDeterminism/repeat#41"}
{"Time":"2026-09-06T08:35:29.952011+09:00","Action":"output","Package":"waiting-room/internal/installplan/preflight","Test":"TestContextBindingAndDeterminism/repeat#41","Output":"=== RUN   TestContextBindingAndDeterminism/repeat#41\n"}
{"Time":"2026-09-06T08:35:29.95203+09:00","Action":"output","Package":"waiting-room/internal/installplan/preflight","Test":"TestContextBindingAndDeterminism/repeat#41","Output":"=== PAUSE TestContextBindingAndDeterminism/repeat#41\n"}
{"Time":"2026-09-06T08:35:29.952034+09:00","Action":"pause","Package":"waiting-room/internal/installplan/preflight","Test":"TestContextBindingAndDeterminism/repeat#41"}
{"Time":"2026-09-06T08:35:29.952047+09:00","Action":"run","Package":"waiting-room/internal/installplan/preflight","Test":"TestContextBindingAndDeterminism/repeat#42"}
{"Time":"2026-09-06T08:35:29.952051+09:00","Action":"output","Package":"waiting-room/internal/installplan/preflight","Test":"TestContextBindingAndDeterminism/repeat#42","Output":"=== RUN   TestContextBindingAndDeterminism/repeat#42\n"}
{"Time":"2026-09-06T08:35:29.952068+09:00","Action":"output","Package":"waiting-room/internal/installplan/preflight","Test":"TestContextBindingAndDeterminism/repeat#42","Output":"=== PAUSE TestContextBindingAndDeterminism/repeat#42\n"}
{"Time":"2026-09-06T08:35:29.95207+09:00","Action":"pause","Package":"waiting-room/internal/installplan/preflight","Test":"TestContextBindingAndDeterminism/repeat#42"}
{"Time":"2026-09-06T08:35:29.952087+09:00","Action":"run","Package":"waiting-room/internal/installplan/preflight","Test":"TestContextBindingAndDeterminism/repeat#43"}
{"Time":"2026-09-06T08:35:29.95209+09:00","Action":"output","Package":"waiting-room/internal/installplan/preflight","Test":"TestContextBindingAndDeterminism/repeat#43","Output":"=== RUN   TestContextBindingAndDeterminism/repeat#43\n"}
{"Time":"2026-09-06T08:35:29.952105+09:00","Action":"output","Package":"waiting-room/internal/installplan/preflight","Test":"TestContextBindingAndDeterminism/repeat#43","Output":"=== PAUSE TestContextBindingAndDeterminism/repeat#43\n"}
{"Time":"2026-09-06T08:35:29.952108+09:00","Action":"pause","Package":"waiting-room/internal/installplan/preflight","Test":"TestContextBindingAndDeterminism/repeat#43"}
{"Time":"2026-09-06T08:35:29.952125+09:00","Action":"run","Package":"waiting-room/internal/installplan/preflight","Test":"TestContextBindingAndDeterminism/repeat#44"}
{"Time":"2026-09-06T08:35:29.952128+09:00","Action":"output","Package":"waiting-room/internal/installplan/preflight","Test":"TestContextBindingAndDeterminism/repeat#44","Output":"=== RUN   TestContextBindingAndDeterminism/repeat#44\n"}
{"Time":"2026-09-06T08:35:29.95214+09:00","Action":"output","Package":"waiting-room/internal/installplan/preflight","Test":"TestContextBindingAndDeterminism/repeat#44","Output":"=== PAUSE TestContextBindingAndDeterminism/repeat#44\n"}
{"Time":"2026-09-06T08:35:29.952143+09:00","Action":"pause","Package":"waiting-room/internal/installplan/preflight","Test":"TestContextBindingAndDeterminism/repeat#44"}
{"Time":"2026-09-06T08:35:29.952162+09:00","Action":"run","Package":"waiting-room/internal/installplan/preflight","Test":"TestContextBindingAndDeterminism/repeat#45"}
{"Time":"2026-09-06T08:35:29.952165+09:00","Action":"output","Package":"waiting-room/internal/installplan/preflight","Test":"TestContextBindingAndDeterminism/repeat#45","Output":"=== RUN   TestContextBindingAndDeterminism/repeat#45\n"}
{"Time":"2026-09-06T08:35:29.952167+09:00","Action":"output","Package":"waiting-room/internal/installplan/preflight","Test":"TestContextBindingAndDeterminism/repeat#45","Output":"=== PAUSE TestContextBindingAndDeterminism/repeat#45\n"}
{"Time":"2026-09-06T08:35:29.952168+09:00","Action":"pause","Package":"waiting-room/internal/installplan/preflight","Test":"TestContextBindingAndDeterminism/repeat#45"}
{"Time":"2026-09-06T08:35:29.95219+09:00","Action":"run","Package":"waiting-room/internal/installplan/preflight","Test":"TestContextBindingAndDeterminism/repeat#46"}
{"Time":"2026-09-06T08:35:29.952194+09:00","Action":"output","Package":"waiting-room/internal/installplan/preflight","Test":"TestContextBindingAndDeterminism/repeat#46","Output":"=== RUN   TestContextBindingAndDeterminism/repeat#46\n"}
{"Time":"2026-09-06T08:35:29.952205+09:00","Action":"output","Package":"waiting-room/internal/installplan/preflight","Test":"TestContextBindingAndDeterminism/repeat#46","Output":"=== PAUSE TestContextBindingAndDeterminism/repeat#46\n"}
{"Time":"2026-09-06T08:35:29.952209+09:00","Action":"pause","Package":"waiting-room/internal/installplan/preflight","Test":"TestContextBindingAndDeterminism/repeat#46"}
{"Time":"2026-09-06T08:35:29.952224+09:00","Action":"run","Package":"waiting-room/internal/installplan/preflight","Test":"TestContextBindingAndDeterminism/repeat#47"}
{"Time":"2026-09-06T08:35:29.952227+09:00","Action":"output","Package":"waiting-room/internal/installplan/preflight","Test":"TestContextBindingAndDeterminism/repeat#47","Output":"=== RUN   TestContextBindingAndDeterminism/repeat#47\n"}
{"Time":"2026-09-06T08:35:29.95224+09:00","Action":"output","Package":"waiting-room/internal/installplan/preflight","Test":"TestContextBindingAndDeterminism/repeat#47","Output":"=== PAUSE TestContextBindingAndDeterminism/repeat#47\n"}
{"Time":"2026-09-06T08:35:29.952244+09:00","Action":"pause","Package":"waiting-room/internal/installplan/preflight","Test":"TestContextBindingAndDeterminism/repeat#47"}
{"Time":"2026-09-06T08:35:29.952259+09:00","Action":"run","Package":"waiting-room/internal/installplan/preflight","Test":"TestContextBindingAndDeterminism/repeat#48"}
{"Time":"2026-09-06T08:35:29.952262+09:00","Action":"output","Package":"waiting-room/internal/installplan/preflight","Test":"TestContextBindingAndDeterminism/repeat#48","Output":"=== RUN   TestContextBindingAndDeterminism/repeat#48\n"}
{"Time":"2026-09-06T08:35:29.952273+09:00","Action":"output","Package":"waiting-room/internal/installplan/preflight","Test":"TestContextBindingAndDeterminism/repeat#48","Output":"=== PAUSE TestContextBindingAndDeterminism/repeat#48\n"}
{"Time":"2026-09-06T08:35:29.952276+09:00","Action":"pause","Package":"waiting-room/internal/installplan/preflight","Test":"TestContextBindingAndDeterminism/repeat#48"}
{"Time":"2026-09-06T08:35:29.952293+09:00","Action":"run","Package":"waiting-room/internal/installplan/preflight","Test":"TestContextBindingAndDeterminism/repeat#49"}
{"Time":"2026-09-06T08:35:29.952296+09:00","Action":"output","Package":"waiting-room/internal/installplan/preflight","Test":"TestContextBindingAndDeterminism/repeat#49","Output":"=== RUN   TestContextBindingAndDeterminism/repeat#49\n"}
{"Time":"2026-09-06T08:35:29.952309+09:00","Action":"output","Package":"waiting-room/internal/installplan/preflight","Test":"TestContextBindingAndDeterminism/repeat#49","Output":"=== PAUSE TestContextBindingAndDeterminism/repeat#49\n"}
{"Time":"2026-09-06T08:35:29.952312+09:00","Action":"pause","Package":"waiting-room/internal/installplan/preflight","Test":"TestContextBindingAndDeterminism/repeat#49"}
{"Time":"2026-09-06T08:35:29.952667+09:00","Action":"cont","Package":"waiting-room/internal/installplan/preflight","Test":"TestContextBindingAndDeterminism/repeat"}
{"Time":"2026-09-06T08:35:29.952671+09:00","Action":"output","Package":"waiting-room/internal/installplan/preflight","Test":"TestContextBindingAndDeterminism/repeat","Output":"=== CONT  TestContextBindingAndDeterminism/repeat\n"}
{"Time":"2026-09-06T08:35:29.952732+09:00","Action":"cont","Package":"waiting-room/internal/installplan/preflight","Test":"TestContextBindingAndDeterminism/repeat#24"}
{"Time":"2026-09-06T08:35:29.952736+09:00","Action":"output","Package":"waiting-room/internal/installplan/preflight","Test":"TestContextBindingAndDeterminism/repeat#24","Output":"=== CONT  TestContextBindingAndDeterminism/repeat#24\n"}
{"Time":"2026-09-06T08:35:29.952751+09:00","Action":"cont","Package":"waiting-room/internal/installplan/preflight","Test":"TestContextBindingAndDeterminism/repeat#12"}
{"Time":"2026-09-06T08:35:29.952755+09:00","Action":"output","Package":"waiting-room/internal/installplan/preflight","Test":"TestContextBindingAndDeterminism/repeat#12","Output":"=== CONT  TestContextBindingAndDeterminism/repeat#12\n"}
{"Time":"2026-09-06T08:35:29.952832+09:00","Action":"cont","Package":"waiting-room/internal/installplan/preflight","Test":"TestContextBindingAndDeterminism/repeat#25"}
{"Time":"2026-09-06T08:35:29.952841+09:00","Action":"output","Package":"waiting-room/internal/installplan/preflight","Test":"TestContextBindingAndDeterminism/repeat#25","Output":"=== CONT  TestContextBindingAndDeterminism/repeat#25\n"}
{"Time":"2026-09-06T08:35:29.952903+09:00","Action":"cont","Package":"waiting-room/internal/installplan/preflight","Test":"TestContextBindingAndDeterminism/repeat#23"}
{"Time":"2026-09-06T08:35:29.952908+09:00","Action":"output","Package":"waiting-room/internal/installplan/preflight","Test":"TestContextBindingAndDeterminism/repeat#23","Output":"=== CONT  TestContextBindingAndDeterminism/repeat#23\n"}
{"Time":"2026-09-06T08:35:29.953054+09:00","Action":"cont","Package":"waiting-room/internal/installplan/preflight","Test":"TestContextBindingAndDeterminism/repeat#21"}
{"Time":"2026-09-06T08:35:29.95306+09:00","Action":"output","Package":"waiting-room/internal/installplan/preflight","Test":"TestContextBindingAndDeterminism/repeat#21","Output":"=== CONT  TestContextBindingAndDeterminism/repeat#21\n"}
{"Time":"2026-09-06T08:35:29.953062+09:00","Action":"output","Package":"waiting-room/internal/installplan/preflight","Test":"TestContextBindingAndDeterminism/repeat","Output":"--- PASS: TestContextBindingAndDeterminism/repeat (0.00s)\n"}
{"Time":"2026-09-06T08:35:29.953064+09:00","Action":"pass","Package":"waiting-room/internal/installplan/preflight","Test":"TestContextBindingAndDeterminism/repeat","Elapsed":0}
{"Time":"2026-09-06T08:35:29.953066+09:00","Action":"cont","Package":"waiting-room/internal/installplan/preflight","Test":"TestContextBindingAndDeterminism/repeat#04"}
{"Time":"2026-09-06T08:35:29.953067+09:00","Action":"output","Package":"waiting-room/internal/installplan/preflight","Test":"TestContextBindingAndDeterminism/repeat#04","Output":"=== CONT  TestContextBindingAndDeterminism/repeat#04\n"}
{"Time":"2026-09-06T08:35:29.95342+09:00","Action":"cont","Package":"waiting-room/internal/installplan/preflight","Test":"TestContextBindingAndDeterminism/repeat#22"}
{"Time":"2026-09-06T08:35:29.953431+09:00","Action":"output","Package":"waiting-room/internal/installplan/preflight","Test":"TestContextBindingAndDeterminism/repeat#22","Output":"=== CONT  TestContextBindingAndDeterminism/repeat#22\n"}
{"Time":"2026-09-06T08:35:29.953453+09:00","Action":"cont","Package":"waiting-room/internal/installplan/preflight","Test":"TestContextBindingAndDeterminism/repeat#19"}
{"Time":"2026-09-06T08:35:29.953458+09:00","Action":"output","Package":"waiting-room/internal/installplan/preflight","Test":"TestContextBindingAndDeterminism/repeat#19","Output":"=== CONT  TestContextBindingAndDeterminism/repeat#19\n"}
{"Time":"2026-09-06T08:35:29.953545+09:00","Action":"cont","Package":"waiting-room/internal/installplan/preflight","Test":"TestContextBindingAndDeterminism/repeat#20"}
{"Time":"2026-09-06T08:35:29.953547+09:00","Action":"output","Package":"waiting-room/internal/installplan/preflight","Test":"TestContextBindingAndDeterminism/repeat#20","Output":"=== CONT  TestContextBindingAndDeterminism/repeat#20\n"}
{"Time":"2026-09-06T08:35:29.954209+09:00","Action":"cont","Package":"waiting-room/internal/installplan/preflight","Test":"TestContextBindingAndDeterminism/repeat#17"}
{"Time":"2026-09-06T08:35:29.954213+09:00","Action":"output","Package":"waiting-room/internal/installplan/preflight","Test":"TestContextBindingAndDeterminism/repeat#17","Output":"=== CONT  TestContextBindingAndDeterminism/repeat#17\n"}
{"Time":"2026-09-06T08:35:29.954224+09:00","Action":"cont","Package":"waiting-room/internal/installplan/preflight","Test":"TestContextBindingAndDeterminism/repeat#18"}
{"Time":"2026-09-06T08:35:29.954231+09:00","Action":"output","Package":"waiting-room/internal/installplan/preflight","Test":"TestContextBindingAndDeterminism/repeat#18","Output":"=== CONT  TestContextBindingAndDeterminism/repeat#18\n"}
{"Time":"2026-09-06T08:35:29.954264+09:00","Action":"cont","Package":"waiting-room/internal/installplan/preflight","Test":"TestContextBindingAndDeterminism/repeat#15"}
{"Time":"2026-09-06T08:35:29.954268+09:00","Action":"output","Package":"waiting-room/internal/installplan/preflight","Test":"TestContextBindingAndDeterminism/repeat#15","Output":"=== CONT  TestContextBindingAndDeterminism/repeat#15\n"}
{"Time":"2026-09-06T08:35:29.954277+09:00","Action":"cont","Package":"waiting-room/internal/installplan/preflight","Test":"TestContextBindingAndDeterminism/repeat#45"}
{"Time":"2026-09-06T08:35:29.954279+09:00","Action":"output","Package":"waiting-room/internal/installplan/preflight","Test":"TestContextBindingAndDeterminism/repeat#45","Output":"=== CONT  TestContextBindingAndDeterminism/repeat#45\n"}
{"Time":"2026-09-06T08:35:29.954535+09:00","Action":"cont","Package":"waiting-room/internal/installplan/preflight","Test":"TestContextBindingAndDeterminism/repeat#14"}
{"Time":"2026-09-06T08:35:29.954537+09:00","Action":"output","Package":"waiting-room/internal/installplan/preflight","Test":"TestContextBindingAndDeterminism/repeat#14","Output":"=== CONT  TestContextBindingAndDeterminism/repeat#14\n"}
{"Time":"2026-09-06T08:35:29.954539+09:00","Action":"cont","Package":"waiting-room/internal/installplan/preflight","Test":"TestContextBindingAndDeterminism/repeat#13"}
{"Time":"2026-09-06T08:35:29.95454+09:00","Action":"output","Package":"waiting-room/internal/installplan/preflight","Test":"TestContextBindingAndDeterminism/repeat#13","Output":"=== CONT  TestContextBindingAndDeterminism/repeat#13\n"}
{"Time":"2026-09-06T08:35:29.95471+09:00","Action":"output","Package":"waiting-room/internal/installplan/preflight","Test":"TestContextBindingAndDeterminism/repeat#24","Output":"--- PASS: TestContextBindingAndDeterminism/repeat#24 (0.00s)\n"}
{"Time":"2026-09-06T08:35:29.954721+09:00","Action":"pass","Package":"waiting-room/internal/installplan/preflight","Test":"TestContextBindingAndDeterminism/repeat#24","Elapsed":0}
{"Time":"2026-09-06T08:35:29.954723+09:00","Action":"output","Package":"waiting-room/internal/installplan/preflight","Test":"TestContextBindingAndDeterminism/repeat#12","Output":"--- PASS: TestContextBindingAndDeterminism/repeat#12 (0.00s)\n"}
{"Time":"2026-09-06T08:35:29.954725+09:00","Action":"pass","Package":"waiting-room/internal/installplan/preflight","Test":"TestContextBindingAndDeterminism/repeat#12","Elapsed":0}
{"Time":"2026-09-06T08:35:29.954726+09:00","Action":"output","Package":"waiting-room/internal/installplan/preflight","Test":"TestContextBindingAndDeterminism/repeat#04","Output":"--- PASS: TestContextBindingAndDeterminism/repeat#04 (0.00s)\n"}
{"Time":"2026-09-06T08:35:29.954728+09:00","Action":"pass","Package":"waiting-room/internal/installplan/preflight","Test":"TestContextBindingAndDeterminism/repeat#04","Elapsed":0}
{"Time":"2026-09-06T08:35:29.954729+09:00","Action":"output","Package":"waiting-room/internal/installplan/preflight","Test":"TestContextBindingAndDeterminism/repeat#25","Output":"--- PASS: TestContextBindingAndDeterminism/repeat#25 (0.00s)\n"}
{"Time":"2026-09-06T08:35:29.95473+09:00","Action":"pass","Package":"waiting-room/internal/installplan/preflight","Test":"TestContextBindingAndDeterminism/repeat#25","Elapsed":0}
{"Time":"2026-09-06T08:35:29.954731+09:00","Action":"output","Package":"waiting-room/internal/installplan/preflight","Test":"TestContextBindingAndDeterminism/repeat#23","Output":"--- PASS: TestContextBindingAndDeterminism/repeat#23 (0.00s)\n"}
{"Time":"2026-09-06T08:35:29.954732+09:00","Action":"pass","Package":"waiting-room/internal/installplan/preflight","Test":"TestContextBindingAndDeterminism/repeat#23","Elapsed":0}
{"Time":"2026-09-06T08:35:29.954734+09:00","Action":"output","Package":"waiting-room/internal/installplan/preflight","Test":"TestContextBindingAndDeterminism/repeat#15","Output":"--- PASS: TestContextBindingAndDeterminism/repeat#15 (0.00s)\n"}
{"Time":"2026-09-06T08:35:29.954735+09:00","Action":"pass","Package":"waiting-room/internal/installplan/preflight","Test":"TestContextBindingAndDeterminism/repeat#15","Elapsed":0}
{"Time":"2026-09-06T08:35:29.954736+09:00","Action":"cont","Package":"waiting-room/internal/installplan/preflight","Test":"TestContextBindingAndDeterminism/repeat#06"}
{"Time":"2026-09-06T08:35:29.954738+09:00","Action":"output","Package":"waiting-room/internal/installplan/preflight","Test":"TestContextBindingAndDeterminism/repeat#06","Output":"=== CONT  TestContextBindingAndDeterminism/repeat#06\n"}
{"Time":"2026-09-06T08:35:29.95474+09:00","Action":"output","Package":"waiting-room/internal/installplan/preflight","Test":"TestContextBindingAndDeterminism/repeat#19","Output":"--- PASS: TestContextBindingAndDeterminism/repeat#19 (0.00s)\n"}
{"Time":"2026-09-06T08:35:29.954741+09:00","Action":"pass","Package":"waiting-room/internal/installplan/preflight","Test":"TestContextBindingAndDeterminism/repeat#19","Elapsed":0}
{"Time":"2026-09-06T08:35:29.954742+09:00","Action":"cont","Package":"waiting-room/internal/installplan/preflight","Test":"TestContextBindingAndDeterminism/repeat#47"}
{"Time":"2026-09-06T08:35:29.954743+09:00","Action":"output","Package":"waiting-room/internal/installplan/preflight","Test":"TestContextBindingAndDeterminism/repeat#47","Output":"=== CONT  TestContextBindingAndDeterminism/repeat#47\n"}
{"Time":"2026-09-06T08:35:29.954745+09:00","Action":"output","Package":"waiting-room/internal/installplan/preflight","Test":"TestContextBindingAndDeterminism/repeat#18","Output":"--- PASS: TestContextBindingAndDeterminism/repeat#18 (0.00s)\n"}
{"Time":"2026-09-06T08:35:29.95484+09:00","Action":"pass","Package":"waiting-room/internal/installplan/preflight","Test":"TestContextBindingAndDeterminism/repeat#18","Elapsed":0}
{"Time":"2026-09-06T08:35:29.954846+09:00","Action":"output","Package":"waiting-room/internal/installplan/preflight","Test":"TestContextBindingAndDeterminism/repeat#20","Output":"--- PASS: TestContextBindingAndDeterminism/repeat#20 (0.00s)\n"}
{"Time":"2026-09-06T08:35:29.954848+09:00","Action":"pass","Package":"waiting-room/internal/installplan/preflight","Test":"TestContextBindingAndDeterminism/repeat#20","Elapsed":0}
{"Time":"2026-09-06T08:35:29.954849+09:00","Action":"cont","Package":"waiting-room/internal/installplan/preflight","Test":"TestContextBindingAndDeterminism/repeat#05"}
{"Time":"2026-09-06T08:35:29.954851+09:00","Action":"output","Package":"waiting-room/internal/installplan/preflight","Test":"TestContextBindingAndDeterminism/repeat#05","Output":"=== CONT  TestContextBindingAndDeterminism/repeat#05\n"}
{"Time":"2026-09-06T08:35:29.954852+09:00","Action":"cont","Package":"waiting-room/internal/installplan/preflight","Test":"TestContextBindingAndDeterminism/repeat#41"}
{"Time":"2026-09-06T08:35:29.954853+09:00","Action":"output","Package":"waiting-room/internal/installplan/preflight","Test":"TestContextBindingAndDeterminism/repeat#41","Output":"=== CONT  TestContextBindingAndDeterminism/repeat#41\n"}
{"Time":"2026-09-06T08:35:29.954854+09:00","Action":"cont","Package":"waiting-room/internal/installplan/preflight","Test":"TestContextBindingAndDeterminism/repeat#42"}
{"Time":"2026-09-06T08:35:29.954856+09:00","Action":"output","Package":"waiting-room/internal/installplan/preflight","Test":"TestContextBindingAndDeterminism/repeat#42","Output":"=== CONT  TestContextBindingAndDeterminism/repeat#42\n"}
{"Time":"2026-09-06T08:35:29.954889+09:00","Action":"cont","Package":"waiting-room/internal/installplan/preflight","Test":"TestContextBindingAndDeterminism/repeat#40"}
{"Time":"2026-09-06T08:35:29.954891+09:00","Action":"output","Package":"waiting-room/internal/installplan/preflight","Test":"TestContextBindingAndDeterminism/repeat#40","Output":"=== CONT  TestContextBindingAndDeterminism/repeat#40\n"}
{"Time":"2026-09-06T08:35:29.955174+09:00","Action":"cont","Package":"waiting-room/internal/installplan/preflight","Test":"TestContextBindingAndDeterminism/repeat#43"}
{"Time":"2026-09-06T08:35:29.955179+09:00","Action":"output","Package":"waiting-room/internal/installplan/preflight","Test":"TestContextBindingAndDeterminism/repeat#43","Output":"=== CONT  TestContextBindingAndDeterminism/repeat#43\n"}
{"Time":"2026-09-06T08:35:29.95519+09:00","Action":"cont","Package":"waiting-room/internal/installplan/preflight","Test":"TestContextBindingAndDeterminism/repeat#38"}
{"Time":"2026-09-06T08:35:29.955192+09:00","Action":"output","Package":"waiting-room/internal/installplan/preflight","Test":"TestContextBindingAndDeterminism/repeat#38","Output":"=== CONT  TestContextBindingAndDeterminism/repeat#38\n"}
{"Time":"2026-09-06T08:35:29.955193+09:00","Action":"cont","Package":"waiting-room/internal/installplan/preflight","Test":"TestContextBindingAndDeterminism/repeat#03"}
{"Time":"2026-09-06T08:35:29.955194+09:00","Action":"output","Package":"waiting-room/internal/installplan/preflight","Test":"TestContextBindingAndDeterminism/repeat#03","Output":"=== CONT  TestContextBindingAndDeterminism/repeat#03\n"}
{"Time":"2026-09-06T08:35:29.955196+09:00","Action":"cont","Package":"waiting-room/internal/installplan/preflight","Test":"TestContextBindingAndDeterminism/repeat#37"}
{"Time":"2026-09-06T08:35:29.955197+09:00","Action":"output","Package":"waiting-room/internal/installplan/preflight","Test":"TestContextBindingAndDeterminism/repeat#37","Output":"=== CONT  TestContextBindingAndDeterminism/repeat#37\n"}
{"Time":"2026-09-06T08:35:29.95526+09:00","Action":"cont","Package":"waiting-room/internal/installplan/preflight","Test":"TestContextBindingAndDeterminism/repeat#39"}
{"Time":"2026-09-06T08:35:29.955264+09:00","Action":"output","Package":"waiting-room/internal/installplan/preflight","Test":"TestContextBindingAndDeterminism/repeat#39","Output":"=== CONT  TestContextBindingAndDeterminism/repeat#39\n"}
{"Time":"2026-09-06T08:35:29.955265+09:00","Action":"cont","Package":"waiting-room/internal/installplan/preflight","Test":"TestContextBindingAndDeterminism/repeat#49"}
{"Time":"2026-09-06T08:35:29.955266+09:00","Action":"output","Package":"waiting-room/internal/installplan/preflight","Test":"TestContextBindingAndDeterminism/repeat#49","Output":"=== CONT  TestContextBindingAndDeterminism/repeat#49\n"}
{"Time":"2026-09-06T08:35:29.955268+09:00","Action":"cont","Package":"waiting-room/internal/installplan/preflight","Test":"TestContextBindingAndDeterminism/repeat#48"}
{"Time":"2026-09-06T08:35:29.955268+09:00","Action":"output","Package":"waiting-room/internal/installplan/preflight","Test":"TestContextBindingAndDeterminism/repeat#48","Output":"=== CONT  TestContextBindingAndDeterminism/repeat#48\n"}
{"Time":"2026-09-06T08:35:29.955269+09:00","Action":"cont","Package":"waiting-room/internal/installplan/preflight","Test":"TestContextBindingAndDeterminism/repeat#46"}
{"Time":"2026-09-06T08:35:29.95527+09:00","Action":"output","Package":"waiting-room/internal/installplan/preflight","Test":"TestContextBindingAndDeterminism/repeat#46","Output":"=== CONT  TestContextBindingAndDeterminism/repeat#46\n"}
{"Time":"2026-09-06T08:35:29.955687+09:00","Action":"cont","Package":"waiting-room/internal/installplan/preflight","Test":"TestContextBindingAndDeterminism/repeat#44"}
{"Time":"2026-09-06T08:35:29.955692+09:00","Action":"output","Package":"waiting-room/internal/installplan/preflight","Test":"TestContextBindingAndDeterminism/repeat#44","Output":"=== CONT  TestContextBindingAndDeterminism/repeat#44\n"}
{"Time":"2026-09-06T08:35:29.955694+09:00","Action":"output","Package":"waiting-room/internal/installplan/preflight","Test":"TestContextBindingAndDeterminism/repeat#17","Output":"--- PASS: TestContextBindingAndDeterminism/repeat#17 (0.00s)\n"}
{"Time":"2026-09-06T08:35:29.955696+09:00","Action":"pass","Package":"waiting-room/internal/installplan/preflight","Test":"TestContextBindingAndDeterminism/repeat#17","Elapsed":0}
{"Time":"2026-09-06T08:35:29.955697+09:00","Action":"output","Package":"waiting-room/internal/installplan/preflight","Test":"TestContextBindingAndDeterminism/repeat#22","Output":"--- PASS: TestContextBindingAndDeterminism/repeat#22 (0.00s)\n"}
{"Time":"2026-09-06T08:35:29.955699+09:00","Action":"pass","Package":"waiting-room/internal/installplan/preflight","Test":"TestContextBindingAndDeterminism/repeat#22","Elapsed":0}
{"Time":"2026-09-06T08:35:29.955701+09:00","Action":"output","Package":"waiting-room/internal/installplan/preflight","Test":"TestContextBindingAndDeterminism/repeat#21","Output":"--- PASS: TestContextBindingAndDeterminism/repeat#21 (0.00s)\n"}
{"Time":"2026-09-06T08:35:29.955703+09:00","Action":"pass","Package":"waiting-room/internal/installplan/preflight","Test":"TestContextBindingAndDeterminism/repeat#21","Elapsed":0}
{"Time":"2026-09-06T08:35:29.955704+09:00","Action":"output","Package":"waiting-room/internal/installplan/preflight","Test":"TestContextBindingAndDeterminism/repeat#45","Output":"--- PASS: TestContextBindingAndDeterminism/repeat#45 (0.00s)\n"}
{"Time":"2026-09-06T08:35:29.955705+09:00","Action":"pass","Package":"waiting-room/internal/installplan/preflight","Test":"TestContextBindingAndDeterminism/repeat#45","Elapsed":0}
{"Time":"2026-09-06T08:35:29.955706+09:00","Action":"output","Package":"waiting-room/internal/installplan/preflight","Test":"TestContextBindingAndDeterminism/repeat#13","Output":"--- PASS: TestContextBindingAndDeterminism/repeat#13 (0.00s)\n"}
{"Time":"2026-09-06T08:35:29.955715+09:00","Action":"pass","Package":"waiting-room/internal/installplan/preflight","Test":"TestContextBindingAndDeterminism/repeat#13","Elapsed":0}
{"Time":"2026-09-06T08:35:29.955716+09:00","Action":"cont","Package":"waiting-room/internal/installplan/preflight","Test":"TestContextBindingAndDeterminism/repeat#01"}
{"Time":"2026-09-06T08:35:29.95572+09:00","Action":"output","Package":"waiting-room/internal/installplan/preflight","Test":"TestContextBindingAndDeterminism/repeat#01","Output":"=== CONT  TestContextBindingAndDeterminism/repeat#01\n"}
{"Time":"2026-09-06T08:35:29.955721+09:00","Action":"output","Package":"waiting-room/internal/installplan/preflight","Test":"TestContextBindingAndDeterminism/repeat#38","Output":"--- PASS: TestContextBindingAndDeterminism/repeat#38 (0.00s)\n"}
{"Time":"2026-09-06T08:35:29.955722+09:00","Action":"pass","Package":"waiting-room/internal/installplan/preflight","Test":"TestContextBindingAndDeterminism/repeat#38","Elapsed":0}
{"Time":"2026-09-06T08:35:29.955723+09:00","Action":"cont","Package":"waiting-room/internal/installplan/preflight","Test":"TestContextBindingAndDeterminism/repeat#34"}
{"Time":"2026-09-06T08:35:29.955724+09:00","Action":"output","Package":"waiting-room/internal/installplan/preflight","Test":"TestContextBindingAndDeterminism/repeat#34","Output":"=== CONT  TestContextBindingAndDeterminism/repeat#34\n"}
{"Time":"2026-09-06T08:35:29.955726+09:00","Action":"output","Package":"waiting-room/internal/installplan/preflight","Test":"TestContextBindingAndDeterminism/repeat#03","Output":"--- PASS: TestContextBindingAndDeterminism/repeat#03 (0.00s)\n"}
{"Time":"2026-09-06T08:35:29.955727+09:00","Action":"pass","Package":"waiting-room/internal/installplan/preflight","Test":"TestContextBindingAndDeterminism/repeat#03","Elapsed":0}
{"Time":"2026-09-06T08:35:29.955728+09:00","Action":"cont","Package":"waiting-room/internal/installplan/preflight","Test":"TestContextBindingAndDeterminism/repeat#33"}
{"Time":"2026-09-06T08:35:29.955729+09:00","Action":"output","Package":"waiting-room/internal/installplan/preflight","Test":"TestContextBindingAndDeterminism/repeat#33","Output":"=== CONT  TestContextBindingAndDeterminism/repeat#33\n"}
{"Time":"2026-09-06T08:35:29.955731+09:00","Action":"output","Package":"waiting-room/internal/installplan/preflight","Test":"TestContextBindingAndDeterminism/repeat#37","Output":"--- PASS: TestContextBindingAndDeterminism/repeat#37 (0.00s)\n"}
{"Time":"2026-09-06T08:35:29.955732+09:00","Action":"pass","Package":"waiting-room/internal/installplan/preflight","Test":"TestContextBindingAndDeterminism/repeat#37","Elapsed":0}
{"Time":"2026-09-06T08:35:29.955733+09:00","Action":"cont","Package":"waiting-room/internal/installplan/preflight","Test":"TestContextBindingAndDeterminism/repeat#30"}
{"Time":"2026-09-06T08:35:29.955734+09:00","Action":"output","Package":"waiting-room/internal/installplan/preflight","Test":"TestContextBindingAndDeterminism/repeat#30","Output":"=== CONT  TestContextBindingAndDeterminism/repeat#30\n"}
{"Time":"2026-09-06T08:35:29.955735+09:00","Action":"output","Package":"waiting-room/internal/installplan/preflight","Test":"TestContextBindingAndDeterminism/repeat#39","Output":"--- PASS: TestContextBindingAndDeterminism/repeat#39 (0.00s)\n"}
{"Time":"2026-09-06T08:35:29.955736+09:00","Action":"pass","Package":"waiting-room/internal/installplan/preflight","Test":"TestContextBindingAndDeterminism/repeat#39","Elapsed":0}
{"Time":"2026-09-06T08:35:29.955738+09:00","Action":"output","Package":"waiting-room/internal/installplan/preflight","Test":"TestContextBindingAndDeterminism/repeat#06","Output":"--- PASS: TestContextBindingAndDeterminism/repeat#06 (0.00s)\n"}
{"Time":"2026-09-06T08:35:29.955744+09:00","Action":"pass","Package":"waiting-room/internal/installplan/preflight","Test":"TestContextBindingAndDeterminism/repeat#06","Elapsed":0}
{"Time":"2026-09-06T08:35:29.955745+09:00","Action":"cont","Package":"waiting-room/internal/installplan/preflight","Test":"TestContextBindingAndDeterminism/repeat#29"}
{"Time":"2026-09-06T08:35:29.955746+09:00","Action":"output","Package":"waiting-room/internal/installplan/preflight","Test":"TestContextBindingAndDeterminism/repeat#29","Output":"=== CONT  TestContextBindingAndDeterminism/repeat#29\n"}
{"Time":"2026-09-06T08:35:29.955748+09:00","Action":"output","Package":"waiting-room/internal/installplan/preflight","Test":"TestContextBindingAndDeterminism/repeat#46","Output":"--- PASS: TestContextBindingAndDeterminism/repeat#46 (0.00s)\n"}
{"Time":"2026-09-06T08:35:29.955757+09:00","Action":"pass","Package":"waiting-room/internal/installplan/preflight","Test":"TestContextBindingAndDeterminism/repeat#46","Elapsed":0}
{"Time":"2026-09-06T08:35:29.955758+09:00","Action":"cont","Package":"waiting-room/internal/installplan/preflight","Test":"TestContextBindingAndDeterminism/repeat#32"}
{"Time":"2026-09-06T08:35:29.955759+09:00","Action":"output","Package":"waiting-room/internal/installplan/preflight","Test":"TestContextBindingAndDeterminism/repeat#32","Output":"=== CONT  TestContextBindingAndDeterminism/repeat#32\n"}
{"Time":"2026-09-06T08:35:29.955876+09:00","Action":"output","Package":"waiting-room/internal/installplan/preflight","Test":"TestContextBindingAndDeterminism/repeat#34","Output":"--- PASS: TestContextBindingAndDeterminism/repeat#34 (0.00s)\n"}
{"Time":"2026-09-06T08:35:29.955882+09:00","Action":"pass","Package":"waiting-room/internal/installplan/preflight","Test":"TestContextBindingAndDeterminism/repeat#34","Elapsed":0}
{"Time":"2026-09-06T08:35:29.955883+09:00","Action":"cont","Package":"waiting-room/internal/installplan/preflight","Test":"TestContextBindingAndDeterminism/repeat#27"}
{"Time":"2026-09-06T08:35:29.955884+09:00","Action":"output","Package":"waiting-room/internal/installplan/preflight","Test":"TestContextBindingAndDeterminism/repeat#27","Output":"=== CONT  TestContextBindingAndDeterminism/repeat#27\n"}
{"Time":"2026-09-06T08:35:29.955888+09:00","Action":"output","Package":"waiting-room/internal/installplan/preflight","Test":"TestContextBindingAndDeterminism/repeat#05","Output":"--- PASS: TestContextBindingAndDeterminism/repeat#05 (0.00s)\n"}
{"Time":"2026-09-06T08:35:29.955889+09:00","Action":"pass","Package":"waiting-room/internal/installplan/preflight","Test":"TestContextBindingAndDeterminism/repeat#05","Elapsed":0}
{"Time":"2026-09-06T08:35:29.95589+09:00","Action":"output","Package":"waiting-room/internal/installplan/preflight","Test":"TestContextBindingAndDeterminism/repeat#47","Output":"--- PASS: TestContextBindingAndDeterminism/repeat#47 (0.00s)\n"}
{"Time":"2026-09-06T08:35:29.955892+09:00","Action":"pass","Package":"waiting-room/internal/installplan/preflight","Test":"TestContextBindingAndDeterminism/repeat#47","Elapsed":0}
{"Time":"2026-09-06T08:35:29.955893+09:00","Action":"output","Package":"waiting-room/internal/installplan/preflight","Test":"TestContextBindingAndDeterminism/repeat#41","Output":"--- PASS: TestContextBindingAndDeterminism/repeat#41 (0.00s)\n"}
{"Time":"2026-09-06T08:35:29.955895+09:00","Action":"pass","Package":"waiting-room/internal/installplan/preflight","Test":"TestContextBindingAndDeterminism/repeat#41","Elapsed":0}
{"Time":"2026-09-06T08:35:29.955895+09:00","Action":"cont","Package":"waiting-room/internal/installplan/preflight","Test":"TestContextBindingAndDeterminism/repeat#09"}
{"Time":"2026-09-06T08:35:29.955896+09:00","Action":"output","Package":"waiting-room/internal/installplan/preflight","Test":"TestContextBindingAndDeterminism/repeat#09","Output":"=== CONT  TestContextBindingAndDeterminism/repeat#09\n"}
{"Time":"2026-09-06T08:35:29.955906+09:00","Action":"output","Package":"waiting-room/internal/installplan/preflight","Test":"TestContextBindingAndDeterminism/repeat#43","Output":"--- PASS: TestContextBindingAndDeterminism/repeat#43 (0.00s)\n"}
{"Time":"2026-09-06T08:35:29.955907+09:00","Action":"pass","Package":"waiting-room/internal/installplan/preflight","Test":"TestContextBindingAndDeterminism/repeat#43","Elapsed":0}
{"Time":"2026-09-06T08:35:29.955908+09:00","Action":"output","Package":"waiting-room/internal/installplan/preflight","Test":"TestContextBindingAndDeterminism/repeat#42","Output":"--- PASS: TestContextBindingAndDeterminism/repeat#42 (0.00s)\n"}
{"Time":"2026-09-06T08:35:29.955944+09:00","Action":"pass","Package":"waiting-room/internal/installplan/preflight","Test":"TestContextBindingAndDeterminism/repeat#42","Elapsed":0}
{"Time":"2026-09-06T08:35:29.955949+09:00","Action":"output","Package":"waiting-room/internal/installplan/preflight","Test":"TestContextBindingAndDeterminism/repeat#40","Output":"--- PASS: TestContextBindingAndDeterminism/repeat#40 (0.00s)\n"}
{"Time":"2026-09-06T08:35:29.955951+09:00","Action":"pass","Package":"waiting-room/internal/installplan/preflight","Test":"TestContextBindingAndDeterminism/repeat#40","Elapsed":0}
{"Time":"2026-09-06T08:35:29.955952+09:00","Action":"output","Package":"waiting-room/internal/installplan/preflight","Test":"TestContextBindingAndDeterminism/repeat#48","Output":"--- PASS: TestContextBindingAndDeterminism/repeat#48 (0.00s)\n"}
{"Time":"2026-09-06T08:35:29.955954+09:00","Action":"pass","Package":"waiting-room/internal/installplan/preflight","Test":"TestContextBindingAndDeterminism/repeat#48","Elapsed":0}
{"Time":"2026-09-06T08:35:29.955955+09:00","Action":"cont","Package":"waiting-room/internal/installplan/preflight","Test":"TestContextBindingAndDeterminism/repeat#26"}
{"Time":"2026-09-06T08:35:29.955956+09:00","Action":"output","Package":"waiting-room/internal/installplan/preflight","Test":"TestContextBindingAndDeterminism/repeat#26","Output":"=== CONT  TestContextBindingAndDeterminism/repeat#26\n"}
{"Time":"2026-09-06T08:35:29.956024+09:00","Action":"cont","Package":"waiting-room/internal/installplan/preflight","Test":"TestContextBindingAndDeterminism/repeat#31"}
{"Time":"2026-09-06T08:35:29.956043+09:00","Action":"output","Package":"waiting-room/internal/installplan/preflight","Test":"TestContextBindingAndDeterminism/repeat#31","Output":"=== CONT  TestContextBindingAndDeterminism/repeat#31\n"}
{"Time":"2026-09-06T08:35:29.956048+09:00","Action":"cont","Package":"waiting-room/internal/installplan/preflight","Test":"TestContextBindingAndDeterminism/repeat#16"}
{"Time":"2026-09-06T08:35:29.956051+09:00","Action":"output","Package":"waiting-room/internal/installplan/preflight","Test":"TestContextBindingAndDeterminism/repeat#16","Output":"=== CONT  TestContextBindingAndDeterminism/repeat#16\n"}
{"Time":"2026-09-06T08:35:29.956055+09:00","Action":"cont","Package":"waiting-room/internal/installplan/preflight","Test":"TestContextBindingAndDeterminism/repeat#10"}
{"Time":"2026-09-06T08:35:29.956057+09:00","Action":"output","Package":"waiting-room/internal/installplan/preflight","Test":"TestContextBindingAndDeterminism/repeat#10","Output":"=== CONT  TestContextBindingAndDeterminism/repeat#10\n"}
{"Time":"2026-09-06T08:35:29.956136+09:00","Action":"cont","Package":"waiting-room/internal/installplan/preflight","Test":"TestContextBindingAndDeterminism/repeat#28"}
{"Time":"2026-09-06T08:35:29.95614+09:00","Action":"output","Package":"waiting-room/internal/installplan/preflight","Test":"TestContextBindingAndDeterminism/repeat#28","Output":"=== CONT  TestContextBindingAndDeterminism/repeat#28\n"}
{"Time":"2026-09-06T08:35:29.956142+09:00","Action":"cont","Package":"waiting-room/internal/installplan/preflight","Test":"TestContextBindingAndDeterminism/repeat#08"}
{"Time":"2026-09-06T08:35:29.956152+09:00","Action":"output","Package":"waiting-room/internal/installplan/preflight","Test":"TestContextBindingAndDeterminism/repeat#08","Output":"=== CONT  TestContextBindingAndDeterminism/repeat#08\n"}
{"Time":"2026-09-06T08:35:29.956189+09:00","Action":"cont","Package":"waiting-room/internal/installplan/preflight","Test":"TestContextBindingAndDeterminism/repeat#07"}
{"Time":"2026-09-06T08:35:29.956193+09:00","Action":"output","Package":"waiting-room/internal/installplan/preflight","Test":"TestContextBindingAndDeterminism/repeat#07","Output":"=== CONT  TestContextBindingAndDeterminism/repeat#07\n"}
{"Time":"2026-09-06T08:35:29.956261+09:00","Action":"cont","Package":"waiting-room/internal/installplan/preflight","Test":"TestContextBindingAndDeterminism/repeat#36"}
{"Time":"2026-09-06T08:35:29.956265+09:00","Action":"output","Package":"waiting-room/internal/installplan/preflight","Test":"TestContextBindingAndDeterminism/repeat#36","Output":"=== CONT  TestContextBindingAndDeterminism/repeat#36\n"}
{"Time":"2026-09-06T08:35:29.956526+09:00","Action":"cont","Package":"waiting-room/internal/installplan/preflight","Test":"TestContextBindingAndDeterminism/repeat#35"}
{"Time":"2026-09-06T08:35:29.956529+09:00","Action":"output","Package":"waiting-room/internal/installplan/preflight","Test":"TestContextBindingAndDeterminism/repeat#35","Output":"=== CONT  TestContextBindingAndDeterminism/repeat#35\n"}
{"Time":"2026-09-06T08:35:29.956573+09:00","Action":"cont","Package":"waiting-room/internal/installplan/preflight","Test":"TestContextBindingAndDeterminism/repeat#02"}
{"Time":"2026-09-06T08:35:29.956585+09:00","Action":"output","Package":"waiting-room/internal/installplan/preflight","Test":"TestContextBindingAndDeterminism/repeat#02","Output":"=== CONT  TestContextBindingAndDeterminism/repeat#02\n"}
{"Time":"2026-09-06T08:35:29.956662+09:00","Action":"output","Package":"waiting-room/internal/installplan/preflight","Test":"TestContextBindingAndDeterminism/repeat#14","Output":"--- PASS: TestContextBindingAndDeterminism/repeat#14 (0.00s)\n"}
{"Time":"2026-09-06T08:35:29.956667+09:00","Action":"pass","Package":"waiting-room/internal/installplan/preflight","Test":"TestContextBindingAndDeterminism/repeat#14","Elapsed":0}
{"Time":"2026-09-06T08:35:29.95667+09:00","Action":"cont","Package":"waiting-room/internal/installplan/preflight","Test":"TestContextBindingAndDeterminism/repeat#11"}
{"Time":"2026-09-06T08:35:29.956671+09:00","Action":"output","Package":"waiting-room/internal/installplan/preflight","Test":"TestContextBindingAndDeterminism/repeat#11","Output":"=== CONT  TestContextBindingAndDeterminism/repeat#11\n"}
{"Time":"2026-09-06T08:35:29.956843+09:00","Action":"output","Package":"waiting-room/internal/installplan/preflight","Test":"TestContextBindingAndDeterminism/repeat#30","Output":"--- PASS: TestContextBindingAndDeterminism/repeat#30 (0.00s)\n"}
{"Time":"2026-09-06T08:35:29.956848+09:00","Action":"pass","Package":"waiting-room/internal/installplan/preflight","Test":"TestContextBindingAndDeterminism/repeat#30","Elapsed":0}
{"Time":"2026-09-06T08:35:29.95685+09:00","Action":"output","Package":"waiting-room/internal/installplan/preflight","Test":"TestContextBindingAndDeterminism/repeat#29","Output":"--- PASS: TestContextBindingAndDeterminism/repeat#29 (0.00s)\n"}
{"Time":"2026-09-06T08:35:29.956851+09:00","Action":"pass","Package":"waiting-room/internal/installplan/preflight","Test":"TestContextBindingAndDeterminism/repeat#29","Elapsed":0}
{"Time":"2026-09-06T08:35:29.956852+09:00","Action":"output","Package":"waiting-room/internal/installplan/preflight","Test":"TestContextBindingAndDeterminism/repeat#44","Output":"--- PASS: TestContextBindingAndDeterminism/repeat#44 (0.00s)\n"}
{"Time":"2026-09-06T08:35:29.956853+09:00","Action":"pass","Package":"waiting-room/internal/installplan/preflight","Test":"TestContextBindingAndDeterminism/repeat#44","Elapsed":0}
{"Time":"2026-09-06T08:35:29.956854+09:00","Action":"output","Package":"waiting-room/internal/installplan/preflight","Test":"TestContextBindingAndDeterminism/repeat#26","Output":"--- PASS: TestContextBindingAndDeterminism/repeat#26 (0.00s)\n"}
{"Time":"2026-09-06T08:35:29.956855+09:00","Action":"pass","Package":"waiting-room/internal/installplan/preflight","Test":"TestContextBindingAndDeterminism/repeat#26","Elapsed":0}
{"Time":"2026-09-06T08:35:29.956857+09:00","Action":"output","Package":"waiting-room/internal/installplan/preflight","Test":"TestContextBindingAndDeterminism/repeat#32","Output":"--- PASS: TestContextBindingAndDeterminism/repeat#32 (0.00s)\n"}
{"Time":"2026-09-06T08:35:29.956858+09:00","Action":"pass","Package":"waiting-room/internal/installplan/preflight","Test":"TestContextBindingAndDeterminism/repeat#32","Elapsed":0}
{"Time":"2026-09-06T08:35:29.956864+09:00","Action":"output","Package":"waiting-room/internal/installplan/preflight","Test":"TestContextBindingAndDeterminism/repeat#33","Output":"--- PASS: TestContextBindingAndDeterminism/repeat#33 (0.00s)\n"}
{"Time":"2026-09-06T08:35:29.956865+09:00","Action":"pass","Package":"waiting-room/internal/installplan/preflight","Test":"TestContextBindingAndDeterminism/repeat#33","Elapsed":0}
{"Time":"2026-09-06T08:35:29.956866+09:00","Action":"output","Package":"waiting-room/internal/installplan/preflight","Test":"TestContextBindingAndDeterminism/repeat#01","Output":"--- PASS: TestContextBindingAndDeterminism/repeat#01 (0.00s)\n"}
{"Time":"2026-09-06T08:35:29.956867+09:00","Action":"pass","Package":"waiting-room/internal/installplan/preflight","Test":"TestContextBindingAndDeterminism/repeat#01","Elapsed":0}
{"Time":"2026-09-06T08:35:29.95687+09:00","Action":"output","Package":"waiting-room/internal/installplan/preflight","Test":"TestContextBindingAndDeterminism/repeat#09","Output":"--- PASS: TestContextBindingAndDeterminism/repeat#09 (0.00s)\n"}
{"Time":"2026-09-06T08:35:29.956872+09:00","Action":"pass","Package":"waiting-room/internal/installplan/preflight","Test":"TestContextBindingAndDeterminism/repeat#09","Elapsed":0}
{"Time":"2026-09-06T08:35:29.956874+09:00","Action":"output","Package":"waiting-room/internal/installplan/preflight","Test":"TestContextBindingAndDeterminism/repeat#49","Output":"--- PASS: TestContextBindingAndDeterminism/repeat#49 (0.00s)\n"}
{"Time":"2026-09-06T08:35:29.956875+09:00","Action":"pass","Package":"waiting-room/internal/installplan/preflight","Test":"TestContextBindingAndDeterminism/repeat#49","Elapsed":0}
{"Time":"2026-09-06T08:35:29.956876+09:00","Action":"output","Package":"waiting-room/internal/installplan/preflight","Test":"TestContextBindingAndDeterminism/repeat#36","Output":"--- PASS: TestContextBindingAndDeterminism/repeat#36 (0.00s)\n"}
{"Time":"2026-09-06T08:35:29.956878+09:00","Action":"pass","Package":"waiting-room/internal/installplan/preflight","Test":"TestContextBindingAndDeterminism/repeat#36","Elapsed":0}
{"Time":"2026-09-06T08:35:29.956881+09:00","Action":"output","Package":"waiting-room/internal/installplan/preflight","Test":"TestContextBindingAndDeterminism/repeat#27","Output":"--- PASS: TestContextBindingAndDeterminism/repeat#27 (0.00s)\n"}
{"Time":"2026-09-06T08:35:29.956964+09:00","Action":"pass","Package":"waiting-room/internal/installplan/preflight","Test":"TestContextBindingAndDeterminism/repeat#27","Elapsed":0}
{"Time":"2026-09-06T08:35:29.956969+09:00","Action":"output","Package":"waiting-room/internal/installplan/preflight","Test":"TestContextBindingAndDeterminism/repeat#07","Output":"--- PASS: TestContextBindingAndDeterminism/repeat#07 (0.00s)\n"}
{"Time":"2026-09-06T08:35:29.95697+09:00","Action":"pass","Package":"waiting-room/internal/installplan/preflight","Test":"TestContextBindingAndDeterminism/repeat#07","Elapsed":0}
{"Time":"2026-09-06T08:35:29.956971+09:00","Action":"output","Package":"waiting-room/internal/installplan/preflight","Test":"TestContextBindingAndDeterminism/repeat#16","Output":"--- PASS: TestContextBindingAndDeterminism/repeat#16 (0.00s)\n"}
{"Time":"2026-09-06T08:35:29.957316+09:00","Action":"pass","Package":"waiting-room/internal/installplan/preflight","Test":"TestContextBindingAndDeterminism/repeat#16","Elapsed":0}
{"Time":"2026-09-06T08:35:29.957348+09:00","Action":"output","Package":"waiting-room/internal/installplan/preflight","Test":"TestContextBindingAndDeterminism/repeat#08","Output":"--- PASS: TestContextBindingAndDeterminism/repeat#08 (0.00s)\n"}
{"Time":"2026-09-06T08:35:29.957414+09:00","Action":"pass","Package":"waiting-room/internal/installplan/preflight","Test":"TestContextBindingAndDeterminism/repeat#08","Elapsed":0}
{"Time":"2026-09-06T08:35:29.95742+09:00","Action":"output","Package":"waiting-room/internal/installplan/preflight","Test":"TestContextBindingAndDeterminism/repeat#35","Output":"--- PASS: TestContextBindingAndDeterminism/repeat#35 (0.00s)\n"}
{"Time":"2026-09-06T08:35:29.957422+09:00","Action":"pass","Package":"waiting-room/internal/installplan/preflight","Test":"TestContextBindingAndDeterminism/repeat#35","Elapsed":0}
{"Time":"2026-09-06T08:35:29.957424+09:00","Action":"output","Package":"waiting-room/internal/installplan/preflight","Test":"TestContextBindingAndDeterminism/repeat#11","Output":"--- PASS: TestContextBindingAndDeterminism/repeat#11 (0.00s)\n"}
{"Time":"2026-09-06T08:35:29.957445+09:00","Action":"pass","Package":"waiting-room/internal/installplan/preflight","Test":"TestContextBindingAndDeterminism/repeat#11","Elapsed":0}
{"Time":"2026-09-06T08:35:29.957448+09:00","Action":"output","Package":"waiting-room/internal/installplan/preflight","Test":"TestContextBindingAndDeterminism/repeat#10","Output":"--- PASS: TestContextBindingAndDeterminism/repeat#10 (0.00s)\n"}
{"Time":"2026-09-06T08:35:29.957468+09:00","Action":"pass","Package":"waiting-room/internal/installplan/preflight","Test":"TestContextBindingAndDeterminism/repeat#10","Elapsed":0}
{"Time":"2026-09-06T08:35:29.957473+09:00","Action":"output","Package":"waiting-room/internal/installplan/preflight","Test":"TestContextBindingAndDeterminism/repeat#28","Output":"--- PASS: TestContextBindingAndDeterminism/repeat#28 (0.00s)\n"}
{"Time":"2026-09-06T08:35:29.957495+09:00","Action":"pass","Package":"waiting-room/internal/installplan/preflight","Test":"TestContextBindingAndDeterminism/repeat#28","Elapsed":0}
{"Time":"2026-09-06T08:35:29.957499+09:00","Action":"output","Package":"waiting-room/internal/installplan/preflight","Test":"TestContextBindingAndDeterminism/repeat#02","Output":"--- PASS: TestContextBindingAndDeterminism/repeat#02 (0.00s)\n"}
{"Time":"2026-09-06T08:35:29.957518+09:00","Action":"pass","Package":"waiting-room/internal/installplan/preflight","Test":"TestContextBindingAndDeterminism/repeat#02","Elapsed":0}
{"Time":"2026-09-06T08:35:29.957521+09:00","Action":"output","Package":"waiting-room/internal/installplan/preflight","Test":"TestContextBindingAndDeterminism/repeat#31","Output":"--- PASS: TestContextBindingAndDeterminism/repeat#31 (0.00s)\n"}
{"Time":"2026-09-06T08:35:29.957554+09:00","Action":"pass","Package":"waiting-room/internal/installplan/preflight","Test":"TestContextBindingAndDeterminism/repeat#31","Elapsed":0}
{"Time":"2026-09-06T08:35:29.957558+09:00","Action":"output","Package":"waiting-room/internal/installplan/preflight","Test":"TestContextBindingAndDeterminism","Output":"--- PASS: TestContextBindingAndDeterminism (0.00s)\n"}
{"Time":"2026-09-06T08:35:29.957571+09:00","Action":"pass","Package":"waiting-room/internal/installplan/preflight","Test":"TestContextBindingAndDeterminism","Elapsed":0}
{"Time":"2026-09-06T08:35:29.957612+09:00","Action":"run","Package":"waiting-room/internal/installplan/preflight","Test":"FuzzClockFailClosed"}
{"Time":"2026-09-06T08:35:29.957616+09:00","Action":"output","Package":"waiting-room/internal/installplan/preflight","Test":"FuzzClockFailClosed","Output":"=== RUN   FuzzClockFailClosed\n"}
{"Time":"2026-09-06T08:35:29.957708+09:00","Action":"run","Package":"waiting-room/internal/installplan/preflight","Test":"FuzzClockFailClosed/seed#0"}
{"Time":"2026-09-06T08:35:29.957711+09:00","Action":"output","Package":"waiting-room/internal/installplan/preflight","Test":"FuzzClockFailClosed/seed#0","Output":"=== RUN   FuzzClockFailClosed/seed#0\n"}
{"Time":"2026-09-06T08:35:29.957976+09:00","Action":"output","Package":"waiting-room/internal/installplan/preflight","Test":"FuzzClockFailClosed/seed#0","Output":"--- PASS: FuzzClockFailClosed/seed#0 (0.00s)\n"}
{"Time":"2026-09-06T08:35:29.957981+09:00","Action":"pass","Package":"waiting-room/internal/installplan/preflight","Test":"FuzzClockFailClosed/seed#0","Elapsed":0}
{"Time":"2026-09-06T08:35:29.957998+09:00","Action":"run","Package":"waiting-room/internal/installplan/preflight","Test":"FuzzClockFailClosed/seed#1"}
{"Time":"2026-09-06T08:35:29.958001+09:00","Action":"output","Package":"waiting-room/internal/installplan/preflight","Test":"FuzzClockFailClosed/seed#1","Output":"=== RUN   FuzzClockFailClosed/seed#1\n"}
{"Time":"2026-09-06T08:35:29.95825+09:00","Action":"output","Package":"waiting-room/internal/installplan/preflight","Test":"FuzzClockFailClosed/seed#1","Output":"--- PASS: FuzzClockFailClosed/seed#1 (0.00s)\n"}
{"Time":"2026-09-06T08:35:29.95826+09:00","Action":"pass","Package":"waiting-room/internal/installplan/preflight","Test":"FuzzClockFailClosed/seed#1","Elapsed":0}
{"Time":"2026-09-06T08:35:29.958276+09:00","Action":"run","Package":"waiting-room/internal/installplan/preflight","Test":"FuzzClockFailClosed/seed#2"}
{"Time":"2026-09-06T08:35:29.958292+09:00","Action":"output","Package":"waiting-room/internal/installplan/preflight","Test":"FuzzClockFailClosed/seed#2","Output":"=== RUN   FuzzClockFailClosed/seed#2\n"}
{"Time":"2026-09-06T08:35:29.958537+09:00","Action":"output","Package":"waiting-room/internal/installplan/preflight","Test":"FuzzClockFailClosed/seed#2","Output":"--- PASS: FuzzClockFailClosed/seed#2 (0.00s)\n"}
{"Time":"2026-09-06T08:35:29.95855+09:00","Action":"pass","Package":"waiting-room/internal/installplan/preflight","Test":"FuzzClockFailClosed/seed#2","Elapsed":0}
{"Time":"2026-09-06T08:35:29.958568+09:00","Action":"output","Package":"waiting-room/internal/installplan/preflight","Test":"FuzzClockFailClosed","Output":"--- PASS: FuzzClockFailClosed (0.00s)\n"}
{"Time":"2026-09-06T08:35:29.958584+09:00","Action":"pass","Package":"waiting-room/internal/installplan/preflight","Test":"FuzzClockFailClosed","Elapsed":0}
{"Time":"2026-09-06T08:35:29.95859+09:00","Action":"output","Package":"waiting-room/internal/installplan/preflight","Output":"PASS\n"}
{"Time":"2026-09-06T08:35:30.098406+09:00","Action":"run","Package":"waiting-room/internal/installplan/clockcheck","Test":"TestClockPolicyAndRedaction"}
{"Time":"2026-09-06T08:35:30.098433+09:00","Action":"output","Package":"waiting-room/internal/installplan/clockcheck","Test":"TestClockPolicyAndRedaction","Output":"=== RUN   TestClockPolicyAndRedaction\n"}
{"Time":"2026-09-06T08:35:30.098458+09:00","Action":"run","Package":"waiting-room/internal/installplan/clockcheck","Test":"TestClockPolicyAndRedaction/normal"}
{"Time":"2026-09-06T08:35:30.098461+09:00","Action":"output","Package":"waiting-room/internal/installplan/clockcheck","Test":"TestClockPolicyAndRedaction/normal","Output":"=== RUN   TestClockPolicyAndRedaction/normal\n"}
{"Time":"2026-09-06T08:35:30.099609+09:00","Action":"output","Package":"waiting-room/internal/installplan/clockcheck","Test":"TestClockPolicyAndRedaction/normal","Output":"--- PASS: TestClockPolicyAndRedaction/normal (0.00s)\n"}
{"Time":"2026-09-06T08:35:30.099623+09:00","Action":"pass","Package":"waiting-room/internal/installplan/clockcheck","Test":"TestClockPolicyAndRedaction/normal","Elapsed":0}
{"Time":"2026-09-06T08:35:30.099636+09:00","Action":"run","Package":"waiting-room/internal/installplan/clockcheck","Test":"TestClockPolicyAndRedaction/two-seconds"}
{"Time":"2026-09-06T08:35:30.099639+09:00","Action":"output","Package":"waiting-room/internal/installplan/clockcheck","Test":"TestClockPolicyAndRedaction/two-seconds","Output":"=== RUN   TestClockPolicyAndRedaction/two-seconds\n"}
{"Time":"2026-09-06T08:35:30.100008+09:00","Action":"output","Package":"waiting-room/internal/installplan/clockcheck","Test":"TestClockPolicyAndRedaction/two-seconds","Output":"--- PASS: TestClockPolicyAndRedaction/two-seconds (0.00s)\n"}
{"Time":"2026-09-06T08:35:30.100017+09:00","Action":"pass","Package":"waiting-room/internal/installplan/clockcheck","Test":"TestClockPolicyAndRedaction/two-seconds","Elapsed":0}
{"Time":"2026-09-06T08:35:30.100021+09:00","Action":"run","Package":"waiting-room/internal/installplan/clockcheck","Test":"TestClockPolicyAndRedaction/warn-positive"}
{"Time":"2026-09-06T08:35:30.100022+09:00","Action":"output","Package":"waiting-room/internal/installplan/clockcheck","Test":"TestClockPolicyAndRedaction/warn-positive","Output":"=== RUN   TestClockPolicyAndRedaction/warn-positive\n"}
{"Time":"2026-09-06T08:35:30.100421+09:00","Action":"output","Package":"waiting-room/internal/installplan/clockcheck","Test":"TestClockPolicyAndRedaction/warn-positive","Output":"--- PASS: TestClockPolicyAndRedaction/warn-positive (0.00s)\n"}
{"Time":"2026-09-06T08:35:30.100429+09:00","Action":"pass","Package":"waiting-room/internal/installplan/clockcheck","Test":"TestClockPolicyAndRedaction/warn-positive","Elapsed":0}
{"Time":"2026-09-06T08:35:30.100433+09:00","Action":"run","Package":"waiting-room/internal/installplan/clockcheck","Test":"TestClockPolicyAndRedaction/warn-negative"}
{"Time":"2026-09-06T08:35:30.100435+09:00","Action":"output","Package":"waiting-room/internal/installplan/clockcheck","Test":"TestClockPolicyAndRedaction/warn-negative","Output":"=== RUN   TestClockPolicyAndRedaction/warn-negative\n"}
{"Time":"2026-09-06T08:35:30.100828+09:00","Action":"output","Package":"waiting-room/internal/installplan/clockcheck","Test":"TestClockPolicyAndRedaction/warn-negative","Output":"--- PASS: TestClockPolicyAndRedaction/warn-negative (0.00s)\n"}
{"Time":"2026-09-06T08:35:30.100834+09:00","Action":"pass","Package":"waiting-room/internal/installplan/clockcheck","Test":"TestClockPolicyAndRedaction/warn-negative","Elapsed":0}
{"Time":"2026-09-06T08:35:30.100843+09:00","Action":"run","Package":"waiting-room/internal/installplan/clockcheck","Test":"TestClockPolicyAndRedaction/five-seconds"}
{"Time":"2026-09-06T08:35:30.100846+09:00","Action":"output","Package":"waiting-room/internal/installplan/clockcheck","Test":"TestClockPolicyAndRedaction/five-seconds","Output":"=== RUN   TestClockPolicyAndRedaction/five-seconds\n"}
{"Time":"2026-09-06T08:35:30.101159+09:00","Action":"output","Package":"waiting-room/internal/installplan/clockcheck","Test":"TestClockPolicyAndRedaction/five-seconds","Output":"--- PASS: TestClockPolicyAndRedaction/five-seconds (0.00s)\n"}
{"Time":"2026-09-06T08:35:30.101174+09:00","Action":"pass","Package":"waiting-room/internal/installplan/clockcheck","Test":"TestClockPolicyAndRedaction/five-seconds","Elapsed":0}
{"Time":"2026-09-06T08:35:30.101176+09:00","Action":"run","Package":"waiting-room/internal/installplan/clockcheck","Test":"TestClockPolicyAndRedaction/fail-positive"}
{"Time":"2026-09-06T08:35:30.101177+09:00","Action":"output","Package":"waiting-room/internal/installplan/clockcheck","Test":"TestClockPolicyAndRedaction/fail-positive","Output":"=== RUN   TestClockPolicyAndRedaction/fail-positive\n"}
{"Time":"2026-09-06T08:35:30.101554+09:00","Action":"output","Package":"waiting-room/internal/installplan/clockcheck","Test":"TestClockPolicyAndRedaction/fail-positive","Output":"--- PASS: TestClockPolicyAndRedaction/fail-positive (0.00s)\n"}
{"Time":"2026-09-06T08:35:30.101561+09:00","Action":"pass","Package":"waiting-room/internal/installplan/clockcheck","Test":"TestClockPolicyAndRedaction/fail-positive","Elapsed":0}
{"Time":"2026-09-06T08:35:30.101577+09:00","Action":"run","Package":"waiting-room/internal/installplan/clockcheck","Test":"TestClockPolicyAndRedaction/fail-negative"}
{"Time":"2026-09-06T08:35:30.101581+09:00","Action":"output","Package":"waiting-room/internal/installplan/clockcheck","Test":"TestClockPolicyAndRedaction/fail-negative","Output":"=== RUN   TestClockPolicyAndRedaction/fail-negative\n"}
{"Time":"2026-09-06T08:35:30.101945+09:00","Action":"output","Package":"waiting-room/internal/installplan/clockcheck","Test":"TestClockPolicyAndRedaction/fail-negative","Output":"--- PASS: TestClockPolicyAndRedaction/fail-negative (0.00s)\n"}
{"Time":"2026-09-06T08:35:30.10195+09:00","Action":"pass","Package":"waiting-room/internal/installplan/clockcheck","Test":"TestClockPolicyAndRedaction/fail-negative","Elapsed":0}
{"Time":"2026-09-06T08:35:30.101959+09:00","Action":"run","Package":"waiting-room/internal/installplan/clockcheck","Test":"TestClockPolicyAndRedaction/unsynced"}
{"Time":"2026-09-06T08:35:30.101961+09:00","Action":"output","Package":"waiting-room/internal/installplan/clockcheck","Test":"TestClockPolicyAndRedaction/unsynced","Output":"=== RUN   TestClockPolicyAndRedaction/unsynced\n"}
{"Time":"2026-09-06T08:35:30.102326+09:00","Action":"output","Package":"waiting-room/internal/installplan/clockcheck","Test":"TestClockPolicyAndRedaction/unsynced","Output":"--- PASS: TestClockPolicyAndRedaction/unsynced (0.00s)\n"}
{"Time":"2026-09-06T08:35:30.102331+09:00","Action":"pass","Package":"waiting-room/internal/installplan/clockcheck","Test":"TestClockPolicyAndRedaction/unsynced","Elapsed":0}
{"Time":"2026-09-06T08:35:30.102347+09:00","Action":"run","Package":"waiting-room/internal/installplan/clockcheck","Test":"TestClockPolicyAndRedaction/zero-stratum"}
{"Time":"2026-09-06T08:35:30.10235+09:00","Action":"output","Package":"waiting-room/internal/installplan/clockcheck","Test":"TestClockPolicyAndRedaction/zero-stratum","Output":"=== RUN   TestClockPolicyAndRedaction/zero-stratum\n"}
{"Time":"2026-09-06T08:35:30.102724+09:00","Action":"output","Package":"waiting-room/internal/installplan/clockcheck","Test":"TestClockPolicyAndRedaction/zero-stratum","Output":"--- PASS: TestClockPolicyAndRedaction/zero-stratum (0.00s)\n"}
{"Time":"2026-09-06T08:35:30.102728+09:00","Action":"pass","Package":"waiting-room/internal/installplan/clockcheck","Test":"TestClockPolicyAndRedaction/zero-stratum","Elapsed":0}
{"Time":"2026-09-06T08:35:30.102739+09:00","Action":"run","Package":"waiting-room/internal/installplan/clockcheck","Test":"TestClockPolicyAndRedaction/max-stratum"}
{"Time":"2026-09-06T08:35:30.102741+09:00","Action":"output","Package":"waiting-room/internal/installplan/clockcheck","Test":"TestClockPolicyAndRedaction/max-stratum","Output":"=== RUN   TestClockPolicyAndRedaction/max-stratum\n"}
{"Time":"2026-09-06T08:35:30.103114+09:00","Action":"output","Package":"waiting-room/internal/installplan/clockcheck","Test":"TestClockPolicyAndRedaction/max-stratum","Output":"--- PASS: TestClockPolicyAndRedaction/max-stratum (0.00s)\n"}
{"Time":"2026-09-06T08:35:30.103118+09:00","Action":"pass","Package":"waiting-room/internal/installplan/clockcheck","Test":"TestClockPolicyAndRedaction/max-stratum","Elapsed":0}
{"Time":"2026-09-06T08:35:30.10313+09:00","Action":"run","Package":"waiting-room/internal/installplan/clockcheck","Test":"TestClockPolicyAndRedaction/no-reference"}
{"Time":"2026-09-06T08:35:30.103135+09:00","Action":"output","Package":"waiting-room/internal/installplan/clockcheck","Test":"TestClockPolicyAndRedaction/no-reference","Output":"=== RUN   TestClockPolicyAndRedaction/no-reference\n"}
{"Time":"2026-09-06T08:35:30.103517+09:00","Action":"output","Package":"waiting-room/internal/installplan/clockcheck","Test":"TestClockPolicyAndRedaction/no-reference","Output":"--- PASS: TestClockPolicyAndRedaction/no-reference (0.00s)\n"}
{"Time":"2026-09-06T08:35:30.103525+09:00","Action":"pass","Package":"waiting-room/internal/installplan/clockcheck","Test":"TestClockPolicyAndRedaction/no-reference","Elapsed":0}
{"Time":"2026-09-06T08:35:30.103528+09:00","Action":"run","Package":"waiting-room/internal/installplan/clockcheck","Test":"TestClockPolicyAndRedaction/local-mode"}
{"Time":"2026-09-06T08:35:30.10353+09:00","Action":"output","Package":"waiting-room/internal/installplan/clockcheck","Test":"TestClockPolicyAndRedaction/local-mode","Output":"=== RUN   TestClockPolicyAndRedaction/local-mode\n"}
{"Time":"2026-09-06T08:35:30.104046+09:00","Action":"output","Package":"waiting-room/internal/installplan/clockcheck","Test":"TestClockPolicyAndRedaction/local-mode","Output":"--- PASS: TestClockPolicyAndRedaction/local-mode (0.00s)\n"}
{"Time":"2026-09-06T08:35:30.10406+09:00","Action":"pass","Package":"waiting-room/internal/installplan/clockcheck","Test":"TestClockPolicyAndRedaction/local-mode","Elapsed":0}
{"Time":"2026-09-06T08:35:30.104075+09:00","Action":"run","Package":"waiting-room/internal/installplan/clockcheck","Test":"TestClockPolicyAndRedaction/insert-leap"}
{"Time":"2026-09-06T08:35:30.104076+09:00","Action":"output","Package":"waiting-room/internal/installplan/clockcheck","Test":"TestClockPolicyAndRedaction/insert-leap","Output":"=== RUN   TestClockPolicyAndRedaction/insert-leap\n"}
{"Time":"2026-09-06T08:35:30.104461+09:00","Action":"output","Package":"waiting-room/internal/installplan/clockcheck","Test":"TestClockPolicyAndRedaction/insert-leap","Output":"--- PASS: TestClockPolicyAndRedaction/insert-leap (0.00s)\n"}
{"Time":"2026-09-06T08:35:30.104482+09:00","Action":"pass","Package":"waiting-room/internal/installplan/clockcheck","Test":"TestClockPolicyAndRedaction/insert-leap","Elapsed":0}
{"Time":"2026-09-06T08:35:30.104494+09:00","Action":"run","Package":"waiting-room/internal/installplan/clockcheck","Test":"TestClockPolicyAndRedaction/delete-leap"}
{"Time":"2026-09-06T08:35:30.104496+09:00","Action":"output","Package":"waiting-room/internal/installplan/clockcheck","Test":"TestClockPolicyAndRedaction/delete-leap","Output":"=== RUN   TestClockPolicyAndRedaction/delete-leap\n"}
{"Time":"2026-09-06T08:35:30.104902+09:00","Action":"output","Package":"waiting-room/internal/installplan/clockcheck","Test":"TestClockPolicyAndRedaction/delete-leap","Output":"--- PASS: TestClockPolicyAndRedaction/delete-leap (0.00s)\n"}
{"Time":"2026-09-06T08:35:30.104916+09:00","Action":"pass","Package":"waiting-room/internal/installplan/clockcheck","Test":"TestClockPolicyAndRedaction/delete-leap","Elapsed":0}
{"Time":"2026-09-06T08:35:30.104919+09:00","Action":"run","Package":"waiting-room/internal/installplan/clockcheck","Test":"TestClockPolicyAndRedaction/stale"}
{"Time":"2026-09-06T08:35:30.10492+09:00","Action":"output","Package":"waiting-room/internal/installplan/clockcheck","Test":"TestClockPolicyAndRedaction/stale","Output":"=== RUN   TestClockPolicyAndRedaction/stale\n"}
{"Time":"2026-09-06T08:35:30.105273+09:00","Action":"output","Package":"waiting-room/internal/installplan/clockcheck","Test":"TestClockPolicyAndRedaction/stale","Output":"--- PASS: TestClockPolicyAndRedaction/stale (0.00s)\n"}
{"Time":"2026-09-06T08:35:30.105282+09:00","Action":"pass","Package":"waiting-room/internal/installplan/clockcheck","Test":"TestClockPolicyAndRedaction/stale","Elapsed":0}
{"Time":"2026-09-06T08:35:30.105285+09:00","Action":"run","Package":"waiting-room/internal/installplan/clockcheck","Test":"TestClockPolicyAndRedaction/future"}
{"Time":"2026-09-06T08:35:30.105289+09:00","Action":"output","Package":"waiting-room/internal/installplan/clockcheck","Test":"TestClockPolicyAndRedaction/future","Output":"=== RUN   TestClockPolicyAndRedaction/future\n"}
{"Time":"2026-09-06T08:35:30.105581+09:00","Action":"output","Package":"waiting-room/internal/installplan/clockcheck","Test":"TestClockPolicyAndRedaction/future","Output":"--- PASS: TestClockPolicyAndRedaction/future (0.00s)\n"}
{"Time":"2026-09-06T08:35:30.105588+09:00","Action":"pass","Package":"waiting-room/internal/installplan/clockcheck","Test":"TestClockPolicyAndRedaction/future","Elapsed":0}
{"Time":"2026-09-06T08:35:30.105593+09:00","Action":"run","Package":"waiting-room/internal/installplan/clockcheck","Test":"TestClockPolicyAndRedaction/uncertainty"}
{"Time":"2026-09-06T08:35:30.105595+09:00","Action":"output","Package":"waiting-room/internal/installplan/clockcheck","Test":"TestClockPolicyAndRedaction/uncertainty","Output":"=== RUN   TestClockPolicyAndRedaction/uncertainty\n"}
{"Time":"2026-09-06T08:35:30.105918+09:00","Action":"output","Package":"waiting-room/internal/installplan/clockcheck","Test":"TestClockPolicyAndRedaction/uncertainty","Output":"--- PASS: TestClockPolicyAndRedaction/uncertainty (0.00s)\n"}
{"Time":"2026-09-06T08:35:30.105922+09:00","Action":"pass","Package":"waiting-room/internal/installplan/clockcheck","Test":"TestClockPolicyAndRedaction/uncertainty","Elapsed":0}
{"Time":"2026-09-06T08:35:30.106573+09:00","Action":"output","Package":"waiting-room/internal/installplan/clockcheck","Test":"TestClockPolicyAndRedaction","Output":"--- PASS: TestClockPolicyAndRedaction (0.01s)\n"}
{"Time":"2026-09-06T08:35:30.106591+09:00","Action":"pass","Package":"waiting-room/internal/installplan/clockcheck","Test":"TestClockPolicyAndRedaction","Elapsed":0.01}
{"Time":"2026-09-06T08:35:30.106605+09:00","Action":"run","Package":"waiting-room/internal/installplan/clockcheck","Test":"TestTrackingRejectsAmbiguousOutput"}
{"Time":"2026-09-06T08:35:30.106607+09:00","Action":"output","Package":"waiting-room/internal/installplan/clockcheck","Test":"TestTrackingRejectsAmbiguousOutput","Output":"=== RUN   TestTrackingRejectsAmbiguousOutput\n"}
{"Time":"2026-09-06T08:35:30.106669+09:00","Action":"run","Package":"waiting-room/internal/installplan/clockcheck","Test":"TestTrackingRejectsAmbiguousOutput/0"}
{"Time":"2026-09-06T08:35:30.106672+09:00","Action":"output","Package":"waiting-room/internal/installplan/clockcheck","Test":"TestTrackingRejectsAmbiguousOutput/0","Output":"=== RUN   TestTrackingRejectsAmbiguousOutput/0\n"}
{"Time":"2026-09-06T08:35:30.106887+09:00","Action":"output","Package":"waiting-room/internal/installplan/clockcheck","Test":"TestTrackingRejectsAmbiguousOutput/0","Output":"--- PASS: TestTrackingRejectsAmbiguousOutput/0 (0.00s)\n"}
{"Time":"2026-09-06T08:35:30.10693+09:00","Action":"pass","Package":"waiting-room/internal/installplan/clockcheck","Test":"TestTrackingRejectsAmbiguousOutput/0","Elapsed":0}
{"Time":"2026-09-06T08:35:30.106938+09:00","Action":"run","Package":"waiting-room/internal/installplan/clockcheck","Test":"TestTrackingRejectsAmbiguousOutput/1"}
{"Time":"2026-09-06T08:35:30.10695+09:00","Action":"output","Package":"waiting-room/internal/installplan/clockcheck","Test":"TestTrackingRejectsAmbiguousOutput/1","Output":"=== RUN   TestTrackingRejectsAmbiguousOutput/1\n"}
{"Time":"2026-09-06T08:35:30.107149+09:00","Action":"output","Package":"waiting-room/internal/installplan/clockcheck","Test":"TestTrackingRejectsAmbiguousOutput/1","Output":"--- PASS: TestTrackingRejectsAmbiguousOutput/1 (0.00s)\n"}
{"Time":"2026-09-06T08:35:30.107154+09:00","Action":"pass","Package":"waiting-room/internal/installplan/clockcheck","Test":"TestTrackingRejectsAmbiguousOutput/1","Elapsed":0}
{"Time":"2026-09-06T08:35:30.107172+09:00","Action":"run","Package":"waiting-room/internal/installplan/clockcheck","Test":"TestTrackingRejectsAmbiguousOutput/2"}
{"Time":"2026-09-06T08:35:30.107173+09:00","Action":"output","Package":"waiting-room/internal/installplan/clockcheck","Test":"TestTrackingRejectsAmbiguousOutput/2","Output":"=== RUN   TestTrackingRejectsAmbiguousOutput/2\n"}
{"Time":"2026-09-06T08:35:30.107408+09:00","Action":"output","Package":"waiting-room/internal/installplan/clockcheck","Test":"TestTrackingRejectsAmbiguousOutput/2","Output":"--- PASS: TestTrackingRejectsAmbiguousOutput/2 (0.00s)\n"}
{"Time":"2026-09-06T08:35:30.107413+09:00","Action":"pass","Package":"waiting-room/internal/installplan/clockcheck","Test":"TestTrackingRejectsAmbiguousOutput/2","Elapsed":0}
{"Time":"2026-09-06T08:35:30.107425+09:00","Action":"run","Package":"waiting-room/internal/installplan/clockcheck","Test":"TestTrackingRejectsAmbiguousOutput/3"}
{"Time":"2026-09-06T08:35:30.107427+09:00","Action":"output","Package":"waiting-room/internal/installplan/clockcheck","Test":"TestTrackingRejectsAmbiguousOutput/3","Output":"=== RUN   TestTrackingRejectsAmbiguousOutput/3\n"}
{"Time":"2026-09-06T08:35:30.107641+09:00","Action":"output","Package":"waiting-room/internal/installplan/clockcheck","Test":"TestTrackingRejectsAmbiguousOutput/3","Output":"--- PASS: TestTrackingRejectsAmbiguousOutput/3 (0.00s)\n"}
{"Time":"2026-09-06T08:35:30.107647+09:00","Action":"pass","Package":"waiting-room/internal/installplan/clockcheck","Test":"TestTrackingRejectsAmbiguousOutput/3","Elapsed":0}
{"Time":"2026-09-06T08:35:30.107662+09:00","Action":"run","Package":"waiting-room/internal/installplan/clockcheck","Test":"TestTrackingRejectsAmbiguousOutput/4"}
{"Time":"2026-09-06T08:35:30.10767+09:00","Action":"output","Package":"waiting-room/internal/installplan/clockcheck","Test":"TestTrackingRejectsAmbiguousOutput/4","Output":"=== RUN   TestTrackingRejectsAmbiguousOutput/4\n"}
{"Time":"2026-09-06T08:35:30.107874+09:00","Action":"output","Package":"waiting-room/internal/installplan/clockcheck","Test":"TestTrackingRejectsAmbiguousOutput/4","Output":"--- PASS: TestTrackingRejectsAmbiguousOutput/4 (0.00s)\n"}
{"Time":"2026-09-06T08:35:30.10788+09:00","Action":"pass","Package":"waiting-room/internal/installplan/clockcheck","Test":"TestTrackingRejectsAmbiguousOutput/4","Elapsed":0}
{"Time":"2026-09-06T08:35:30.107894+09:00","Action":"run","Package":"waiting-room/internal/installplan/clockcheck","Test":"TestTrackingRejectsAmbiguousOutput/5"}
{"Time":"2026-09-06T08:35:30.107898+09:00","Action":"output","Package":"waiting-room/internal/installplan/clockcheck","Test":"TestTrackingRejectsAmbiguousOutput/5","Output":"=== RUN   TestTrackingRejectsAmbiguousOutput/5\n"}
{"Time":"2026-09-06T08:35:30.108125+09:00","Action":"output","Package":"waiting-room/internal/installplan/clockcheck","Test":"TestTrackingRejectsAmbiguousOutput/5","Output":"--- PASS: TestTrackingRejectsAmbiguousOutput/5 (0.00s)\n"}
{"Time":"2026-09-06T08:35:30.108132+09:00","Action":"pass","Package":"waiting-room/internal/installplan/clockcheck","Test":"TestTrackingRejectsAmbiguousOutput/5","Elapsed":0}
{"Time":"2026-09-06T08:35:30.108135+09:00","Action":"run","Package":"waiting-room/internal/installplan/clockcheck","Test":"TestTrackingRejectsAmbiguousOutput/6"}
{"Time":"2026-09-06T08:35:30.108137+09:00","Action":"output","Package":"waiting-room/internal/installplan/clockcheck","Test":"TestTrackingRejectsAmbiguousOutput/6","Output":"=== RUN   TestTrackingRejectsAmbiguousOutput/6\n"}
{"Time":"2026-09-06T08:35:30.108388+09:00","Action":"output","Package":"waiting-room/internal/installplan/clockcheck","Test":"TestTrackingRejectsAmbiguousOutput/6","Output":"--- PASS: TestTrackingRejectsAmbiguousOutput/6 (0.00s)\n"}
{"Time":"2026-09-06T08:35:30.108397+09:00","Action":"pass","Package":"waiting-room/internal/installplan/clockcheck","Test":"TestTrackingRejectsAmbiguousOutput/6","Elapsed":0}
{"Time":"2026-09-06T08:35:30.108408+09:00","Action":"run","Package":"waiting-room/internal/installplan/clockcheck","Test":"TestTrackingRejectsAmbiguousOutput/7"}
{"Time":"2026-09-06T08:35:30.108411+09:00","Action":"output","Package":"waiting-room/internal/installplan/clockcheck","Test":"TestTrackingRejectsAmbiguousOutput/7","Output":"=== RUN   TestTrackingRejectsAmbiguousOutput/7\n"}
{"Time":"2026-09-06T08:35:30.108636+09:00","Action":"output","Package":"waiting-room/internal/installplan/clockcheck","Test":"TestTrackingRejectsAmbiguousOutput/7","Output":"--- PASS: TestTrackingRejectsAmbiguousOutput/7 (0.00s)\n"}
{"Time":"2026-09-06T08:35:30.108643+09:00","Action":"pass","Package":"waiting-room/internal/installplan/clockcheck","Test":"TestTrackingRejectsAmbiguousOutput/7","Elapsed":0}
{"Time":"2026-09-06T08:35:30.108651+09:00","Action":"run","Package":"waiting-room/internal/installplan/clockcheck","Test":"TestTrackingRejectsAmbiguousOutput/8"}
{"Time":"2026-09-06T08:35:30.108654+09:00","Action":"output","Package":"waiting-room/internal/installplan/clockcheck","Test":"TestTrackingRejectsAmbiguousOutput/8","Output":"=== RUN   TestTrackingRejectsAmbiguousOutput/8\n"}
{"Time":"2026-09-06T08:35:30.108913+09:00","Action":"output","Package":"waiting-room/internal/installplan/clockcheck","Test":"TestTrackingRejectsAmbiguousOutput/8","Output":"--- PASS: TestTrackingRejectsAmbiguousOutput/8 (0.00s)\n"}
{"Time":"2026-09-06T08:35:30.108917+09:00","Action":"pass","Package":"waiting-room/internal/installplan/clockcheck","Test":"TestTrackingRejectsAmbiguousOutput/8","Elapsed":0}
{"Time":"2026-09-06T08:35:30.108933+09:00","Action":"run","Package":"waiting-room/internal/installplan/clockcheck","Test":"TestTrackingRejectsAmbiguousOutput/9"}
{"Time":"2026-09-06T08:35:30.108939+09:00","Action":"output","Package":"waiting-room/internal/installplan/clockcheck","Test":"TestTrackingRejectsAmbiguousOutput/9","Output":"=== RUN   TestTrackingRejectsAmbiguousOutput/9\n"}
{"Time":"2026-09-06T08:35:30.109151+09:00","Action":"output","Package":"waiting-room/internal/installplan/clockcheck","Test":"TestTrackingRejectsAmbiguousOutput/9","Output":"--- PASS: TestTrackingRejectsAmbiguousOutput/9 (0.00s)\n"}
{"Time":"2026-09-06T08:35:30.109163+09:00","Action":"pass","Package":"waiting-room/internal/installplan/clockcheck","Test":"TestTrackingRejectsAmbiguousOutput/9","Elapsed":0}
{"Time":"2026-09-06T08:35:30.109165+09:00","Action":"run","Package":"waiting-room/internal/installplan/clockcheck","Test":"TestTrackingRejectsAmbiguousOutput/10"}
{"Time":"2026-09-06T08:35:30.109168+09:00","Action":"output","Package":"waiting-room/internal/installplan/clockcheck","Test":"TestTrackingRejectsAmbiguousOutput/10","Output":"=== RUN   TestTrackingRejectsAmbiguousOutput/10\n"}
{"Time":"2026-09-06T08:35:30.109386+09:00","Action":"output","Package":"waiting-room/internal/installplan/clockcheck","Test":"TestTrackingRejectsAmbiguousOutput/10","Output":"--- PASS: TestTrackingRejectsAmbiguousOutput/10 (0.00s)\n"}
{"Time":"2026-09-06T08:35:30.109414+09:00","Action":"pass","Package":"waiting-room/internal/installplan/clockcheck","Test":"TestTrackingRejectsAmbiguousOutput/10","Elapsed":0}
{"Time":"2026-09-06T08:35:30.109449+09:00","Action":"run","Package":"waiting-room/internal/installplan/clockcheck","Test":"TestTrackingRejectsAmbiguousOutput/11"}
{"Time":"2026-09-06T08:35:30.109455+09:00","Action":"output","Package":"waiting-room/internal/installplan/clockcheck","Test":"TestTrackingRejectsAmbiguousOutput/11","Output":"=== RUN   TestTrackingRejectsAmbiguousOutput/11\n"}
{"Time":"2026-09-06T08:35:30.109765+09:00","Action":"output","Package":"waiting-room/internal/installplan/clockcheck","Test":"TestTrackingRejectsAmbiguousOutput/11","Output":"--- PASS: TestTrackingRejectsAmbiguousOutput/11 (0.00s)\n"}
{"Time":"2026-09-06T08:35:30.109771+09:00","Action":"pass","Package":"waiting-room/internal/installplan/clockcheck","Test":"TestTrackingRejectsAmbiguousOutput/11","Elapsed":0}
{"Time":"2026-09-06T08:35:30.109788+09:00","Action":"run","Package":"waiting-room/internal/installplan/clockcheck","Test":"TestTrackingRejectsAmbiguousOutput/12"}
{"Time":"2026-09-06T08:35:30.109791+09:00","Action":"output","Package":"waiting-room/internal/installplan/clockcheck","Test":"TestTrackingRejectsAmbiguousOutput/12","Output":"=== RUN   TestTrackingRejectsAmbiguousOutput/12\n"}
{"Time":"2026-09-06T08:35:30.110113+09:00","Action":"output","Package":"waiting-room/internal/installplan/clockcheck","Test":"TestTrackingRejectsAmbiguousOutput/12","Output":"--- PASS: TestTrackingRejectsAmbiguousOutput/12 (0.00s)\n"}
{"Time":"2026-09-06T08:35:30.110119+09:00","Action":"pass","Package":"waiting-room/internal/installplan/clockcheck","Test":"TestTrackingRejectsAmbiguousOutput/12","Elapsed":0}
{"Time":"2026-09-06T08:35:30.110136+09:00","Action":"run","Package":"waiting-room/internal/installplan/clockcheck","Test":"TestTrackingRejectsAmbiguousOutput/13"}
{"Time":"2026-09-06T08:35:30.11014+09:00","Action":"output","Package":"waiting-room/internal/installplan/clockcheck","Test":"TestTrackingRejectsAmbiguousOutput/13","Output":"=== RUN   TestTrackingRejectsAmbiguousOutput/13\n"}
{"Time":"2026-09-06T08:35:30.110391+09:00","Action":"output","Package":"waiting-room/internal/installplan/clockcheck","Test":"TestTrackingRejectsAmbiguousOutput/13","Output":"--- PASS: TestTrackingRejectsAmbiguousOutput/13 (0.00s)\n"}
{"Time":"2026-09-06T08:35:30.110395+09:00","Action":"pass","Package":"waiting-room/internal/installplan/clockcheck","Test":"TestTrackingRejectsAmbiguousOutput/13","Elapsed":0}
{"Time":"2026-09-06T08:35:30.110412+09:00","Action":"run","Package":"waiting-room/internal/installplan/clockcheck","Test":"TestTrackingRejectsAmbiguousOutput/14"}
{"Time":"2026-09-06T08:35:30.110415+09:00","Action":"output","Package":"waiting-room/internal/installplan/clockcheck","Test":"TestTrackingRejectsAmbiguousOutput/14","Output":"=== RUN   TestTrackingRejectsAmbiguousOutput/14\n"}
{"Time":"2026-09-06T08:35:30.110681+09:00","Action":"output","Package":"waiting-room/internal/installplan/clockcheck","Test":"TestTrackingRejectsAmbiguousOutput/14","Output":"--- PASS: TestTrackingRejectsAmbiguousOutput/14 (0.00s)\n"}
{"Time":"2026-09-06T08:35:30.110685+09:00","Action":"pass","Package":"waiting-room/internal/installplan/clockcheck","Test":"TestTrackingRejectsAmbiguousOutput/14","Elapsed":0}
{"Time":"2026-09-06T08:35:30.110705+09:00","Action":"run","Package":"waiting-room/internal/installplan/clockcheck","Test":"TestTrackingRejectsAmbiguousOutput/15"}
{"Time":"2026-09-06T08:35:30.110708+09:00","Action":"output","Package":"waiting-room/internal/installplan/clockcheck","Test":"TestTrackingRejectsAmbiguousOutput/15","Output":"=== RUN   TestTrackingRejectsAmbiguousOutput/15\n"}
{"Time":"2026-09-06T08:35:30.110996+09:00","Action":"output","Package":"waiting-room/internal/installplan/clockcheck","Test":"TestTrackingRejectsAmbiguousOutput/15","Output":"--- PASS: TestTrackingRejectsAmbiguousOutput/15 (0.00s)\n"}
{"Time":"2026-09-06T08:35:30.111001+09:00","Action":"pass","Package":"waiting-room/internal/installplan/clockcheck","Test":"TestTrackingRejectsAmbiguousOutput/15","Elapsed":0}
{"Time":"2026-09-06T08:35:30.111015+09:00","Action":"run","Package":"waiting-room/internal/installplan/clockcheck","Test":"TestTrackingRejectsAmbiguousOutput/16"}
{"Time":"2026-09-06T08:35:30.111017+09:00","Action":"output","Package":"waiting-room/internal/installplan/clockcheck","Test":"TestTrackingRejectsAmbiguousOutput/16","Output":"=== RUN   TestTrackingRejectsAmbiguousOutput/16\n"}
{"Time":"2026-09-06T08:35:30.111257+09:00","Action":"output","Package":"waiting-room/internal/installplan/clockcheck","Test":"TestTrackingRejectsAmbiguousOutput/16","Output":"--- PASS: TestTrackingRejectsAmbiguousOutput/16 (0.00s)\n"}
{"Time":"2026-09-06T08:35:30.111261+09:00","Action":"pass","Package":"waiting-room/internal/installplan/clockcheck","Test":"TestTrackingRejectsAmbiguousOutput/16","Elapsed":0}
{"Time":"2026-09-06T08:35:30.111276+09:00","Action":"run","Package":"waiting-room/internal/installplan/clockcheck","Test":"TestTrackingRejectsAmbiguousOutput/17"}
{"Time":"2026-09-06T08:35:30.111279+09:00","Action":"output","Package":"waiting-room/internal/installplan/clockcheck","Test":"TestTrackingRejectsAmbiguousOutput/17","Output":"=== RUN   TestTrackingRejectsAmbiguousOutput/17\n"}
{"Time":"2026-09-06T08:35:30.111512+09:00","Action":"output","Package":"waiting-room/internal/installplan/clockcheck","Test":"TestTrackingRejectsAmbiguousOutput/17","Output":"--- PASS: TestTrackingRejectsAmbiguousOutput/17 (0.00s)\n"}
{"Time":"2026-09-06T08:35:30.111517+09:00","Action":"pass","Package":"waiting-room/internal/installplan/clockcheck","Test":"TestTrackingRejectsAmbiguousOutput/17","Elapsed":0}
{"Time":"2026-09-06T08:35:30.111534+09:00","Action":"output","Package":"waiting-room/internal/installplan/clockcheck","Test":"TestTrackingRejectsAmbiguousOutput","Output":"--- PASS: TestTrackingRejectsAmbiguousOutput (0.00s)\n"}
{"Time":"2026-09-06T08:35:30.111549+09:00","Action":"pass","Package":"waiting-room/internal/installplan/clockcheck","Test":"TestTrackingRejectsAmbiguousOutput","Elapsed":0}
{"Time":"2026-09-06T08:35:30.11156+09:00","Action":"run","Package":"waiting-room/internal/installplan/clockcheck","Test":"TestCollectorBoundaries"}
{"Time":"2026-09-06T08:35:30.111563+09:00","Action":"output","Package":"waiting-room/internal/installplan/clockcheck","Test":"TestCollectorBoundaries","Output":"=== RUN   TestCollectorBoundaries\n"}
{"Time":"2026-09-06T08:35:30.112172+09:00","Action":"run","Package":"waiting-room/internal/installplan/clockcheck","Test":"TestCollectorBoundaries/backward"}
{"Time":"2026-09-06T08:35:30.112176+09:00","Action":"output","Package":"waiting-room/internal/installplan/clockcheck","Test":"TestCollectorBoundaries/backward","Output":"=== RUN   TestCollectorBoundaries/backward\n"}
{"Time":"2026-09-06T08:35:30.112394+09:00","Action":"output","Package":"waiting-room/internal/installplan/clockcheck","Test":"TestCollectorBoundaries/backward","Output":"--- PASS: TestCollectorBoundaries/backward (0.00s)\n"}
{"Time":"2026-09-06T08:35:30.112399+09:00","Action":"pass","Package":"waiting-room/internal/installplan/clockcheck","Test":"TestCollectorBoundaries/backward","Elapsed":0}
{"Time":"2026-09-06T08:35:30.1124+09:00","Action":"run","Package":"waiting-room/internal/installplan/clockcheck","Test":"TestCollectorBoundaries/slow"}
{"Time":"2026-09-06T08:35:30.112402+09:00","Action":"output","Package":"waiting-room/internal/installplan/clockcheck","Test":"TestCollectorBoundaries/slow","Output":"=== RUN   TestCollectorBoundaries/slow\n"}
{"Time":"2026-09-06T08:35:30.112611+09:00","Action":"output","Package":"waiting-room/internal/installplan/clockcheck","Test":"TestCollectorBoundaries/slow","Output":"--- PASS: TestCollectorBoundaries/slow (0.00s)\n"}
{"Time":"2026-09-06T08:35:30.112621+09:00","Action":"pass","Package":"waiting-room/internal/installplan/clockcheck","Test":"TestCollectorBoundaries/slow","Elapsed":0}
{"Time":"2026-09-06T08:35:30.113508+09:00","Action":"output","Package":"waiting-room/internal/installplan/clockcheck","Test":"TestCollectorBoundaries","Output":"--- PASS: TestCollectorBoundaries (0.00s)\n"}
{"Time":"2026-09-06T08:35:30.113517+09:00","Action":"pass","Package":"waiting-room/internal/installplan/clockcheck","Test":"TestCollectorBoundaries","Elapsed":0}
{"Time":"2026-09-06T08:35:30.113522+09:00","Action":"run","Package":"waiting-room/internal/installplan/clockcheck","Test":"TestCommandHelper"}
{"Time":"2026-09-06T08:35:30.113532+09:00","Action":"output","Package":"waiting-room/internal/installplan/clockcheck","Test":"TestCommandHelper","Output":"=== RUN   TestCommandHelper\n"}
{"Time":"2026-09-06T08:35:30.11355+09:00","Action":"output","Package":"waiting-room/internal/installplan/clockcheck","Test":"TestCommandHelper","Output":"--- PASS: TestCommandHelper (0.00s)\n"}
{"Time":"2026-09-06T08:35:30.113564+09:00","Action":"pass","Package":"waiting-room/internal/installplan/clockcheck","Test":"TestCommandHelper","Elapsed":0}
{"Time":"2026-09-06T08:35:30.113582+09:00","Action":"run","Package":"waiting-room/internal/installplan/clockcheck","Test":"TestBoundedSubprocess"}
{"Time":"2026-09-06T08:35:30.113604+09:00","Action":"output","Package":"waiting-room/internal/installplan/clockcheck","Test":"TestBoundedSubprocess","Output":"=== RUN   TestBoundedSubprocess\n"}
{"Time":"2026-09-06T08:35:30.113607+09:00","Action":"run","Package":"waiting-room/internal/installplan/clockcheck","Test":"TestBoundedSubprocess/success"}
{"Time":"2026-09-06T08:35:30.113609+09:00","Action":"output","Package":"waiting-room/internal/installplan/clockcheck","Test":"TestBoundedSubprocess/success","Output":"=== RUN   TestBoundedSubprocess/success\n"}
{"Time":"2026-09-06T08:35:30.122157+09:00","Action":"output","Package":"waiting-room/internal/installplan/clockcheck","Test":"TestBoundedSubprocess/success","Output":"--- PASS: TestBoundedSubprocess/success (0.01s)\n"}
{"Time":"2026-09-06T08:35:30.1222+09:00","Action":"pass","Package":"waiting-room/internal/installplan/clockcheck","Test":"TestBoundedSubprocess/success","Elapsed":0.01}
{"Time":"2026-09-06T08:35:30.122234+09:00","Action":"run","Package":"waiting-room/internal/installplan/clockcheck","Test":"TestBoundedSubprocess/stderr"}
{"Time":"2026-09-06T08:35:30.122239+09:00","Action":"output","Package":"waiting-room/internal/installplan/clockcheck","Test":"TestBoundedSubprocess/stderr","Output":"=== RUN   TestBoundedSubprocess/stderr\n"}
{"Time":"2026-09-06T08:35:30.130219+09:00","Action":"output","Package":"waiting-room/internal/installplan/clockcheck","Test":"TestBoundedSubprocess/stderr","Output":"--- PASS: TestBoundedSubprocess/stderr (0.01s)\n"}
{"Time":"2026-09-06T08:35:30.130242+09:00","Action":"pass","Package":"waiting-room/internal/installplan/clockcheck","Test":"TestBoundedSubprocess/stderr","Elapsed":0.01}
{"Time":"2026-09-06T08:35:30.130281+09:00","Action":"run","Package":"waiting-room/internal/installplan/clockcheck","Test":"TestBoundedSubprocess/overflow"}
{"Time":"2026-09-06T08:35:30.130285+09:00","Action":"output","Package":"waiting-room/internal/installplan/clockcheck","Test":"TestBoundedSubprocess/overflow","Output":"=== RUN   TestBoundedSubprocess/overflow\n"}
{"Time":"2026-09-06T08:35:30.138094+09:00","Action":"output","Package":"waiting-room/internal/installplan/clockcheck","Test":"TestBoundedSubprocess/overflow","Output":"--- PASS: TestBoundedSubprocess/overflow (0.01s)\n"}
{"Time":"2026-09-06T08:35:30.138138+09:00","Action":"pass","Package":"waiting-room/internal/installplan/clockcheck","Test":"TestBoundedSubprocess/overflow","Elapsed":0.01}
{"Time":"2026-09-06T08:35:30.138162+09:00","Action":"run","Package":"waiting-room/internal/installplan/clockcheck","Test":"TestBoundedSubprocess/timeout"}
{"Time":"2026-09-06T08:35:30.138166+09:00","Action":"output","Package":"waiting-room/internal/installplan/clockcheck","Test":"TestBoundedSubprocess/timeout","Output":"=== RUN   TestBoundedSubprocess/timeout\n"}
{"Time":"2026-09-06T08:35:30.240598+09:00","Action":"output","Package":"waiting-room/internal/installplan/clockcheck","Test":"TestBoundedSubprocess/timeout","Output":"--- PASS: TestBoundedSubprocess/timeout (0.10s)\n"}
{"Time":"2026-09-06T08:35:30.240643+09:00","Action":"pass","Package":"waiting-room/internal/installplan/clockcheck","Test":"TestBoundedSubprocess/timeout","Elapsed":0.1}
{"Time":"2026-09-06T08:35:30.240724+09:00","Action":"output","Package":"waiting-room/internal/installplan/clockcheck","Test":"TestBoundedSubprocess","Output":"--- PASS: TestBoundedSubprocess (0.13s)\n"}
{"Time":"2026-09-06T08:35:30.240777+09:00","Action":"pass","Package":"waiting-room/internal/installplan/clockcheck","Test":"TestBoundedSubprocess","Elapsed":0.13}
{"Time":"2026-09-06T08:35:30.240873+09:00","Action":"run","Package":"waiting-room/internal/installplan/clockcheck","Test":"FuzzTracking"}
{"Time":"2026-09-06T08:35:30.240876+09:00","Action":"output","Package":"waiting-room/internal/installplan/clockcheck","Test":"FuzzTracking","Output":"=== RUN   FuzzTracking\n"}
{"Time":"2026-09-06T08:35:30.241022+09:00","Action":"run","Package":"waiting-room/internal/installplan/clockcheck","Test":"FuzzTracking/seed#0"}
{"Time":"2026-09-06T08:35:30.241026+09:00","Action":"output","Package":"waiting-room/internal/installplan/clockcheck","Test":"FuzzTracking/seed#0","Output":"=== RUN   FuzzTracking/seed#0\n"}
{"Time":"2026-09-06T08:35:30.241306+09:00","Action":"output","Package":"waiting-room/internal/installplan/clockcheck","Test":"FuzzTracking/seed#0","Output":"--- PASS: FuzzTracking/seed#0 (0.00s)\n"}
{"Time":"2026-09-06T08:35:30.241312+09:00","Action":"pass","Package":"waiting-room/internal/installplan/clockcheck","Test":"FuzzTracking/seed#0","Elapsed":0}
{"Time":"2026-09-06T08:35:30.241352+09:00","Action":"run","Package":"waiting-room/internal/installplan/clockcheck","Test":"FuzzTracking/seed#1"}
{"Time":"2026-09-06T08:35:30.241358+09:00","Action":"output","Package":"waiting-room/internal/installplan/clockcheck","Test":"FuzzTracking/seed#1","Output":"=== RUN   FuzzTracking/seed#1\n"}
{"Time":"2026-09-06T08:35:30.241397+09:00","Action":"output","Package":"waiting-room/internal/installplan/clockcheck","Test":"FuzzTracking/seed#1","Output":"--- PASS: FuzzTracking/seed#1 (0.00s)\n"}
{"Time":"2026-09-06T08:35:30.241404+09:00","Action":"pass","Package":"waiting-room/internal/installplan/clockcheck","Test":"FuzzTracking/seed#1","Elapsed":0}
{"Time":"2026-09-06T08:35:30.241422+09:00","Action":"run","Package":"waiting-room/internal/installplan/clockcheck","Test":"FuzzTracking/seed#2"}
{"Time":"2026-09-06T08:35:30.241426+09:00","Action":"output","Package":"waiting-room/internal/installplan/clockcheck","Test":"FuzzTracking/seed#2","Output":"=== RUN   FuzzTracking/seed#2\n"}
{"Time":"2026-09-06T08:35:30.24147+09:00","Action":"output","Package":"waiting-room/internal/installplan/clockcheck","Test":"FuzzTracking/seed#2","Output":"--- PASS: FuzzTracking/seed#2 (0.00s)\n"}
{"Time":"2026-09-06T08:35:30.241485+09:00","Action":"pass","Package":"waiting-room/internal/installplan/clockcheck","Test":"FuzzTracking/seed#2","Elapsed":0}
{"Time":"2026-09-06T08:35:30.241518+09:00","Action":"output","Package":"waiting-room/internal/installplan/clockcheck","Test":"FuzzTracking","Output":"--- PASS: FuzzTracking (0.00s)\n"}
{"Time":"2026-09-06T08:35:30.241534+09:00","Action":"pass","Package":"waiting-room/internal/installplan/clockcheck","Test":"FuzzTracking","Elapsed":0}
{"Time":"2026-09-06T08:35:30.24155+09:00","Action":"output","Package":"waiting-room/internal/installplan/clockcheck","Output":"PASS\n"}
{"Time":"2026-09-06T08:35:30.269436+09:00","Action":"run","Package":"waiting-room/internal/installplan","Test":"TestCostReferenceSubtotals"}
{"Time":"2026-09-06T08:35:30.269449+09:00","Action":"output","Package":"waiting-room/internal/installplan","Test":"TestCostReferenceSubtotals","Output":"=== RUN   TestCostReferenceSubtotals\n"}
{"Time":"2026-09-06T08:35:30.270108+09:00","Action":"output","Package":"waiting-room/internal/installplan","Test":"TestCostReferenceSubtotals","Output":"--- PASS: TestCostReferenceSubtotals (0.00s)\n"}
{"Time":"2026-09-06T08:35:30.270116+09:00","Action":"pass","Package":"waiting-room/internal/installplan","Test":"TestCostReferenceSubtotals","Elapsed":0}
{"Time":"2026-09-06T08:35:30.27013+09:00","Action":"run","Package":"waiting-room/internal/installplan","Test":"TestCostRoundingAndZero"}
{"Time":"2026-09-06T08:35:30.270135+09:00","Action":"output","Package":"waiting-room/internal/installplan","Test":"TestCostRoundingAndZero","Output":"=== RUN   TestCostRoundingAndZero\n"}
{"Time":"2026-09-06T08:35:30.270624+09:00","Action":"output","Package":"waiting-room/internal/installplan","Test":"TestCostRoundingAndZero","Output":"--- PASS: TestCostRoundingAndZero (0.00s)\n"}
{"Time":"2026-09-06T08:35:30.270631+09:00","Action":"pass","Package":"waiting-room/internal/installplan","Test":"TestCostRoundingAndZero","Elapsed":0}
{"Time":"2026-09-06T08:35:30.270648+09:00","Action":"run","Package":"waiting-room/internal/installplan","Test":"TestCostInvalidInputs"}
{"Time":"2026-09-06T08:35:30.27065+09:00","Action":"output","Package":"waiting-room/internal/installplan","Test":"TestCostInvalidInputs","Output":"=== RUN   TestCostInvalidInputs\n"}
{"Time":"2026-09-06T08:35:30.270713+09:00","Action":"run","Package":"waiting-room/internal/installplan","Test":"TestCostInvalidInputs/precision-high"}
{"Time":"2026-09-06T08:35:30.270716+09:00","Action":"output","Package":"waiting-room/internal/installplan","Test":"TestCostInvalidInputs/precision-high","Output":"=== RUN   TestCostInvalidInputs/precision-high\n"}
{"Time":"2026-09-06T08:35:30.270953+09:00","Action":"output","Package":"waiting-room/internal/installplan","Test":"TestCostInvalidInputs/precision-high","Output":"--- PASS: TestCostInvalidInputs/precision-high (0.00s)\n"}
{"Time":"2026-09-06T08:35:30.270966+09:00","Action":"pass","Package":"waiting-room/internal/installplan","Test":"TestCostInvalidInputs/precision-high","Elapsed":0}
{"Time":"2026-09-06T08:35:30.270976+09:00","Action":"run","Package":"waiting-room/internal/installplan","Test":"TestCostInvalidInputs/hours-high"}
{"Time":"2026-09-06T08:35:30.270978+09:00","Action":"output","Package":"waiting-room/internal/installplan","Test":"TestCostInvalidInputs/hours-high","Output":"=== RUN   TestCostInvalidInputs/hours-high\n"}
{"Time":"2026-09-06T08:35:30.271397+09:00","Action":"output","Package":"waiting-room/internal/installplan","Test":"TestCostInvalidInputs/hours-high","Output":"--- PASS: TestCostInvalidInputs/hours-high (0.00s)\n"}
{"Time":"2026-09-06T08:35:30.271412+09:00","Action":"pass","Package":"waiting-room/internal/installplan","Test":"TestCostInvalidInputs/hours-high","Elapsed":0}
{"Time":"2026-09-06T08:35:30.271433+09:00","Action":"run","Package":"waiting-room/internal/installplan","Test":"TestCostInvalidInputs/region"}
{"Time":"2026-09-06T08:35:30.271436+09:00","Action":"output","Package":"waiting-room/internal/installplan","Test":"TestCostInvalidInputs/region","Output":"=== RUN   TestCostInvalidInputs/region\n"}
{"Time":"2026-09-06T08:35:30.271831+09:00","Action":"output","Package":"waiting-room/internal/installplan","Test":"TestCostInvalidInputs/region","Output":"--- PASS: TestCostInvalidInputs/region (0.00s)\n"}
{"Time":"2026-09-06T08:35:30.271848+09:00","Action":"pass","Package":"waiting-room/internal/installplan","Test":"TestCostInvalidInputs/region","Elapsed":0}
{"Time":"2026-09-06T08:35:30.271866+09:00","Action":"run","Package":"waiting-room/internal/installplan","Test":"TestCostInvalidInputs/currency"}
{"Time":"2026-09-06T08:35:30.27187+09:00","Action":"output","Package":"waiting-room/internal/installplan","Test":"TestCostInvalidInputs/currency","Output":"=== RUN   TestCostInvalidInputs/currency\n"}
{"Time":"2026-09-06T08:35:30.27219+09:00","Action":"output","Package":"waiting-room/internal/installplan","Test":"TestCostInvalidInputs/currency","Output":"--- PASS: TestCostInvalidInputs/currency (0.00s)\n"}
{"Time":"2026-09-06T08:35:30.272206+09:00","Action":"pass","Package":"waiting-room/internal/installplan","Test":"TestCostInvalidInputs/currency","Elapsed":0}
{"Time":"2026-09-06T08:35:30.272214+09:00","Action":"run","Package":"waiting-room/internal/installplan","Test":"TestCostInvalidInputs/missing-date"}
{"Time":"2026-09-06T08:35:30.272216+09:00","Action":"output","Package":"waiting-room/internal/installplan","Test":"TestCostInvalidInputs/missing-date","Output":"=== RUN   TestCostInvalidInputs/missing-date\n"}
{"Time":"2026-09-06T08:35:30.272501+09:00","Action":"output","Package":"waiting-room/internal/installplan","Test":"TestCostInvalidInputs/missing-date","Output":"--- PASS: TestCostInvalidInputs/missing-date (0.00s)\n"}
{"Time":"2026-09-06T08:35:30.272508+09:00","Action":"pass","Package":"waiting-room/internal/installplan","Test":"TestCostInvalidInputs/missing-date","Elapsed":0}
{"Time":"2026-09-06T08:35:30.272516+09:00","Action":"run","Package":"waiting-room/internal/installplan","Test":"TestCostInvalidInputs/hours-low"}
{"Time":"2026-09-06T08:35:30.272519+09:00","Action":"output","Package":"waiting-room/internal/installplan","Test":"TestCostInvalidInputs/hours-low","Output":"=== RUN   TestCostInvalidInputs/hours-low\n"}
{"Time":"2026-09-06T08:35:30.272811+09:00","Action":"output","Package":"waiting-room/internal/installplan","Test":"TestCostInvalidInputs/hours-low","Output":"--- PASS: TestCostInvalidInputs/hours-low (0.00s)\n"}
{"Time":"2026-09-06T08:35:30.272817+09:00","Action":"pass","Package":"waiting-room/internal/installplan","Test":"TestCostInvalidInputs/hours-low","Elapsed":0}
{"Time":"2026-09-06T08:35:30.272829+09:00","Action":"run","Package":"waiting-room/internal/installplan","Test":"TestCostInvalidInputs/version"}
{"Time":"2026-09-06T08:35:30.272833+09:00","Action":"output","Package":"waiting-room/internal/installplan","Test":"TestCostInvalidInputs/version","Output":"=== RUN   TestCostInvalidInputs/version\n"}
{"Time":"2026-09-06T08:35:30.273104+09:00","Action":"output","Package":"waiting-room/internal/installplan","Test":"TestCostInvalidInputs/version","Output":"--- PASS: TestCostInvalidInputs/version (0.00s)\n"}
{"Time":"2026-09-06T08:35:30.273117+09:00","Action":"pass","Package":"waiting-room/internal/installplan","Test":"TestCostInvalidInputs/version","Elapsed":0}
{"Time":"2026-09-06T08:35:30.273121+09:00","Action":"run","Package":"waiting-room/internal/installplan","Test":"TestCostInvalidInputs/date"}
{"Time":"2026-09-06T08:35:30.273129+09:00","Action":"output","Package":"waiting-room/internal/installplan","Test":"TestCostInvalidInputs/date","Output":"=== RUN   TestCostInvalidInputs/date\n"}
{"Time":"2026-09-06T08:35:30.273388+09:00","Action":"output","Package":"waiting-room/internal/installplan","Test":"TestCostInvalidInputs/date","Output":"--- PASS: TestCostInvalidInputs/date (0.00s)\n"}
{"Time":"2026-09-06T08:35:30.273393+09:00","Action":"pass","Package":"waiting-room/internal/installplan","Test":"TestCostInvalidInputs/date","Elapsed":0}
{"Time":"2026-09-06T08:35:30.273411+09:00","Action":"run","Package":"waiting-room/internal/installplan","Test":"TestCostInvalidInputs/storage-low"}
{"Time":"2026-09-06T08:35:30.273414+09:00","Action":"output","Package":"waiting-room/internal/installplan","Test":"TestCostInvalidInputs/storage-low","Output":"=== RUN   TestCostInvalidInputs/storage-low\n"}
{"Time":"2026-09-06T08:35:30.273706+09:00","Action":"output","Package":"waiting-room/internal/installplan","Test":"TestCostInvalidInputs/storage-low","Output":"--- PASS: TestCostInvalidInputs/storage-low (0.00s)\n"}
{"Time":"2026-09-06T08:35:30.273712+09:00","Action":"pass","Package":"waiting-room/internal/installplan","Test":"TestCostInvalidInputs/storage-low","Elapsed":0}
{"Time":"2026-09-06T08:35:30.273728+09:00","Action":"run","Package":"waiting-room/internal/installplan","Test":"TestCostInvalidInputs/storage-high"}
{"Time":"2026-09-06T08:35:30.273731+09:00","Action":"output","Package":"waiting-room/internal/installplan","Test":"TestCostInvalidInputs/storage-high","Output":"=== RUN   TestCostInvalidInputs/storage-high\n"}
{"Time":"2026-09-06T08:35:30.274017+09:00","Action":"output","Package":"waiting-room/internal/installplan","Test":"TestCostInvalidInputs/storage-high","Output":"--- PASS: TestCostInvalidInputs/storage-high (0.00s)\n"}
{"Time":"2026-09-06T08:35:30.274023+09:00","Action":"pass","Package":"waiting-room/internal/installplan","Test":"TestCostInvalidInputs/storage-high","Elapsed":0}
{"Time":"2026-09-06T08:35:30.274039+09:00","Action":"run","Package":"waiting-room/internal/installplan","Test":"TestCostInvalidInputs/provider"}
{"Time":"2026-09-06T08:35:30.274042+09:00","Action":"output","Package":"waiting-room/internal/installplan","Test":"TestCostInvalidInputs/provider","Output":"=== RUN   TestCostInvalidInputs/provider\n"}
{"Time":"2026-09-06T08:35:30.274316+09:00","Action":"output","Package":"waiting-room/internal/installplan","Test":"TestCostInvalidInputs/provider","Output":"--- PASS: TestCostInvalidInputs/provider (0.00s)\n"}
{"Time":"2026-09-06T08:35:30.27432+09:00","Action":"pass","Package":"waiting-room/internal/installplan","Test":"TestCostInvalidInputs/provider","Elapsed":0}
{"Time":"2026-09-06T08:35:30.274336+09:00","Action":"run","Package":"waiting-room/internal/installplan","Test":"TestCostInvalidInputs/date-year"}
{"Time":"2026-09-06T08:35:30.274339+09:00","Action":"output","Package":"waiting-room/internal/installplan","Test":"TestCostInvalidInputs/date-year","Output":"=== RUN   TestCostInvalidInputs/date-year\n"}
{"Time":"2026-09-06T08:35:30.274604+09:00","Action":"output","Package":"waiting-room/internal/installplan","Test":"TestCostInvalidInputs/date-year","Output":"--- PASS: TestCostInvalidInputs/date-year (0.00s)\n"}
{"Time":"2026-09-06T08:35:30.274609+09:00","Action":"pass","Package":"waiting-room/internal/installplan","Test":"TestCostInvalidInputs/date-year","Elapsed":0}
{"Time":"2026-09-06T08:35:30.274631+09:00","Action":"run","Package":"waiting-room/internal/installplan","Test":"TestCostInvalidInputs/precision-low"}
{"Time":"2026-09-06T08:35:30.274634+09:00","Action":"output","Package":"waiting-room/internal/installplan","Test":"TestCostInvalidInputs/precision-low","Output":"=== RUN   TestCostInvalidInputs/precision-low\n"}
{"Time":"2026-09-06T08:35:30.274906+09:00","Action":"output","Package":"waiting-room/internal/installplan","Test":"TestCostInvalidInputs/precision-low","Output":"--- PASS: TestCostInvalidInputs/precision-low (0.00s)\n"}
{"Time":"2026-09-06T08:35:30.274911+09:00","Action":"pass","Package":"waiting-room/internal/installplan","Test":"TestCostInvalidInputs/precision-low","Elapsed":0}
{"Time":"2026-09-06T08:35:30.274928+09:00","Action":"run","Package":"waiting-room/internal/installplan","Test":"TestCostInvalidInputs/egress-low"}
{"Time":"2026-09-06T08:35:30.274931+09:00","Action":"output","Package":"waiting-room/internal/installplan","Test":"TestCostInvalidInputs/egress-low","Output":"=== RUN   TestCostInvalidInputs/egress-low\n"}
{"Time":"2026-09-06T08:35:30.275209+09:00","Action":"output","Package":"waiting-room/internal/installplan","Test":"TestCostInvalidInputs/egress-low","Output":"--- PASS: TestCostInvalidInputs/egress-low (0.00s)\n"}
{"Time":"2026-09-06T08:35:30.275223+09:00","Action":"pass","Package":"waiting-room/internal/installplan","Test":"TestCostInvalidInputs/egress-low","Elapsed":0}
{"Time":"2026-09-06T08:35:30.275235+09:00","Action":"run","Package":"waiting-room/internal/installplan","Test":"TestCostInvalidInputs/egress-high"}
{"Time":"2026-09-06T08:35:30.275238+09:00","Action":"output","Package":"waiting-room/internal/installplan","Test":"TestCostInvalidInputs/egress-high","Output":"=== RUN   TestCostInvalidInputs/egress-high\n"}
{"Time":"2026-09-06T08:35:30.275518+09:00","Action":"output","Package":"waiting-room/internal/installplan","Test":"TestCostInvalidInputs/egress-high","Output":"--- PASS: TestCostInvalidInputs/egress-high (0.00s)\n"}
{"Time":"2026-09-06T08:35:30.275534+09:00","Action":"pass","Package":"waiting-room/internal/installplan","Test":"TestCostInvalidInputs/egress-high","Elapsed":0}
{"Time":"2026-09-06T08:35:30.275537+09:00","Action":"run","Package":"waiting-room/internal/installplan","Test":"TestCostInvalidInputs/host/"}
{"Time":"2026-09-06T08:35:30.275538+09:00","Action":"output","Package":"waiting-room/internal/installplan","Test":"TestCostInvalidInputs/host/","Output":"=== RUN   TestCostInvalidInputs/host/\n"}
{"Time":"2026-09-06T08:35:30.275823+09:00","Action":"output","Package":"waiting-room/internal/installplan","Test":"TestCostInvalidInputs/host/","Output":"--- PASS: TestCostInvalidInputs/host/ (0.00s)\n"}
{"Time":"2026-09-06T08:35:30.275827+09:00","Action":"pass","Package":"waiting-room/internal/installplan","Test":"TestCostInvalidInputs/host/","Elapsed":0}
{"Time":"2026-09-06T08:35:30.27585+09:00","Action":"run","Package":"waiting-room/internal/installplan","Test":"TestCostInvalidInputs/worker/"}
{"Time":"2026-09-06T08:35:30.275854+09:00","Action":"output","Package":"waiting-room/internal/installplan","Test":"TestCostInvalidInputs/worker/","Output":"=== RUN   TestCostInvalidInputs/worker/\n"}
{"Time":"2026-09-06T08:35:30.276174+09:00","Action":"output","Package":"waiting-room/internal/installplan","Test":"TestCostInvalidInputs/worker/","Output":"--- PASS: TestCostInvalidInputs/worker/ (0.00s)\n"}
{"Time":"2026-09-06T08:35:30.276179+09:00","Action":"pass","Package":"waiting-room/internal/installplan","Test":"TestCostInvalidInputs/worker/","Elapsed":0}
{"Time":"2026-09-06T08:35:30.276196+09:00","Action":"run","Package":"waiting-room/internal/installplan","Test":"TestCostInvalidInputs/volume/"}
{"Time":"2026-09-06T08:35:30.276198+09:00","Action":"output","Package":"waiting-room/internal/installplan","Test":"TestCostInvalidInputs/volume/","Output":"=== RUN   TestCostInvalidInputs/volume/\n"}
{"Time":"2026-09-06T08:35:30.276483+09:00","Action":"output","Package":"waiting-room/internal/installplan","Test":"TestCostInvalidInputs/volume/","Output":"--- PASS: TestCostInvalidInputs/volume/ (0.00s)\n"}
{"Time":"2026-09-06T08:35:30.276489+09:00","Action":"pass","Package":"waiting-room/internal/installplan","Test":"TestCostInvalidInputs/volume/","Elapsed":0}
{"Time":"2026-09-06T08:35:30.276506+09:00","Action":"run","Package":"waiting-room/internal/installplan","Test":"TestCostInvalidInputs/host/-1"}
{"Time":"2026-09-06T08:35:30.276508+09:00","Action":"output","Package":"waiting-room/internal/installplan","Test":"TestCostInvalidInputs/host/-1","Output":"=== RUN   TestCostInvalidInputs/host/-1\n"}
{"Time":"2026-09-06T08:35:30.276796+09:00","Action":"output","Package":"waiting-room/internal/installplan","Test":"TestCostInvalidInputs/host/-1","Output":"--- PASS: TestCostInvalidInputs/host/-1 (0.00s)\n"}
{"Time":"2026-09-06T08:35:30.276807+09:00","Action":"pass","Package":"waiting-room/internal/installplan","Test":"TestCostInvalidInputs/host/-1","Elapsed":0}
{"Time":"2026-09-06T08:35:30.276818+09:00","Action":"run","Package":"waiting-room/internal/installplan","Test":"TestCostInvalidInputs/worker/-1"}
{"Time":"2026-09-06T08:35:30.27682+09:00","Action":"output","Package":"waiting-room/internal/installplan","Test":"TestCostInvalidInputs/worker/-1","Output":"=== RUN   TestCostInvalidInputs/worker/-1\n"}
{"Time":"2026-09-06T08:35:30.277104+09:00","Action":"output","Package":"waiting-room/internal/installplan","Test":"TestCostInvalidInputs/worker/-1","Output":"--- PASS: TestCostInvalidInputs/worker/-1 (0.00s)\n"}
{"Time":"2026-09-06T08:35:30.277117+09:00","Action":"pass","Package":"waiting-room/internal/installplan","Test":"TestCostInvalidInputs/worker/-1","Elapsed":0}
{"Time":"2026-09-06T08:35:30.277122+09:00","Action":"run","Package":"waiting-room/internal/installplan","Test":"TestCostInvalidInputs/volume/-1"}
{"Time":"2026-09-06T08:35:30.277124+09:00","Action":"output","Package":"waiting-room/internal/installplan","Test":"TestCostInvalidInputs/volume/-1","Output":"=== RUN   TestCostInvalidInputs/volume/-1\n"}
{"Time":"2026-09-06T08:35:30.277419+09:00","Action":"output","Package":"waiting-room/internal/installplan","Test":"TestCostInvalidInputs/volume/-1","Output":"--- PASS: TestCostInvalidInputs/volume/-1 (0.00s)\n"}
{"Time":"2026-09-06T08:35:30.277423+09:00","Action":"pass","Package":"waiting-room/internal/installplan","Test":"TestCostInvalidInputs/volume/-1","Elapsed":0}
{"Time":"2026-09-06T08:35:30.27744+09:00","Action":"run","Package":"waiting-room/internal/installplan","Test":"TestCostInvalidInputs/host/+1"}
{"Time":"2026-09-06T08:35:30.277443+09:00","Action":"output","Package":"waiting-room/internal/installplan","Test":"TestCostInvalidInputs/host/+1","Output":"=== RUN   TestCostInvalidInputs/host/+1\n"}
{"Time":"2026-09-06T08:35:30.277723+09:00","Action":"output","Package":"waiting-room/internal/installplan","Test":"TestCostInvalidInputs/host/+1","Output":"--- PASS: TestCostInvalidInputs/host/+1 (0.00s)\n"}
{"Time":"2026-09-06T08:35:30.277727+09:00","Action":"pass","Package":"waiting-room/internal/installplan","Test":"TestCostInvalidInputs/host/+1","Elapsed":0}
{"Time":"2026-09-06T08:35:30.277742+09:00","Action":"run","Package":"waiting-room/internal/installplan","Test":"TestCostInvalidInputs/worker/+1"}
{"Time":"2026-09-06T08:35:30.277745+09:00","Action":"output","Package":"waiting-room/internal/installplan","Test":"TestCostInvalidInputs/worker/+1","Output":"=== RUN   TestCostInvalidInputs/worker/+1\n"}
{"Time":"2026-09-06T08:35:30.278059+09:00","Action":"output","Package":"waiting-room/internal/installplan","Test":"TestCostInvalidInputs/worker/+1","Output":"--- PASS: TestCostInvalidInputs/worker/+1 (0.00s)\n"}
{"Time":"2026-09-06T08:35:30.278075+09:00","Action":"pass","Package":"waiting-room/internal/installplan","Test":"TestCostInvalidInputs/worker/+1","Elapsed":0}
{"Time":"2026-09-06T08:35:30.278092+09:00","Action":"run","Package":"waiting-room/internal/installplan","Test":"TestCostInvalidInputs/volume/+1"}
{"Time":"2026-09-06T08:35:30.278094+09:00","Action":"output","Package":"waiting-room/internal/installplan","Test":"TestCostInvalidInputs/volume/+1","Output":"=== RUN   TestCostInvalidInputs/volume/+1\n"}
{"Time":"2026-09-06T08:35:30.278356+09:00","Action":"output","Package":"waiting-room/internal/installplan","Test":"TestCostInvalidInputs/volume/+1","Output":"--- PASS: TestCostInvalidInputs/volume/+1 (0.00s)\n"}
{"Time":"2026-09-06T08:35:30.27836+09:00","Action":"pass","Package":"waiting-room/internal/installplan","Test":"TestCostInvalidInputs/volume/+1","Elapsed":0}
{"Time":"2026-09-06T08:35:30.278375+09:00","Action":"run","Package":"waiting-room/internal/installplan","Test":"TestCostInvalidInputs/host/1e3"}
{"Time":"2026-09-06T08:35:30.278378+09:00","Action":"output","Package":"waiting-room/internal/installplan","Test":"TestCostInvalidInputs/host/1e3","Output":"=== RUN   TestCostInvalidInputs/host/1e3\n"}
{"Time":"2026-09-06T08:35:30.278584+09:00","Action":"output","Package":"waiting-room/internal/installplan","Test":"TestCostInvalidInputs/host/1e3","Output":"--- PASS: TestCostInvalidInputs/host/1e3 (0.00s)\n"}
{"Time":"2026-09-06T08:35:30.27859+09:00","Action":"pass","Package":"waiting-room/internal/installplan","Test":"TestCostInvalidInputs/host/1e3","Elapsed":0}
{"Time":"2026-09-06T08:35:30.278605+09:00","Action":"run","Package":"waiting-room/internal/installplan","Test":"TestCostInvalidInputs/worker/1e3"}
{"Time":"2026-09-06T08:35:30.278608+09:00","Action":"output","Package":"waiting-room/internal/installplan","Test":"TestCostInvalidInputs/worker/1e3","Output":"=== RUN   TestCostInvalidInputs/worker/1e3\n"}
{"Time":"2026-09-06T08:35:30.278946+09:00","Action":"output","Package":"waiting-room/internal/installplan","Test":"TestCostInvalidInputs/worker/1e3","Output":"--- PASS: TestCostInvalidInputs/worker/1e3 (0.00s)\n"}
{"Time":"2026-09-06T08:35:30.278962+09:00","Action":"pass","Package":"waiting-room/internal/installplan","Test":"TestCostInvalidInputs/worker/1e3","Elapsed":0}
{"Time":"2026-09-06T08:35:30.278972+09:00","Action":"run","Package":"waiting-room/internal/installplan","Test":"TestCostInvalidInputs/volume/1e3"}
{"Time":"2026-09-06T08:35:30.278975+09:00","Action":"output","Package":"waiting-room/internal/installplan","Test":"TestCostInvalidInputs/volume/1e3","Output":"=== RUN   TestCostInvalidInputs/volume/1e3\n"}
{"Time":"2026-09-06T08:35:30.279287+09:00","Action":"output","Package":"waiting-room/internal/installplan","Test":"TestCostInvalidInputs/volume/1e3","Output":"--- PASS: TestCostInvalidInputs/volume/1e3 (0.00s)\n"}
{"Time":"2026-09-06T08:35:30.279293+09:00","Action":"pass","Package":"waiting-room/internal/installplan","Test":"TestCostInvalidInputs/volume/1e3","Elapsed":0}
{"Time":"2026-09-06T08:35:30.279332+09:00","Action":"run","Package":"waiting-room/internal/installplan","Test":"TestCostInvalidInputs/host/NaN"}
{"Time":"2026-09-06T08:35:30.279343+09:00","Action":"output","Package":"waiting-room/internal/installplan","Test":"TestCostInvalidInputs/host/NaN","Output":"=== RUN   TestCostInvalidInputs/host/NaN\n"}
{"Time":"2026-09-06T08:35:30.279596+09:00","Action":"output","Package":"waiting-room/internal/installplan","Test":"TestCostInvalidInputs/host/NaN","Output":"--- PASS: TestCostInvalidInputs/host/NaN (0.00s)\n"}
{"Time":"2026-09-06T08:35:30.279602+09:00","Action":"pass","Package":"waiting-room/internal/installplan","Test":"TestCostInvalidInputs/host/NaN","Elapsed":0}
{"Time":"2026-09-06T08:35:30.27963+09:00","Action":"run","Package":"waiting-room/internal/installplan","Test":"TestCostInvalidInputs/worker/NaN"}
{"Time":"2026-09-06T08:35:30.279636+09:00","Action":"output","Package":"waiting-room/internal/installplan","Test":"TestCostInvalidInputs/worker/NaN","Output":"=== RUN   TestCostInvalidInputs/worker/NaN\n"}
{"Time":"2026-09-06T08:35:30.27991+09:00","Action":"output","Package":"waiting-room/internal/installplan","Test":"TestCostInvalidInputs/worker/NaN","Output":"--- PASS: TestCostInvalidInputs/worker/NaN (0.00s)\n"}
{"Time":"2026-09-06T08:35:30.279917+09:00","Action":"pass","Package":"waiting-room/internal/installplan","Test":"TestCostInvalidInputs/worker/NaN","Elapsed":0}
{"Time":"2026-09-06T08:35:30.279933+09:00","Action":"run","Package":"waiting-room/internal/installplan","Test":"TestCostInvalidInputs/volume/NaN"}
{"Time":"2026-09-06T08:35:30.279937+09:00","Action":"output","Package":"waiting-room/internal/installplan","Test":"TestCostInvalidInputs/volume/NaN","Output":"=== RUN   TestCostInvalidInputs/volume/NaN\n"}
{"Time":"2026-09-06T08:35:30.2802+09:00","Action":"output","Package":"waiting-room/internal/installplan","Test":"TestCostInvalidInputs/volume/NaN","Output":"--- PASS: TestCostInvalidInputs/volume/NaN (0.00s)\n"}
{"Time":"2026-09-06T08:35:30.280215+09:00","Action":"pass","Package":"waiting-room/internal/installplan","Test":"TestCostInvalidInputs/volume/NaN","Elapsed":0}
{"Time":"2026-09-06T08:35:30.280231+09:00","Action":"run","Package":"waiting-room/internal/installplan","Test":"TestCostInvalidInputs/host/Inf"}
{"Time":"2026-09-06T08:35:30.280237+09:00","Action":"output","Package":"waiting-room/internal/installplan","Test":"TestCostInvalidInputs/host/Inf","Output":"=== RUN   TestCostInvalidInputs/host/Inf\n"}
{"Time":"2026-09-06T08:35:30.280496+09:00","Action":"output","Package":"waiting-room/internal/installplan","Test":"TestCostInvalidInputs/host/Inf","Output":"--- PASS: TestCostInvalidInputs/host/Inf (0.00s)\n"}
{"Time":"2026-09-06T08:35:30.280506+09:00","Action":"pass","Package":"waiting-room/internal/installplan","Test":"TestCostInvalidInputs/host/Inf","Elapsed":0}
{"Time":"2026-09-06T08:35:30.280521+09:00","Action":"run","Package":"waiting-room/internal/installplan","Test":"TestCostInvalidInputs/worker/Inf"}
{"Time":"2026-09-06T08:35:30.280524+09:00","Action":"output","Package":"waiting-room/internal/installplan","Test":"TestCostInvalidInputs/worker/Inf","Output":"=== RUN   TestCostInvalidInputs/worker/Inf\n"}
{"Time":"2026-09-06T08:35:30.280789+09:00","Action":"output","Package":"waiting-room/internal/installplan","Test":"TestCostInvalidInputs/worker/Inf","Output":"--- PASS: TestCostInvalidInputs/worker/Inf (0.00s)\n"}
{"Time":"2026-09-06T08:35:30.280802+09:00","Action":"pass","Package":"waiting-room/internal/installplan","Test":"TestCostInvalidInputs/worker/Inf","Elapsed":0}
{"Time":"2026-09-06T08:35:30.280817+09:00","Action":"run","Package":"waiting-room/internal/installplan","Test":"TestCostInvalidInputs/volume/Inf"}
{"Time":"2026-09-06T08:35:30.280819+09:00","Action":"output","Package":"waiting-room/internal/installplan","Test":"TestCostInvalidInputs/volume/Inf","Output":"=== RUN   TestCostInvalidInputs/volume/Inf\n"}
{"Time":"2026-09-06T08:35:30.281087+09:00","Action":"output","Package":"waiting-room/internal/installplan","Test":"TestCostInvalidInputs/volume/Inf","Output":"--- PASS: TestCostInvalidInputs/volume/Inf (0.00s)\n"}
{"Time":"2026-09-06T08:35:30.281101+09:00","Action":"pass","Package":"waiting-room/internal/installplan","Test":"TestCostInvalidInputs/volume/Inf","Elapsed":0}
{"Time":"2026-09-06T08:35:30.281107+09:00","Action":"run","Package":"waiting-room/internal/installplan","Test":"TestCostInvalidInputs/host/1.0000001"}
{"Time":"2026-09-06T08:35:30.281108+09:00","Action":"output","Package":"waiting-room/internal/installplan","Test":"TestCostInvalidInputs/host/1.0000001","Output":"=== RUN   TestCostInvalidInputs/host/1.0000001\n"}
{"Time":"2026-09-06T08:35:30.281369+09:00","Action":"output","Package":"waiting-room/internal/installplan","Test":"TestCostInvalidInputs/host/1.0000001","Output":"--- PASS: TestCostInvalidInputs/host/1.0000001 (0.00s)\n"}
{"Time":"2026-09-06T08:35:30.281382+09:00","Action":"pass","Package":"waiting-room/internal/installplan","Test":"TestCostInvalidInputs/host/1.0000001","Elapsed":0}
{"Time":"2026-09-06T08:35:30.281393+09:00","Action":"run","Package":"waiting-room/internal/installplan","Test":"TestCostInvalidInputs/worker/1.0000001"}
{"Time":"2026-09-06T08:35:30.281396+09:00","Action":"output","Package":"waiting-room/internal/installplan","Test":"TestCostInvalidInputs/worker/1.0000001","Output":"=== RUN   TestCostInvalidInputs/worker/1.0000001\n"}
{"Time":"2026-09-06T08:35:30.281656+09:00","Action":"output","Package":"waiting-room/internal/installplan","Test":"TestCostInvalidInputs/worker/1.0000001","Output":"--- PASS: TestCostInvalidInputs/worker/1.0000001 (0.00s)\n"}
{"Time":"2026-09-06T08:35:30.281669+09:00","Action":"pass","Package":"waiting-room/internal/installplan","Test":"TestCostInvalidInputs/worker/1.0000001","Elapsed":0}
{"Time":"2026-09-06T08:35:30.281684+09:00","Action":"run","Package":"waiting-room/internal/installplan","Test":"TestCostInvalidInputs/volume/1.0000001"}
{"Time":"2026-09-06T08:35:30.281687+09:00","Action":"output","Package":"waiting-room/internal/installplan","Test":"TestCostInvalidInputs/volume/1.0000001","Output":"=== RUN   TestCostInvalidInputs/volume/1.0000001\n"}
{"Time":"2026-09-06T08:35:30.281952+09:00","Action":"output","Package":"waiting-room/internal/installplan","Test":"TestCostInvalidInputs/volume/1.0000001","Output":"--- PASS: TestCostInvalidInputs/volume/1.0000001 (0.00s)\n"}
{"Time":"2026-09-06T08:35:30.28196+09:00","Action":"pass","Package":"waiting-room/internal/installplan","Test":"TestCostInvalidInputs/volume/1.0000001","Elapsed":0}
{"Time":"2026-09-06T08:35:30.281976+09:00","Action":"run","Package":"waiting-room/internal/installplan","Test":"TestCostInvalidInputs/host/01"}
{"Time":"2026-09-06T08:35:30.281979+09:00","Action":"output","Package":"waiting-room/internal/installplan","Test":"TestCostInvalidInputs/host/01","Output":"=== RUN   TestCostInvalidInputs/host/01\n"}
{"Time":"2026-09-06T08:35:30.282236+09:00","Action":"output","Package":"waiting-room/internal/installplan","Test":"TestCostInvalidInputs/host/01","Output":"--- PASS: TestCostInvalidInputs/host/01 (0.00s)\n"}
{"Time":"2026-09-06T08:35:30.282243+09:00","Action":"pass","Package":"waiting-room/internal/installplan","Test":"TestCostInvalidInputs/host/01","Elapsed":0}
{"Time":"2026-09-06T08:35:30.282259+09:00","Action":"run","Package":"waiting-room/internal/installplan","Test":"TestCostInvalidInputs/worker/01"}
{"Time":"2026-09-06T08:35:30.282262+09:00","Action":"output","Package":"waiting-room/internal/installplan","Test":"TestCostInvalidInputs/worker/01","Output":"=== RUN   TestCostInvalidInputs/worker/01\n"}
{"Time":"2026-09-06T08:35:30.282516+09:00","Action":"output","Package":"waiting-room/internal/installplan","Test":"TestCostInvalidInputs/worker/01","Output":"--- PASS: TestCostInvalidInputs/worker/01 (0.00s)\n"}
{"Time":"2026-09-06T08:35:30.282531+09:00","Action":"pass","Package":"waiting-room/internal/installplan","Test":"TestCostInvalidInputs/worker/01","Elapsed":0}
{"Time":"2026-09-06T08:35:30.282539+09:00","Action":"run","Package":"waiting-room/internal/installplan","Test":"TestCostInvalidInputs/volume/01"}
{"Time":"2026-09-06T08:35:30.28254+09:00","Action":"output","Package":"waiting-room/internal/installplan","Test":"TestCostInvalidInputs/volume/01","Output":"=== RUN   TestCostInvalidInputs/volume/01\n"}
{"Time":"2026-09-06T08:35:30.282805+09:00","Action":"output","Package":"waiting-room/internal/installplan","Test":"TestCostInvalidInputs/volume/01","Output":"--- PASS: TestCostInvalidInputs/volume/01 (0.00s)\n"}
{"Time":"2026-09-06T08:35:30.282819+09:00","Action":"pass","Package":"waiting-room/internal/installplan","Test":"TestCostInvalidInputs/volume/01","Elapsed":0}
{"Time":"2026-09-06T08:35:30.282831+09:00","Action":"run","Package":"waiting-room/internal/installplan","Test":"TestCostInvalidInputs/host/.1"}
{"Time":"2026-09-06T08:35:30.282835+09:00","Action":"output","Package":"waiting-room/internal/installplan","Test":"TestCostInvalidInputs/host/.1","Output":"=== RUN   TestCostInvalidInputs/host/.1\n"}
{"Time":"2026-09-06T08:35:30.283028+09:00","Action":"output","Package":"waiting-room/internal/installplan","Test":"TestCostInvalidInputs/host/.1","Output":"--- PASS: TestCostInvalidInputs/host/.1 (0.00s)\n"}
{"Time":"2026-09-06T08:35:30.283038+09:00","Action":"pass","Package":"waiting-room/internal/installplan","Test":"TestCostInvalidInputs/host/.1","Elapsed":0}
{"Time":"2026-09-06T08:35:30.283041+09:00","Action":"run","Package":"waiting-room/internal/installplan","Test":"TestCostInvalidInputs/worker/.1"}
{"Time":"2026-09-06T08:35:30.283043+09:00","Action":"output","Package":"waiting-room/internal/installplan","Test":"TestCostInvalidInputs/worker/.1","Output":"=== RUN   TestCostInvalidInputs/worker/.1\n"}
{"Time":"2026-09-06T08:35:30.283215+09:00","Action":"output","Package":"waiting-room/internal/installplan","Test":"TestCostInvalidInputs/worker/.1","Output":"--- PASS: TestCostInvalidInputs/worker/.1 (0.00s)\n"}
{"Time":"2026-09-06T08:35:30.283226+09:00","Action":"pass","Package":"waiting-room/internal/installplan","Test":"TestCostInvalidInputs/worker/.1","Elapsed":0}
{"Time":"2026-09-06T08:35:30.283237+09:00","Action":"run","Package":"waiting-room/internal/installplan","Test":"TestCostInvalidInputs/volume/.1"}
{"Time":"2026-09-06T08:35:30.28324+09:00","Action":"output","Package":"waiting-room/internal/installplan","Test":"TestCostInvalidInputs/volume/.1","Output":"=== RUN   TestCostInvalidInputs/volume/.1\n"}
{"Time":"2026-09-06T08:35:30.283431+09:00","Action":"output","Package":"waiting-room/internal/installplan","Test":"TestCostInvalidInputs/volume/.1","Output":"--- PASS: TestCostInvalidInputs/volume/.1 (0.00s)\n"}
{"Time":"2026-09-06T08:35:30.283445+09:00","Action":"pass","Package":"waiting-room/internal/installplan","Test":"TestCostInvalidInputs/volume/.1","Elapsed":0}
{"Time":"2026-09-06T08:35:30.283456+09:00","Action":"run","Package":"waiting-room/internal/installplan","Test":"TestCostInvalidInputs/host/1."}
{"Time":"2026-09-06T08:35:30.28346+09:00","Action":"output","Package":"waiting-room/internal/installplan","Test":"TestCostInvalidInputs/host/1.","Output":"=== RUN   TestCostInvalidInputs/host/1.\n"}
{"Time":"2026-09-06T08:35:30.283711+09:00","Action":"output","Package":"waiting-room/internal/installplan","Test":"TestCostInvalidInputs/host/1.","Output":"--- PASS: TestCostInvalidInputs/host/1. (0.00s)\n"}
{"Time":"2026-09-06T08:35:30.283724+09:00","Action":"pass","Package":"waiting-room/internal/installplan","Test":"TestCostInvalidInputs/host/1.","Elapsed":0}
{"Time":"2026-09-06T08:35:30.283734+09:00","Action":"run","Package":"waiting-room/internal/installplan","Test":"TestCostInvalidInputs/worker/1."}
{"Time":"2026-09-06T08:35:30.283736+09:00","Action":"output","Package":"waiting-room/internal/installplan","Test":"TestCostInvalidInputs/worker/1.","Output":"=== RUN   TestCostInvalidInputs/worker/1.\n"}
{"Time":"2026-09-06T08:35:30.283994+09:00","Action":"output","Package":"waiting-room/internal/installplan","Test":"TestCostInvalidInputs/worker/1.","Output":"--- PASS: TestCostInvalidInputs/worker/1. (0.00s)\n"}
{"Time":"2026-09-06T08:35:30.284009+09:00","Action":"pass","Package":"waiting-room/internal/installplan","Test":"TestCostInvalidInputs/worker/1.","Elapsed":0}
{"Time":"2026-09-06T08:35:30.284022+09:00","Action":"run","Package":"waiting-room/internal/installplan","Test":"TestCostInvalidInputs/volume/1."}
{"Time":"2026-09-06T08:35:30.284024+09:00","Action":"output","Package":"waiting-room/internal/installplan","Test":"TestCostInvalidInputs/volume/1.","Output":"=== RUN   TestCostInvalidInputs/volume/1.\n"}
{"Time":"2026-09-06T08:35:30.284279+09:00","Action":"output","Package":"waiting-room/internal/installplan","Test":"TestCostInvalidInputs/volume/1.","Output":"--- PASS: TestCostInvalidInputs/volume/1. (0.00s)\n"}
{"Time":"2026-09-06T08:35:30.284291+09:00","Action":"pass","Package":"waiting-room/internal/installplan","Test":"TestCostInvalidInputs/volume/1.","Elapsed":0}
{"Time":"2026-09-06T08:35:30.2843+09:00","Action":"run","Package":"waiting-room/internal/installplan","Test":"TestCostInvalidInputs/host/1000000000"}
{"Time":"2026-09-06T08:35:30.284307+09:00","Action":"output","Package":"waiting-room/internal/installplan","Test":"TestCostInvalidInputs/host/1000000000","Output":"=== RUN   TestCostInvalidInputs/host/1000000000\n"}
{"Time":"2026-09-06T08:35:30.284551+09:00","Action":"output","Package":"waiting-room/internal/installplan","Test":"TestCostInvalidInputs/host/1000000000","Output":"--- PASS: TestCostInvalidInputs/host/1000000000 (0.00s)\n"}
{"Time":"2026-09-06T08:35:30.284564+09:00","Action":"pass","Package":"waiting-room/internal/installplan","Test":"TestCostInvalidInputs/host/1000000000","Elapsed":0}
{"Time":"2026-09-06T08:35:30.28458+09:00","Action":"run","Package":"waiting-room/internal/installplan","Test":"TestCostInvalidInputs/worker/1000000000"}
{"Time":"2026-09-06T08:35:30.284584+09:00","Action":"output","Package":"waiting-room/internal/installplan","Test":"TestCostInvalidInputs/worker/1000000000","Output":"=== RUN   TestCostInvalidInputs/worker/1000000000\n"}
{"Time":"2026-09-06T08:35:30.28484+09:00","Action":"output","Package":"waiting-room/internal/installplan","Test":"TestCostInvalidInputs/worker/1000000000","Output":"--- PASS: TestCostInvalidInputs/worker/1000000000 (0.00s)\n"}
{"Time":"2026-09-06T08:35:30.284855+09:00","Action":"pass","Package":"waiting-room/internal/installplan","Test":"TestCostInvalidInputs/worker/1000000000","Elapsed":0}
{"Time":"2026-09-06T08:35:30.284869+09:00","Action":"run","Package":"waiting-room/internal/installplan","Test":"TestCostInvalidInputs/volume/1000000000"}
{"Time":"2026-09-06T08:35:30.284873+09:00","Action":"output","Package":"waiting-room/internal/installplan","Test":"TestCostInvalidInputs/volume/1000000000","Output":"=== RUN   TestCostInvalidInputs/volume/1000000000\n"}
{"Time":"2026-09-06T08:35:30.285131+09:00","Action":"output","Package":"waiting-room/internal/installplan","Test":"TestCostInvalidInputs/volume/1000000000","Output":"--- PASS: TestCostInvalidInputs/volume/1000000000 (0.00s)\n"}
{"Time":"2026-09-06T08:35:30.285148+09:00","Action":"pass","Package":"waiting-room/internal/installplan","Test":"TestCostInvalidInputs/volume/1000000000","Elapsed":0}
{"Time":"2026-09-06T08:35:30.285157+09:00","Action":"run","Package":"waiting-room/internal/installplan","Test":"TestCostInvalidInputs/host/0_"}
{"Time":"2026-09-06T08:35:30.285159+09:00","Action":"output","Package":"waiting-room/internal/installplan","Test":"TestCostInvalidInputs/host/0_","Output":"=== RUN   TestCostInvalidInputs/host/0_\n"}
{"Time":"2026-09-06T08:35:30.285411+09:00","Action":"output","Package":"waiting-room/internal/installplan","Test":"TestCostInvalidInputs/host/0_","Output":"--- PASS: TestCostInvalidInputs/host/0_ (0.00s)\n"}
{"Time":"2026-09-06T08:35:30.285423+09:00","Action":"pass","Package":"waiting-room/internal/installplan","Test":"TestCostInvalidInputs/host/0_","Elapsed":0}
{"Time":"2026-09-06T08:35:30.285433+09:00","Action":"run","Package":"waiting-room/internal/installplan","Test":"TestCostInvalidInputs/worker/0_"}
{"Time":"2026-09-06T08:35:30.285436+09:00","Action":"output","Package":"waiting-room/internal/installplan","Test":"TestCostInvalidInputs/worker/0_","Output":"=== RUN   TestCostInvalidInputs/worker/0_\n"}
{"Time":"2026-09-06T08:35:30.28569+09:00","Action":"output","Package":"waiting-room/internal/installplan","Test":"TestCostInvalidInputs/worker/0_","Output":"--- PASS: TestCostInvalidInputs/worker/0_ (0.00s)\n"}
{"Time":"2026-09-06T08:35:30.285701+09:00","Action":"pass","Package":"waiting-room/internal/installplan","Test":"TestCostInvalidInputs/worker/0_","Elapsed":0}
{"Time":"2026-09-06T08:35:30.285711+09:00","Action":"run","Package":"waiting-room/internal/installplan","Test":"TestCostInvalidInputs/volume/0_"}
{"Time":"2026-09-06T08:35:30.285716+09:00","Action":"output","Package":"waiting-room/internal/installplan","Test":"TestCostInvalidInputs/volume/0_","Output":"=== RUN   TestCostInvalidInputs/volume/0_\n"}
{"Time":"2026-09-06T08:35:30.285958+09:00","Action":"output","Package":"waiting-room/internal/installplan","Test":"TestCostInvalidInputs/volume/0_","Output":"--- PASS: TestCostInvalidInputs/volume/0_ (0.00s)\n"}
{"Time":"2026-09-06T08:35:30.285972+09:00","Action":"pass","Package":"waiting-room/internal/installplan","Test":"TestCostInvalidInputs/volume/0_","Elapsed":0}
{"Time":"2026-09-06T08:35:30.285986+09:00","Action":"run","Package":"waiting-room/internal/installplan","Test":"TestCostInvalidInputs/host/DO-NOT-ECHO"}
{"Time":"2026-09-06T08:35:30.285988+09:00","Action":"output","Package":"waiting-room/internal/installplan","Test":"TestCostInvalidInputs/host/DO-NOT-ECHO","Output":"=== RUN   TestCostInvalidInputs/host/DO-NOT-ECHO\n"}
{"Time":"2026-09-06T08:35:30.286227+09:00","Action":"output","Package":"waiting-room/internal/installplan","Test":"TestCostInvalidInputs/host/DO-NOT-ECHO","Output":"--- PASS: TestCostInvalidInputs/host/DO-NOT-ECHO (0.00s)\n"}
{"Time":"2026-09-06T08:35:30.28624+09:00","Action":"pass","Package":"waiting-room/internal/installplan","Test":"TestCostInvalidInputs/host/DO-NOT-ECHO","Elapsed":0}
{"Time":"2026-09-06T08:35:30.286253+09:00","Action":"run","Package":"waiting-room/internal/installplan","Test":"TestCostInvalidInputs/worker/DO-NOT-ECHO"}
{"Time":"2026-09-06T08:35:30.286256+09:00","Action":"output","Package":"waiting-room/internal/installplan","Test":"TestCostInvalidInputs/worker/DO-NOT-ECHO","Output":"=== RUN   TestCostInvalidInputs/worker/DO-NOT-ECHO\n"}
{"Time":"2026-09-06T08:35:30.286493+09:00","Action":"output","Package":"waiting-room/internal/installplan","Test":"TestCostInvalidInputs/worker/DO-NOT-ECHO","Output":"--- PASS: TestCostInvalidInputs/worker/DO-NOT-ECHO (0.00s)\n"}
{"Time":"2026-09-06T08:35:30.286505+09:00","Action":"pass","Package":"waiting-room/internal/installplan","Test":"TestCostInvalidInputs/worker/DO-NOT-ECHO","Elapsed":0}
{"Time":"2026-09-06T08:35:30.286519+09:00","Action":"run","Package":"waiting-room/internal/installplan","Test":"TestCostInvalidInputs/volume/DO-NOT-ECHO"}
{"Time":"2026-09-06T08:35:30.286522+09:00","Action":"output","Package":"waiting-room/internal/installplan","Test":"TestCostInvalidInputs/volume/DO-NOT-ECHO","Output":"=== RUN   TestCostInvalidInputs/volume/DO-NOT-ECHO\n"}
{"Time":"2026-09-06T08:35:30.286781+09:00","Action":"output","Package":"waiting-room/internal/installplan","Test":"TestCostInvalidInputs/volume/DO-NOT-ECHO","Output":"--- PASS: TestCostInvalidInputs/volume/DO-NOT-ECHO (0.00s)\n"}
{"Time":"2026-09-06T08:35:30.286795+09:00","Action":"pass","Package":"waiting-room/internal/installplan","Test":"TestCostInvalidInputs/volume/DO-NOT-ECHO","Elapsed":0}
{"Time":"2026-09-06T08:35:30.286816+09:00","Action":"output","Package":"waiting-room/internal/installplan","Test":"TestCostInvalidInputs","Output":"--- PASS: TestCostInvalidInputs (0.02s)\n"}
{"Time":"2026-09-06T08:35:30.286834+09:00","Action":"pass","Package":"waiting-room/internal/installplan","Test":"TestCostInvalidInputs","Elapsed":0.02}
{"Time":"2026-09-06T08:35:30.286863+09:00","Action":"run","Package":"waiting-room/internal/installplan","Test":"TestCostStrictDecode"}
{"Time":"2026-09-06T08:35:30.286878+09:00","Action":"output","Package":"waiting-room/internal/installplan","Test":"TestCostStrictDecode","Output":"=== RUN   TestCostStrictDecode\n"}
{"Time":"2026-09-06T08:35:30.286934+09:00","Action":"run","Package":"waiting-room/internal/installplan","Test":"TestCostStrictDecode/array"}
{"Time":"2026-09-06T08:35:30.286938+09:00","Action":"output","Package":"waiting-room/internal/installplan","Test":"TestCostStrictDecode/array","Output":"=== RUN   TestCostStrictDecode/array\n"}
{"Time":"2026-09-06T08:35:30.28696+09:00","Action":"output","Package":"waiting-room/internal/installplan","Test":"TestCostStrictDecode/array","Output":"--- PASS: TestCostStrictDecode/array (0.00s)\n"}
{"Time":"2026-09-06T08:35:30.286977+09:00","Action":"pass","Package":"waiting-room/internal/installplan","Test":"TestCostStrictDecode/array","Elapsed":0}
{"Time":"2026-09-06T08:35:30.286981+09:00","Action":"run","Package":"waiting-room/internal/installplan","Test":"TestCostStrictDecode/duplicate"}
{"Time":"2026-09-06T08:35:30.286983+09:00","Action":"output","Package":"waiting-room/internal/installplan","Test":"TestCostStrictDecode/duplicate","Output":"=== RUN   TestCostStrictDecode/duplicate\n"}
{"Time":"2026-09-06T08:35:30.287035+09:00","Action":"output","Package":"waiting-room/internal/installplan","Test":"TestCostStrictDecode/duplicate","Output":"--- PASS: TestCostStrictDecode/duplicate (0.00s)\n"}
{"Time":"2026-09-06T08:35:30.287041+09:00","Action":"pass","Package":"waiting-room/internal/installplan","Test":"TestCostStrictDecode/duplicate","Elapsed":0}
{"Time":"2026-09-06T08:35:30.287054+09:00","Action":"run","Package":"waiting-room/internal/installplan","Test":"TestCostStrictDecode/missing"}
{"Time":"2026-09-06T08:35:30.287057+09:00","Action":"output","Package":"waiting-room/internal/installplan","Test":"TestCostStrictDecode/missing","Output":"=== RUN   TestCostStrictDecode/missing\n"}
{"Time":"2026-09-06T08:35:30.287131+09:00","Action":"output","Package":"waiting-room/internal/installplan","Test":"TestCostStrictDecode/missing","Output":"--- PASS: TestCostStrictDecode/missing (0.00s)\n"}
{"Time":"2026-09-06T08:35:30.287145+09:00","Action":"pass","Package":"waiting-room/internal/installplan","Test":"TestCostStrictDecode/missing","Elapsed":0}
{"Time":"2026-09-06T08:35:30.287149+09:00","Action":"run","Package":"waiting-room/internal/installplan","Test":"TestCostStrictDecode/null"}
{"Time":"2026-09-06T08:35:30.28715+09:00","Action":"output","Package":"waiting-room/internal/installplan","Test":"TestCostStrictDecode/null","Output":"=== RUN   TestCostStrictDecode/null\n"}
{"Time":"2026-09-06T08:35:30.287195+09:00","Action":"output","Package":"waiting-room/internal/installplan","Test":"TestCostStrictDecode/null","Output":"--- PASS: TestCostStrictDecode/null (0.00s)\n"}
{"Time":"2026-09-06T08:35:30.287201+09:00","Action":"pass","Package":"waiting-room/internal/installplan","Test":"TestCostStrictDecode/null","Elapsed":0}
{"Time":"2026-09-06T08:35:30.287204+09:00","Action":"run","Package":"waiting-room/internal/installplan","Test":"TestCostStrictDecode/wrong-case"}
{"Time":"2026-09-06T08:35:30.287206+09:00","Action":"output","Package":"waiting-room/internal/installplan","Test":"TestCostStrictDecode/wrong-case","Output":"=== RUN   TestCostStrictDecode/wrong-case\n"}
{"Time":"2026-09-06T08:35:30.287301+09:00","Action":"output","Package":"waiting-room/internal/installplan","Test":"TestCostStrictDecode/wrong-case","Output":"--- PASS: TestCostStrictDecode/wrong-case (0.00s)\n"}
{"Time":"2026-09-06T08:35:30.287311+09:00","Action":"pass","Package":"waiting-room/internal/installplan","Test":"TestCostStrictDecode/wrong-case","Elapsed":0}
{"Time":"2026-09-06T08:35:30.28737+09:00","Action":"run","Package":"waiting-room/internal/installplan","Test":"TestCostStrictDecode/oversized"}
{"Time":"2026-09-06T08:35:30.287373+09:00","Action":"output","Package":"waiting-room/internal/installplan","Test":"TestCostStrictDecode/oversized","Output":"=== RUN   TestCostStrictDecode/oversized\n"}
{"Time":"2026-09-06T08:35:30.287514+09:00","Action":"output","Package":"waiting-room/internal/installplan","Test":"TestCostStrictDecode/oversized","Output":"--- PASS: TestCostStrictDecode/oversized (0.00s)\n"}
{"Time":"2026-09-06T08:35:30.287528+09:00","Action":"pass","Package":"waiting-room/internal/installplan","Test":"TestCostStrictDecode/oversized","Elapsed":0}
{"Time":"2026-09-06T08:35:30.287543+09:00","Action":"run","Package":"waiting-room/internal/installplan","Test":"TestCostStrictDecode/number-price"}
{"Time":"2026-09-06T08:35:30.287547+09:00","Action":"output","Package":"waiting-room/internal/installplan","Test":"TestCostStrictDecode/number-price","Output":"=== RUN   TestCostStrictDecode/number-price\n"}
{"Time":"2026-09-06T08:35:30.2877+09:00","Action":"output","Package":"waiting-room/internal/installplan","Test":"TestCostStrictDecode/number-price","Output":"--- PASS: TestCostStrictDecode/number-price (0.00s)\n"}
{"Time":"2026-09-06T08:35:30.287712+09:00","Action":"pass","Package":"waiting-room/internal/installplan","Test":"TestCostStrictDecode/number-price","Elapsed":0}
{"Time":"2026-09-06T08:35:30.287723+09:00","Action":"run","Package":"waiting-room/internal/installplan","Test":"TestCostStrictDecode/secret"}
{"Time":"2026-09-06T08:35:30.287725+09:00","Action":"output","Package":"waiting-room/internal/installplan","Test":"TestCostStrictDecode/secret","Output":"=== RUN   TestCostStrictDecode/secret\n"}
{"Time":"2026-09-06T08:35:30.287825+09:00","Action":"output","Package":"waiting-room/internal/installplan","Test":"TestCostStrictDecode/secret","Output":"--- PASS: TestCostStrictDecode/secret (0.00s)\n"}
{"Time":"2026-09-06T08:35:30.287838+09:00","Action":"pass","Package":"waiting-room/internal/installplan","Test":"TestCostStrictDecode/secret","Elapsed":0}
{"Time":"2026-09-06T08:35:30.287842+09:00","Action":"run","Package":"waiting-room/internal/installplan","Test":"TestCostStrictDecode/trailing"}
{"Time":"2026-09-06T08:35:30.287844+09:00","Action":"output","Package":"waiting-room/internal/installplan","Test":"TestCostStrictDecode/trailing","Output":"=== RUN   TestCostStrictDecode/trailing\n"}
{"Time":"2026-09-06T08:35:30.287935+09:00","Action":"output","Package":"waiting-room/internal/installplan","Test":"TestCostStrictDecode/trailing","Output":"--- PASS: TestCostStrictDecode/trailing (0.00s)\n"}
{"Time":"2026-09-06T08:35:30.287945+09:00","Action":"pass","Package":"waiting-room/internal/installplan","Test":"TestCostStrictDecode/trailing","Elapsed":0}
{"Time":"2026-09-06T08:35:30.287979+09:00","Action":"output","Package":"waiting-room/internal/installplan","Test":"TestCostStrictDecode","Output":"--- PASS: TestCostStrictDecode (0.00s)\n"}
{"Time":"2026-09-06T08:35:30.287996+09:00","Action":"pass","Package":"waiting-room/internal/installplan","Test":"TestCostStrictDecode","Elapsed":0}
{"Time":"2026-09-06T08:35:30.288015+09:00","Action":"run","Package":"waiting-room/internal/installplan","Test":"TestCostMaximumAndDeterminism"}
{"Time":"2026-09-06T08:35:30.288017+09:00","Action":"output","Package":"waiting-room/internal/installplan","Test":"TestCostMaximumAndDeterminism","Output":"=== RUN   TestCostMaximumAndDeterminism\n"}
{"Time":"2026-09-06T08:35:30.288614+09:00","Action":"run","Package":"waiting-room/internal/installplan","Test":"TestCostMaximumAndDeterminism/repeat"}
{"Time":"2026-09-06T08:35:30.288616+09:00","Action":"output","Package":"waiting-room/internal/installplan","Test":"TestCostMaximumAndDeterminism/repeat","Output":"=== RUN   TestCostMaximumAndDeterminism/repeat\n"}
{"Time":"2026-09-06T08:35:30.288631+09:00","Action":"output","Package":"waiting-room/internal/installplan","Test":"TestCostMaximumAndDeterminism/repeat","Output":"=== PAUSE TestCostMaximumAndDeterminism/repeat\n"}
{"Time":"2026-09-06T08:35:30.288633+09:00","Action":"pause","Package":"waiting-room/internal/installplan","Test":"TestCostMaximumAndDeterminism/repeat"}
{"Time":"2026-09-06T08:35:30.288652+09:00","Action":"run","Package":"waiting-room/internal/installplan","Test":"TestCostMaximumAndDeterminism/repeat#01"}
{"Time":"2026-09-06T08:35:30.288653+09:00","Action":"output","Package":"waiting-room/internal/installplan","Test":"TestCostMaximumAndDeterminism/repeat#01","Output":"=== RUN   TestCostMaximumAndDeterminism/repeat#01\n"}
{"Time":"2026-09-06T08:35:30.288667+09:00","Action":"output","Package":"waiting-room/internal/installplan","Test":"TestCostMaximumAndDeterminism/repeat#01","Output":"=== PAUSE TestCostMaximumAndDeterminism/repeat#01\n"}
{"Time":"2026-09-06T08:35:30.288669+09:00","Action":"pause","Package":"waiting-room/internal/installplan","Test":"TestCostMaximumAndDeterminism/repeat#01"}
{"Time":"2026-09-06T08:35:30.288683+09:00","Action":"run","Package":"waiting-room/internal/installplan","Test":"TestCostMaximumAndDeterminism/repeat#02"}
{"Time":"2026-09-06T08:35:30.288686+09:00","Action":"output","Package":"waiting-room/internal/installplan","Test":"TestCostMaximumAndDeterminism/repeat#02","Output":"=== RUN   TestCostMaximumAndDeterminism/repeat#02\n"}
{"Time":"2026-09-06T08:35:30.288697+09:00","Action":"output","Package":"waiting-room/internal/installplan","Test":"TestCostMaximumAndDeterminism/repeat#02","Output":"=== PAUSE TestCostMaximumAndDeterminism/repeat#02\n"}
{"Time":"2026-09-06T08:35:30.288699+09:00","Action":"pause","Package":"waiting-room/internal/installplan","Test":"TestCostMaximumAndDeterminism/repeat#02"}
{"Time":"2026-09-06T08:35:30.288711+09:00","Action":"run","Package":"waiting-room/internal/installplan","Test":"TestCostMaximumAndDeterminism/repeat#03"}
{"Time":"2026-09-06T08:35:30.288713+09:00","Action":"output","Package":"waiting-room/internal/installplan","Test":"TestCostMaximumAndDeterminism/repeat#03","Output":"=== RUN   TestCostMaximumAndDeterminism/repeat#03\n"}
{"Time":"2026-09-06T08:35:30.288724+09:00","Action":"output","Package":"waiting-room/internal/installplan","Test":"TestCostMaximumAndDeterminism/repeat#03","Output":"=== PAUSE TestCostMaximumAndDeterminism/repeat#03\n"}
{"Time":"2026-09-06T08:35:30.28873+09:00","Action":"pause","Package":"waiting-room/internal/installplan","Test":"TestCostMaximumAndDeterminism/repeat#03"}
{"Time":"2026-09-06T08:35:30.288744+09:00","Action":"run","Package":"waiting-room/internal/installplan","Test":"TestCostMaximumAndDeterminism/repeat#04"}
{"Time":"2026-09-06T08:35:30.28875+09:00","Action":"output","Package":"waiting-room/internal/installplan","Test":"TestCostMaximumAndDeterminism/repeat#04","Output":"=== RUN   TestCostMaximumAndDeterminism/repeat#04\n"}
{"Time":"2026-09-06T08:35:30.28876+09:00","Action":"output","Package":"waiting-room/internal/installplan","Test":"TestCostMaximumAndDeterminism/repeat#04","Output":"=== PAUSE TestCostMaximumAndDeterminism/repeat#04\n"}
{"Time":"2026-09-06T08:35:30.288762+09:00","Action":"pause","Package":"waiting-room/internal/installplan","Test":"TestCostMaximumAndDeterminism/repeat#04"}
{"Time":"2026-09-06T08:35:30.288773+09:00","Action":"run","Package":"waiting-room/internal/installplan","Test":"TestCostMaximumAndDeterminism/repeat#05"}
{"Time":"2026-09-06T08:35:30.288775+09:00","Action":"output","Package":"waiting-room/internal/installplan","Test":"TestCostMaximumAndDeterminism/repeat#05","Output":"=== RUN   TestCostMaximumAndDeterminism/repeat#05\n"}
{"Time":"2026-09-06T08:35:30.288789+09:00","Action":"output","Package":"waiting-room/internal/installplan","Test":"TestCostMaximumAndDeterminism/repeat#05","Output":"=== PAUSE TestCostMaximumAndDeterminism/repeat#05\n"}
{"Time":"2026-09-06T08:35:30.288791+09:00","Action":"pause","Package":"waiting-room/internal/installplan","Test":"TestCostMaximumAndDeterminism/repeat#05"}
{"Time":"2026-09-06T08:35:30.288804+09:00","Action":"run","Package":"waiting-room/internal/installplan","Test":"TestCostMaximumAndDeterminism/repeat#06"}
{"Time":"2026-09-06T08:35:30.288806+09:00","Action":"output","Package":"waiting-room/internal/installplan","Test":"TestCostMaximumAndDeterminism/repeat#06","Output":"=== RUN   TestCostMaximumAndDeterminism/repeat#06\n"}
{"Time":"2026-09-06T08:35:30.28882+09:00","Action":"output","Package":"waiting-room/internal/installplan","Test":"TestCostMaximumAndDeterminism/repeat#06","Output":"=== PAUSE TestCostMaximumAndDeterminism/repeat#06\n"}
{"Time":"2026-09-06T08:35:30.288822+09:00","Action":"pause","Package":"waiting-room/internal/installplan","Test":"TestCostMaximumAndDeterminism/repeat#06"}
{"Time":"2026-09-06T08:35:30.288839+09:00","Action":"run","Package":"waiting-room/internal/installplan","Test":"TestCostMaximumAndDeterminism/repeat#07"}
{"Time":"2026-09-06T08:35:30.288841+09:00","Action":"output","Package":"waiting-room/internal/installplan","Test":"TestCostMaximumAndDeterminism/repeat#07","Output":"=== RUN   TestCostMaximumAndDeterminism/repeat#07\n"}
{"Time":"2026-09-06T08:35:30.288853+09:00","Action":"output","Package":"waiting-room/internal/installplan","Test":"TestCostMaximumAndDeterminism/repeat#07","Output":"=== PAUSE TestCostMaximumAndDeterminism/repeat#07\n"}
{"Time":"2026-09-06T08:35:30.288856+09:00","Action":"pause","Package":"waiting-room/internal/installplan","Test":"TestCostMaximumAndDeterminism/repeat#07"}
{"Time":"2026-09-06T08:35:30.288871+09:00","Action":"run","Package":"waiting-room/internal/installplan","Test":"TestCostMaximumAndDeterminism/repeat#08"}
{"Time":"2026-09-06T08:35:30.288876+09:00","Action":"output","Package":"waiting-room/internal/installplan","Test":"TestCostMaximumAndDeterminism/repeat#08","Output":"=== RUN   TestCostMaximumAndDeterminism/repeat#08\n"}
{"Time":"2026-09-06T08:35:30.288886+09:00","Action":"output","Package":"waiting-room/internal/installplan","Test":"TestCostMaximumAndDeterminism/repeat#08","Output":"=== PAUSE TestCostMaximumAndDeterminism/repeat#08\n"}
{"Time":"2026-09-06T08:35:30.288888+09:00","Action":"pause","Package":"waiting-room/internal/installplan","Test":"TestCostMaximumAndDeterminism/repeat#08"}
{"Time":"2026-09-06T08:35:30.288898+09:00","Action":"run","Package":"waiting-room/internal/installplan","Test":"TestCostMaximumAndDeterminism/repeat#09"}
{"Time":"2026-09-06T08:35:30.2889+09:00","Action":"output","Package":"waiting-room/internal/installplan","Test":"TestCostMaximumAndDeterminism/repeat#09","Output":"=== RUN   TestCostMaximumAndDeterminism/repeat#09\n"}
{"Time":"2026-09-06T08:35:30.28891+09:00","Action":"output","Package":"waiting-room/internal/installplan","Test":"TestCostMaximumAndDeterminism/repeat#09","Output":"=== PAUSE TestCostMaximumAndDeterminism/repeat#09\n"}
{"Time":"2026-09-06T08:35:30.288912+09:00","Action":"pause","Package":"waiting-room/internal/installplan","Test":"TestCostMaximumAndDeterminism/repeat#09"}
{"Time":"2026-09-06T08:35:30.288924+09:00","Action":"run","Package":"waiting-room/internal/installplan","Test":"TestCostMaximumAndDeterminism/repeat#10"}
{"Time":"2026-09-06T08:35:30.288927+09:00","Action":"output","Package":"waiting-room/internal/installplan","Test":"TestCostMaximumAndDeterminism/repeat#10","Output":"=== RUN   TestCostMaximumAndDeterminism/repeat#10\n"}
{"Time":"2026-09-06T08:35:30.288936+09:00","Action":"output","Package":"waiting-room/internal/installplan","Test":"TestCostMaximumAndDeterminism/repeat#10","Output":"=== PAUSE TestCostMaximumAndDeterminism/repeat#10\n"}
{"Time":"2026-09-06T08:35:30.288939+09:00","Action":"pause","Package":"waiting-room/internal/installplan","Test":"TestCostMaximumAndDeterminism/repeat#10"}
{"Time":"2026-09-06T08:35:30.288949+09:00","Action":"run","Package":"waiting-room/internal/installplan","Test":"TestCostMaximumAndDeterminism/repeat#11"}
{"Time":"2026-09-06T08:35:30.288951+09:00","Action":"output","Package":"waiting-room/internal/installplan","Test":"TestCostMaximumAndDeterminism/repeat#11","Output":"=== RUN   TestCostMaximumAndDeterminism/repeat#11\n"}
{"Time":"2026-09-06T08:35:30.288961+09:00","Action":"output","Package":"waiting-room/internal/installplan","Test":"TestCostMaximumAndDeterminism/repeat#11","Output":"=== PAUSE TestCostMaximumAndDeterminism/repeat#11\n"}
{"Time":"2026-09-06T08:35:30.288967+09:00","Action":"pause","Package":"waiting-room/internal/installplan","Test":"TestCostMaximumAndDeterminism/repeat#11"}
{"Time":"2026-09-06T08:35:30.288977+09:00","Action":"run","Package":"waiting-room/internal/installplan","Test":"TestCostMaximumAndDeterminism/repeat#12"}
{"Time":"2026-09-06T08:35:30.28898+09:00","Action":"output","Package":"waiting-room/internal/installplan","Test":"TestCostMaximumAndDeterminism/repeat#12","Output":"=== RUN   TestCostMaximumAndDeterminism/repeat#12\n"}
{"Time":"2026-09-06T08:35:30.289019+09:00","Action":"output","Package":"waiting-room/internal/installplan","Test":"TestCostMaximumAndDeterminism/repeat#12","Output":"=== PAUSE TestCostMaximumAndDeterminism/repeat#12\n"}
{"Time":"2026-09-06T08:35:30.289022+09:00","Action":"pause","Package":"waiting-room/internal/installplan","Test":"TestCostMaximumAndDeterminism/repeat#12"}
{"Time":"2026-09-06T08:35:30.289037+09:00","Action":"run","Package":"waiting-room/internal/installplan","Test":"TestCostMaximumAndDeterminism/repeat#13"}
{"Time":"2026-09-06T08:35:30.28904+09:00","Action":"output","Package":"waiting-room/internal/installplan","Test":"TestCostMaximumAndDeterminism/repeat#13","Output":"=== RUN   TestCostMaximumAndDeterminism/repeat#13\n"}
{"Time":"2026-09-06T08:35:30.289054+09:00","Action":"output","Package":"waiting-room/internal/installplan","Test":"TestCostMaximumAndDeterminism/repeat#13","Output":"=== PAUSE TestCostMaximumAndDeterminism/repeat#13\n"}
{"Time":"2026-09-06T08:35:30.289057+09:00","Action":"pause","Package":"waiting-room/internal/installplan","Test":"TestCostMaximumAndDeterminism/repeat#13"}
{"Time":"2026-09-06T08:35:30.28907+09:00","Action":"run","Package":"waiting-room/internal/installplan","Test":"TestCostMaximumAndDeterminism/repeat#14"}
{"Time":"2026-09-06T08:35:30.289073+09:00","Action":"output","Package":"waiting-room/internal/installplan","Test":"TestCostMaximumAndDeterminism/repeat#14","Output":"=== RUN   TestCostMaximumAndDeterminism/repeat#14\n"}
{"Time":"2026-09-06T08:35:30.289084+09:00","Action":"output","Package":"waiting-room/internal/installplan","Test":"TestCostMaximumAndDeterminism/repeat#14","Output":"=== PAUSE TestCostMaximumAndDeterminism/repeat#14\n"}
{"Time":"2026-09-06T08:35:30.289087+09:00","Action":"pause","Package":"waiting-room/internal/installplan","Test":"TestCostMaximumAndDeterminism/repeat#14"}
{"Time":"2026-09-06T08:35:30.289099+09:00","Action":"run","Package":"waiting-room/internal/installplan","Test":"TestCostMaximumAndDeterminism/repeat#15"}
{"Time":"2026-09-06T08:35:30.289103+09:00","Action":"output","Package":"waiting-room/internal/installplan","Test":"TestCostMaximumAndDeterminism/repeat#15","Output":"=== RUN   TestCostMaximumAndDeterminism/repeat#15\n"}
{"Time":"2026-09-06T08:35:30.289115+09:00","Action":"output","Package":"waiting-room/internal/installplan","Test":"TestCostMaximumAndDeterminism/repeat#15","Output":"=== PAUSE TestCostMaximumAndDeterminism/repeat#15\n"}
{"Time":"2026-09-06T08:35:30.289117+09:00","Action":"pause","Package":"waiting-room/internal/installplan","Test":"TestCostMaximumAndDeterminism/repeat#15"}
{"Time":"2026-09-06T08:35:30.289131+09:00","Action":"run","Package":"waiting-room/internal/installplan","Test":"TestCostMaximumAndDeterminism/repeat#16"}
{"Time":"2026-09-06T08:35:30.289134+09:00","Action":"output","Package":"waiting-room/internal/installplan","Test":"TestCostMaximumAndDeterminism/repeat#16","Output":"=== RUN   TestCostMaximumAndDeterminism/repeat#16\n"}
{"Time":"2026-09-06T08:35:30.28915+09:00","Action":"output","Package":"waiting-room/internal/installplan","Test":"TestCostMaximumAndDeterminism/repeat#16","Output":"=== PAUSE TestCostMaximumAndDeterminism/repeat#16\n"}
{"Time":"2026-09-06T08:35:30.289152+09:00","Action":"pause","Package":"waiting-room/internal/installplan","Test":"TestCostMaximumAndDeterminism/repeat#16"}
{"Time":"2026-09-06T08:35:30.289163+09:00","Action":"run","Package":"waiting-room/internal/installplan","Test":"TestCostMaximumAndDeterminism/repeat#17"}
{"Time":"2026-09-06T08:35:30.289167+09:00","Action":"output","Package":"waiting-room/internal/installplan","Test":"TestCostMaximumAndDeterminism/repeat#17","Output":"=== RUN   TestCostMaximumAndDeterminism/repeat#17\n"}
{"Time":"2026-09-06T08:35:30.289183+09:00","Action":"output","Package":"waiting-room/internal/installplan","Test":"TestCostMaximumAndDeterminism/repeat#17","Output":"=== PAUSE TestCostMaximumAndDeterminism/repeat#17\n"}
{"Time":"2026-09-06T08:35:30.289185+09:00","Action":"pause","Package":"waiting-room/internal/installplan","Test":"TestCostMaximumAndDeterminism/repeat#17"}
{"Time":"2026-09-06T08:35:30.2892+09:00","Action":"run","Package":"waiting-room/internal/installplan","Test":"TestCostMaximumAndDeterminism/repeat#18"}
{"Time":"2026-09-06T08:35:30.289203+09:00","Action":"output","Package":"waiting-room/internal/installplan","Test":"TestCostMaximumAndDeterminism/repeat#18","Output":"=== RUN   TestCostMaximumAndDeterminism/repeat#18\n"}
{"Time":"2026-09-06T08:35:30.289215+09:00","Action":"output","Package":"waiting-room/internal/installplan","Test":"TestCostMaximumAndDeterminism/repeat#18","Output":"=== PAUSE TestCostMaximumAndDeterminism/repeat#18\n"}
{"Time":"2026-09-06T08:35:30.289218+09:00","Action":"pause","Package":"waiting-room/internal/installplan","Test":"TestCostMaximumAndDeterminism/repeat#18"}
{"Time":"2026-09-06T08:35:30.289233+09:00","Action":"run","Package":"waiting-room/internal/installplan","Test":"TestCostMaximumAndDeterminism/repeat#19"}
{"Time":"2026-09-06T08:35:30.289237+09:00","Action":"output","Package":"waiting-room/internal/installplan","Test":"TestCostMaximumAndDeterminism/repeat#19","Output":"=== RUN   TestCostMaximumAndDeterminism/repeat#19\n"}
{"Time":"2026-09-06T08:35:30.289246+09:00","Action":"output","Package":"waiting-room/internal/installplan","Test":"TestCostMaximumAndDeterminism/repeat#19","Output":"=== PAUSE TestCostMaximumAndDeterminism/repeat#19\n"}
{"Time":"2026-09-06T08:35:30.289249+09:00","Action":"pause","Package":"waiting-room/internal/installplan","Test":"TestCostMaximumAndDeterminism/repeat#19"}
{"Time":"2026-09-06T08:35:30.289267+09:00","Action":"run","Package":"waiting-room/internal/installplan","Test":"TestCostMaximumAndDeterminism/repeat#20"}
{"Time":"2026-09-06T08:35:30.28927+09:00","Action":"output","Package":"waiting-room/internal/installplan","Test":"TestCostMaximumAndDeterminism/repeat#20","Output":"=== RUN   TestCostMaximumAndDeterminism/repeat#20\n"}
{"Time":"2026-09-06T08:35:30.289285+09:00","Action":"output","Package":"waiting-room/internal/installplan","Test":"TestCostMaximumAndDeterminism/repeat#20","Output":"=== PAUSE TestCostMaximumAndDeterminism/repeat#20\n"}
{"Time":"2026-09-06T08:35:30.289288+09:00","Action":"pause","Package":"waiting-room/internal/installplan","Test":"TestCostMaximumAndDeterminism/repeat#20"}
{"Time":"2026-09-06T08:35:30.289306+09:00","Action":"run","Package":"waiting-room/internal/installplan","Test":"TestCostMaximumAndDeterminism/repeat#21"}
{"Time":"2026-09-06T08:35:30.289309+09:00","Action":"output","Package":"waiting-room/internal/installplan","Test":"TestCostMaximumAndDeterminism/repeat#21","Output":"=== RUN   TestCostMaximumAndDeterminism/repeat#21\n"}
{"Time":"2026-09-06T08:35:30.289323+09:00","Action":"output","Package":"waiting-room/internal/installplan","Test":"TestCostMaximumAndDeterminism/repeat#21","Output":"=== PAUSE TestCostMaximumAndDeterminism/repeat#21\n"}
{"Time":"2026-09-06T08:35:30.289325+09:00","Action":"pause","Package":"waiting-room/internal/installplan","Test":"TestCostMaximumAndDeterminism/repeat#21"}
{"Time":"2026-09-06T08:35:30.289342+09:00","Action":"run","Package":"waiting-room/internal/installplan","Test":"TestCostMaximumAndDeterminism/repeat#22"}
{"Time":"2026-09-06T08:35:30.289345+09:00","Action":"output","Package":"waiting-room/internal/installplan","Test":"TestCostMaximumAndDeterminism/repeat#22","Output":"=== RUN   TestCostMaximumAndDeterminism/repeat#22\n"}
{"Time":"2026-09-06T08:35:30.289358+09:00","Action":"output","Package":"waiting-room/internal/installplan","Test":"TestCostMaximumAndDeterminism/repeat#22","Output":"=== PAUSE TestCostMaximumAndDeterminism/repeat#22\n"}
{"Time":"2026-09-06T08:35:30.289361+09:00","Action":"pause","Package":"waiting-room/internal/installplan","Test":"TestCostMaximumAndDeterminism/repeat#22"}
{"Time":"2026-09-06T08:35:30.289376+09:00","Action":"run","Package":"waiting-room/internal/installplan","Test":"TestCostMaximumAndDeterminism/repeat#23"}
{"Time":"2026-09-06T08:35:30.289379+09:00","Action":"output","Package":"waiting-room/internal/installplan","Test":"TestCostMaximumAndDeterminism/repeat#23","Output":"=== RUN   TestCostMaximumAndDeterminism/repeat#23\n"}
{"Time":"2026-09-06T08:35:30.28939+09:00","Action":"output","Package":"waiting-room/internal/installplan","Test":"TestCostMaximumAndDeterminism/repeat#23","Output":"=== PAUSE TestCostMaximumAndDeterminism/repeat#23\n"}
{"Time":"2026-09-06T08:35:30.289393+09:00","Action":"pause","Package":"waiting-room/internal/installplan","Test":"TestCostMaximumAndDeterminism/repeat#23"}
{"Time":"2026-09-06T08:35:30.289407+09:00","Action":"run","Package":"waiting-room/internal/installplan","Test":"TestCostMaximumAndDeterminism/repeat#24"}
{"Time":"2026-09-06T08:35:30.28941+09:00","Action":"output","Package":"waiting-room/internal/installplan","Test":"TestCostMaximumAndDeterminism/repeat#24","Output":"=== RUN   TestCostMaximumAndDeterminism/repeat#24\n"}
{"Time":"2026-09-06T08:35:30.289428+09:00","Action":"output","Package":"waiting-room/internal/installplan","Test":"TestCostMaximumAndDeterminism/repeat#24","Output":"=== PAUSE TestCostMaximumAndDeterminism/repeat#24\n"}
{"Time":"2026-09-06T08:35:30.289431+09:00","Action":"pause","Package":"waiting-room/internal/installplan","Test":"TestCostMaximumAndDeterminism/repeat#24"}
{"Time":"2026-09-06T08:35:30.289451+09:00","Action":"run","Package":"waiting-room/internal/installplan","Test":"TestCostMaximumAndDeterminism/repeat#25"}
{"Time":"2026-09-06T08:35:30.289459+09:00","Action":"output","Package":"waiting-room/internal/installplan","Test":"TestCostMaximumAndDeterminism/repeat#25","Output":"=== RUN   TestCostMaximumAndDeterminism/repeat#25\n"}
{"Time":"2026-09-06T08:35:30.289462+09:00","Action":"output","Package":"waiting-room/internal/installplan","Test":"TestCostMaximumAndDeterminism/repeat#25","Output":"=== PAUSE TestCostMaximumAndDeterminism/repeat#25\n"}
{"Time":"2026-09-06T08:35:30.289473+09:00","Action":"pause","Package":"waiting-room/internal/installplan","Test":"TestCostMaximumAndDeterminism/repeat#25"}
{"Time":"2026-09-06T08:35:30.289476+09:00","Action":"run","Package":"waiting-room/internal/installplan","Test":"TestCostMaximumAndDeterminism/repeat#26"}
{"Time":"2026-09-06T08:35:30.289478+09:00","Action":"output","Package":"waiting-room/internal/installplan","Test":"TestCostMaximumAndDeterminism/repeat#26","Output":"=== RUN   TestCostMaximumAndDeterminism/repeat#26\n"}
{"Time":"2026-09-06T08:35:30.289499+09:00","Action":"output","Package":"waiting-room/internal/installplan","Test":"TestCostMaximumAndDeterminism/repeat#26","Output":"=== PAUSE TestCostMaximumAndDeterminism/repeat#26\n"}
{"Time":"2026-09-06T08:35:30.289505+09:00","Action":"pause","Package":"waiting-room/internal/installplan","Test":"TestCostMaximumAndDeterminism/repeat#26"}
{"Time":"2026-09-06T08:35:30.289513+09:00","Action":"run","Package":"waiting-room/internal/installplan","Test":"TestCostMaximumAndDeterminism/repeat#27"}
{"Time":"2026-09-06T08:35:30.289517+09:00","Action":"output","Package":"waiting-room/internal/installplan","Test":"TestCostMaximumAndDeterminism/repeat#27","Output":"=== RUN   TestCostMaximumAndDeterminism/repeat#27\n"}
{"Time":"2026-09-06T08:35:30.289532+09:00","Action":"output","Package":"waiting-room/internal/installplan","Test":"TestCostMaximumAndDeterminism/repeat#27","Output":"=== PAUSE TestCostMaximumAndDeterminism/repeat#27\n"}
{"Time":"2026-09-06T08:35:30.289536+09:00","Action":"pause","Package":"waiting-room/internal/installplan","Test":"TestCostMaximumAndDeterminism/repeat#27"}
{"Time":"2026-09-06T08:35:30.289555+09:00","Action":"run","Package":"waiting-room/internal/installplan","Test":"TestCostMaximumAndDeterminism/repeat#28"}
{"Time":"2026-09-06T08:35:30.289559+09:00","Action":"output","Package":"waiting-room/internal/installplan","Test":"TestCostMaximumAndDeterminism/repeat#28","Output":"=== RUN   TestCostMaximumAndDeterminism/repeat#28\n"}
{"Time":"2026-09-06T08:35:30.289576+09:00","Action":"output","Package":"waiting-room/internal/installplan","Test":"TestCostMaximumAndDeterminism/repeat#28","Output":"=== PAUSE TestCostMaximumAndDeterminism/repeat#28\n"}
{"Time":"2026-09-06T08:35:30.289582+09:00","Action":"pause","Package":"waiting-room/internal/installplan","Test":"TestCostMaximumAndDeterminism/repeat#28"}
{"Time":"2026-09-06T08:35:30.289584+09:00","Action":"run","Package":"waiting-room/internal/installplan","Test":"TestCostMaximumAndDeterminism/repeat#29"}
{"Time":"2026-09-06T08:35:30.289586+09:00","Action":"output","Package":"waiting-room/internal/installplan","Test":"TestCostMaximumAndDeterminism/repeat#29","Output":"=== RUN   TestCostMaximumAndDeterminism/repeat#29\n"}
{"Time":"2026-09-06T08:35:30.2896+09:00","Action":"output","Package":"waiting-room/internal/installplan","Test":"TestCostMaximumAndDeterminism/repeat#29","Output":"=== PAUSE TestCostMaximumAndDeterminism/repeat#29\n"}
{"Time":"2026-09-06T08:35:30.289605+09:00","Action":"pause","Package":"waiting-room/internal/installplan","Test":"TestCostMaximumAndDeterminism/repeat#29"}
{"Time":"2026-09-06T08:35:30.28962+09:00","Action":"run","Package":"waiting-room/internal/installplan","Test":"TestCostMaximumAndDeterminism/repeat#30"}
{"Time":"2026-09-06T08:35:30.289624+09:00","Action":"output","Package":"waiting-room/internal/installplan","Test":"TestCostMaximumAndDeterminism/repeat#30","Output":"=== RUN   TestCostMaximumAndDeterminism/repeat#30\n"}
{"Time":"2026-09-06T08:35:30.289637+09:00","Action":"output","Package":"waiting-room/internal/installplan","Test":"TestCostMaximumAndDeterminism/repeat#30","Output":"=== PAUSE TestCostMaximumAndDeterminism/repeat#30\n"}
{"Time":"2026-09-06T08:35:30.28964+09:00","Action":"pause","Package":"waiting-room/internal/installplan","Test":"TestCostMaximumAndDeterminism/repeat#30"}
{"Time":"2026-09-06T08:35:30.289656+09:00","Action":"run","Package":"waiting-room/internal/installplan","Test":"TestCostMaximumAndDeterminism/repeat#31"}
{"Time":"2026-09-06T08:35:30.289659+09:00","Action":"output","Package":"waiting-room/internal/installplan","Test":"TestCostMaximumAndDeterminism/repeat#31","Output":"=== RUN   TestCostMaximumAndDeterminism/repeat#31\n"}
{"Time":"2026-09-06T08:35:30.289672+09:00","Action":"output","Package":"waiting-room/internal/installplan","Test":"TestCostMaximumAndDeterminism/repeat#31","Output":"=== PAUSE TestCostMaximumAndDeterminism/repeat#31\n"}
{"Time":"2026-09-06T08:35:30.289676+09:00","Action":"pause","Package":"waiting-room/internal/installplan","Test":"TestCostMaximumAndDeterminism/repeat#31"}
{"Time":"2026-09-06T08:35:30.289688+09:00","Action":"run","Package":"waiting-room/internal/installplan","Test":"TestCostMaximumAndDeterminism/repeat#32"}
{"Time":"2026-09-06T08:35:30.289691+09:00","Action":"output","Package":"waiting-room/internal/installplan","Test":"TestCostMaximumAndDeterminism/repeat#32","Output":"=== RUN   TestCostMaximumAndDeterminism/repeat#32\n"}
{"Time":"2026-09-06T08:35:30.289709+09:00","Action":"output","Package":"waiting-room/internal/installplan","Test":"TestCostMaximumAndDeterminism/repeat#32","Output":"=== PAUSE TestCostMaximumAndDeterminism/repeat#32\n"}
{"Time":"2026-09-06T08:35:30.289713+09:00","Action":"pause","Package":"waiting-room/internal/installplan","Test":"TestCostMaximumAndDeterminism/repeat#32"}
{"Time":"2026-09-06T08:35:30.289729+09:00","Action":"run","Package":"waiting-room/internal/installplan","Test":"TestCostMaximumAndDeterminism/repeat#33"}
{"Time":"2026-09-06T08:35:30.289732+09:00","Action":"output","Package":"waiting-room/internal/installplan","Test":"TestCostMaximumAndDeterminism/repeat#33","Output":"=== RUN   TestCostMaximumAndDeterminism/repeat#33\n"}
{"Time":"2026-09-06T08:35:30.289743+09:00","Action":"output","Package":"waiting-room/internal/installplan","Test":"TestCostMaximumAndDeterminism/repeat#33","Output":"=== PAUSE TestCostMaximumAndDeterminism/repeat#33\n"}
{"Time":"2026-09-06T08:35:30.289747+09:00","Action":"pause","Package":"waiting-room/internal/installplan","Test":"TestCostMaximumAndDeterminism/repeat#33"}
{"Time":"2026-09-06T08:35:30.289761+09:00","Action":"run","Package":"waiting-room/internal/installplan","Test":"TestCostMaximumAndDeterminism/repeat#34"}
{"Time":"2026-09-06T08:35:30.289765+09:00","Action":"output","Package":"waiting-room/internal/installplan","Test":"TestCostMaximumAndDeterminism/repeat#34","Output":"=== RUN   TestCostMaximumAndDeterminism/repeat#34\n"}
{"Time":"2026-09-06T08:35:30.289779+09:00","Action":"output","Package":"waiting-room/internal/installplan","Test":"TestCostMaximumAndDeterminism/repeat#34","Output":"=== PAUSE TestCostMaximumAndDeterminism/repeat#34\n"}
{"Time":"2026-09-06T08:35:30.289782+09:00","Action":"pause","Package":"waiting-room/internal/installplan","Test":"TestCostMaximumAndDeterminism/repeat#34"}
{"Time":"2026-09-06T08:35:30.289791+09:00","Action":"run","Package":"waiting-room/internal/installplan","Test":"TestCostMaximumAndDeterminism/repeat#35"}
{"Time":"2026-09-06T08:35:30.289793+09:00","Action":"output","Package":"waiting-room/internal/installplan","Test":"TestCostMaximumAndDeterminism/repeat#35","Output":"=== RUN   TestCostMaximumAndDeterminism/repeat#35\n"}
{"Time":"2026-09-06T08:35:30.289809+09:00","Action":"output","Package":"waiting-room/internal/installplan","Test":"TestCostMaximumAndDeterminism/repeat#35","Output":"=== PAUSE TestCostMaximumAndDeterminism/repeat#35\n"}
{"Time":"2026-09-06T08:35:30.289813+09:00","Action":"pause","Package":"waiting-room/internal/installplan","Test":"TestCostMaximumAndDeterminism/repeat#35"}
{"Time":"2026-09-06T08:35:30.289827+09:00","Action":"run","Package":"waiting-room/internal/installplan","Test":"TestCostMaximumAndDeterminism/repeat#36"}
{"Time":"2026-09-06T08:35:30.289832+09:00","Action":"output","Package":"waiting-room/internal/installplan","Test":"TestCostMaximumAndDeterminism/repeat#36","Output":"=== RUN   TestCostMaximumAndDeterminism/repeat#36\n"}
{"Time":"2026-09-06T08:35:30.289887+09:00","Action":"output","Package":"waiting-room/internal/installplan","Test":"TestCostMaximumAndDeterminism/repeat#36","Output":"=== PAUSE TestCostMaximumAndDeterminism/repeat#36\n"}
{"Time":"2026-09-06T08:35:30.289892+09:00","Action":"pause","Package":"waiting-room/internal/installplan","Test":"TestCostMaximumAndDeterminism/repeat#36"}
{"Time":"2026-09-06T08:35:30.289905+09:00","Action":"run","Package":"waiting-room/internal/installplan","Test":"TestCostMaximumAndDeterminism/repeat#37"}
{"Time":"2026-09-06T08:35:30.289908+09:00","Action":"output","Package":"waiting-room/internal/installplan","Test":"TestCostMaximumAndDeterminism/repeat#37","Output":"=== RUN   TestCostMaximumAndDeterminism/repeat#37\n"}
{"Time":"2026-09-06T08:35:30.289924+09:00","Action":"output","Package":"waiting-room/internal/installplan","Test":"TestCostMaximumAndDeterminism/repeat#37","Output":"=== PAUSE TestCostMaximumAndDeterminism/repeat#37\n"}
{"Time":"2026-09-06T08:35:30.289927+09:00","Action":"pause","Package":"waiting-room/internal/installplan","Test":"TestCostMaximumAndDeterminism/repeat#37"}
{"Time":"2026-09-06T08:35:30.28994+09:00","Action":"run","Package":"waiting-room/internal/installplan","Test":"TestCostMaximumAndDeterminism/repeat#38"}
{"Time":"2026-09-06T08:35:30.289945+09:00","Action":"output","Package":"waiting-room/internal/installplan","Test":"TestCostMaximumAndDeterminism/repeat#38","Output":"=== RUN   TestCostMaximumAndDeterminism/repeat#38\n"}
{"Time":"2026-09-06T08:35:30.289958+09:00","Action":"output","Package":"waiting-room/internal/installplan","Test":"TestCostMaximumAndDeterminism/repeat#38","Output":"=== PAUSE TestCostMaximumAndDeterminism/repeat#38\n"}
{"Time":"2026-09-06T08:35:30.289964+09:00","Action":"pause","Package":"waiting-room/internal/installplan","Test":"TestCostMaximumAndDeterminism/repeat#38"}
{"Time":"2026-09-06T08:35:30.289971+09:00","Action":"run","Package":"waiting-room/internal/installplan","Test":"TestCostMaximumAndDeterminism/repeat#39"}
{"Time":"2026-09-06T08:35:30.289975+09:00","Action":"output","Package":"waiting-room/internal/installplan","Test":"TestCostMaximumAndDeterminism/repeat#39","Output":"=== RUN   TestCostMaximumAndDeterminism/repeat#39\n"}
{"Time":"2026-09-06T08:35:30.289987+09:00","Action":"output","Package":"waiting-room/internal/installplan","Test":"TestCostMaximumAndDeterminism/repeat#39","Output":"=== PAUSE TestCostMaximumAndDeterminism/repeat#39\n"}
{"Time":"2026-09-06T08:35:30.28999+09:00","Action":"pause","Package":"waiting-room/internal/installplan","Test":"TestCostMaximumAndDeterminism/repeat#39"}
{"Time":"2026-09-06T08:35:30.290001+09:00","Action":"run","Package":"waiting-room/internal/installplan","Test":"TestCostMaximumAndDeterminism/repeat#40"}
{"Time":"2026-09-06T08:35:30.290004+09:00","Action":"output","Package":"waiting-room/internal/installplan","Test":"TestCostMaximumAndDeterminism/repeat#40","Output":"=== RUN   TestCostMaximumAndDeterminism/repeat#40\n"}
{"Time":"2026-09-06T08:35:30.290015+09:00","Action":"output","Package":"waiting-room/internal/installplan","Test":"TestCostMaximumAndDeterminism/repeat#40","Output":"=== PAUSE TestCostMaximumAndDeterminism/repeat#40\n"}
{"Time":"2026-09-06T08:35:30.290019+09:00","Action":"pause","Package":"waiting-room/internal/installplan","Test":"TestCostMaximumAndDeterminism/repeat#40"}
{"Time":"2026-09-06T08:35:30.290031+09:00","Action":"run","Package":"waiting-room/internal/installplan","Test":"TestCostMaximumAndDeterminism/repeat#41"}
{"Time":"2026-09-06T08:35:30.290035+09:00","Action":"output","Package":"waiting-room/internal/installplan","Test":"TestCostMaximumAndDeterminism/repeat#41","Output":"=== RUN   TestCostMaximumAndDeterminism/repeat#41\n"}
{"Time":"2026-09-06T08:35:30.290049+09:00","Action":"output","Package":"waiting-room/internal/installplan","Test":"TestCostMaximumAndDeterminism/repeat#41","Output":"=== PAUSE TestCostMaximumAndDeterminism/repeat#41\n"}
{"Time":"2026-09-06T08:35:30.290052+09:00","Action":"pause","Package":"waiting-room/internal/installplan","Test":"TestCostMaximumAndDeterminism/repeat#41"}
{"Time":"2026-09-06T08:35:30.290064+09:00","Action":"run","Package":"waiting-room/internal/installplan","Test":"TestCostMaximumAndDeterminism/repeat#42"}
{"Time":"2026-09-06T08:35:30.290067+09:00","Action":"output","Package":"waiting-room/internal/installplan","Test":"TestCostMaximumAndDeterminism/repeat#42","Output":"=== RUN   TestCostMaximumAndDeterminism/repeat#42\n"}
{"Time":"2026-09-06T08:35:30.29008+09:00","Action":"output","Package":"waiting-room/internal/installplan","Test":"TestCostMaximumAndDeterminism/repeat#42","Output":"=== PAUSE TestCostMaximumAndDeterminism/repeat#42\n"}
{"Time":"2026-09-06T08:35:30.290084+09:00","Action":"pause","Package":"waiting-room/internal/installplan","Test":"TestCostMaximumAndDeterminism/repeat#42"}
{"Time":"2026-09-06T08:35:30.290098+09:00","Action":"run","Package":"waiting-room/internal/installplan","Test":"TestCostMaximumAndDeterminism/repeat#43"}
{"Time":"2026-09-06T08:35:30.290103+09:00","Action":"output","Package":"waiting-room/internal/installplan","Test":"TestCostMaximumAndDeterminism/repeat#43","Output":"=== RUN   TestCostMaximumAndDeterminism/repeat#43\n"}
{"Time":"2026-09-06T08:35:30.290111+09:00","Action":"output","Package":"waiting-room/internal/installplan","Test":"TestCostMaximumAndDeterminism/repeat#43","Output":"=== PAUSE TestCostMaximumAndDeterminism/repeat#43\n"}
{"Time":"2026-09-06T08:35:30.290114+09:00","Action":"pause","Package":"waiting-room/internal/installplan","Test":"TestCostMaximumAndDeterminism/repeat#43"}
{"Time":"2026-09-06T08:35:30.29013+09:00","Action":"run","Package":"waiting-room/internal/installplan","Test":"TestCostMaximumAndDeterminism/repeat#44"}
{"Time":"2026-09-06T08:35:30.290134+09:00","Action":"output","Package":"waiting-room/internal/installplan","Test":"TestCostMaximumAndDeterminism/repeat#44","Output":"=== RUN   TestCostMaximumAndDeterminism/repeat#44\n"}
{"Time":"2026-09-06T08:35:30.290148+09:00","Action":"output","Package":"waiting-room/internal/installplan","Test":"TestCostMaximumAndDeterminism/repeat#44","Output":"=== PAUSE TestCostMaximumAndDeterminism/repeat#44\n"}
{"Time":"2026-09-06T08:35:30.290152+09:00","Action":"pause","Package":"waiting-room/internal/installplan","Test":"TestCostMaximumAndDeterminism/repeat#44"}
{"Time":"2026-09-06T08:35:30.290166+09:00","Action":"run","Package":"waiting-room/internal/installplan","Test":"TestCostMaximumAndDeterminism/repeat#45"}
{"Time":"2026-09-06T08:35:30.29017+09:00","Action":"output","Package":"waiting-room/internal/installplan","Test":"TestCostMaximumAndDeterminism/repeat#45","Output":"=== RUN   TestCostMaximumAndDeterminism/repeat#45\n"}
{"Time":"2026-09-06T08:35:30.290172+09:00","Action":"output","Package":"waiting-room/internal/installplan","Test":"TestCostMaximumAndDeterminism/repeat#45","Output":"=== PAUSE TestCostMaximumAndDeterminism/repeat#45\n"}
{"Time":"2026-09-06T08:35:30.290173+09:00","Action":"pause","Package":"waiting-room/internal/installplan","Test":"TestCostMaximumAndDeterminism/repeat#45"}
{"Time":"2026-09-06T08:35:30.290193+09:00","Action":"run","Package":"waiting-room/internal/installplan","Test":"TestCostMaximumAndDeterminism/repeat#46"}
{"Time":"2026-09-06T08:35:30.290196+09:00","Action":"output","Package":"waiting-room/internal/installplan","Test":"TestCostMaximumAndDeterminism/repeat#46","Output":"=== RUN   TestCostMaximumAndDeterminism/repeat#46\n"}
{"Time":"2026-09-06T08:35:30.290206+09:00","Action":"output","Package":"waiting-room/internal/installplan","Test":"TestCostMaximumAndDeterminism/repeat#46","Output":"=== PAUSE TestCostMaximumAndDeterminism/repeat#46\n"}
{"Time":"2026-09-06T08:35:30.290209+09:00","Action":"pause","Package":"waiting-room/internal/installplan","Test":"TestCostMaximumAndDeterminism/repeat#46"}
{"Time":"2026-09-06T08:35:30.290224+09:00","Action":"run","Package":"waiting-room/internal/installplan","Test":"TestCostMaximumAndDeterminism/repeat#47"}
{"Time":"2026-09-06T08:35:30.290227+09:00","Action":"output","Package":"waiting-room/internal/installplan","Test":"TestCostMaximumAndDeterminism/repeat#47","Output":"=== RUN   TestCostMaximumAndDeterminism/repeat#47\n"}
{"Time":"2026-09-06T08:35:30.290239+09:00","Action":"output","Package":"waiting-room/internal/installplan","Test":"TestCostMaximumAndDeterminism/repeat#47","Output":"=== PAUSE TestCostMaximumAndDeterminism/repeat#47\n"}
{"Time":"2026-09-06T08:35:30.290245+09:00","Action":"pause","Package":"waiting-room/internal/installplan","Test":"TestCostMaximumAndDeterminism/repeat#47"}
{"Time":"2026-09-06T08:35:30.29025+09:00","Action":"run","Package":"waiting-room/internal/installplan","Test":"TestCostMaximumAndDeterminism/repeat#48"}
{"Time":"2026-09-06T08:35:30.290253+09:00","Action":"output","Package":"waiting-room/internal/installplan","Test":"TestCostMaximumAndDeterminism/repeat#48","Output":"=== RUN   TestCostMaximumAndDeterminism/repeat#48\n"}
{"Time":"2026-09-06T08:35:30.29027+09:00","Action":"output","Package":"waiting-room/internal/installplan","Test":"TestCostMaximumAndDeterminism/repeat#48","Output":"=== PAUSE TestCostMaximumAndDeterminism/repeat#48\n"}
{"Time":"2026-09-06T08:35:30.290275+09:00","Action":"pause","Package":"waiting-room/internal/installplan","Test":"TestCostMaximumAndDeterminism/repeat#48"}
{"Time":"2026-09-06T08:35:30.290284+09:00","Action":"run","Package":"waiting-room/internal/installplan","Test":"TestCostMaximumAndDeterminism/repeat#49"}
{"Time":"2026-09-06T08:35:30.290285+09:00","Action":"output","Package":"waiting-room/internal/installplan","Test":"TestCostMaximumAndDeterminism/repeat#49","Output":"=== RUN   TestCostMaximumAndDeterminism/repeat#49\n"}
{"Time":"2026-09-06T08:35:30.290301+09:00","Action":"output","Package":"waiting-room/internal/installplan","Test":"TestCostMaximumAndDeterminism/repeat#49","Output":"=== PAUSE TestCostMaximumAndDeterminism/repeat#49\n"}
{"Time":"2026-09-06T08:35:30.290304+09:00","Action":"pause","Package":"waiting-room/internal/installplan","Test":"TestCostMaximumAndDeterminism/repeat#49"}
{"Time":"2026-09-06T08:35:30.290327+09:00","Action":"cont","Package":"waiting-room/internal/installplan","Test":"TestCostMaximumAndDeterminism/repeat#01"}
{"Time":"2026-09-06T08:35:30.290331+09:00","Action":"output","Package":"waiting-room/internal/installplan","Test":"TestCostMaximumAndDeterminism/repeat#01","Output":"=== CONT  TestCostMaximumAndDeterminism/repeat#01\n"}
{"Time":"2026-09-06T08:35:30.290382+09:00","Action":"cont","Package":"waiting-room/internal/installplan","Test":"TestCostMaximumAndDeterminism/repeat#16"}
{"Time":"2026-09-06T08:35:30.290387+09:00","Action":"output","Package":"waiting-room/internal/installplan","Test":"TestCostMaximumAndDeterminism/repeat#16","Output":"=== CONT  TestCostMaximumAndDeterminism/repeat#16\n"}
{"Time":"2026-09-06T08:35:30.290426+09:00","Action":"cont","Package":"waiting-room/internal/installplan","Test":"TestCostMaximumAndDeterminism/repeat#24"}
{"Time":"2026-09-06T08:35:30.290431+09:00","Action":"output","Package":"waiting-room/internal/installplan","Test":"TestCostMaximumAndDeterminism/repeat#24","Output":"=== CONT  TestCostMaximumAndDeterminism/repeat#24\n"}
{"Time":"2026-09-06T08:35:30.290462+09:00","Action":"cont","Package":"waiting-room/internal/installplan","Test":"TestCostMaximumAndDeterminism/repeat#38"}
{"Time":"2026-09-06T08:35:30.290467+09:00","Action":"output","Package":"waiting-room/internal/installplan","Test":"TestCostMaximumAndDeterminism/repeat#38","Output":"=== CONT  TestCostMaximumAndDeterminism/repeat#38\n"}
{"Time":"2026-09-06T08:35:30.290551+09:00","Action":"cont","Package":"waiting-room/internal/installplan","Test":"TestCostMaximumAndDeterminism/repeat#36"}
{"Time":"2026-09-06T08:35:30.290555+09:00","Action":"output","Package":"waiting-room/internal/installplan","Test":"TestCostMaximumAndDeterminism/repeat#36","Output":"=== CONT  TestCostMaximumAndDeterminism/repeat#36\n"}
{"Time":"2026-09-06T08:35:30.290573+09:00","Action":"output","Package":"waiting-room/internal/installplan","Test":"TestCostMaximumAndDeterminism/repeat#01","Output":"--- PASS: TestCostMaximumAndDeterminism/repeat#01 (0.00s)\n"}
{"Time":"2026-09-06T08:35:30.29059+09:00","Action":"pass","Package":"waiting-room/internal/installplan","Test":"TestCostMaximumAndDeterminism/repeat#01","Elapsed":0}
{"Time":"2026-09-06T08:35:30.290592+09:00","Action":"cont","Package":"waiting-room/internal/installplan","Test":"TestCostMaximumAndDeterminism/repeat#26"}
{"Time":"2026-09-06T08:35:30.290593+09:00","Action":"output","Package":"waiting-room/internal/installplan","Test":"TestCostMaximumAndDeterminism/repeat#26","Output":"=== CONT  TestCostMaximumAndDeterminism/repeat#26\n"}
{"Time":"2026-09-06T08:35:30.29063+09:00","Action":"cont","Package":"waiting-room/internal/installplan","Test":"TestCostMaximumAndDeterminism/repeat#34"}
{"Time":"2026-09-06T08:35:30.290633+09:00","Action":"output","Package":"waiting-room/internal/installplan","Test":"TestCostMaximumAndDeterminism/repeat#34","Output":"=== CONT  TestCostMaximumAndDeterminism/repeat#34\n"}
{"Time":"2026-09-06T08:35:30.290651+09:00","Action":"output","Package":"waiting-room/internal/installplan","Test":"TestCostMaximumAndDeterminism/repeat#16","Output":"--- PASS: TestCostMaximumAndDeterminism/repeat#16 (0.00s)\n"}
{"Time":"2026-09-06T08:35:30.29067+09:00","Action":"pass","Package":"waiting-room/internal/installplan","Test":"TestCostMaximumAndDeterminism/repeat#16","Elapsed":0}
{"Time":"2026-09-06T08:35:30.290672+09:00","Action":"cont","Package":"waiting-room/internal/installplan","Test":"TestCostMaximumAndDeterminism/repeat#43"}
{"Time":"2026-09-06T08:35:30.290673+09:00","Action":"output","Package":"waiting-room/internal/installplan","Test":"TestCostMaximumAndDeterminism/repeat#43","Output":"=== CONT  TestCostMaximumAndDeterminism/repeat#43\n"}
{"Time":"2026-09-06T08:35:30.29079+09:00","Action":"cont","Package":"waiting-room/internal/installplan","Test":"TestCostMaximumAndDeterminism/repeat#33"}
{"Time":"2026-09-06T08:35:30.290795+09:00","Action":"output","Package":"waiting-room/internal/installplan","Test":"TestCostMaximumAndDeterminism/repeat#33","Output":"=== CONT  TestCostMaximumAndDeterminism/repeat#33\n"}
{"Time":"2026-09-06T08:35:30.290799+09:00","Action":"cont","Package":"waiting-room/internal/installplan","Test":"TestCostMaximumAndDeterminism/repeat#32"}
{"Time":"2026-09-06T08:35:30.2908+09:00","Action":"output","Package":"waiting-room/internal/installplan","Test":"TestCostMaximumAndDeterminism/repeat#32","Output":"=== CONT  TestCostMaximumAndDeterminism/repeat#32\n"}
{"Time":"2026-09-06T08:35:30.290871+09:00","Action":"cont","Package":"waiting-room/internal/installplan","Test":"TestCostMaximumAndDeterminism/repeat#31"}
{"Time":"2026-09-06T08:35:30.2909+09:00","Action":"output","Package":"waiting-room/internal/installplan","Test":"TestCostMaximumAndDeterminism/repeat#31","Output":"=== CONT  TestCostMaximumAndDeterminism/repeat#31\n"}
{"Time":"2026-09-06T08:35:30.290903+09:00","Action":"cont","Package":"waiting-room/internal/installplan","Test":"TestCostMaximumAndDeterminism/repeat#48"}
{"Time":"2026-09-06T08:35:30.290904+09:00","Action":"output","Package":"waiting-room/internal/installplan","Test":"TestCostMaximumAndDeterminism/repeat#48","Output":"=== CONT  TestCostMaximumAndDeterminism/repeat#48\n"}
{"Time":"2026-09-06T08:35:30.29091+09:00","Action":"cont","Package":"waiting-room/internal/installplan","Test":"TestCostMaximumAndDeterminism/repeat#46"}
{"Time":"2026-09-06T08:35:30.290914+09:00","Action":"output","Package":"waiting-room/internal/installplan","Test":"TestCostMaximumAndDeterminism/repeat#46","Output":"=== CONT  TestCostMaximumAndDeterminism/repeat#46\n"}
{"Time":"2026-09-06T08:35:30.290926+09:00","Action":"cont","Package":"waiting-room/internal/installplan","Test":"TestCostMaximumAndDeterminism/repeat#35"}
{"Time":"2026-09-06T08:35:30.29093+09:00","Action":"output","Package":"waiting-room/internal/installplan","Test":"TestCostMaximumAndDeterminism/repeat#35","Output":"=== CONT  TestCostMaximumAndDeterminism/repeat#35\n"}
{"Time":"2026-09-06T08:35:30.290951+09:00","Action":"cont","Package":"waiting-room/internal/installplan","Test":"TestCostMaximumAndDeterminism/repeat#07"}
{"Time":"2026-09-06T08:35:30.290971+09:00","Action":"output","Package":"waiting-room/internal/installplan","Test":"TestCostMaximumAndDeterminism/repeat#07","Output":"=== CONT  TestCostMaximumAndDeterminism/repeat#07\n"}
{"Time":"2026-09-06T08:35:30.290982+09:00","Action":"cont","Package":"waiting-room/internal/installplan","Test":"TestCostMaximumAndDeterminism/repeat#45"}
{"Time":"2026-09-06T08:35:30.290985+09:00","Action":"output","Package":"waiting-room/internal/installplan","Test":"TestCostMaximumAndDeterminism/repeat#45","Output":"=== CONT  TestCostMaximumAndDeterminism/repeat#45\n"}
{"Time":"2026-09-06T08:35:30.290988+09:00","Action":"cont","Package":"waiting-room/internal/installplan","Test":"TestCostMaximumAndDeterminism/repeat#28"}
{"Time":"2026-09-06T08:35:30.290991+09:00","Action":"output","Package":"waiting-room/internal/installplan","Test":"TestCostMaximumAndDeterminism/repeat#28","Output":"=== CONT  TestCostMaximumAndDeterminism/repeat#28\n"}
{"Time":"2026-09-06T08:35:30.291011+09:00","Action":"cont","Package":"waiting-room/internal/installplan","Test":"TestCostMaximumAndDeterminism/repeat#29"}
{"Time":"2026-09-06T08:35:30.291015+09:00","Action":"output","Package":"waiting-room/internal/installplan","Test":"TestCostMaximumAndDeterminism/repeat#29","Output":"=== CONT  TestCostMaximumAndDeterminism/repeat#29\n"}
{"Time":"2026-09-06T08:35:30.291396+09:00","Action":"cont","Package":"waiting-room/internal/installplan","Test":"TestCostMaximumAndDeterminism/repeat#30"}
{"Time":"2026-09-06T08:35:30.291401+09:00","Action":"output","Package":"waiting-room/internal/installplan","Test":"TestCostMaximumAndDeterminism/repeat#30","Output":"=== CONT  TestCostMaximumAndDeterminism/repeat#30\n"}
{"Time":"2026-09-06T08:35:30.291456+09:00","Action":"cont","Package":"waiting-room/internal/installplan","Test":"TestCostMaximumAndDeterminism/repeat#10"}
{"Time":"2026-09-06T08:35:30.291528+09:00","Action":"output","Package":"waiting-room/internal/installplan","Test":"TestCostMaximumAndDeterminism/repeat#10","Output":"=== CONT  TestCostMaximumAndDeterminism/repeat#10\n"}
{"Time":"2026-09-06T08:35:30.291539+09:00","Action":"cont","Package":"waiting-room/internal/installplan","Test":"TestCostMaximumAndDeterminism/repeat#12"}
{"Time":"2026-09-06T08:35:30.291542+09:00","Action":"output","Package":"waiting-room/internal/installplan","Test":"TestCostMaximumAndDeterminism/repeat#12","Output":"=== CONT  TestCostMaximumAndDeterminism/repeat#12\n"}
{"Time":"2026-09-06T08:35:30.29207+09:00","Action":"output","Package":"waiting-room/internal/installplan","Test":"TestCostMaximumAndDeterminism/repeat#24","Output":"--- PASS: TestCostMaximumAndDeterminism/repeat#24 (0.00s)\n"}
{"Time":"2026-09-06T08:35:30.292075+09:00","Action":"pass","Package":"waiting-room/internal/installplan","Test":"TestCostMaximumAndDeterminism/repeat#24","Elapsed":0}
{"Time":"2026-09-06T08:35:30.292077+09:00","Action":"cont","Package":"waiting-room/internal/installplan","Test":"TestCostMaximumAndDeterminism/repeat#06"}
{"Time":"2026-09-06T08:35:30.292082+09:00","Action":"output","Package":"waiting-room/internal/installplan","Test":"TestCostMaximumAndDeterminism/repeat#06","Output":"=== CONT  TestCostMaximumAndDeterminism/repeat#06\n"}
{"Time":"2026-09-06T08:35:30.292087+09:00","Action":"output","Package":"waiting-room/internal/installplan","Test":"TestCostMaximumAndDeterminism/repeat#38","Output":"--- PASS: TestCostMaximumAndDeterminism/repeat#38 (0.00s)\n"}
{"Time":"2026-09-06T08:35:30.292113+09:00","Action":"pass","Package":"waiting-room/internal/installplan","Test":"TestCostMaximumAndDeterminism/repeat#38","Elapsed":0}
{"Time":"2026-09-06T08:35:30.292127+09:00","Action":"cont","Package":"waiting-room/internal/installplan","Test":"TestCostMaximumAndDeterminism/repeat#18"}
{"Time":"2026-09-06T08:35:30.292131+09:00","Action":"output","Package":"waiting-room/internal/installplan","Test":"TestCostMaximumAndDeterminism/repeat#18","Output":"=== CONT  TestCostMaximumAndDeterminism/repeat#18\n"}
{"Time":"2026-09-06T08:35:30.292138+09:00","Action":"cont","Package":"waiting-room/internal/installplan","Test":"TestCostMaximumAndDeterminism/repeat#47"}
{"Time":"2026-09-06T08:35:30.292142+09:00","Action":"output","Package":"waiting-room/internal/installplan","Test":"TestCostMaximumAndDeterminism/repeat#47","Output":"=== CONT  TestCostMaximumAndDeterminism/repeat#47\n"}
{"Time":"2026-09-06T08:35:30.292146+09:00","Action":"output","Package":"waiting-room/internal/installplan","Test":"TestCostMaximumAndDeterminism/repeat#10","Output":"--- PASS: TestCostMaximumAndDeterminism/repeat#10 (0.00s)\n"}
{"Time":"2026-09-06T08:35:30.292154+09:00","Action":"pass","Package":"waiting-room/internal/installplan","Test":"TestCostMaximumAndDeterminism/repeat#10","Elapsed":0}
{"Time":"2026-09-06T08:35:30.292159+09:00","Action":"cont","Package":"waiting-room/internal/installplan","Test":"TestCostMaximumAndDeterminism/repeat#22"}
{"Time":"2026-09-06T08:35:30.292161+09:00","Action":"output","Package":"waiting-room/internal/installplan","Test":"TestCostMaximumAndDeterminism/repeat#22","Output":"=== CONT  TestCostMaximumAndDeterminism/repeat#22\n"}
{"Time":"2026-09-06T08:35:30.292165+09:00","Action":"output","Package":"waiting-room/internal/installplan","Test":"TestCostMaximumAndDeterminism/repeat#36","Output":"--- PASS: TestCostMaximumAndDeterminism/repeat#36 (0.00s)\n"}
{"Time":"2026-09-06T08:35:30.292212+09:00","Action":"pass","Package":"waiting-room/internal/installplan","Test":"TestCostMaximumAndDeterminism/repeat#36","Elapsed":0}
{"Time":"2026-09-06T08:35:30.292217+09:00","Action":"cont","Package":"waiting-room/internal/installplan","Test":"TestCostMaximumAndDeterminism/repeat#08"}
{"Time":"2026-09-06T08:35:30.292219+09:00","Action":"output","Package":"waiting-room/internal/installplan","Test":"TestCostMaximumAndDeterminism/repeat#08","Output":"=== CONT  TestCostMaximumAndDeterminism/repeat#08\n"}
{"Time":"2026-09-06T08:35:30.292222+09:00","Action":"cont","Package":"waiting-room/internal/installplan","Test":"TestCostMaximumAndDeterminism/repeat#23"}
{"Time":"2026-09-06T08:35:30.292225+09:00","Action":"output","Package":"waiting-room/internal/installplan","Test":"TestCostMaximumAndDeterminism/repeat#23","Output":"=== CONT  TestCostMaximumAndDeterminism/repeat#23\n"}
{"Time":"2026-09-06T08:35:30.292242+09:00","Action":"cont","Package":"waiting-room/internal/installplan","Test":"TestCostMaximumAndDeterminism/repeat#11"}
{"Time":"2026-09-06T08:35:30.292249+09:00","Action":"output","Package":"waiting-room/internal/installplan","Test":"TestCostMaximumAndDeterminism/repeat#11","Output":"=== CONT  TestCostMaximumAndDeterminism/repeat#11\n"}
{"Time":"2026-09-06T08:35:30.292276+09:00","Action":"cont","Package":"waiting-room/internal/installplan","Test":"TestCostMaximumAndDeterminism/repeat#09"}
{"Time":"2026-09-06T08:35:30.292283+09:00","Action":"output","Package":"waiting-room/internal/installplan","Test":"TestCostMaximumAndDeterminism/repeat#09","Output":"=== CONT  TestCostMaximumAndDeterminism/repeat#09\n"}
{"Time":"2026-09-06T08:35:30.292308+09:00","Action":"cont","Package":"waiting-room/internal/installplan","Test":"TestCostMaximumAndDeterminism/repeat#04"}
{"Time":"2026-09-06T08:35:30.292315+09:00","Action":"output","Package":"waiting-room/internal/installplan","Test":"TestCostMaximumAndDeterminism/repeat#04","Output":"=== CONT  TestCostMaximumAndDeterminism/repeat#04\n"}
{"Time":"2026-09-06T08:35:30.292319+09:00","Action":"cont","Package":"waiting-room/internal/installplan","Test":"TestCostMaximumAndDeterminism/repeat#05"}
{"Time":"2026-09-06T08:35:30.292322+09:00","Action":"output","Package":"waiting-room/internal/installplan","Test":"TestCostMaximumAndDeterminism/repeat#05","Output":"=== CONT  TestCostMaximumAndDeterminism/repeat#05\n"}
{"Time":"2026-09-06T08:35:30.29235+09:00","Action":"cont","Package":"waiting-room/internal/installplan","Test":"TestCostMaximumAndDeterminism/repeat#15"}
{"Time":"2026-09-06T08:35:30.292355+09:00","Action":"output","Package":"waiting-room/internal/installplan","Test":"TestCostMaximumAndDeterminism/repeat#15","Output":"=== CONT  TestCostMaximumAndDeterminism/repeat#15\n"}
{"Time":"2026-09-06T08:35:30.292368+09:00","Action":"cont","Package":"waiting-room/internal/installplan","Test":"TestCostMaximumAndDeterminism/repeat#17"}
{"Time":"2026-09-06T08:35:30.292371+09:00","Action":"output","Package":"waiting-room/internal/installplan","Test":"TestCostMaximumAndDeterminism/repeat#17","Output":"=== CONT  TestCostMaximumAndDeterminism/repeat#17\n"}
{"Time":"2026-09-06T08:35:30.292615+09:00","Action":"cont","Package":"waiting-room/internal/installplan","Test":"TestCostMaximumAndDeterminism/repeat#19"}
{"Time":"2026-09-06T08:35:30.29262+09:00","Action":"output","Package":"waiting-room/internal/installplan","Test":"TestCostMaximumAndDeterminism/repeat#19","Output":"=== CONT  TestCostMaximumAndDeterminism/repeat#19\n"}
{"Time":"2026-09-06T08:35:30.292622+09:00","Action":"cont","Package":"waiting-room/internal/installplan","Test":"TestCostMaximumAndDeterminism/repeat#49"}
{"Time":"2026-09-06T08:35:30.292624+09:00","Action":"output","Package":"waiting-room/internal/installplan","Test":"TestCostMaximumAndDeterminism/repeat#49","Output":"=== CONT  TestCostMaximumAndDeterminism/repeat#49\n"}
{"Time":"2026-09-06T08:35:30.292625+09:00","Action":"cont","Package":"waiting-room/internal/installplan","Test":"TestCostMaximumAndDeterminism/repeat#25"}
{"Time":"2026-09-06T08:35:30.292626+09:00","Action":"output","Package":"waiting-room/internal/installplan","Test":"TestCostMaximumAndDeterminism/repeat#25","Output":"=== CONT  TestCostMaximumAndDeterminism/repeat#25\n"}
{"Time":"2026-09-06T08:35:30.292627+09:00","Action":"cont","Package":"waiting-room/internal/installplan","Test":"TestCostMaximumAndDeterminism/repeat#40"}
{"Time":"2026-09-06T08:35:30.292628+09:00","Action":"output","Package":"waiting-room/internal/installplan","Test":"TestCostMaximumAndDeterminism/repeat#40","Output":"=== CONT  TestCostMaximumAndDeterminism/repeat#40\n"}
{"Time":"2026-09-06T08:35:30.292629+09:00","Action":"cont","Package":"waiting-room/internal/installplan","Test":"TestCostMaximumAndDeterminism/repeat#27"}
{"Time":"2026-09-06T08:35:30.29263+09:00","Action":"output","Package":"waiting-room/internal/installplan","Test":"TestCostMaximumAndDeterminism/repeat#27","Output":"=== CONT  TestCostMaximumAndDeterminism/repeat#27\n"}
{"Time":"2026-09-06T08:35:30.292632+09:00","Action":"cont","Package":"waiting-room/internal/installplan","Test":"TestCostMaximumAndDeterminism/repeat#42"}
{"Time":"2026-09-06T08:35:30.292633+09:00","Action":"output","Package":"waiting-room/internal/installplan","Test":"TestCostMaximumAndDeterminism/repeat#42","Output":"=== CONT  TestCostMaximumAndDeterminism/repeat#42\n"}
{"Time":"2026-09-06T08:35:30.29267+09:00","Action":"cont","Package":"waiting-room/internal/installplan","Test":"TestCostMaximumAndDeterminism/repeat#02"}
{"Time":"2026-09-06T08:35:30.292674+09:00","Action":"output","Package":"waiting-room/internal/installplan","Test":"TestCostMaximumAndDeterminism/repeat#02","Output":"=== CONT  TestCostMaximumAndDeterminism/repeat#02\n"}
{"Time":"2026-09-06T08:35:30.292697+09:00","Action":"cont","Package":"waiting-room/internal/installplan","Test":"TestCostMaximumAndDeterminism/repeat#03"}
{"Time":"2026-09-06T08:35:30.292701+09:00","Action":"output","Package":"waiting-room/internal/installplan","Test":"TestCostMaximumAndDeterminism/repeat#03","Output":"=== CONT  TestCostMaximumAndDeterminism/repeat#03\n"}
{"Time":"2026-09-06T08:35:30.292703+09:00","Action":"cont","Package":"waiting-room/internal/installplan","Test":"TestCostMaximumAndDeterminism/repeat#44"}
{"Time":"2026-09-06T08:35:30.292704+09:00","Action":"output","Package":"waiting-room/internal/installplan","Test":"TestCostMaximumAndDeterminism/repeat#44","Output":"=== CONT  TestCostMaximumAndDeterminism/repeat#44\n"}
{"Time":"2026-09-06T08:35:30.292767+09:00","Action":"output","Package":"waiting-room/internal/installplan","Test":"TestCostMaximumAndDeterminism/repeat#26","Output":"--- PASS: TestCostMaximumAndDeterminism/repeat#26 (0.00s)\n"}
{"Time":"2026-09-06T08:35:30.292868+09:00","Action":"pass","Package":"waiting-room/internal/installplan","Test":"TestCostMaximumAndDeterminism/repeat#26","Elapsed":0}
{"Time":"2026-09-06T08:35:30.292872+09:00","Action":"output","Package":"waiting-room/internal/installplan","Test":"TestCostMaximumAndDeterminism/repeat#31","Output":"--- PASS: TestCostMaximumAndDeterminism/repeat#31 (0.00s)\n"}
{"Time":"2026-09-06T08:35:30.293055+09:00","Action":"pass","Package":"waiting-room/internal/installplan","Test":"TestCostMaximumAndDeterminism/repeat#31","Elapsed":0}
{"Time":"2026-09-06T08:35:30.29306+09:00","Action":"cont","Package":"waiting-room/internal/installplan","Test":"TestCostMaximumAndDeterminism/repeat#39"}
{"Time":"2026-09-06T08:35:30.293062+09:00","Action":"output","Package":"waiting-room/internal/installplan","Test":"TestCostMaximumAndDeterminism/repeat#39","Output":"=== CONT  TestCostMaximumAndDeterminism/repeat#39\n"}
{"Time":"2026-09-06T08:35:30.293129+09:00","Action":"cont","Package":"waiting-room/internal/installplan","Test":"TestCostMaximumAndDeterminism/repeat#20"}
{"Time":"2026-09-06T08:35:30.293134+09:00","Action":"output","Package":"waiting-room/internal/installplan","Test":"TestCostMaximumAndDeterminism/repeat#20","Output":"=== CONT  TestCostMaximumAndDeterminism/repeat#20\n"}
{"Time":"2026-09-06T08:35:30.293139+09:00","Action":"cont","Package":"waiting-room/internal/installplan","Test":"TestCostMaximumAndDeterminism/repeat#21"}
{"Time":"2026-09-06T08:35:30.293144+09:00","Action":"output","Package":"waiting-room/internal/installplan","Test":"TestCostMaximumAndDeterminism/repeat#21","Output":"=== CONT  TestCostMaximumAndDeterminism/repeat#21\n"}
{"Time":"2026-09-06T08:35:30.29315+09:00","Action":"cont","Package":"waiting-room/internal/installplan","Test":"TestCostMaximumAndDeterminism/repeat"}
{"Time":"2026-09-06T08:35:30.293151+09:00","Action":"output","Package":"waiting-room/internal/installplan","Test":"TestCostMaximumAndDeterminism/repeat","Output":"=== CONT  TestCostMaximumAndDeterminism/repeat\n"}
{"Time":"2026-09-06T08:35:30.293167+09:00","Action":"cont","Package":"waiting-room/internal/installplan","Test":"TestCostMaximumAndDeterminism/repeat#13"}
{"Time":"2026-09-06T08:35:30.293172+09:00","Action":"output","Package":"waiting-room/internal/installplan","Test":"TestCostMaximumAndDeterminism/repeat#13","Output":"=== CONT  TestCostMaximumAndDeterminism/repeat#13\n"}
{"Time":"2026-09-06T08:35:30.293203+09:00","Action":"cont","Package":"waiting-room/internal/installplan","Test":"TestCostMaximumAndDeterminism/repeat#37"}
{"Time":"2026-09-06T08:35:30.293218+09:00","Action":"output","Package":"waiting-room/internal/installplan","Test":"TestCostMaximumAndDeterminism/repeat#37","Output":"=== CONT  TestCostMaximumAndDeterminism/repeat#37\n"}
{"Time":"2026-09-06T08:35:30.293517+09:00","Action":"cont","Package":"waiting-room/internal/installplan","Test":"TestCostMaximumAndDeterminism/repeat#41"}
{"Time":"2026-09-06T08:35:30.29353+09:00","Action":"output","Package":"waiting-room/internal/installplan","Test":"TestCostMaximumAndDeterminism/repeat#41","Output":"=== CONT  TestCostMaximumAndDeterminism/repeat#41\n"}
{"Time":"2026-09-06T08:35:30.293534+09:00","Action":"cont","Package":"waiting-room/internal/installplan","Test":"TestCostMaximumAndDeterminism/repeat#14"}
{"Time":"2026-09-06T08:35:30.293536+09:00","Action":"output","Package":"waiting-room/internal/installplan","Test":"TestCostMaximumAndDeterminism/repeat#14","Output":"=== CONT  TestCostMaximumAndDeterminism/repeat#14\n"}
{"Time":"2026-09-06T08:35:30.293569+09:00","Action":"output","Package":"waiting-room/internal/installplan","Test":"TestCostMaximumAndDeterminism/repeat#49","Output":"--- PASS: TestCostMaximumAndDeterminism/repeat#49 (0.00s)\n"}
{"Time":"2026-09-06T08:35:30.293614+09:00","Action":"pass","Package":"waiting-room/internal/installplan","Test":"TestCostMaximumAndDeterminism/repeat#49","Elapsed":0}
{"Time":"2026-09-06T08:35:30.293621+09:00","Action":"output","Package":"waiting-room/internal/installplan","Test":"TestCostMaximumAndDeterminism/repeat#29","Output":"--- PASS: TestCostMaximumAndDeterminism/repeat#29 (0.00s)\n"}
{"Time":"2026-09-06T08:35:30.293633+09:00","Action":"pass","Package":"waiting-room/internal/installplan","Test":"TestCostMaximumAndDeterminism/repeat#29","Elapsed":0}
{"Time":"2026-09-06T08:35:30.293636+09:00","Action":"output","Package":"waiting-room/internal/installplan","Test":"TestCostMaximumAndDeterminism/repeat#06","Output":"--- PASS: TestCostMaximumAndDeterminism/repeat#06 (0.00s)\n"}
{"Time":"2026-09-06T08:35:30.293642+09:00","Action":"pass","Package":"waiting-room/internal/installplan","Test":"TestCostMaximumAndDeterminism/repeat#06","Elapsed":0}
{"Time":"2026-09-06T08:35:30.293664+09:00","Action":"output","Package":"waiting-room/internal/installplan","Test":"TestCostMaximumAndDeterminism/repeat#22","Output":"--- PASS: TestCostMaximumAndDeterminism/repeat#22 (0.00s)\n"}
{"Time":"2026-09-06T08:35:30.293672+09:00","Action":"pass","Package":"waiting-room/internal/installplan","Test":"TestCostMaximumAndDeterminism/repeat#22","Elapsed":0}
{"Time":"2026-09-06T08:35:30.293673+09:00","Action":"output","Package":"waiting-room/internal/installplan","Test":"TestCostMaximumAndDeterminism/repeat#15","Output":"--- PASS: TestCostMaximumAndDeterminism/repeat#15 (0.00s)\n"}
{"Time":"2026-09-06T08:35:30.293677+09:00","Action":"pass","Package":"waiting-room/internal/installplan","Test":"TestCostMaximumAndDeterminism/repeat#15","Elapsed":0}
{"Time":"2026-09-06T08:35:30.293678+09:00","Action":"output","Package":"waiting-room/internal/installplan","Test":"TestCostMaximumAndDeterminism/repeat#41","Output":"--- PASS: TestCostMaximumAndDeterminism/repeat#41 (0.00s)\n"}
{"Time":"2026-09-06T08:35:30.293692+09:00","Action":"pass","Package":"waiting-room/internal/installplan","Test":"TestCostMaximumAndDeterminism/repeat#41","Elapsed":0}
{"Time":"2026-09-06T08:35:30.293693+09:00","Action":"output","Package":"waiting-room/internal/installplan","Test":"TestCostMaximumAndDeterminism/repeat#37","Output":"--- PASS: TestCostMaximumAndDeterminism/repeat#37 (0.00s)\n"}
{"Time":"2026-09-06T08:35:30.293712+09:00","Action":"pass","Package":"waiting-room/internal/installplan","Test":"TestCostMaximumAndDeterminism/repeat#37","Elapsed":0}
{"Time":"2026-09-06T08:35:30.293718+09:00","Action":"output","Package":"waiting-room/internal/installplan","Test":"TestCostMaximumAndDeterminism/repeat#11","Output":"--- PASS: TestCostMaximumAndDeterminism/repeat#11 (0.00s)\n"}
{"Time":"2026-09-06T08:35:30.29373+09:00","Action":"pass","Package":"waiting-room/internal/installplan","Test":"TestCostMaximumAndDeterminism/repeat#11","Elapsed":0}
{"Time":"2026-09-06T08:35:30.293735+09:00","Action":"output","Package":"waiting-room/internal/installplan","Test":"TestCostMaximumAndDeterminism/repeat#20","Output":"--- PASS: TestCostMaximumAndDeterminism/repeat#20 (0.00s)\n"}
{"Time":"2026-09-06T08:35:30.293752+09:00","Action":"pass","Package":"waiting-room/internal/installplan","Test":"TestCostMaximumAndDeterminism/repeat#20","Elapsed":0}
{"Time":"2026-09-06T08:35:30.293756+09:00","Action":"output","Package":"waiting-room/internal/installplan","Test":"TestCostMaximumAndDeterminism/repeat#40","Output":"--- PASS: TestCostMaximumAndDeterminism/repeat#40 (0.00s)\n"}
{"Time":"2026-09-06T08:35:30.293773+09:00","Action":"pass","Package":"waiting-room/internal/installplan","Test":"TestCostMaximumAndDeterminism/repeat#40","Elapsed":0}
{"Time":"2026-09-06T08:35:30.293776+09:00","Action":"output","Package":"waiting-room/internal/installplan","Test":"TestCostMaximumAndDeterminism/repeat#09","Output":"--- PASS: TestCostMaximumAndDeterminism/repeat#09 (0.00s)\n"}
{"Time":"2026-09-06T08:35:30.29379+09:00","Action":"pass","Package":"waiting-room/internal/installplan","Test":"TestCostMaximumAndDeterminism/repeat#09","Elapsed":0}
{"Time":"2026-09-06T08:35:30.293792+09:00","Action":"output","Package":"waiting-room/internal/installplan","Test":"TestCostMaximumAndDeterminism/repeat#07","Output":"--- PASS: TestCostMaximumAndDeterminism/repeat#07 (0.00s)\n"}
{"Time":"2026-09-06T08:35:30.29381+09:00","Action":"pass","Package":"waiting-room/internal/installplan","Test":"TestCostMaximumAndDeterminism/repeat#07","Elapsed":0}
{"Time":"2026-09-06T08:35:30.293813+09:00","Action":"output","Package":"waiting-room/internal/installplan","Test":"TestCostMaximumAndDeterminism/repeat#27","Output":"--- PASS: TestCostMaximumAndDeterminism/repeat#27 (0.00s)\n"}
{"Time":"2026-09-06T08:35:30.293828+09:00","Action":"pass","Package":"waiting-room/internal/installplan","Test":"TestCostMaximumAndDeterminism/repeat#27","Elapsed":0}
{"Time":"2026-09-06T08:35:30.293831+09:00","Action":"output","Package":"waiting-room/internal/installplan","Test":"TestCostMaximumAndDeterminism/repeat#03","Output":"--- PASS: TestCostMaximumAndDeterminism/repeat#03 (0.00s)\n"}
{"Time":"2026-09-06T08:35:30.293849+09:00","Action":"pass","Package":"waiting-room/internal/installplan","Test":"TestCostMaximumAndDeterminism/repeat#03","Elapsed":0}
{"Time":"2026-09-06T08:35:30.293852+09:00","Action":"output","Package":"waiting-room/internal/installplan","Test":"TestCostMaximumAndDeterminism/repeat#25","Output":"--- PASS: TestCostMaximumAndDeterminism/repeat#25 (0.00s)\n"}
{"Time":"2026-09-06T08:35:30.293877+09:00","Action":"pass","Package":"waiting-room/internal/installplan","Test":"TestCostMaximumAndDeterminism/repeat#25","Elapsed":0}
{"Time":"2026-09-06T08:35:30.29388+09:00","Action":"output","Package":"waiting-room/internal/installplan","Test":"TestCostMaximumAndDeterminism/repeat#42","Output":"--- PASS: TestCostMaximumAndDeterminism/repeat#42 (0.00s)\n"}
{"Time":"2026-09-06T08:35:30.29389+09:00","Action":"pass","Package":"waiting-room/internal/installplan","Test":"TestCostMaximumAndDeterminism/repeat#42","Elapsed":0}
{"Time":"2026-09-06T08:35:30.293893+09:00","Action":"output","Package":"waiting-room/internal/installplan","Test":"TestCostMaximumAndDeterminism/repeat#04","Output":"--- PASS: TestCostMaximumAndDeterminism/repeat#04 (0.00s)\n"}
{"Time":"2026-09-06T08:35:30.293908+09:00","Action":"pass","Package":"waiting-room/internal/installplan","Test":"TestCostMaximumAndDeterminism/repeat#04","Elapsed":0}
{"Time":"2026-09-06T08:35:30.29391+09:00","Action":"output","Package":"waiting-room/internal/installplan","Test":"TestCostMaximumAndDeterminism/repeat#39","Output":"--- PASS: TestCostMaximumAndDeterminism/repeat#39 (0.00s)\n"}
{"Time":"2026-09-06T08:35:30.293926+09:00","Action":"pass","Package":"waiting-room/internal/installplan","Test":"TestCostMaximumAndDeterminism/repeat#39","Elapsed":0}
{"Time":"2026-09-06T08:35:30.293929+09:00","Action":"output","Package":"waiting-room/internal/installplan","Test":"TestCostMaximumAndDeterminism/repeat#35","Output":"--- PASS: TestCostMaximumAndDeterminism/repeat#35 (0.00s)\n"}
{"Time":"2026-09-06T08:35:30.293939+09:00","Action":"pass","Package":"waiting-room/internal/installplan","Test":"TestCostMaximumAndDeterminism/repeat#35","Elapsed":0}
{"Time":"2026-09-06T08:35:30.293941+09:00","Action":"output","Package":"waiting-room/internal/installplan","Test":"TestCostMaximumAndDeterminism/repeat#46","Output":"--- PASS: TestCostMaximumAndDeterminism/repeat#46 (0.00s)\n"}
{"Time":"2026-09-06T08:35:30.293949+09:00","Action":"pass","Package":"waiting-room/internal/installplan","Test":"TestCostMaximumAndDeterminism/repeat#46","Elapsed":0}
{"Time":"2026-09-06T08:35:30.293951+09:00","Action":"output","Package":"waiting-room/internal/installplan","Test":"TestCostMaximumAndDeterminism/repeat#45","Output":"--- PASS: TestCostMaximumAndDeterminism/repeat#45 (0.00s)\n"}
{"Time":"2026-09-06T08:35:30.293965+09:00","Action":"pass","Package":"waiting-room/internal/installplan","Test":"TestCostMaximumAndDeterminism/repeat#45","Elapsed":0}
{"Time":"2026-09-06T08:35:30.293967+09:00","Action":"output","Package":"waiting-room/internal/installplan","Test":"TestCostMaximumAndDeterminism/repeat#33","Output":"--- PASS: TestCostMaximumAndDeterminism/repeat#33 (0.00s)\n"}
{"Time":"2026-09-06T08:35:30.293978+09:00","Action":"pass","Package":"waiting-room/internal/installplan","Test":"TestCostMaximumAndDeterminism/repeat#33","Elapsed":0}
{"Time":"2026-09-06T08:35:30.293981+09:00","Action":"output","Package":"waiting-room/internal/installplan","Test":"TestCostMaximumAndDeterminism/repeat#32","Output":"--- PASS: TestCostMaximumAndDeterminism/repeat#32 (0.00s)\n"}
{"Time":"2026-09-06T08:35:30.293995+09:00","Action":"pass","Package":"waiting-room/internal/installplan","Test":"TestCostMaximumAndDeterminism/repeat#32","Elapsed":0}
{"Time":"2026-09-06T08:35:30.293997+09:00","Action":"output","Package":"waiting-room/internal/installplan","Test":"TestCostMaximumAndDeterminism/repeat#48","Output":"--- PASS: TestCostMaximumAndDeterminism/repeat#48 (0.00s)\n"}
{"Time":"2026-09-06T08:35:30.294008+09:00","Action":"pass","Package":"waiting-room/internal/installplan","Test":"TestCostMaximumAndDeterminism/repeat#48","Elapsed":0}
{"Time":"2026-09-06T08:35:30.294011+09:00","Action":"output","Package":"waiting-room/internal/installplan","Test":"TestCostMaximumAndDeterminism/repeat#43","Output":"--- PASS: TestCostMaximumAndDeterminism/repeat#43 (0.00s)\n"}
{"Time":"2026-09-06T08:35:30.294026+09:00","Action":"pass","Package":"waiting-room/internal/installplan","Test":"TestCostMaximumAndDeterminism/repeat#43","Elapsed":0}
{"Time":"2026-09-06T08:35:30.294028+09:00","Action":"output","Package":"waiting-room/internal/installplan","Test":"TestCostMaximumAndDeterminism/repeat#34","Output":"--- PASS: TestCostMaximumAndDeterminism/repeat#34 (0.00s)\n"}
{"Time":"2026-09-06T08:35:30.294039+09:00","Action":"pass","Package":"waiting-room/internal/installplan","Test":"TestCostMaximumAndDeterminism/repeat#34","Elapsed":0}
{"Time":"2026-09-06T08:35:30.294045+09:00","Action":"output","Package":"waiting-room/internal/installplan","Test":"TestCostMaximumAndDeterminism/repeat#12","Output":"--- PASS: TestCostMaximumAndDeterminism/repeat#12 (0.00s)\n"}
{"Time":"2026-09-06T08:35:30.294048+09:00","Action":"pass","Package":"waiting-room/internal/installplan","Test":"TestCostMaximumAndDeterminism/repeat#12","Elapsed":0}
{"Time":"2026-09-06T08:35:30.294049+09:00","Action":"output","Package":"waiting-room/internal/installplan","Test":"TestCostMaximumAndDeterminism/repeat#18","Output":"--- PASS: TestCostMaximumAndDeterminism/repeat#18 (0.00s)\n"}
{"Time":"2026-09-06T08:35:30.294061+09:00","Action":"pass","Package":"waiting-room/internal/installplan","Test":"TestCostMaximumAndDeterminism/repeat#18","Elapsed":0}
{"Time":"2026-09-06T08:35:30.294063+09:00","Action":"output","Package":"waiting-room/internal/installplan","Test":"TestCostMaximumAndDeterminism/repeat#30","Output":"--- PASS: TestCostMaximumAndDeterminism/repeat#30 (0.00s)\n"}
{"Time":"2026-09-06T08:35:30.294076+09:00","Action":"pass","Package":"waiting-room/internal/installplan","Test":"TestCostMaximumAndDeterminism/repeat#30","Elapsed":0}
{"Time":"2026-09-06T08:35:30.294078+09:00","Action":"output","Package":"waiting-room/internal/installplan","Test":"TestCostMaximumAndDeterminism/repeat#28","Output":"--- PASS: TestCostMaximumAndDeterminism/repeat#28 (0.00s)\n"}
{"Time":"2026-09-06T08:35:30.29409+09:00","Action":"pass","Package":"waiting-room/internal/installplan","Test":"TestCostMaximumAndDeterminism/repeat#28","Elapsed":0}
{"Time":"2026-09-06T08:35:30.294092+09:00","Action":"output","Package":"waiting-room/internal/installplan","Test":"TestCostMaximumAndDeterminism/repeat#05","Output":"--- PASS: TestCostMaximumAndDeterminism/repeat#05 (0.00s)\n"}
{"Time":"2026-09-06T08:35:30.294109+09:00","Action":"pass","Package":"waiting-room/internal/installplan","Test":"TestCostMaximumAndDeterminism/repeat#05","Elapsed":0}
{"Time":"2026-09-06T08:35:30.294112+09:00","Action":"output","Package":"waiting-room/internal/installplan","Test":"TestCostMaximumAndDeterminism/repeat#17","Output":"--- PASS: TestCostMaximumAndDeterminism/repeat#17 (0.00s)\n"}
{"Time":"2026-09-06T08:35:30.294122+09:00","Action":"pass","Package":"waiting-room/internal/installplan","Test":"TestCostMaximumAndDeterminism/repeat#17","Elapsed":0}
{"Time":"2026-09-06T08:35:30.294127+09:00","Action":"output","Package":"waiting-room/internal/installplan","Test":"TestCostMaximumAndDeterminism/repeat#47","Output":"--- PASS: TestCostMaximumAndDeterminism/repeat#47 (0.00s)\n"}
{"Time":"2026-09-06T08:35:30.294147+09:00","Action":"pass","Package":"waiting-room/internal/installplan","Test":"TestCostMaximumAndDeterminism/repeat#47","Elapsed":0}
{"Time":"2026-09-06T08:35:30.29415+09:00","Action":"output","Package":"waiting-room/internal/installplan","Test":"TestCostMaximumAndDeterminism/repeat#08","Output":"--- PASS: TestCostMaximumAndDeterminism/repeat#08 (0.00s)\n"}
{"Time":"2026-09-06T08:35:30.294152+09:00","Action":"pass","Package":"waiting-room/internal/installplan","Test":"TestCostMaximumAndDeterminism/repeat#08","Elapsed":0}
{"Time":"2026-09-06T08:35:30.294153+09:00","Action":"output","Package":"waiting-room/internal/installplan","Test":"TestCostMaximumAndDeterminism/repeat#13","Output":"--- PASS: TestCostMaximumAndDeterminism/repeat#13 (0.00s)\n"}
{"Time":"2026-09-06T08:35:30.294155+09:00","Action":"pass","Package":"waiting-room/internal/installplan","Test":"TestCostMaximumAndDeterminism/repeat#13","Elapsed":0}
{"Time":"2026-09-06T08:35:30.294156+09:00","Action":"output","Package":"waiting-room/internal/installplan","Test":"TestCostMaximumAndDeterminism/repeat#14","Output":"--- PASS: TestCostMaximumAndDeterminism/repeat#14 (0.00s)\n"}
{"Time":"2026-09-06T08:35:30.294163+09:00","Action":"pass","Package":"waiting-room/internal/installplan","Test":"TestCostMaximumAndDeterminism/repeat#14","Elapsed":0}
{"Time":"2026-09-06T08:35:30.294167+09:00","Action":"output","Package":"waiting-room/internal/installplan","Test":"TestCostMaximumAndDeterminism/repeat#19","Output":"--- PASS: TestCostMaximumAndDeterminism/repeat#19 (0.00s)\n"}
{"Time":"2026-09-06T08:35:30.294185+09:00","Action":"pass","Package":"waiting-room/internal/installplan","Test":"TestCostMaximumAndDeterminism/repeat#19","Elapsed":0}
{"Time":"2026-09-06T08:35:30.294188+09:00","Action":"output","Package":"waiting-room/internal/installplan","Test":"TestCostMaximumAndDeterminism/repeat#21","Output":"--- PASS: TestCostMaximumAndDeterminism/repeat#21 (0.00s)\n"}
{"Time":"2026-09-06T08:35:30.29419+09:00","Action":"pass","Package":"waiting-room/internal/installplan","Test":"TestCostMaximumAndDeterminism/repeat#21","Elapsed":0}
{"Time":"2026-09-06T08:35:30.294191+09:00","Action":"output","Package":"waiting-room/internal/installplan","Test":"TestCostMaximumAndDeterminism/repeat#23","Output":"--- PASS: TestCostMaximumAndDeterminism/repeat#23 (0.00s)\n"}
{"Time":"2026-09-06T08:35:30.294209+09:00","Action":"pass","Package":"waiting-room/internal/installplan","Test":"TestCostMaximumAndDeterminism/repeat#23","Elapsed":0}
{"Time":"2026-09-06T08:35:30.294214+09:00","Action":"output","Package":"waiting-room/internal/installplan","Test":"TestCostMaximumAndDeterminism/repeat#02","Output":"--- PASS: TestCostMaximumAndDeterminism/repeat#02 (0.00s)\n"}
{"Time":"2026-09-06T08:35:30.29423+09:00","Action":"pass","Package":"waiting-room/internal/installplan","Test":"TestCostMaximumAndDeterminism/repeat#02","Elapsed":0}
{"Time":"2026-09-06T08:35:30.294233+09:00","Action":"output","Package":"waiting-room/internal/installplan","Test":"TestCostMaximumAndDeterminism/repeat","Output":"--- PASS: TestCostMaximumAndDeterminism/repeat (0.00s)\n"}
{"Time":"2026-09-06T08:35:30.294236+09:00","Action":"pass","Package":"waiting-room/internal/installplan","Test":"TestCostMaximumAndDeterminism/repeat","Elapsed":0}
{"Time":"2026-09-06T08:35:30.294237+09:00","Action":"output","Package":"waiting-room/internal/installplan","Test":"TestCostMaximumAndDeterminism/repeat#44","Output":"--- PASS: TestCostMaximumAndDeterminism/repeat#44 (0.00s)\n"}
{"Time":"2026-09-06T08:35:30.294266+09:00","Action":"pass","Package":"waiting-room/internal/installplan","Test":"TestCostMaximumAndDeterminism/repeat#44","Elapsed":0}
{"Time":"2026-09-06T08:35:30.294268+09:00","Action":"output","Package":"waiting-room/internal/installplan","Test":"TestCostMaximumAndDeterminism","Output":"--- PASS: TestCostMaximumAndDeterminism (0.00s)\n"}
{"Time":"2026-09-06T08:35:30.294275+09:00","Action":"pass","Package":"waiting-room/internal/installplan","Test":"TestCostMaximumAndDeterminism","Elapsed":0}
{"Time":"2026-09-06T08:35:30.294289+09:00","Action":"run","Package":"waiting-room/internal/installplan","Test":"TestDigestBindsCanonicalPlan"}
{"Time":"2026-09-06T08:35:30.294292+09:00","Action":"output","Package":"waiting-room/internal/installplan","Test":"TestDigestBindsCanonicalPlan","Output":"=== RUN   TestDigestBindsCanonicalPlan\n"}
{"Time":"2026-09-06T08:35:30.295157+09:00","Action":"output","Package":"waiting-room/internal/installplan","Test":"TestDigestBindsCanonicalPlan","Output":"--- PASS: TestDigestBindsCanonicalPlan (0.00s)\n"}
{"Time":"2026-09-06T08:35:30.295161+09:00","Action":"pass","Package":"waiting-room/internal/installplan","Test":"TestDigestBindsCanonicalPlan","Elapsed":0}
{"Time":"2026-09-06T08:35:30.295176+09:00","Action":"run","Package":"waiting-room/internal/installplan","Test":"TestProfiles"}
{"Time":"2026-09-06T08:35:30.295179+09:00","Action":"output","Package":"waiting-room/internal/installplan","Test":"TestProfiles","Output":"=== RUN   TestProfiles\n"}
{"Time":"2026-09-06T08:35:30.29519+09:00","Action":"run","Package":"waiting-room/internal/installplan","Test":"TestProfiles/standard"}
{"Time":"2026-09-06T08:35:30.295193+09:00","Action":"output","Package":"waiting-room/internal/installplan","Test":"TestProfiles/standard","Output":"=== RUN   TestProfiles/standard\n"}
{"Time":"2026-09-06T08:35:30.295432+09:00","Action":"output","Package":"waiting-room/internal/installplan","Test":"TestProfiles/standard","Output":"--- PASS: TestProfiles/standard (0.00s)\n"}
{"Time":"2026-09-06T08:35:30.295439+09:00","Action":"pass","Package":"waiting-room/internal/installplan","Test":"TestProfiles/standard","Elapsed":0}
{"Time":"2026-09-06T08:35:30.295448+09:00","Action":"run","Package":"waiting-room/internal/installplan","Test":"TestProfiles/high-scale"}
{"Time":"2026-09-06T08:35:30.295451+09:00","Action":"output","Package":"waiting-room/internal/installplan","Test":"TestProfiles/high-scale","Output":"=== RUN   TestProfiles/high-scale\n"}
{"Time":"2026-09-06T08:35:30.295685+09:00","Action":"output","Package":"waiting-room/internal/installplan","Test":"TestProfiles/high-scale","Output":"--- PASS: TestProfiles/high-scale (0.00s)\n"}
{"Time":"2026-09-06T08:35:30.295689+09:00","Action":"pass","Package":"waiting-room/internal/installplan","Test":"TestProfiles/high-scale","Elapsed":0}
{"Time":"2026-09-06T08:35:30.295691+09:00","Action":"output","Package":"waiting-room/internal/installplan","Test":"TestProfiles","Output":"--- PASS: TestProfiles (0.00s)\n"}
{"Time":"2026-09-06T08:35:30.295699+09:00","Action":"pass","Package":"waiting-room/internal/installplan","Test":"TestProfiles","Elapsed":0}
{"Time":"2026-09-06T08:35:30.295717+09:00","Action":"run","Package":"waiting-room/internal/installplan","Test":"TestValidationBoundaries"}
{"Time":"2026-09-06T08:35:30.295723+09:00","Action":"output","Package":"waiting-room/internal/installplan","Test":"TestValidationBoundaries","Output":"=== RUN   TestValidationBoundaries\n"}
{"Time":"2026-09-06T08:35:30.295874+09:00","Action":"run","Package":"waiting-room/internal/installplan","Test":"TestValidationBoundaries/standard/peak-zero"}
{"Time":"2026-09-06T08:35:30.295878+09:00","Action":"output","Package":"waiting-room/internal/installplan","Test":"TestValidationBoundaries/standard/peak-zero","Output":"=== RUN   TestValidationBoundaries/standard/peak-zero\n"}
{"Time":"2026-09-06T08:35:30.295881+09:00","Action":"output","Package":"waiting-room/internal/installplan","Test":"TestValidationBoundaries/standard/peak-zero","Output":"--- PASS: TestValidationBoundaries/standard/peak-zero (0.00s)\n"}
{"Time":"2026-09-06T08:35:30.295895+09:00","Action":"pass","Package":"waiting-room/internal/installplan","Test":"TestValidationBoundaries/standard/peak-zero","Elapsed":0}
{"Time":"2026-09-06T08:35:30.2959+09:00","Action":"run","Package":"waiting-room/internal/installplan","Test":"TestValidationBoundaries/standard/peak-over"}
{"Time":"2026-09-06T08:35:30.295901+09:00","Action":"output","Package":"waiting-room/internal/installplan","Test":"TestValidationBoundaries/standard/peak-over","Output":"=== RUN   TestValidationBoundaries/standard/peak-over\n"}
{"Time":"2026-09-06T08:35:30.295937+09:00","Action":"output","Package":"waiting-room/internal/installplan","Test":"TestValidationBoundaries/standard/peak-over","Output":"--- PASS: TestValidationBoundaries/standard/peak-over (0.00s)\n"}
{"Time":"2026-09-06T08:35:30.295942+09:00","Action":"pass","Package":"waiting-room/internal/installplan","Test":"TestValidationBoundaries/standard/peak-over","Elapsed":0}
{"Time":"2026-09-06T08:35:30.295952+09:00","Action":"run","Package":"waiting-room/internal/installplan","Test":"TestValidationBoundaries/standard/lease-zero"}
{"Time":"2026-09-06T08:35:30.295954+09:00","Action":"output","Package":"waiting-room/internal/installplan","Test":"TestValidationBoundaries/standard/lease-zero","Output":"=== RUN   TestValidationBoundaries/standard/lease-zero\n"}
{"Time":"2026-09-06T08:35:30.295994+09:00","Action":"output","Package":"waiting-room/internal/installplan","Test":"TestValidationBoundaries/standard/lease-zero","Output":"--- PASS: TestValidationBoundaries/standard/lease-zero (0.00s)\n"}
{"Time":"2026-09-06T08:35:30.296002+09:00","Action":"pass","Package":"waiting-room/internal/installplan","Test":"TestValidationBoundaries/standard/lease-zero","Elapsed":0}
{"Time":"2026-09-06T08:35:30.296004+09:00","Action":"run","Package":"waiting-room/internal/installplan","Test":"TestValidationBoundaries/standard/lease-over"}
{"Time":"2026-09-06T08:35:30.296008+09:00","Action":"output","Package":"waiting-room/internal/installplan","Test":"TestValidationBoundaries/standard/lease-over","Output":"=== RUN   TestValidationBoundaries/standard/lease-over\n"}
{"Time":"2026-09-06T08:35:30.296028+09:00","Action":"output","Package":"waiting-room/internal/installplan","Test":"TestValidationBoundaries/standard/lease-over","Output":"--- PASS: TestValidationBoundaries/standard/lease-over (0.00s)\n"}
{"Time":"2026-09-06T08:35:30.296035+09:00","Action":"pass","Package":"waiting-room/internal/installplan","Test":"TestValidationBoundaries/standard/lease-over","Elapsed":0}
{"Time":"2026-09-06T08:35:30.296049+09:00","Action":"run","Package":"waiting-room/internal/installplan","Test":"TestValidationBoundaries/standard/rate-zero"}
{"Time":"2026-09-06T08:35:30.296053+09:00","Action":"output","Package":"waiting-room/internal/installplan","Test":"TestValidationBoundaries/standard/rate-zero","Output":"=== RUN   TestValidationBoundaries/standard/rate-zero\n"}
{"Time":"2026-09-06T08:35:30.296073+09:00","Action":"output","Package":"waiting-room/internal/installplan","Test":"TestValidationBoundaries/standard/rate-zero","Output":"--- PASS: TestValidationBoundaries/standard/rate-zero (0.00s)\n"}
{"Time":"2026-09-06T08:35:30.296089+09:00","Action":"pass","Package":"waiting-room/internal/installplan","Test":"TestValidationBoundaries/standard/rate-zero","Elapsed":0}
{"Time":"2026-09-06T08:35:30.296096+09:00","Action":"run","Package":"waiting-room/internal/installplan","Test":"TestValidationBoundaries/standard/rate-over"}
{"Time":"2026-09-06T08:35:30.296099+09:00","Action":"output","Package":"waiting-room/internal/installplan","Test":"TestValidationBoundaries/standard/rate-over","Output":"=== RUN   TestValidationBoundaries/standard/rate-over\n"}
{"Time":"2026-09-06T08:35:30.296116+09:00","Action":"output","Package":"waiting-room/internal/installplan","Test":"TestValidationBoundaries/standard/rate-over","Output":"--- PASS: TestValidationBoundaries/standard/rate-over (0.00s)\n"}
{"Time":"2026-09-06T08:35:30.296136+09:00","Action":"pass","Package":"waiting-room/internal/installplan","Test":"TestValidationBoundaries/standard/rate-over","Elapsed":0}
{"Time":"2026-09-06T08:35:30.296138+09:00","Action":"run","Package":"waiting-room/internal/installplan","Test":"TestValidationBoundaries/standard/ttl-low"}
{"Time":"2026-09-06T08:35:30.296139+09:00","Action":"output","Package":"waiting-room/internal/installplan","Test":"TestValidationBoundaries/standard/ttl-low","Output":"=== RUN   TestValidationBoundaries/standard/ttl-low\n"}
{"Time":"2026-09-06T08:35:30.29617+09:00","Action":"output","Package":"waiting-room/internal/installplan","Test":"TestValidationBoundaries/standard/ttl-low","Output":"--- PASS: TestValidationBoundaries/standard/ttl-low (0.00s)\n"}
{"Time":"2026-09-06T08:35:30.296178+09:00","Action":"pass","Package":"waiting-room/internal/installplan","Test":"TestValidationBoundaries/standard/ttl-low","Elapsed":0}
{"Time":"2026-09-06T08:35:30.29618+09:00","Action":"run","Package":"waiting-room/internal/installplan","Test":"TestValidationBoundaries/standard/ttl-high"}
{"Time":"2026-09-06T08:35:30.296181+09:00","Action":"output","Package":"waiting-room/internal/installplan","Test":"TestValidationBoundaries/standard/ttl-high","Output":"=== RUN   TestValidationBoundaries/standard/ttl-high\n"}
{"Time":"2026-09-06T08:35:30.296209+09:00","Action":"output","Package":"waiting-room/internal/installplan","Test":"TestValidationBoundaries/standard/ttl-high","Output":"--- PASS: TestValidationBoundaries/standard/ttl-high (0.00s)\n"}
{"Time":"2026-09-06T08:35:30.296213+09:00","Action":"pass","Package":"waiting-room/internal/installplan","Test":"TestValidationBoundaries/standard/ttl-high","Elapsed":0}
{"Time":"2026-09-06T08:35:30.296222+09:00","Action":"run","Package":"waiting-room/internal/installplan","Test":"TestValidationBoundaries/standard/forced-off"}
{"Time":"2026-09-06T08:35:30.296227+09:00","Action":"output","Package":"waiting-room/internal/installplan","Test":"TestValidationBoundaries/standard/forced-off","Output":"=== RUN   TestValidationBoundaries/standard/forced-off\n"}
{"Time":"2026-09-06T08:35:30.296251+09:00","Action":"output","Package":"waiting-room/internal/installplan","Test":"TestValidationBoundaries/standard/forced-off","Output":"--- PASS: TestValidationBoundaries/standard/forced-off (0.00s)\n"}
{"Time":"2026-09-06T08:35:30.296261+09:00","Action":"pass","Package":"waiting-room/internal/installplan","Test":"TestValidationBoundaries/standard/forced-off","Elapsed":0}
{"Time":"2026-09-06T08:35:30.296266+09:00","Action":"run","Package":"waiting-room/internal/installplan","Test":"TestValidationBoundaries/standard/unknown-policy"}
{"Time":"2026-09-06T08:35:30.296268+09:00","Action":"output","Package":"waiting-room/internal/installplan","Test":"TestValidationBoundaries/standard/unknown-policy","Output":"=== RUN   TestValidationBoundaries/standard/unknown-policy\n"}
{"Time":"2026-09-06T08:35:30.2963+09:00","Action":"output","Package":"waiting-room/internal/installplan","Test":"TestValidationBoundaries/standard/unknown-policy","Output":"--- PASS: TestValidationBoundaries/standard/unknown-policy (0.00s)\n"}
{"Time":"2026-09-06T08:35:30.296306+09:00","Action":"pass","Package":"waiting-room/internal/installplan","Test":"TestValidationBoundaries/standard/unknown-policy","Elapsed":0}
{"Time":"2026-09-06T08:35:30.296316+09:00","Action":"run","Package":"waiting-room/internal/installplan","Test":"TestValidationBoundaries/standard/multi-region"}
{"Time":"2026-09-06T08:35:30.296319+09:00","Action":"output","Package":"waiting-room/internal/installplan","Test":"TestValidationBoundaries/standard/multi-region","Output":"=== RUN   TestValidationBoundaries/standard/multi-region\n"}
{"Time":"2026-09-06T08:35:30.296341+09:00","Action":"output","Package":"waiting-room/internal/installplan","Test":"TestValidationBoundaries/standard/multi-region","Output":"--- PASS: TestValidationBoundaries/standard/multi-region (0.00s)\n"}
{"Time":"2026-09-06T08:35:30.296345+09:00","Action":"pass","Package":"waiting-room/internal/installplan","Test":"TestValidationBoundaries/standard/multi-region","Elapsed":0}
{"Time":"2026-09-06T08:35:30.296364+09:00","Action":"run","Package":"waiting-room/internal/installplan","Test":"TestValidationBoundaries/standard/unknown-profile"}
{"Time":"2026-09-06T08:35:30.296369+09:00","Action":"output","Package":"waiting-room/internal/installplan","Test":"TestValidationBoundaries/standard/unknown-profile","Output":"=== RUN   TestValidationBoundaries/standard/unknown-profile\n"}
{"Time":"2026-09-06T08:35:30.296383+09:00","Action":"output","Package":"waiting-room/internal/installplan","Test":"TestValidationBoundaries/standard/unknown-profile","Output":"--- PASS: TestValidationBoundaries/standard/unknown-profile (0.00s)\n"}
{"Time":"2026-09-06T08:35:30.296387+09:00","Action":"pass","Package":"waiting-room/internal/installplan","Test":"TestValidationBoundaries/standard/unknown-profile","Elapsed":0}
{"Time":"2026-09-06T08:35:30.296398+09:00","Action":"run","Package":"waiting-room/internal/installplan","Test":"TestValidationBoundaries/standard/version"}
{"Time":"2026-09-06T08:35:30.296403+09:00","Action":"output","Package":"waiting-room/internal/installplan","Test":"TestValidationBoundaries/standard/version","Output":"=== RUN   TestValidationBoundaries/standard/version\n"}
{"Time":"2026-09-06T08:35:30.29642+09:00","Action":"output","Package":"waiting-room/internal/installplan","Test":"TestValidationBoundaries/standard/version","Output":"--- PASS: TestValidationBoundaries/standard/version (0.00s)\n"}
{"Time":"2026-09-06T08:35:30.296425+09:00","Action":"pass","Package":"waiting-room/internal/installplan","Test":"TestValidationBoundaries/standard/version","Elapsed":0}
{"Time":"2026-09-06T08:35:30.296444+09:00","Action":"run","Package":"waiting-room/internal/installplan","Test":"TestValidationBoundaries/standard/totp-mode"}
{"Time":"2026-09-06T08:35:30.296449+09:00","Action":"output","Package":"waiting-room/internal/installplan","Test":"TestValidationBoundaries/standard/totp-mode","Output":"=== RUN   TestValidationBoundaries/standard/totp-mode\n"}
{"Time":"2026-09-06T08:35:30.296473+09:00","Action":"output","Package":"waiting-room/internal/installplan","Test":"TestValidationBoundaries/standard/totp-mode","Output":"--- PASS: TestValidationBoundaries/standard/totp-mode (0.00s)\n"}
{"Time":"2026-09-06T08:35:30.296492+09:00","Action":"pass","Package":"waiting-room/internal/installplan","Test":"TestValidationBoundaries/standard/totp-mode","Elapsed":0}
{"Time":"2026-09-06T08:35:30.296494+09:00","Action":"run","Package":"waiting-room/internal/installplan","Test":"TestValidationBoundaries/standard/region-empty"}
{"Time":"2026-09-06T08:35:30.296496+09:00","Action":"output","Package":"waiting-room/internal/installplan","Test":"TestValidationBoundaries/standard/region-empty","Output":"=== RUN   TestValidationBoundaries/standard/region-empty\n"}
{"Time":"2026-09-06T08:35:30.29653+09:00","Action":"output","Package":"waiting-room/internal/installplan","Test":"TestValidationBoundaries/standard/region-empty","Output":"--- PASS: TestValidationBoundaries/standard/region-empty (0.00s)\n"}
{"Time":"2026-09-06T08:35:30.296534+09:00","Action":"pass","Package":"waiting-room/internal/installplan","Test":"TestValidationBoundaries/standard/region-empty","Elapsed":0}
{"Time":"2026-09-06T08:35:30.296537+09:00","Action":"run","Package":"waiting-room/internal/installplan","Test":"TestValidationBoundaries/standard/region-long"}
{"Time":"2026-09-06T08:35:30.296538+09:00","Action":"output","Package":"waiting-room/internal/installplan","Test":"TestValidationBoundaries/standard/region-long","Output":"=== RUN   TestValidationBoundaries/standard/region-long\n"}
{"Time":"2026-09-06T08:35:30.296605+09:00","Action":"output","Package":"waiting-room/internal/installplan","Test":"TestValidationBoundaries/standard/region-long","Output":"--- PASS: TestValidationBoundaries/standard/region-long (0.00s)\n"}
{"Time":"2026-09-06T08:35:30.296611+09:00","Action":"pass","Package":"waiting-room/internal/installplan","Test":"TestValidationBoundaries/standard/region-long","Elapsed":0}
{"Time":"2026-09-06T08:35:30.296824+09:00","Action":"run","Package":"waiting-room/internal/installplan","Test":"TestValidationBoundaries/high-scale/peak-zero"}
{"Time":"2026-09-06T08:35:30.296828+09:00","Action":"output","Package":"waiting-room/internal/installplan","Test":"TestValidationBoundaries/high-scale/peak-zero","Output":"=== RUN   TestValidationBoundaries/high-scale/peak-zero\n"}
{"Time":"2026-09-06T08:35:30.29683+09:00","Action":"output","Package":"waiting-room/internal/installplan","Test":"TestValidationBoundaries/high-scale/peak-zero","Output":"--- PASS: TestValidationBoundaries/high-scale/peak-zero (0.00s)\n"}
{"Time":"2026-09-06T08:35:30.296834+09:00","Action":"pass","Package":"waiting-room/internal/installplan","Test":"TestValidationBoundaries/high-scale/peak-zero","Elapsed":0}
{"Time":"2026-09-06T08:35:30.296856+09:00","Action":"run","Package":"waiting-room/internal/installplan","Test":"TestValidationBoundaries/high-scale/peak-over"}
{"Time":"2026-09-06T08:35:30.296862+09:00","Action":"output","Package":"waiting-room/internal/installplan","Test":"TestValidationBoundaries/high-scale/peak-over","Output":"=== RUN   TestValidationBoundaries/high-scale/peak-over\n"}
{"Time":"2026-09-06T08:35:30.29688+09:00","Action":"output","Package":"waiting-room/internal/installplan","Test":"TestValidationBoundaries/high-scale/peak-over","Output":"--- PASS: TestValidationBoundaries/high-scale/peak-over (0.00s)\n"}
{"Time":"2026-09-06T08:35:30.296897+09:00","Action":"pass","Package":"waiting-room/internal/installplan","Test":"TestValidationBoundaries/high-scale/peak-over","Elapsed":0}
{"Time":"2026-09-06T08:35:30.296901+09:00","Action":"run","Package":"waiting-room/internal/installplan","Test":"TestValidationBoundaries/high-scale/lease-zero"}
{"Time":"2026-09-06T08:35:30.296903+09:00","Action":"output","Package":"waiting-room/internal/installplan","Test":"TestValidationBoundaries/high-scale/lease-zero","Output":"=== RUN   TestValidationBoundaries/high-scale/lease-zero\n"}
{"Time":"2026-09-06T08:35:30.296936+09:00","Action":"output","Package":"waiting-room/internal/installplan","Test":"TestValidationBoundaries/high-scale/lease-zero","Output":"--- PASS: TestValidationBoundaries/high-scale/lease-zero (0.00s)\n"}
{"Time":"2026-09-06T08:35:30.296941+09:00","Action":"pass","Package":"waiting-room/internal/installplan","Test":"TestValidationBoundaries/high-scale/lease-zero","Elapsed":0}
{"Time":"2026-09-06T08:35:30.296945+09:00","Action":"run","Package":"waiting-room/internal/installplan","Test":"TestValidationBoundaries/high-scale/lease-over"}
{"Time":"2026-09-06T08:35:30.296947+09:00","Action":"output","Package":"waiting-room/internal/installplan","Test":"TestValidationBoundaries/high-scale/lease-over","Output":"=== RUN   TestValidationBoundaries/high-scale/lease-over\n"}
{"Time":"2026-09-06T08:35:30.296976+09:00","Action":"output","Package":"waiting-room/internal/installplan","Test":"TestValidationBoundaries/high-scale/lease-over","Output":"--- PASS: TestValidationBoundaries/high-scale/lease-over (0.00s)\n"}
{"Time":"2026-09-06T08:35:30.296981+09:00","Action":"pass","Package":"waiting-room/internal/installplan","Test":"TestValidationBoundaries/high-scale/lease-over","Elapsed":0}
{"Time":"2026-09-06T08:35:30.296994+09:00","Action":"run","Package":"waiting-room/internal/installplan","Test":"TestValidationBoundaries/high-scale/rate-zero"}
{"Time":"2026-09-06T08:35:30.296996+09:00","Action":"output","Package":"waiting-room/internal/installplan","Test":"TestValidationBoundaries/high-scale/rate-zero","Output":"=== RUN   TestValidationBoundaries/high-scale/rate-zero\n"}
{"Time":"2026-09-06T08:35:30.297017+09:00","Action":"output","Package":"waiting-room/internal/installplan","Test":"TestValidationBoundaries/high-scale/rate-zero","Output":"--- PASS: TestValidationBoundaries/high-scale/rate-zero (0.00s)\n"}
{"Time":"2026-09-06T08:35:30.297022+09:00","Action":"pass","Package":"waiting-room/internal/installplan","Test":"TestValidationBoundaries/high-scale/rate-zero","Elapsed":0}
{"Time":"2026-09-06T08:35:30.297036+09:00","Action":"run","Package":"waiting-room/internal/installplan","Test":"TestValidationBoundaries/high-scale/rate-over"}
{"Time":"2026-09-06T08:35:30.297039+09:00","Action":"output","Package":"waiting-room/internal/installplan","Test":"TestValidationBoundaries/high-scale/rate-over","Output":"=== RUN   TestValidationBoundaries/high-scale/rate-over\n"}
{"Time":"2026-09-06T08:35:30.29707+09:00","Action":"output","Package":"waiting-room/internal/installplan","Test":"TestValidationBoundaries/high-scale/rate-over","Output":"--- PASS: TestValidationBoundaries/high-scale/rate-over (0.00s)\n"}
{"Time":"2026-09-06T08:35:30.297075+09:00","Action":"pass","Package":"waiting-room/internal/installplan","Test":"TestValidationBoundaries/high-scale/rate-over","Elapsed":0}
{"Time":"2026-09-06T08:35:30.29709+09:00","Action":"run","Package":"waiting-room/internal/installplan","Test":"TestValidationBoundaries/high-scale/ttl-low"}
{"Time":"2026-09-06T08:35:30.297093+09:00","Action":"output","Package":"waiting-room/internal/installplan","Test":"TestValidationBoundaries/high-scale/ttl-low","Output":"=== RUN   TestValidationBoundaries/high-scale/ttl-low\n"}
{"Time":"2026-09-06T08:35:30.297124+09:00","Action":"output","Package":"waiting-room/internal/installplan","Test":"TestValidationBoundaries/high-scale/ttl-low","Output":"--- PASS: TestValidationBoundaries/high-scale/ttl-low (0.00s)\n"}
{"Time":"2026-09-06T08:35:30.297128+09:00","Action":"pass","Package":"waiting-room/internal/installplan","Test":"TestValidationBoundaries/high-scale/ttl-low","Elapsed":0}
{"Time":"2026-09-06T08:35:30.297139+09:00","Action":"run","Package":"waiting-room/internal/installplan","Test":"TestValidationBoundaries/high-scale/ttl-high"}
{"Time":"2026-09-06T08:35:30.297142+09:00","Action":"output","Package":"waiting-room/internal/installplan","Test":"TestValidationBoundaries/high-scale/ttl-high","Output":"=== RUN   TestValidationBoundaries/high-scale/ttl-high\n"}
{"Time":"2026-09-06T08:35:30.297171+09:00","Action":"output","Package":"waiting-room/internal/installplan","Test":"TestValidationBoundaries/high-scale/ttl-high","Output":"--- PASS: TestValidationBoundaries/high-scale/ttl-high (0.00s)\n"}
{"Time":"2026-09-06T08:35:30.297175+09:00","Action":"pass","Package":"waiting-room/internal/installplan","Test":"TestValidationBoundaries/high-scale/ttl-high","Elapsed":0}
{"Time":"2026-09-06T08:35:30.297193+09:00","Action":"run","Package":"waiting-room/internal/installplan","Test":"TestValidationBoundaries/high-scale/forced-off"}
{"Time":"2026-09-06T08:35:30.297196+09:00","Action":"output","Package":"waiting-room/internal/installplan","Test":"TestValidationBoundaries/high-scale/forced-off","Output":"=== RUN   TestValidationBoundaries/high-scale/forced-off\n"}
{"Time":"2026-09-06T08:35:30.297226+09:00","Action":"output","Package":"waiting-room/internal/installplan","Test":"TestValidationBoundaries/high-scale/forced-off","Output":"--- PASS: TestValidationBoundaries/high-scale/forced-off (0.00s)\n"}
{"Time":"2026-09-06T08:35:30.297229+09:00","Action":"pass","Package":"waiting-room/internal/installplan","Test":"TestValidationBoundaries/high-scale/forced-off","Elapsed":0}
{"Time":"2026-09-06T08:35:30.297236+09:00","Action":"run","Package":"waiting-room/internal/installplan","Test":"TestValidationBoundaries/high-scale/unknown-policy"}
{"Time":"2026-09-06T08:35:30.297238+09:00","Action":"output","Package":"waiting-room/internal/installplan","Test":"TestValidationBoundaries/high-scale/unknown-policy","Output":"=== RUN   TestValidationBoundaries/high-scale/unknown-policy\n"}
{"Time":"2026-09-06T08:35:30.297273+09:00","Action":"output","Package":"waiting-room/internal/installplan","Test":"TestValidationBoundaries/high-scale/unknown-policy","Output":"--- PASS: TestValidationBoundaries/high-scale/unknown-policy (0.00s)\n"}
{"Time":"2026-09-06T08:35:30.297277+09:00","Action":"pass","Package":"waiting-room/internal/installplan","Test":"TestValidationBoundaries/high-scale/unknown-policy","Elapsed":0}
{"Time":"2026-09-06T08:35:30.297289+09:00","Action":"run","Package":"waiting-room/internal/installplan","Test":"TestValidationBoundaries/high-scale/multi-region"}
{"Time":"2026-09-06T08:35:30.297293+09:00","Action":"output","Package":"waiting-room/internal/installplan","Test":"TestValidationBoundaries/high-scale/multi-region","Output":"=== RUN   TestValidationBoundaries/high-scale/multi-region\n"}
{"Time":"2026-09-06T08:35:30.297318+09:00","Action":"output","Package":"waiting-room/internal/installplan","Test":"TestValidationBoundaries/high-scale/multi-region","Output":"--- PASS: TestValidationBoundaries/high-scale/multi-region (0.00s)\n"}
{"Time":"2026-09-06T08:35:30.297332+09:00","Action":"pass","Package":"waiting-room/internal/installplan","Test":"TestValidationBoundaries/high-scale/multi-region","Elapsed":0}
{"Time":"2026-09-06T08:35:30.297337+09:00","Action":"run","Package":"waiting-room/internal/installplan","Test":"TestValidationBoundaries/high-scale/unknown-profile"}
{"Time":"2026-09-06T08:35:30.297338+09:00","Action":"output","Package":"waiting-room/internal/installplan","Test":"TestValidationBoundaries/high-scale/unknown-profile","Output":"=== RUN   TestValidationBoundaries/high-scale/unknown-profile\n"}
{"Time":"2026-09-06T08:35:30.297372+09:00","Action":"output","Package":"waiting-room/internal/installplan","Test":"TestValidationBoundaries/high-scale/unknown-profile","Output":"--- PASS: TestValidationBoundaries/high-scale/unknown-profile (0.00s)\n"}
{"Time":"2026-09-06T08:35:30.297377+09:00","Action":"pass","Package":"waiting-room/internal/installplan","Test":"TestValidationBoundaries/high-scale/unknown-profile","Elapsed":0}
{"Time":"2026-09-06T08:35:30.297379+09:00","Action":"run","Package":"waiting-room/internal/installplan","Test":"TestValidationBoundaries/high-scale/version"}
{"Time":"2026-09-06T08:35:30.297381+09:00","Action":"output","Package":"waiting-room/internal/installplan","Test":"TestValidationBoundaries/high-scale/version","Output":"=== RUN   TestValidationBoundaries/high-scale/version\n"}
{"Time":"2026-09-06T08:35:30.297411+09:00","Action":"output","Package":"waiting-room/internal/installplan","Test":"TestValidationBoundaries/high-scale/version","Output":"--- PASS: TestValidationBoundaries/high-scale/version (0.00s)\n"}
{"Time":"2026-09-06T08:35:30.297416+09:00","Action":"pass","Package":"waiting-room/internal/installplan","Test":"TestValidationBoundaries/high-scale/version","Elapsed":0}
{"Time":"2026-09-06T08:35:30.297429+09:00","Action":"run","Package":"waiting-room/internal/installplan","Test":"TestValidationBoundaries/high-scale/totp-mode"}
{"Time":"2026-09-06T08:35:30.297431+09:00","Action":"output","Package":"waiting-room/internal/installplan","Test":"TestValidationBoundaries/high-scale/totp-mode","Output":"=== RUN   TestValidationBoundaries/high-scale/totp-mode\n"}
{"Time":"2026-09-06T08:35:30.297463+09:00","Action":"output","Package":"waiting-room/internal/installplan","Test":"TestValidationBoundaries/high-scale/totp-mode","Output":"--- PASS: TestValidationBoundaries/high-scale/totp-mode (0.00s)\n"}
{"Time":"2026-09-06T08:35:30.297466+09:00","Action":"pass","Package":"waiting-room/internal/installplan","Test":"TestValidationBoundaries/high-scale/totp-mode","Elapsed":0}
{"Time":"2026-09-06T08:35:30.297479+09:00","Action":"run","Package":"waiting-room/internal/installplan","Test":"TestValidationBoundaries/high-scale/region-empty"}
{"Time":"2026-09-06T08:35:30.297481+09:00","Action":"output","Package":"waiting-room/internal/installplan","Test":"TestValidationBoundaries/high-scale/region-empty","Output":"=== RUN   TestValidationBoundaries/high-scale/region-empty\n"}
{"Time":"2026-09-06T08:35:30.297506+09:00","Action":"output","Package":"waiting-room/internal/installplan","Test":"TestValidationBoundaries/high-scale/region-empty","Output":"--- PASS: TestValidationBoundaries/high-scale/region-empty (0.00s)\n"}
{"Time":"2026-09-06T08:35:30.297513+09:00","Action":"pass","Package":"waiting-room/internal/installplan","Test":"TestValidationBoundaries/high-scale/region-empty","Elapsed":0}
{"Time":"2026-09-06T08:35:30.297523+09:00","Action":"run","Package":"waiting-room/internal/installplan","Test":"TestValidationBoundaries/high-scale/region-long"}
{"Time":"2026-09-06T08:35:30.297526+09:00","Action":"output","Package":"waiting-room/internal/installplan","Test":"TestValidationBoundaries/high-scale/region-long","Output":"=== RUN   TestValidationBoundaries/high-scale/region-long\n"}
{"Time":"2026-09-06T08:35:30.297571+09:00","Action":"output","Package":"waiting-room/internal/installplan","Test":"TestValidationBoundaries/high-scale/region-long","Output":"--- PASS: TestValidationBoundaries/high-scale/region-long (0.00s)\n"}
{"Time":"2026-09-06T08:35:30.297574+09:00","Action":"pass","Package":"waiting-room/internal/installplan","Test":"TestValidationBoundaries/high-scale/region-long","Elapsed":0}
{"Time":"2026-09-06T08:35:30.297632+09:00","Action":"output","Package":"waiting-room/internal/installplan","Test":"TestValidationBoundaries","Output":"--- PASS: TestValidationBoundaries (0.00s)\n"}
{"Time":"2026-09-06T08:35:30.297636+09:00","Action":"pass","Package":"waiting-room/internal/installplan","Test":"TestValidationBoundaries","Elapsed":0}
{"Time":"2026-09-06T08:35:30.297648+09:00","Action":"run","Package":"waiting-room/internal/installplan","Test":"TestStrictDecodeAndNoErrorEcho"}
{"Time":"2026-09-06T08:35:30.297651+09:00","Action":"output","Package":"waiting-room/internal/installplan","Test":"TestStrictDecodeAndNoErrorEcho","Output":"=== RUN   TestStrictDecodeAndNoErrorEcho\n"}
{"Time":"2026-09-06T08:35:30.297727+09:00","Action":"run","Package":"waiting-room/internal/installplan","Test":"TestStrictDecodeAndNoErrorEcho/malformed"}
{"Time":"2026-09-06T08:35:30.29773+09:00","Action":"output","Package":"waiting-room/internal/installplan","Test":"TestStrictDecodeAndNoErrorEcho/malformed","Output":"=== RUN   TestStrictDecodeAndNoErrorEcho/malformed\n"}
{"Time":"2026-09-06T08:35:30.297759+09:00","Action":"output","Package":"waiting-room/internal/installplan","Test":"TestStrictDecodeAndNoErrorEcho/malformed","Output":"--- PASS: TestStrictDecodeAndNoErrorEcho/malformed (0.00s)\n"}
{"Time":"2026-09-06T08:35:30.297764+09:00","Action":"pass","Package":"waiting-room/internal/installplan","Test":"TestStrictDecodeAndNoErrorEcho/malformed","Elapsed":0}
{"Time":"2026-09-06T08:35:30.297776+09:00","Action":"run","Package":"waiting-room/internal/installplan","Test":"TestStrictDecodeAndNoErrorEcho/nested-secret"}
{"Time":"2026-09-06T08:35:30.297778+09:00","Action":"output","Package":"waiting-room/internal/installplan","Test":"TestStrictDecodeAndNoErrorEcho/nested-secret","Output":"=== RUN   TestStrictDecodeAndNoErrorEcho/nested-secret\n"}
{"Time":"2026-09-06T08:35:30.297881+09:00","Action":"output","Package":"waiting-room/internal/installplan","Test":"TestStrictDecodeAndNoErrorEcho/nested-secret","Output":"--- PASS: TestStrictDecodeAndNoErrorEcho/nested-secret (0.00s)\n"}
{"Time":"2026-09-06T08:35:30.297885+09:00","Action":"pass","Package":"waiting-room/internal/installplan","Test":"TestStrictDecodeAndNoErrorEcho/nested-secret","Elapsed":0}
{"Time":"2026-09-06T08:35:30.297899+09:00","Action":"run","Package":"waiting-room/internal/installplan","Test":"TestStrictDecodeAndNoErrorEcho/duplicate"}
{"Time":"2026-09-06T08:35:30.297902+09:00","Action":"output","Package":"waiting-room/internal/installplan","Test":"TestStrictDecodeAndNoErrorEcho/duplicate","Output":"=== RUN   TestStrictDecodeAndNoErrorEcho/duplicate\n"}
{"Time":"2026-09-06T08:35:30.298055+09:00","Action":"output","Package":"waiting-room/internal/installplan","Test":"TestStrictDecodeAndNoErrorEcho/duplicate","Output":"--- PASS: TestStrictDecodeAndNoErrorEcho/duplicate (0.00s)\n"}
{"Time":"2026-09-06T08:35:30.298059+09:00","Action":"pass","Package":"waiting-room/internal/installplan","Test":"TestStrictDecodeAndNoErrorEcho/duplicate","Elapsed":0}
{"Time":"2026-09-06T08:35:30.298072+09:00","Action":"run","Package":"waiting-room/internal/installplan","Test":"TestStrictDecodeAndNoErrorEcho/multiple"}
{"Time":"2026-09-06T08:35:30.298074+09:00","Action":"output","Package":"waiting-room/internal/installplan","Test":"TestStrictDecodeAndNoErrorEcho/multiple","Output":"=== RUN   TestStrictDecodeAndNoErrorEcho/multiple\n"}
{"Time":"2026-09-06T08:35:30.298163+09:00","Action":"output","Package":"waiting-room/internal/installplan","Test":"TestStrictDecodeAndNoErrorEcho/multiple","Output":"--- PASS: TestStrictDecodeAndNoErrorEcho/multiple (0.00s)\n"}
{"Time":"2026-09-06T08:35:30.298167+09:00","Action":"pass","Package":"waiting-room/internal/installplan","Test":"TestStrictDecodeAndNoErrorEcho/multiple","Elapsed":0}
{"Time":"2026-09-06T08:35:30.298175+09:00","Action":"run","Package":"waiting-room/internal/installplan","Test":"TestStrictDecodeAndNoErrorEcho/oversize"}
{"Time":"2026-09-06T08:35:30.298178+09:00","Action":"output","Package":"waiting-room/internal/installplan","Test":"TestStrictDecodeAndNoErrorEcho/oversize","Output":"=== RUN   TestStrictDecodeAndNoErrorEcho/oversize\n"}
{"Time":"2026-09-06T08:35:30.298257+09:00","Action":"output","Package":"waiting-room/internal/installplan","Test":"TestStrictDecodeAndNoErrorEcho/oversize","Output":"--- PASS: TestStrictDecodeAndNoErrorEcho/oversize (0.00s)\n"}
{"Time":"2026-09-06T08:35:30.298261+09:00","Action":"pass","Package":"waiting-room/internal/installplan","Test":"TestStrictDecodeAndNoErrorEcho/oversize","Elapsed":0}
{"Time":"2026-09-06T08:35:30.298274+09:00","Action":"run","Package":"waiting-room/internal/installplan","Test":"TestStrictDecodeAndNoErrorEcho/regions"}
{"Time":"2026-09-06T08:35:30.298278+09:00","Action":"output","Package":"waiting-room/internal/installplan","Test":"TestStrictDecodeAndNoErrorEcho/regions","Output":"=== RUN   TestStrictDecodeAndNoErrorEcho/regions\n"}
{"Time":"2026-09-06T08:35:30.298324+09:00","Action":"output","Package":"waiting-room/internal/installplan","Test":"TestStrictDecodeAndNoErrorEcho/regions","Output":"--- PASS: TestStrictDecodeAndNoErrorEcho/regions (0.00s)\n"}
{"Time":"2026-09-06T08:35:30.298327+09:00","Action":"pass","Package":"waiting-room/internal/installplan","Test":"TestStrictDecodeAndNoErrorEcho/regions","Elapsed":0}
{"Time":"2026-09-06T08:35:30.298341+09:00","Action":"run","Package":"waiting-room/internal/installplan","Test":"TestStrictDecodeAndNoErrorEcho/nested-case"}
{"Time":"2026-09-06T08:35:30.298344+09:00","Action":"output","Package":"waiting-room/internal/installplan","Test":"TestStrictDecodeAndNoErrorEcho/nested-case","Output":"=== RUN   TestStrictDecodeAndNoErrorEcho/nested-case\n"}
{"Time":"2026-09-06T08:35:30.298438+09:00","Action":"output","Package":"waiting-room/internal/installplan","Test":"TestStrictDecodeAndNoErrorEcho/nested-case","Output":"--- PASS: TestStrictDecodeAndNoErrorEcho/nested-case (0.00s)\n"}
{"Time":"2026-09-06T08:35:30.298441+09:00","Action":"pass","Package":"waiting-room/internal/installplan","Test":"TestStrictDecodeAndNoErrorEcho/nested-case","Elapsed":0}
{"Time":"2026-09-06T08:35:30.298455+09:00","Action":"run","Package":"waiting-room/internal/installplan","Test":"TestStrictDecodeAndNoErrorEcho/array"}
{"Time":"2026-09-06T08:35:30.298457+09:00","Action":"output","Package":"waiting-room/internal/installplan","Test":"TestStrictDecodeAndNoErrorEcho/array","Output":"=== RUN   TestStrictDecodeAndNoErrorEcho/array\n"}
{"Time":"2026-09-06T08:35:30.298494+09:00","Action":"output","Package":"waiting-room/internal/installplan","Test":"TestStrictDecodeAndNoErrorEcho/array","Output":"--- PASS: TestStrictDecodeAndNoErrorEcho/array (0.00s)\n"}
{"Time":"2026-09-06T08:35:30.298499+09:00","Action":"pass","Package":"waiting-room/internal/installplan","Test":"TestStrictDecodeAndNoErrorEcho/array","Elapsed":0}
{"Time":"2026-09-06T08:35:30.298512+09:00","Action":"run","Package":"waiting-room/internal/installplan","Test":"TestStrictDecodeAndNoErrorEcho/unknown-secret"}
{"Time":"2026-09-06T08:35:30.298514+09:00","Action":"output","Package":"waiting-room/internal/installplan","Test":"TestStrictDecodeAndNoErrorEcho/unknown-secret","Output":"=== RUN   TestStrictDecodeAndNoErrorEcho/unknown-secret\n"}
{"Time":"2026-09-06T08:35:30.298604+09:00","Action":"output","Package":"waiting-room/internal/installplan","Test":"TestStrictDecodeAndNoErrorEcho/unknown-secret","Output":"--- PASS: TestStrictDecodeAndNoErrorEcho/unknown-secret (0.00s)\n"}
{"Time":"2026-09-06T08:35:30.298609+09:00","Action":"pass","Package":"waiting-room/internal/installplan","Test":"TestStrictDecodeAndNoErrorEcho/unknown-secret","Elapsed":0}
{"Time":"2026-09-06T08:35:30.298622+09:00","Action":"run","Package":"waiting-room/internal/installplan","Test":"TestStrictDecodeAndNoErrorEcho/duplicate-escaped"}
{"Time":"2026-09-06T08:35:30.298625+09:00","Action":"output","Package":"waiting-room/internal/installplan","Test":"TestStrictDecodeAndNoErrorEcho/duplicate-escaped","Output":"=== RUN   TestStrictDecodeAndNoErrorEcho/duplicate-escaped\n"}
{"Time":"2026-09-06T08:35:30.298711+09:00","Action":"output","Package":"waiting-room/internal/installplan","Test":"TestStrictDecodeAndNoErrorEcho/duplicate-escaped","Output":"--- PASS: TestStrictDecodeAndNoErrorEcho/duplicate-escaped (0.00s)\n"}
{"Time":"2026-09-06T08:35:30.298715+09:00","Action":"pass","Package":"waiting-room/internal/installplan","Test":"TestStrictDecodeAndNoErrorEcho/duplicate-escaped","Elapsed":0}
{"Time":"2026-09-06T08:35:30.29873+09:00","Action":"run","Package":"waiting-room/internal/installplan","Test":"TestStrictDecodeAndNoErrorEcho/wrong-case"}
{"Time":"2026-09-06T08:35:30.298733+09:00","Action":"output","Package":"waiting-room/internal/installplan","Test":"TestStrictDecodeAndNoErrorEcho/wrong-case","Output":"=== RUN   TestStrictDecodeAndNoErrorEcho/wrong-case\n"}
{"Time":"2026-09-06T08:35:30.298815+09:00","Action":"output","Package":"waiting-room/internal/installplan","Test":"TestStrictDecodeAndNoErrorEcho/wrong-case","Output":"--- PASS: TestStrictDecodeAndNoErrorEcho/wrong-case (0.00s)\n"}
{"Time":"2026-09-06T08:35:30.298818+09:00","Action":"pass","Package":"waiting-room/internal/installplan","Test":"TestStrictDecodeAndNoErrorEcho/wrong-case","Elapsed":0}
{"Time":"2026-09-06T08:35:30.29883+09:00","Action":"run","Package":"waiting-room/internal/installplan","Test":"TestStrictDecodeAndNoErrorEcho/missing-bool"}
{"Time":"2026-09-06T08:35:30.298832+09:00","Action":"output","Package":"waiting-room/internal/installplan","Test":"TestStrictDecodeAndNoErrorEcho/missing-bool","Output":"=== RUN   TestStrictDecodeAndNoErrorEcho/missing-bool\n"}
{"Time":"2026-09-06T08:35:30.298911+09:00","Action":"output","Package":"waiting-room/internal/installplan","Test":"TestStrictDecodeAndNoErrorEcho/missing-bool","Output":"--- PASS: TestStrictDecodeAndNoErrorEcho/missing-bool (0.00s)\n"}
{"Time":"2026-09-06T08:35:30.298914+09:00","Action":"pass","Package":"waiting-room/internal/installplan","Test":"TestStrictDecodeAndNoErrorEcho/missing-bool","Elapsed":0}
{"Time":"2026-09-06T08:35:30.298928+09:00","Action":"run","Package":"waiting-room/internal/installplan","Test":"TestStrictDecodeAndNoErrorEcho/null"}
{"Time":"2026-09-06T08:35:30.29893+09:00","Action":"output","Package":"waiting-room/internal/installplan","Test":"TestStrictDecodeAndNoErrorEcho/null","Output":"=== RUN   TestStrictDecodeAndNoErrorEcho/null\n"}
{"Time":"2026-09-06T08:35:30.299011+09:00","Action":"output","Package":"waiting-room/internal/installplan","Test":"TestStrictDecodeAndNoErrorEcho/null","Output":"--- PASS: TestStrictDecodeAndNoErrorEcho/null (0.00s)\n"}
{"Time":"2026-09-06T08:35:30.299014+09:00","Action":"pass","Package":"waiting-room/internal/installplan","Test":"TestStrictDecodeAndNoErrorEcho/null","Elapsed":0}
{"Time":"2026-09-06T08:35:30.299022+09:00","Action":"run","Package":"waiting-room/internal/installplan","Test":"TestStrictDecodeAndNoErrorEcho/wrong-type"}
{"Time":"2026-09-06T08:35:30.299023+09:00","Action":"output","Package":"waiting-room/internal/installplan","Test":"TestStrictDecodeAndNoErrorEcho/wrong-type","Output":"=== RUN   TestStrictDecodeAndNoErrorEcho/wrong-type\n"}
{"Time":"2026-09-06T08:35:30.299167+09:00","Action":"output","Package":"waiting-room/internal/installplan","Test":"TestStrictDecodeAndNoErrorEcho/wrong-type","Output":"--- PASS: TestStrictDecodeAndNoErrorEcho/wrong-type (0.00s)\n"}
{"Time":"2026-09-06T08:35:30.299173+09:00","Action":"pass","Package":"waiting-room/internal/installplan","Test":"TestStrictDecodeAndNoErrorEcho/wrong-type","Elapsed":0}
{"Time":"2026-09-06T08:35:30.29919+09:00","Action":"output","Package":"waiting-room/internal/installplan","Test":"TestStrictDecodeAndNoErrorEcho","Output":"--- PASS: TestStrictDecodeAndNoErrorEcho (0.00s)\n"}
{"Time":"2026-09-06T08:35:30.299195+09:00","Action":"pass","Package":"waiting-room/internal/installplan","Test":"TestStrictDecodeAndNoErrorEcho","Elapsed":0}
{"Time":"2026-09-06T08:35:30.299208+09:00","Action":"run","Package":"waiting-room/internal/installplan","Test":"TestDeterministicPlanAndOwnedSlices"}
{"Time":"2026-09-06T08:35:30.299211+09:00","Action":"output","Package":"waiting-room/internal/installplan","Test":"TestDeterministicPlanAndOwnedSlices","Output":"=== RUN   TestDeterministicPlanAndOwnedSlices\n"}
{"Time":"2026-09-06T08:35:30.299547+09:00","Action":"run","Package":"waiting-room/internal/installplan","Test":"TestDeterministicPlanAndOwnedSlices/repeat"}
{"Time":"2026-09-06T08:35:30.29955+09:00","Action":"output","Package":"waiting-room/internal/installplan","Test":"TestDeterministicPlanAndOwnedSlices/repeat","Output":"=== RUN   TestDeterministicPlanAndOwnedSlices/repeat\n"}
{"Time":"2026-09-06T08:35:30.299579+09:00","Action":"output","Package":"waiting-room/internal/installplan","Test":"TestDeterministicPlanAndOwnedSlices/repeat","Output":"=== PAUSE TestDeterministicPlanAndOwnedSlices/repeat\n"}
{"Time":"2026-09-06T08:35:30.299582+09:00","Action":"pause","Package":"waiting-room/internal/installplan","Test":"TestDeterministicPlanAndOwnedSlices/repeat"}
{"Time":"2026-09-06T08:35:30.299602+09:00","Action":"run","Package":"waiting-room/internal/installplan","Test":"TestDeterministicPlanAndOwnedSlices/repeat#01"}
{"Time":"2026-09-06T08:35:30.299605+09:00","Action":"output","Package":"waiting-room/internal/installplan","Test":"TestDeterministicPlanAndOwnedSlices/repeat#01","Output":"=== RUN   TestDeterministicPlanAndOwnedSlices/repeat#01\n"}
{"Time":"2026-09-06T08:35:30.299608+09:00","Action":"output","Package":"waiting-room/internal/installplan","Test":"TestDeterministicPlanAndOwnedSlices/repeat#01","Output":"=== PAUSE TestDeterministicPlanAndOwnedSlices/repeat#01\n"}
{"Time":"2026-09-06T08:35:30.29961+09:00","Action":"pause","Package":"waiting-room/internal/installplan","Test":"TestDeterministicPlanAndOwnedSlices/repeat#01"}
{"Time":"2026-09-06T08:35:30.299637+09:00","Action":"run","Package":"waiting-room/internal/installplan","Test":"TestDeterministicPlanAndOwnedSlices/repeat#02"}
{"Time":"2026-09-06T08:35:30.299639+09:00","Action":"output","Package":"waiting-room/internal/installplan","Test":"TestDeterministicPlanAndOwnedSlices/repeat#02","Output":"=== RUN   TestDeterministicPlanAndOwnedSlices/repeat#02\n"}
{"Time":"2026-09-06T08:35:30.299642+09:00","Action":"output","Package":"waiting-room/internal/installplan","Test":"TestDeterministicPlanAndOwnedSlices/repeat#02","Output":"=== PAUSE TestDeterministicPlanAndOwnedSlices/repeat#02\n"}
{"Time":"2026-09-06T08:35:30.299643+09:00","Action":"pause","Package":"waiting-room/internal/installplan","Test":"TestDeterministicPlanAndOwnedSlices/repeat#02"}
{"Time":"2026-09-06T08:35:30.299665+09:00","Action":"run","Package":"waiting-room/internal/installplan","Test":"TestDeterministicPlanAndOwnedSlices/repeat#03"}
{"Time":"2026-09-06T08:35:30.299668+09:00","Action":"output","Package":"waiting-room/internal/installplan","Test":"TestDeterministicPlanAndOwnedSlices/repeat#03","Output":"=== RUN   TestDeterministicPlanAndOwnedSlices/repeat#03\n"}
{"Time":"2026-09-06T08:35:30.299678+09:00","Action":"output","Package":"waiting-room/internal/installplan","Test":"TestDeterministicPlanAndOwnedSlices/repeat#03","Output":"=== PAUSE TestDeterministicPlanAndOwnedSlices/repeat#03\n"}
{"Time":"2026-09-06T08:35:30.29968+09:00","Action":"pause","Package":"waiting-room/internal/installplan","Test":"TestDeterministicPlanAndOwnedSlices/repeat#03"}
{"Time":"2026-09-06T08:35:30.2997+09:00","Action":"run","Package":"waiting-room/internal/installplan","Test":"TestDeterministicPlanAndOwnedSlices/repeat#04"}
{"Time":"2026-09-06T08:35:30.299703+09:00","Action":"output","Package":"waiting-room/internal/installplan","Test":"TestDeterministicPlanAndOwnedSlices/repeat#04","Output":"=== RUN   TestDeterministicPlanAndOwnedSlices/repeat#04\n"}
{"Time":"2026-09-06T08:35:30.299714+09:00","Action":"output","Package":"waiting-room/internal/installplan","Test":"TestDeterministicPlanAndOwnedSlices/repeat#04","Output":"=== PAUSE TestDeterministicPlanAndOwnedSlices/repeat#04\n"}
{"Time":"2026-09-06T08:35:30.299717+09:00","Action":"pause","Package":"waiting-room/internal/installplan","Test":"TestDeterministicPlanAndOwnedSlices/repeat#04"}
{"Time":"2026-09-06T08:35:30.299731+09:00","Action":"run","Package":"waiting-room/internal/installplan","Test":"TestDeterministicPlanAndOwnedSlices/repeat#05"}
{"Time":"2026-09-06T08:35:30.299733+09:00","Action":"output","Package":"waiting-room/internal/installplan","Test":"TestDeterministicPlanAndOwnedSlices/repeat#05","Output":"=== RUN   TestDeterministicPlanAndOwnedSlices/repeat#05\n"}
{"Time":"2026-09-06T08:35:30.299743+09:00","Action":"output","Package":"waiting-room/internal/installplan","Test":"TestDeterministicPlanAndOwnedSlices/repeat#05","Output":"=== PAUSE TestDeterministicPlanAndOwnedSlices/repeat#05\n"}
{"Time":"2026-09-06T08:35:30.299747+09:00","Action":"pause","Package":"waiting-room/internal/installplan","Test":"TestDeterministicPlanAndOwnedSlices/repeat#05"}
{"Time":"2026-09-06T08:35:30.299764+09:00","Action":"run","Package":"waiting-room/internal/installplan","Test":"TestDeterministicPlanAndOwnedSlices/repeat#06"}
{"Time":"2026-09-06T08:35:30.299766+09:00","Action":"output","Package":"waiting-room/internal/installplan","Test":"TestDeterministicPlanAndOwnedSlices/repeat#06","Output":"=== RUN   TestDeterministicPlanAndOwnedSlices/repeat#06\n"}
{"Time":"2026-09-06T08:35:30.299775+09:00","Action":"output","Package":"waiting-room/internal/installplan","Test":"TestDeterministicPlanAndOwnedSlices/repeat#06","Output":"=== PAUSE TestDeterministicPlanAndOwnedSlices/repeat#06\n"}
{"Time":"2026-09-06T08:35:30.299778+09:00","Action":"pause","Package":"waiting-room/internal/installplan","Test":"TestDeterministicPlanAndOwnedSlices/repeat#06"}
{"Time":"2026-09-06T08:35:30.299794+09:00","Action":"run","Package":"waiting-room/internal/installplan","Test":"TestDeterministicPlanAndOwnedSlices/repeat#07"}
{"Time":"2026-09-06T08:35:30.299796+09:00","Action":"output","Package":"waiting-room/internal/installplan","Test":"TestDeterministicPlanAndOwnedSlices/repeat#07","Output":"=== RUN   TestDeterministicPlanAndOwnedSlices/repeat#07\n"}
{"Time":"2026-09-06T08:35:30.299806+09:00","Action":"output","Package":"waiting-room/internal/installplan","Test":"TestDeterministicPlanAndOwnedSlices/repeat#07","Output":"=== PAUSE TestDeterministicPlanAndOwnedSlices/repeat#07\n"}
{"Time":"2026-09-06T08:35:30.299809+09:00","Action":"pause","Package":"waiting-room/internal/installplan","Test":"TestDeterministicPlanAndOwnedSlices/repeat#07"}
{"Time":"2026-09-06T08:35:30.299825+09:00","Action":"run","Package":"waiting-room/internal/installplan","Test":"TestDeterministicPlanAndOwnedSlices/repeat#08"}
{"Time":"2026-09-06T08:35:30.299828+09:00","Action":"output","Package":"waiting-room/internal/installplan","Test":"TestDeterministicPlanAndOwnedSlices/repeat#08","Output":"=== RUN   TestDeterministicPlanAndOwnedSlices/repeat#08\n"}
{"Time":"2026-09-06T08:35:30.29984+09:00","Action":"output","Package":"waiting-room/internal/installplan","Test":"TestDeterministicPlanAndOwnedSlices/repeat#08","Output":"=== PAUSE TestDeterministicPlanAndOwnedSlices/repeat#08\n"}
{"Time":"2026-09-06T08:35:30.299842+09:00","Action":"pause","Package":"waiting-room/internal/installplan","Test":"TestDeterministicPlanAndOwnedSlices/repeat#08"}
{"Time":"2026-09-06T08:35:30.299863+09:00","Action":"run","Package":"waiting-room/internal/installplan","Test":"TestDeterministicPlanAndOwnedSlices/repeat#09"}
{"Time":"2026-09-06T08:35:30.299866+09:00","Action":"output","Package":"waiting-room/internal/installplan","Test":"TestDeterministicPlanAndOwnedSlices/repeat#09","Output":"=== RUN   TestDeterministicPlanAndOwnedSlices/repeat#09\n"}
{"Time":"2026-09-06T08:35:30.299869+09:00","Action":"output","Package":"waiting-room/internal/installplan","Test":"TestDeterministicPlanAndOwnedSlices/repeat#09","Output":"=== PAUSE TestDeterministicPlanAndOwnedSlices/repeat#09\n"}
{"Time":"2026-09-06T08:35:30.299872+09:00","Action":"pause","Package":"waiting-room/internal/installplan","Test":"TestDeterministicPlanAndOwnedSlices/repeat#09"}
{"Time":"2026-09-06T08:35:30.299891+09:00","Action":"run","Package":"waiting-room/internal/installplan","Test":"TestDeterministicPlanAndOwnedSlices/repeat#10"}
{"Time":"2026-09-06T08:35:30.299894+09:00","Action":"output","Package":"waiting-room/internal/installplan","Test":"TestDeterministicPlanAndOwnedSlices/repeat#10","Output":"=== RUN   TestDeterministicPlanAndOwnedSlices/repeat#10\n"}
{"Time":"2026-09-06T08:35:30.299905+09:00","Action":"output","Package":"waiting-room/internal/installplan","Test":"TestDeterministicPlanAndOwnedSlices/repeat#10","Output":"=== PAUSE TestDeterministicPlanAndOwnedSlices/repeat#10\n"}
{"Time":"2026-09-06T08:35:30.299907+09:00","Action":"pause","Package":"waiting-room/internal/installplan","Test":"TestDeterministicPlanAndOwnedSlices/repeat#10"}
{"Time":"2026-09-06T08:35:30.299924+09:00","Action":"run","Package":"waiting-room/internal/installplan","Test":"TestDeterministicPlanAndOwnedSlices/repeat#11"}
{"Time":"2026-09-06T08:35:30.299926+09:00","Action":"output","Package":"waiting-room/internal/installplan","Test":"TestDeterministicPlanAndOwnedSlices/repeat#11","Output":"=== RUN   TestDeterministicPlanAndOwnedSlices/repeat#11\n"}
{"Time":"2026-09-06T08:35:30.299937+09:00","Action":"output","Package":"waiting-room/internal/installplan","Test":"TestDeterministicPlanAndOwnedSlices/repeat#11","Output":"=== PAUSE TestDeterministicPlanAndOwnedSlices/repeat#11\n"}
{"Time":"2026-09-06T08:35:30.299939+09:00","Action":"pause","Package":"waiting-room/internal/installplan","Test":"TestDeterministicPlanAndOwnedSlices/repeat#11"}
{"Time":"2026-09-06T08:35:30.299957+09:00","Action":"run","Package":"waiting-room/internal/installplan","Test":"TestDeterministicPlanAndOwnedSlices/repeat#12"}
{"Time":"2026-09-06T08:35:30.29996+09:00","Action":"output","Package":"waiting-room/internal/installplan","Test":"TestDeterministicPlanAndOwnedSlices/repeat#12","Output":"=== RUN   TestDeterministicPlanAndOwnedSlices/repeat#12\n"}
{"Time":"2026-09-06T08:35:30.299964+09:00","Action":"output","Package":"waiting-room/internal/installplan","Test":"TestDeterministicPlanAndOwnedSlices/repeat#12","Output":"=== PAUSE TestDeterministicPlanAndOwnedSlices/repeat#12\n"}
{"Time":"2026-09-06T08:35:30.299965+09:00","Action":"pause","Package":"waiting-room/internal/installplan","Test":"TestDeterministicPlanAndOwnedSlices/repeat#12"}
{"Time":"2026-09-06T08:35:30.299984+09:00","Action":"run","Package":"waiting-room/internal/installplan","Test":"TestDeterministicPlanAndOwnedSlices/repeat#13"}
{"Time":"2026-09-06T08:35:30.299986+09:00","Action":"output","Package":"waiting-room/internal/installplan","Test":"TestDeterministicPlanAndOwnedSlices/repeat#13","Output":"=== RUN   TestDeterministicPlanAndOwnedSlices/repeat#13\n"}
{"Time":"2026-09-06T08:35:30.300003+09:00","Action":"output","Package":"waiting-room/internal/installplan","Test":"TestDeterministicPlanAndOwnedSlices/repeat#13","Output":"=== PAUSE TestDeterministicPlanAndOwnedSlices/repeat#13\n"}
{"Time":"2026-09-06T08:35:30.300005+09:00","Action":"pause","Package":"waiting-room/internal/installplan","Test":"TestDeterministicPlanAndOwnedSlices/repeat#13"}
{"Time":"2026-09-06T08:35:30.300028+09:00","Action":"run","Package":"waiting-room/internal/installplan","Test":"TestDeterministicPlanAndOwnedSlices/repeat#14"}
{"Time":"2026-09-06T08:35:30.300034+09:00","Action":"output","Package":"waiting-room/internal/installplan","Test":"TestDeterministicPlanAndOwnedSlices/repeat#14","Output":"=== RUN   TestDeterministicPlanAndOwnedSlices/repeat#14\n"}
{"Time":"2026-09-06T08:35:30.300036+09:00","Action":"output","Package":"waiting-room/internal/installplan","Test":"TestDeterministicPlanAndOwnedSlices/repeat#14","Output":"=== PAUSE TestDeterministicPlanAndOwnedSlices/repeat#14\n"}
{"Time":"2026-09-06T08:35:30.30004+09:00","Action":"pause","Package":"waiting-room/internal/installplan","Test":"TestDeterministicPlanAndOwnedSlices/repeat#14"}
{"Time":"2026-09-06T08:35:30.300055+09:00","Action":"run","Package":"waiting-room/internal/installplan","Test":"TestDeterministicPlanAndOwnedSlices/repeat#15"}
{"Time":"2026-09-06T08:35:30.300057+09:00","Action":"output","Package":"waiting-room/internal/installplan","Test":"TestDeterministicPlanAndOwnedSlices/repeat#15","Output":"=== RUN   TestDeterministicPlanAndOwnedSlices/repeat#15\n"}
{"Time":"2026-09-06T08:35:30.300069+09:00","Action":"output","Package":"waiting-room/internal/installplan","Test":"TestDeterministicPlanAndOwnedSlices/repeat#15","Output":"=== PAUSE TestDeterministicPlanAndOwnedSlices/repeat#15\n"}
{"Time":"2026-09-06T08:35:30.300072+09:00","Action":"pause","Package":"waiting-room/internal/installplan","Test":"TestDeterministicPlanAndOwnedSlices/repeat#15"}
{"Time":"2026-09-06T08:35:30.300088+09:00","Action":"run","Package":"waiting-room/internal/installplan","Test":"TestDeterministicPlanAndOwnedSlices/repeat#16"}
{"Time":"2026-09-06T08:35:30.30009+09:00","Action":"output","Package":"waiting-room/internal/installplan","Test":"TestDeterministicPlanAndOwnedSlices/repeat#16","Output":"=== RUN   TestDeterministicPlanAndOwnedSlices/repeat#16\n"}
{"Time":"2026-09-06T08:35:30.3001+09:00","Action":"output","Package":"waiting-room/internal/installplan","Test":"TestDeterministicPlanAndOwnedSlices/repeat#16","Output":"=== PAUSE TestDeterministicPlanAndOwnedSlices/repeat#16\n"}
{"Time":"2026-09-06T08:35:30.300104+09:00","Action":"pause","Package":"waiting-room/internal/installplan","Test":"TestDeterministicPlanAndOwnedSlices/repeat#16"}
{"Time":"2026-09-06T08:35:30.300122+09:00","Action":"run","Package":"waiting-room/internal/installplan","Test":"TestDeterministicPlanAndOwnedSlices/repeat#17"}
{"Time":"2026-09-06T08:35:30.300124+09:00","Action":"output","Package":"waiting-room/internal/installplan","Test":"TestDeterministicPlanAndOwnedSlices/repeat#17","Output":"=== RUN   TestDeterministicPlanAndOwnedSlices/repeat#17\n"}
{"Time":"2026-09-06T08:35:30.300135+09:00","Action":"output","Package":"waiting-room/internal/installplan","Test":"TestDeterministicPlanAndOwnedSlices/repeat#17","Output":"=== PAUSE TestDeterministicPlanAndOwnedSlices/repeat#17\n"}
{"Time":"2026-09-06T08:35:30.300137+09:00","Action":"pause","Package":"waiting-room/internal/installplan","Test":"TestDeterministicPlanAndOwnedSlices/repeat#17"}
{"Time":"2026-09-06T08:35:30.300155+09:00","Action":"run","Package":"waiting-room/internal/installplan","Test":"TestDeterministicPlanAndOwnedSlices/repeat#18"}
{"Time":"2026-09-06T08:35:30.300159+09:00","Action":"output","Package":"waiting-room/internal/installplan","Test":"TestDeterministicPlanAndOwnedSlices/repeat#18","Output":"=== RUN   TestDeterministicPlanAndOwnedSlices/repeat#18\n"}
{"Time":"2026-09-06T08:35:30.30017+09:00","Action":"output","Package":"waiting-room/internal/installplan","Test":"TestDeterministicPlanAndOwnedSlices/repeat#18","Output":"=== PAUSE TestDeterministicPlanAndOwnedSlices/repeat#18\n"}
{"Time":"2026-09-06T08:35:30.300173+09:00","Action":"pause","Package":"waiting-room/internal/installplan","Test":"TestDeterministicPlanAndOwnedSlices/repeat#18"}
{"Time":"2026-09-06T08:35:30.300183+09:00","Action":"run","Package":"waiting-room/internal/installplan","Test":"TestDeterministicPlanAndOwnedSlices/repeat#19"}
{"Time":"2026-09-06T08:35:30.300186+09:00","Action":"output","Package":"waiting-room/internal/installplan","Test":"TestDeterministicPlanAndOwnedSlices/repeat#19","Output":"=== RUN   TestDeterministicPlanAndOwnedSlices/repeat#19\n"}
{"Time":"2026-09-06T08:35:30.300199+09:00","Action":"output","Package":"waiting-room/internal/installplan","Test":"TestDeterministicPlanAndOwnedSlices/repeat#19","Output":"=== PAUSE TestDeterministicPlanAndOwnedSlices/repeat#19\n"}
{"Time":"2026-09-06T08:35:30.300201+09:00","Action":"pause","Package":"waiting-room/internal/installplan","Test":"TestDeterministicPlanAndOwnedSlices/repeat#19"}
{"Time":"2026-09-06T08:35:30.300217+09:00","Action":"run","Package":"waiting-room/internal/installplan","Test":"TestDeterministicPlanAndOwnedSlices/repeat#20"}
{"Time":"2026-09-06T08:35:30.30022+09:00","Action":"output","Package":"waiting-room/internal/installplan","Test":"TestDeterministicPlanAndOwnedSlices/repeat#20","Output":"=== RUN   TestDeterministicPlanAndOwnedSlices/repeat#20\n"}
{"Time":"2026-09-06T08:35:30.30023+09:00","Action":"output","Package":"waiting-room/internal/installplan","Test":"TestDeterministicPlanAndOwnedSlices/repeat#20","Output":"=== PAUSE TestDeterministicPlanAndOwnedSlices/repeat#20\n"}
{"Time":"2026-09-06T08:35:30.300234+09:00","Action":"pause","Package":"waiting-room/internal/installplan","Test":"TestDeterministicPlanAndOwnedSlices/repeat#20"}
{"Time":"2026-09-06T08:35:30.300248+09:00","Action":"run","Package":"waiting-room/internal/installplan","Test":"TestDeterministicPlanAndOwnedSlices/repeat#21"}
{"Time":"2026-09-06T08:35:30.300251+09:00","Action":"output","Package":"waiting-room/internal/installplan","Test":"TestDeterministicPlanAndOwnedSlices/repeat#21","Output":"=== RUN   TestDeterministicPlanAndOwnedSlices/repeat#21\n"}
{"Time":"2026-09-06T08:35:30.300259+09:00","Action":"output","Package":"waiting-room/internal/installplan","Test":"TestDeterministicPlanAndOwnedSlices/repeat#21","Output":"=== PAUSE TestDeterministicPlanAndOwnedSlices/repeat#21\n"}
{"Time":"2026-09-06T08:35:30.300261+09:00","Action":"pause","Package":"waiting-room/internal/installplan","Test":"TestDeterministicPlanAndOwnedSlices/repeat#21"}
{"Time":"2026-09-06T08:35:30.300279+09:00","Action":"run","Package":"waiting-room/internal/installplan","Test":"TestDeterministicPlanAndOwnedSlices/repeat#22"}
{"Time":"2026-09-06T08:35:30.300281+09:00","Action":"output","Package":"waiting-room/internal/installplan","Test":"TestDeterministicPlanAndOwnedSlices/repeat#22","Output":"=== RUN   TestDeterministicPlanAndOwnedSlices/repeat#22\n"}
{"Time":"2026-09-06T08:35:30.30029+09:00","Action":"output","Package":"waiting-room/internal/installplan","Test":"TestDeterministicPlanAndOwnedSlices/repeat#22","Output":"=== PAUSE TestDeterministicPlanAndOwnedSlices/repeat#22\n"}
{"Time":"2026-09-06T08:35:30.300293+09:00","Action":"pause","Package":"waiting-room/internal/installplan","Test":"TestDeterministicPlanAndOwnedSlices/repeat#22"}
{"Time":"2026-09-06T08:35:30.300308+09:00","Action":"run","Package":"waiting-room/internal/installplan","Test":"TestDeterministicPlanAndOwnedSlices/repeat#23"}
{"Time":"2026-09-06T08:35:30.30031+09:00","Action":"output","Package":"waiting-room/internal/installplan","Test":"TestDeterministicPlanAndOwnedSlices/repeat#23","Output":"=== RUN   TestDeterministicPlanAndOwnedSlices/repeat#23\n"}
{"Time":"2026-09-06T08:35:30.300322+09:00","Action":"output","Package":"waiting-room/internal/installplan","Test":"TestDeterministicPlanAndOwnedSlices/repeat#23","Output":"=== PAUSE TestDeterministicPlanAndOwnedSlices/repeat#23\n"}
{"Time":"2026-09-06T08:35:30.300326+09:00","Action":"pause","Package":"waiting-room/internal/installplan","Test":"TestDeterministicPlanAndOwnedSlices/repeat#23"}
{"Time":"2026-09-06T08:35:30.300338+09:00","Action":"run","Package":"waiting-room/internal/installplan","Test":"TestDeterministicPlanAndOwnedSlices/repeat#24"}
{"Time":"2026-09-06T08:35:30.30034+09:00","Action":"output","Package":"waiting-room/internal/installplan","Test":"TestDeterministicPlanAndOwnedSlices/repeat#24","Output":"=== RUN   TestDeterministicPlanAndOwnedSlices/repeat#24\n"}
{"Time":"2026-09-06T08:35:30.300356+09:00","Action":"output","Package":"waiting-room/internal/installplan","Test":"TestDeterministicPlanAndOwnedSlices/repeat#24","Output":"=== PAUSE TestDeterministicPlanAndOwnedSlices/repeat#24\n"}
{"Time":"2026-09-06T08:35:30.300359+09:00","Action":"pause","Package":"waiting-room/internal/installplan","Test":"TestDeterministicPlanAndOwnedSlices/repeat#24"}
{"Time":"2026-09-06T08:35:30.30037+09:00","Action":"run","Package":"waiting-room/internal/installplan","Test":"TestDeterministicPlanAndOwnedSlices/repeat#25"}
{"Time":"2026-09-06T08:35:30.300373+09:00","Action":"output","Package":"waiting-room/internal/installplan","Test":"TestDeterministicPlanAndOwnedSlices/repeat#25","Output":"=== RUN   TestDeterministicPlanAndOwnedSlices/repeat#25\n"}
{"Time":"2026-09-06T08:35:30.300385+09:00","Action":"output","Package":"waiting-room/internal/installplan","Test":"TestDeterministicPlanAndOwnedSlices/repeat#25","Output":"=== PAUSE TestDeterministicPlanAndOwnedSlices/repeat#25\n"}
{"Time":"2026-09-06T08:35:30.300387+09:00","Action":"pause","Package":"waiting-room/internal/installplan","Test":"TestDeterministicPlanAndOwnedSlices/repeat#25"}
{"Time":"2026-09-06T08:35:30.300403+09:00","Action":"run","Package":"waiting-room/internal/installplan","Test":"TestDeterministicPlanAndOwnedSlices/repeat#26"}
{"Time":"2026-09-06T08:35:30.300405+09:00","Action":"output","Package":"waiting-room/internal/installplan","Test":"TestDeterministicPlanAndOwnedSlices/repeat#26","Output":"=== RUN   TestDeterministicPlanAndOwnedSlices/repeat#26\n"}
{"Time":"2026-09-06T08:35:30.30042+09:00","Action":"output","Package":"waiting-room/internal/installplan","Test":"TestDeterministicPlanAndOwnedSlices/repeat#26","Output":"=== PAUSE TestDeterministicPlanAndOwnedSlices/repeat#26\n"}
{"Time":"2026-09-06T08:35:30.300422+09:00","Action":"pause","Package":"waiting-room/internal/installplan","Test":"TestDeterministicPlanAndOwnedSlices/repeat#26"}
{"Time":"2026-09-06T08:35:30.300437+09:00","Action":"run","Package":"waiting-room/internal/installplan","Test":"TestDeterministicPlanAndOwnedSlices/repeat#27"}
{"Time":"2026-09-06T08:35:30.300439+09:00","Action":"output","Package":"waiting-room/internal/installplan","Test":"TestDeterministicPlanAndOwnedSlices/repeat#27","Output":"=== RUN   TestDeterministicPlanAndOwnedSlices/repeat#27\n"}
{"Time":"2026-09-06T08:35:30.300449+09:00","Action":"output","Package":"waiting-room/internal/installplan","Test":"TestDeterministicPlanAndOwnedSlices/repeat#27","Output":"=== PAUSE TestDeterministicPlanAndOwnedSlices/repeat#27\n"}
{"Time":"2026-09-06T08:35:30.300452+09:00","Action":"pause","Package":"waiting-room/internal/installplan","Test":"TestDeterministicPlanAndOwnedSlices/repeat#27"}
{"Time":"2026-09-06T08:35:30.300466+09:00","Action":"run","Package":"waiting-room/internal/installplan","Test":"TestDeterministicPlanAndOwnedSlices/repeat#28"}
{"Time":"2026-09-06T08:35:30.300468+09:00","Action":"output","Package":"waiting-room/internal/installplan","Test":"TestDeterministicPlanAndOwnedSlices/repeat#28","Output":"=== RUN   TestDeterministicPlanAndOwnedSlices/repeat#28\n"}
{"Time":"2026-09-06T08:35:30.30048+09:00","Action":"output","Package":"waiting-room/internal/installplan","Test":"TestDeterministicPlanAndOwnedSlices/repeat#28","Output":"=== PAUSE TestDeterministicPlanAndOwnedSlices/repeat#28\n"}
{"Time":"2026-09-06T08:35:30.300482+09:00","Action":"pause","Package":"waiting-room/internal/installplan","Test":"TestDeterministicPlanAndOwnedSlices/repeat#28"}
{"Time":"2026-09-06T08:35:30.300501+09:00","Action":"run","Package":"waiting-room/internal/installplan","Test":"TestDeterministicPlanAndOwnedSlices/repeat#29"}
{"Time":"2026-09-06T08:35:30.300504+09:00","Action":"output","Package":"waiting-room/internal/installplan","Test":"TestDeterministicPlanAndOwnedSlices/repeat#29","Output":"=== RUN   TestDeterministicPlanAndOwnedSlices/repeat#29\n"}
{"Time":"2026-09-06T08:35:30.300514+09:00","Action":"output","Package":"waiting-room/internal/installplan","Test":"TestDeterministicPlanAndOwnedSlices/repeat#29","Output":"=== PAUSE TestDeterministicPlanAndOwnedSlices/repeat#29\n"}
{"Time":"2026-09-06T08:35:30.300518+09:00","Action":"pause","Package":"waiting-room/internal/installplan","Test":"TestDeterministicPlanAndOwnedSlices/repeat#29"}
{"Time":"2026-09-06T08:35:30.300529+09:00","Action":"run","Package":"waiting-room/internal/installplan","Test":"TestDeterministicPlanAndOwnedSlices/repeat#30"}
{"Time":"2026-09-06T08:35:30.300532+09:00","Action":"output","Package":"waiting-room/internal/installplan","Test":"TestDeterministicPlanAndOwnedSlices/repeat#30","Output":"=== RUN   TestDeterministicPlanAndOwnedSlices/repeat#30\n"}
{"Time":"2026-09-06T08:35:30.300546+09:00","Action":"output","Package":"waiting-room/internal/installplan","Test":"TestDeterministicPlanAndOwnedSlices/repeat#30","Output":"=== PAUSE TestDeterministicPlanAndOwnedSlices/repeat#30\n"}
{"Time":"2026-09-06T08:35:30.300548+09:00","Action":"pause","Package":"waiting-room/internal/installplan","Test":"TestDeterministicPlanAndOwnedSlices/repeat#30"}
{"Time":"2026-09-06T08:35:30.300563+09:00","Action":"run","Package":"waiting-room/internal/installplan","Test":"TestDeterministicPlanAndOwnedSlices/repeat#31"}
{"Time":"2026-09-06T08:35:30.300567+09:00","Action":"output","Package":"waiting-room/internal/installplan","Test":"TestDeterministicPlanAndOwnedSlices/repeat#31","Output":"=== RUN   TestDeterministicPlanAndOwnedSlices/repeat#31\n"}
{"Time":"2026-09-06T08:35:30.300578+09:00","Action":"output","Package":"waiting-room/internal/installplan","Test":"TestDeterministicPlanAndOwnedSlices/repeat#31","Output":"=== PAUSE TestDeterministicPlanAndOwnedSlices/repeat#31\n"}
{"Time":"2026-09-06T08:35:30.30058+09:00","Action":"pause","Package":"waiting-room/internal/installplan","Test":"TestDeterministicPlanAndOwnedSlices/repeat#31"}
{"Time":"2026-09-06T08:35:30.300599+09:00","Action":"run","Package":"waiting-room/internal/installplan","Test":"TestDeterministicPlanAndOwnedSlices/repeat#32"}
{"Time":"2026-09-06T08:35:30.300602+09:00","Action":"output","Package":"waiting-room/internal/installplan","Test":"TestDeterministicPlanAndOwnedSlices/repeat#32","Output":"=== RUN   TestDeterministicPlanAndOwnedSlices/repeat#32\n"}
{"Time":"2026-09-06T08:35:30.300619+09:00","Action":"output","Package":"waiting-room/internal/installplan","Test":"TestDeterministicPlanAndOwnedSlices/repeat#32","Output":"=== PAUSE TestDeterministicPlanAndOwnedSlices/repeat#32\n"}
{"Time":"2026-09-06T08:35:30.300624+09:00","Action":"pause","Package":"waiting-room/internal/installplan","Test":"TestDeterministicPlanAndOwnedSlices/repeat#32"}
{"Time":"2026-09-06T08:35:30.300635+09:00","Action":"run","Package":"waiting-room/internal/installplan","Test":"TestDeterministicPlanAndOwnedSlices/repeat#33"}
{"Time":"2026-09-06T08:35:30.30064+09:00","Action":"output","Package":"waiting-room/internal/installplan","Test":"TestDeterministicPlanAndOwnedSlices/repeat#33","Output":"=== RUN   TestDeterministicPlanAndOwnedSlices/repeat#33\n"}
{"Time":"2026-09-06T08:35:30.300656+09:00","Action":"output","Package":"waiting-room/internal/installplan","Test":"TestDeterministicPlanAndOwnedSlices/repeat#33","Output":"=== PAUSE TestDeterministicPlanAndOwnedSlices/repeat#33\n"}
{"Time":"2026-09-06T08:35:30.300659+09:00","Action":"pause","Package":"waiting-room/internal/installplan","Test":"TestDeterministicPlanAndOwnedSlices/repeat#33"}
{"Time":"2026-09-06T08:35:30.300667+09:00","Action":"run","Package":"waiting-room/internal/installplan","Test":"TestDeterministicPlanAndOwnedSlices/repeat#34"}
{"Time":"2026-09-06T08:35:30.30067+09:00","Action":"output","Package":"waiting-room/internal/installplan","Test":"TestDeterministicPlanAndOwnedSlices/repeat#34","Output":"=== RUN   TestDeterministicPlanAndOwnedSlices/repeat#34\n"}
{"Time":"2026-09-06T08:35:30.300685+09:00","Action":"output","Package":"waiting-room/internal/installplan","Test":"TestDeterministicPlanAndOwnedSlices/repeat#34","Output":"=== PAUSE TestDeterministicPlanAndOwnedSlices/repeat#34\n"}
{"Time":"2026-09-06T08:35:30.300694+09:00","Action":"pause","Package":"waiting-room/internal/installplan","Test":"TestDeterministicPlanAndOwnedSlices/repeat#34"}
{"Time":"2026-09-06T08:35:30.300704+09:00","Action":"run","Package":"waiting-room/internal/installplan","Test":"TestDeterministicPlanAndOwnedSlices/repeat#35"}
{"Time":"2026-09-06T08:35:30.300705+09:00","Action":"output","Package":"waiting-room/internal/installplan","Test":"TestDeterministicPlanAndOwnedSlices/repeat#35","Output":"=== RUN   TestDeterministicPlanAndOwnedSlices/repeat#35\n"}
{"Time":"2026-09-06T08:35:30.300721+09:00","Action":"output","Package":"waiting-room/internal/installplan","Test":"TestDeterministicPlanAndOwnedSlices/repeat#35","Output":"=== PAUSE TestDeterministicPlanAndOwnedSlices/repeat#35\n"}
{"Time":"2026-09-06T08:35:30.300723+09:00","Action":"pause","Package":"waiting-room/internal/installplan","Test":"TestDeterministicPlanAndOwnedSlices/repeat#35"}
{"Time":"2026-09-06T08:35:30.300739+09:00","Action":"run","Package":"waiting-room/internal/installplan","Test":"TestDeterministicPlanAndOwnedSlices/repeat#36"}
{"Time":"2026-09-06T08:35:30.300743+09:00","Action":"output","Package":"waiting-room/internal/installplan","Test":"TestDeterministicPlanAndOwnedSlices/repeat#36","Output":"=== RUN   TestDeterministicPlanAndOwnedSlices/repeat#36\n"}
{"Time":"2026-09-06T08:35:30.300762+09:00","Action":"output","Package":"waiting-room/internal/installplan","Test":"TestDeterministicPlanAndOwnedSlices/repeat#36","Output":"=== PAUSE TestDeterministicPlanAndOwnedSlices/repeat#36\n"}
{"Time":"2026-09-06T08:35:30.300765+09:00","Action":"pause","Package":"waiting-room/internal/installplan","Test":"TestDeterministicPlanAndOwnedSlices/repeat#36"}
{"Time":"2026-09-06T08:35:30.300767+09:00","Action":"run","Package":"waiting-room/internal/installplan","Test":"TestDeterministicPlanAndOwnedSlices/repeat#37"}
{"Time":"2026-09-06T08:35:30.300769+09:00","Action":"output","Package":"waiting-room/internal/installplan","Test":"TestDeterministicPlanAndOwnedSlices/repeat#37","Output":"=== RUN   TestDeterministicPlanAndOwnedSlices/repeat#37\n"}
{"Time":"2026-09-06T08:35:30.300792+09:00","Action":"output","Package":"waiting-room/internal/installplan","Test":"TestDeterministicPlanAndOwnedSlices/repeat#37","Output":"=== PAUSE TestDeterministicPlanAndOwnedSlices/repeat#37\n"}
{"Time":"2026-09-06T08:35:30.300794+09:00","Action":"pause","Package":"waiting-room/internal/installplan","Test":"TestDeterministicPlanAndOwnedSlices/repeat#37"}
{"Time":"2026-09-06T08:35:30.300808+09:00","Action":"run","Package":"waiting-room/internal/installplan","Test":"TestDeterministicPlanAndOwnedSlices/repeat#38"}
{"Time":"2026-09-06T08:35:30.30081+09:00","Action":"output","Package":"waiting-room/internal/installplan","Test":"TestDeterministicPlanAndOwnedSlices/repeat#38","Output":"=== RUN   TestDeterministicPlanAndOwnedSlices/repeat#38\n"}
{"Time":"2026-09-06T08:35:30.300824+09:00","Action":"output","Package":"waiting-room/internal/installplan","Test":"TestDeterministicPlanAndOwnedSlices/repeat#38","Output":"=== PAUSE TestDeterministicPlanAndOwnedSlices/repeat#38\n"}
{"Time":"2026-09-06T08:35:30.300826+09:00","Action":"pause","Package":"waiting-room/internal/installplan","Test":"TestDeterministicPlanAndOwnedSlices/repeat#38"}
{"Time":"2026-09-06T08:35:30.300843+09:00","Action":"run","Package":"waiting-room/internal/installplan","Test":"TestDeterministicPlanAndOwnedSlices/repeat#39"}
{"Time":"2026-09-06T08:35:30.300845+09:00","Action":"output","Package":"waiting-room/internal/installplan","Test":"TestDeterministicPlanAndOwnedSlices/repeat#39","Output":"=== RUN   TestDeterministicPlanAndOwnedSlices/repeat#39\n"}
{"Time":"2026-09-06T08:35:30.300856+09:00","Action":"output","Package":"waiting-room/internal/installplan","Test":"TestDeterministicPlanAndOwnedSlices/repeat#39","Output":"=== PAUSE TestDeterministicPlanAndOwnedSlices/repeat#39\n"}
{"Time":"2026-09-06T08:35:30.300859+09:00","Action":"pause","Package":"waiting-room/internal/installplan","Test":"TestDeterministicPlanAndOwnedSlices/repeat#39"}
{"Time":"2026-09-06T08:35:30.300874+09:00","Action":"run","Package":"waiting-room/internal/installplan","Test":"TestDeterministicPlanAndOwnedSlices/repeat#40"}
{"Time":"2026-09-06T08:35:30.300877+09:00","Action":"output","Package":"waiting-room/internal/installplan","Test":"TestDeterministicPlanAndOwnedSlices/repeat#40","Output":"=== RUN   TestDeterministicPlanAndOwnedSlices/repeat#40\n"}
{"Time":"2026-09-06T08:35:30.300888+09:00","Action":"output","Package":"waiting-room/internal/installplan","Test":"TestDeterministicPlanAndOwnedSlices/repeat#40","Output":"=== PAUSE TestDeterministicPlanAndOwnedSlices/repeat#40\n"}
{"Time":"2026-09-06T08:35:30.30089+09:00","Action":"pause","Package":"waiting-room/internal/installplan","Test":"TestDeterministicPlanAndOwnedSlices/repeat#40"}
{"Time":"2026-09-06T08:35:30.300908+09:00","Action":"run","Package":"waiting-room/internal/installplan","Test":"TestDeterministicPlanAndOwnedSlices/repeat#41"}
{"Time":"2026-09-06T08:35:30.300912+09:00","Action":"output","Package":"waiting-room/internal/installplan","Test":"TestDeterministicPlanAndOwnedSlices/repeat#41","Output":"=== RUN   TestDeterministicPlanAndOwnedSlices/repeat#41\n"}
{"Time":"2026-09-06T08:35:30.300925+09:00","Action":"output","Package":"waiting-room/internal/installplan","Test":"TestDeterministicPlanAndOwnedSlices/repeat#41","Output":"=== PAUSE TestDeterministicPlanAndOwnedSlices/repeat#41\n"}
{"Time":"2026-09-06T08:35:30.300928+09:00","Action":"pause","Package":"waiting-room/internal/installplan","Test":"TestDeterministicPlanAndOwnedSlices/repeat#41"}
{"Time":"2026-09-06T08:35:30.300941+09:00","Action":"run","Package":"waiting-room/internal/installplan","Test":"TestDeterministicPlanAndOwnedSlices/repeat#42"}
{"Time":"2026-09-06T08:35:30.300943+09:00","Action":"output","Package":"waiting-room/internal/installplan","Test":"TestDeterministicPlanAndOwnedSlices/repeat#42","Output":"=== RUN   TestDeterministicPlanAndOwnedSlices/repeat#42\n"}
{"Time":"2026-09-06T08:35:30.300959+09:00","Action":"output","Package":"waiting-room/internal/installplan","Test":"TestDeterministicPlanAndOwnedSlices/repeat#42","Output":"=== PAUSE TestDeterministicPlanAndOwnedSlices/repeat#42\n"}
{"Time":"2026-09-06T08:35:30.300962+09:00","Action":"pause","Package":"waiting-room/internal/installplan","Test":"TestDeterministicPlanAndOwnedSlices/repeat#42"}
{"Time":"2026-09-06T08:35:30.300978+09:00","Action":"run","Package":"waiting-room/internal/installplan","Test":"TestDeterministicPlanAndOwnedSlices/repeat#43"}
{"Time":"2026-09-06T08:35:30.300982+09:00","Action":"output","Package":"waiting-room/internal/installplan","Test":"TestDeterministicPlanAndOwnedSlices/repeat#43","Output":"=== RUN   TestDeterministicPlanAndOwnedSlices/repeat#43\n"}
{"Time":"2026-09-06T08:35:30.300996+09:00","Action":"output","Package":"waiting-room/internal/installplan","Test":"TestDeterministicPlanAndOwnedSlices/repeat#43","Output":"=== PAUSE TestDeterministicPlanAndOwnedSlices/repeat#43\n"}
{"Time":"2026-09-06T08:35:30.300999+09:00","Action":"pause","Package":"waiting-room/internal/installplan","Test":"TestDeterministicPlanAndOwnedSlices/repeat#43"}
{"Time":"2026-09-06T08:35:30.301007+09:00","Action":"run","Package":"waiting-room/internal/installplan","Test":"TestDeterministicPlanAndOwnedSlices/repeat#44"}
{"Time":"2026-09-06T08:35:30.30101+09:00","Action":"output","Package":"waiting-room/internal/installplan","Test":"TestDeterministicPlanAndOwnedSlices/repeat#44","Output":"=== RUN   TestDeterministicPlanAndOwnedSlices/repeat#44\n"}
{"Time":"2026-09-06T08:35:30.301023+09:00","Action":"output","Package":"waiting-room/internal/installplan","Test":"TestDeterministicPlanAndOwnedSlices/repeat#44","Output":"=== PAUSE TestDeterministicPlanAndOwnedSlices/repeat#44\n"}
{"Time":"2026-09-06T08:35:30.301025+09:00","Action":"pause","Package":"waiting-room/internal/installplan","Test":"TestDeterministicPlanAndOwnedSlices/repeat#44"}
{"Time":"2026-09-06T08:35:30.301038+09:00","Action":"run","Package":"waiting-room/internal/installplan","Test":"TestDeterministicPlanAndOwnedSlices/repeat#45"}
{"Time":"2026-09-06T08:35:30.301041+09:00","Action":"output","Package":"waiting-room/internal/installplan","Test":"TestDeterministicPlanAndOwnedSlices/repeat#45","Output":"=== RUN   TestDeterministicPlanAndOwnedSlices/repeat#45\n"}
{"Time":"2026-09-06T08:35:30.301054+09:00","Action":"output","Package":"waiting-room/internal/installplan","Test":"TestDeterministicPlanAndOwnedSlices/repeat#45","Output":"=== PAUSE TestDeterministicPlanAndOwnedSlices/repeat#45\n"}
{"Time":"2026-09-06T08:35:30.301056+09:00","Action":"pause","Package":"waiting-room/internal/installplan","Test":"TestDeterministicPlanAndOwnedSlices/repeat#45"}
{"Time":"2026-09-06T08:35:30.301071+09:00","Action":"run","Package":"waiting-room/internal/installplan","Test":"TestDeterministicPlanAndOwnedSlices/repeat#46"}
{"Time":"2026-09-06T08:35:30.301077+09:00","Action":"output","Package":"waiting-room/internal/installplan","Test":"TestDeterministicPlanAndOwnedSlices/repeat#46","Output":"=== RUN   TestDeterministicPlanAndOwnedSlices/repeat#46\n"}
{"Time":"2026-09-06T08:35:30.301085+09:00","Action":"output","Package":"waiting-room/internal/installplan","Test":"TestDeterministicPlanAndOwnedSlices/repeat#46","Output":"=== PAUSE TestDeterministicPlanAndOwnedSlices/repeat#46\n"}
{"Time":"2026-09-06T08:35:30.301088+09:00","Action":"pause","Package":"waiting-room/internal/installplan","Test":"TestDeterministicPlanAndOwnedSlices/repeat#46"}
{"Time":"2026-09-06T08:35:30.301103+09:00","Action":"run","Package":"waiting-room/internal/installplan","Test":"TestDeterministicPlanAndOwnedSlices/repeat#47"}
{"Time":"2026-09-06T08:35:30.301105+09:00","Action":"output","Package":"waiting-room/internal/installplan","Test":"TestDeterministicPlanAndOwnedSlices/repeat#47","Output":"=== RUN   TestDeterministicPlanAndOwnedSlices/repeat#47\n"}
{"Time":"2026-09-06T08:35:30.301115+09:00","Action":"output","Package":"waiting-room/internal/installplan","Test":"TestDeterministicPlanAndOwnedSlices/repeat#47","Output":"=== PAUSE TestDeterministicPlanAndOwnedSlices/repeat#47\n"}
{"Time":"2026-09-06T08:35:30.301118+09:00","Action":"pause","Package":"waiting-room/internal/installplan","Test":"TestDeterministicPlanAndOwnedSlices/repeat#47"}
{"Time":"2026-09-06T08:35:30.301129+09:00","Action":"run","Package":"waiting-room/internal/installplan","Test":"TestDeterministicPlanAndOwnedSlices/repeat#48"}
{"Time":"2026-09-06T08:35:30.301133+09:00","Action":"output","Package":"waiting-room/internal/installplan","Test":"TestDeterministicPlanAndOwnedSlices/repeat#48","Output":"=== RUN   TestDeterministicPlanAndOwnedSlices/repeat#48\n"}
{"Time":"2026-09-06T08:35:30.301143+09:00","Action":"output","Package":"waiting-room/internal/installplan","Test":"TestDeterministicPlanAndOwnedSlices/repeat#48","Output":"=== PAUSE TestDeterministicPlanAndOwnedSlices/repeat#48\n"}
{"Time":"2026-09-06T08:35:30.301147+09:00","Action":"pause","Package":"waiting-room/internal/installplan","Test":"TestDeterministicPlanAndOwnedSlices/repeat#48"}
{"Time":"2026-09-06T08:35:30.301163+09:00","Action":"run","Package":"waiting-room/internal/installplan","Test":"TestDeterministicPlanAndOwnedSlices/repeat#49"}
{"Time":"2026-09-06T08:35:30.301165+09:00","Action":"output","Package":"waiting-room/internal/installplan","Test":"TestDeterministicPlanAndOwnedSlices/repeat#49","Output":"=== RUN   TestDeterministicPlanAndOwnedSlices/repeat#49\n"}
{"Time":"2026-09-06T08:35:30.301181+09:00","Action":"output","Package":"waiting-room/internal/installplan","Test":"TestDeterministicPlanAndOwnedSlices/repeat#49","Output":"=== PAUSE TestDeterministicPlanAndOwnedSlices/repeat#49\n"}
{"Time":"2026-09-06T08:35:30.301183+09:00","Action":"pause","Package":"waiting-room/internal/installplan","Test":"TestDeterministicPlanAndOwnedSlices/repeat#49"}
{"Time":"2026-09-06T08:35:30.301195+09:00","Action":"run","Package":"waiting-room/internal/installplan","Test":"TestDeterministicPlanAndOwnedSlices/repeat#50"}
{"Time":"2026-09-06T08:35:30.301198+09:00","Action":"output","Package":"waiting-room/internal/installplan","Test":"TestDeterministicPlanAndOwnedSlices/repeat#50","Output":"=== RUN   TestDeterministicPlanAndOwnedSlices/repeat#50\n"}
{"Time":"2026-09-06T08:35:30.301209+09:00","Action":"output","Package":"waiting-room/internal/installplan","Test":"TestDeterministicPlanAndOwnedSlices/repeat#50","Output":"=== PAUSE TestDeterministicPlanAndOwnedSlices/repeat#50\n"}
{"Time":"2026-09-06T08:35:30.301212+09:00","Action":"pause","Package":"waiting-room/internal/installplan","Test":"TestDeterministicPlanAndOwnedSlices/repeat#50"}
{"Time":"2026-09-06T08:35:30.301234+09:00","Action":"run","Package":"waiting-room/internal/installplan","Test":"TestDeterministicPlanAndOwnedSlices/repeat#51"}
{"Time":"2026-09-06T08:35:30.301237+09:00","Action":"output","Package":"waiting-room/internal/installplan","Test":"TestDeterministicPlanAndOwnedSlices/repeat#51","Output":"=== RUN   TestDeterministicPlanAndOwnedSlices/repeat#51\n"}
{"Time":"2026-09-06T08:35:30.301239+09:00","Action":"output","Package":"waiting-room/internal/installplan","Test":"TestDeterministicPlanAndOwnedSlices/repeat#51","Output":"=== PAUSE TestDeterministicPlanAndOwnedSlices/repeat#51\n"}
{"Time":"2026-09-06T08:35:30.30124+09:00","Action":"pause","Package":"waiting-room/internal/installplan","Test":"TestDeterministicPlanAndOwnedSlices/repeat#51"}
{"Time":"2026-09-06T08:35:30.30127+09:00","Action":"run","Package":"waiting-room/internal/installplan","Test":"TestDeterministicPlanAndOwnedSlices/repeat#52"}
{"Time":"2026-09-06T08:35:30.301273+09:00","Action":"output","Package":"waiting-room/internal/installplan","Test":"TestDeterministicPlanAndOwnedSlices/repeat#52","Output":"=== RUN   TestDeterministicPlanAndOwnedSlices/repeat#52\n"}
{"Time":"2026-09-06T08:35:30.301275+09:00","Action":"output","Package":"waiting-room/internal/installplan","Test":"TestDeterministicPlanAndOwnedSlices/repeat#52","Output":"=== PAUSE TestDeterministicPlanAndOwnedSlices/repeat#52\n"}
{"Time":"2026-09-06T08:35:30.301276+09:00","Action":"pause","Package":"waiting-room/internal/installplan","Test":"TestDeterministicPlanAndOwnedSlices/repeat#52"}
{"Time":"2026-09-06T08:35:30.30129+09:00","Action":"run","Package":"waiting-room/internal/installplan","Test":"TestDeterministicPlanAndOwnedSlices/repeat#53"}
{"Time":"2026-09-06T08:35:30.301293+09:00","Action":"output","Package":"waiting-room/internal/installplan","Test":"TestDeterministicPlanAndOwnedSlices/repeat#53","Output":"=== RUN   TestDeterministicPlanAndOwnedSlices/repeat#53\n"}
{"Time":"2026-09-06T08:35:30.301305+09:00","Action":"output","Package":"waiting-room/internal/installplan","Test":"TestDeterministicPlanAndOwnedSlices/repeat#53","Output":"=== PAUSE TestDeterministicPlanAndOwnedSlices/repeat#53\n"}
{"Time":"2026-09-06T08:35:30.301308+09:00","Action":"pause","Package":"waiting-room/internal/installplan","Test":"TestDeterministicPlanAndOwnedSlices/repeat#53"}
{"Time":"2026-09-06T08:35:30.30132+09:00","Action":"run","Package":"waiting-room/internal/installplan","Test":"TestDeterministicPlanAndOwnedSlices/repeat#54"}
{"Time":"2026-09-06T08:35:30.301323+09:00","Action":"output","Package":"waiting-room/internal/installplan","Test":"TestDeterministicPlanAndOwnedSlices/repeat#54","Output":"=== RUN   TestDeterministicPlanAndOwnedSlices/repeat#54\n"}
{"Time":"2026-09-06T08:35:30.301331+09:00","Action":"output","Package":"waiting-room/internal/installplan","Test":"TestDeterministicPlanAndOwnedSlices/repeat#54","Output":"=== PAUSE TestDeterministicPlanAndOwnedSlices/repeat#54\n"}
{"Time":"2026-09-06T08:35:30.301333+09:00","Action":"pause","Package":"waiting-room/internal/installplan","Test":"TestDeterministicPlanAndOwnedSlices/repeat#54"}
{"Time":"2026-09-06T08:35:30.30135+09:00","Action":"run","Package":"waiting-room/internal/installplan","Test":"TestDeterministicPlanAndOwnedSlices/repeat#55"}
{"Time":"2026-09-06T08:35:30.301352+09:00","Action":"output","Package":"waiting-room/internal/installplan","Test":"TestDeterministicPlanAndOwnedSlices/repeat#55","Output":"=== RUN   TestDeterministicPlanAndOwnedSlices/repeat#55\n"}
{"Time":"2026-09-06T08:35:30.301367+09:00","Action":"output","Package":"waiting-room/internal/installplan","Test":"TestDeterministicPlanAndOwnedSlices/repeat#55","Output":"=== PAUSE TestDeterministicPlanAndOwnedSlices/repeat#55\n"}
{"Time":"2026-09-06T08:35:30.301369+09:00","Action":"pause","Package":"waiting-room/internal/installplan","Test":"TestDeterministicPlanAndOwnedSlices/repeat#55"}
{"Time":"2026-09-06T08:35:30.301381+09:00","Action":"run","Package":"waiting-room/internal/installplan","Test":"TestDeterministicPlanAndOwnedSlices/repeat#56"}
{"Time":"2026-09-06T08:35:30.301384+09:00","Action":"output","Package":"waiting-room/internal/installplan","Test":"TestDeterministicPlanAndOwnedSlices/repeat#56","Output":"=== RUN   TestDeterministicPlanAndOwnedSlices/repeat#56\n"}
{"Time":"2026-09-06T08:35:30.3014+09:00","Action":"output","Package":"waiting-room/internal/installplan","Test":"TestDeterministicPlanAndOwnedSlices/repeat#56","Output":"=== PAUSE TestDeterministicPlanAndOwnedSlices/repeat#56\n"}
{"Time":"2026-09-06T08:35:30.301402+09:00","Action":"pause","Package":"waiting-room/internal/installplan","Test":"TestDeterministicPlanAndOwnedSlices/repeat#56"}
{"Time":"2026-09-06T08:35:30.301417+09:00","Action":"run","Package":"waiting-room/internal/installplan","Test":"TestDeterministicPlanAndOwnedSlices/repeat#57"}
{"Time":"2026-09-06T08:35:30.301419+09:00","Action":"output","Package":"waiting-room/internal/installplan","Test":"TestDeterministicPlanAndOwnedSlices/repeat#57","Output":"=== RUN   TestDeterministicPlanAndOwnedSlices/repeat#57\n"}
{"Time":"2026-09-06T08:35:30.301433+09:00","Action":"output","Package":"waiting-room/internal/installplan","Test":"TestDeterministicPlanAndOwnedSlices/repeat#57","Output":"=== PAUSE TestDeterministicPlanAndOwnedSlices/repeat#57\n"}
{"Time":"2026-09-06T08:35:30.301435+09:00","Action":"pause","Package":"waiting-room/internal/installplan","Test":"TestDeterministicPlanAndOwnedSlices/repeat#57"}
{"Time":"2026-09-06T08:35:30.301449+09:00","Action":"run","Package":"waiting-room/internal/installplan","Test":"TestDeterministicPlanAndOwnedSlices/repeat#58"}
{"Time":"2026-09-06T08:35:30.301451+09:00","Action":"output","Package":"waiting-room/internal/installplan","Test":"TestDeterministicPlanAndOwnedSlices/repeat#58","Output":"=== RUN   TestDeterministicPlanAndOwnedSlices/repeat#58\n"}
{"Time":"2026-09-06T08:35:30.301506+09:00","Action":"output","Package":"waiting-room/internal/installplan","Test":"TestDeterministicPlanAndOwnedSlices/repeat#58","Output":"=== PAUSE TestDeterministicPlanAndOwnedSlices/repeat#58\n"}
{"Time":"2026-09-06T08:35:30.301508+09:00","Action":"pause","Package":"waiting-room/internal/installplan","Test":"TestDeterministicPlanAndOwnedSlices/repeat#58"}
{"Time":"2026-09-06T08:35:30.301519+09:00","Action":"run","Package":"waiting-room/internal/installplan","Test":"TestDeterministicPlanAndOwnedSlices/repeat#59"}
{"Time":"2026-09-06T08:35:30.301521+09:00","Action":"output","Package":"waiting-room/internal/installplan","Test":"TestDeterministicPlanAndOwnedSlices/repeat#59","Output":"=== RUN   TestDeterministicPlanAndOwnedSlices/repeat#59\n"}
{"Time":"2026-09-06T08:35:30.301535+09:00","Action":"output","Package":"waiting-room/internal/installplan","Test":"TestDeterministicPlanAndOwnedSlices/repeat#59","Output":"=== PAUSE TestDeterministicPlanAndOwnedSlices/repeat#59\n"}
{"Time":"2026-09-06T08:35:30.301537+09:00","Action":"pause","Package":"waiting-room/internal/installplan","Test":"TestDeterministicPlanAndOwnedSlices/repeat#59"}
{"Time":"2026-09-06T08:35:30.301554+09:00","Action":"run","Package":"waiting-room/internal/installplan","Test":"TestDeterministicPlanAndOwnedSlices/repeat#60"}
{"Time":"2026-09-06T08:35:30.301556+09:00","Action":"output","Package":"waiting-room/internal/installplan","Test":"TestDeterministicPlanAndOwnedSlices/repeat#60","Output":"=== RUN   TestDeterministicPlanAndOwnedSlices/repeat#60\n"}
{"Time":"2026-09-06T08:35:30.301568+09:00","Action":"output","Package":"waiting-room/internal/installplan","Test":"TestDeterministicPlanAndOwnedSlices/repeat#60","Output":"=== PAUSE TestDeterministicPlanAndOwnedSlices/repeat#60\n"}
{"Time":"2026-09-06T08:35:30.30157+09:00","Action":"pause","Package":"waiting-room/internal/installplan","Test":"TestDeterministicPlanAndOwnedSlices/repeat#60"}
{"Time":"2026-09-06T08:35:30.301585+09:00","Action":"run","Package":"waiting-room/internal/installplan","Test":"TestDeterministicPlanAndOwnedSlices/repeat#61"}
{"Time":"2026-09-06T08:35:30.301588+09:00","Action":"output","Package":"waiting-room/internal/installplan","Test":"TestDeterministicPlanAndOwnedSlices/repeat#61","Output":"=== RUN   TestDeterministicPlanAndOwnedSlices/repeat#61\n"}
{"Time":"2026-09-06T08:35:30.3016+09:00","Action":"output","Package":"waiting-room/internal/installplan","Test":"TestDeterministicPlanAndOwnedSlices/repeat#61","Output":"=== PAUSE TestDeterministicPlanAndOwnedSlices/repeat#61\n"}
{"Time":"2026-09-06T08:35:30.301602+09:00","Action":"pause","Package":"waiting-room/internal/installplan","Test":"TestDeterministicPlanAndOwnedSlices/repeat#61"}
{"Time":"2026-09-06T08:35:30.30162+09:00","Action":"run","Package":"waiting-room/internal/installplan","Test":"TestDeterministicPlanAndOwnedSlices/repeat#62"}
{"Time":"2026-09-06T08:35:30.301623+09:00","Action":"output","Package":"waiting-room/internal/installplan","Test":"TestDeterministicPlanAndOwnedSlices/repeat#62","Output":"=== RUN   TestDeterministicPlanAndOwnedSlices/repeat#62\n"}
{"Time":"2026-09-06T08:35:30.301639+09:00","Action":"output","Package":"waiting-room/internal/installplan","Test":"TestDeterministicPlanAndOwnedSlices/repeat#62","Output":"=== PAUSE TestDeterministicPlanAndOwnedSlices/repeat#62\n"}
{"Time":"2026-09-06T08:35:30.301641+09:00","Action":"pause","Package":"waiting-room/internal/installplan","Test":"TestDeterministicPlanAndOwnedSlices/repeat#62"}
{"Time":"2026-09-06T08:35:30.301657+09:00","Action":"run","Package":"waiting-room/internal/installplan","Test":"TestDeterministicPlanAndOwnedSlices/repeat#63"}
{"Time":"2026-09-06T08:35:30.30166+09:00","Action":"output","Package":"waiting-room/internal/installplan","Test":"TestDeterministicPlanAndOwnedSlices/repeat#63","Output":"=== RUN   TestDeterministicPlanAndOwnedSlices/repeat#63\n"}
{"Time":"2026-09-06T08:35:30.301672+09:00","Action":"output","Package":"waiting-room/internal/installplan","Test":"TestDeterministicPlanAndOwnedSlices/repeat#63","Output":"=== PAUSE TestDeterministicPlanAndOwnedSlices/repeat#63\n"}
{"Time":"2026-09-06T08:35:30.301674+09:00","Action":"pause","Package":"waiting-room/internal/installplan","Test":"TestDeterministicPlanAndOwnedSlices/repeat#63"}
{"Time":"2026-09-06T08:35:30.301689+09:00","Action":"run","Package":"waiting-room/internal/installplan","Test":"TestDeterministicPlanAndOwnedSlices/repeat#64"}
{"Time":"2026-09-06T08:35:30.301691+09:00","Action":"output","Package":"waiting-room/internal/installplan","Test":"TestDeterministicPlanAndOwnedSlices/repeat#64","Output":"=== RUN   TestDeterministicPlanAndOwnedSlices/repeat#64\n"}
{"Time":"2026-09-06T08:35:30.301705+09:00","Action":"output","Package":"waiting-room/internal/installplan","Test":"TestDeterministicPlanAndOwnedSlices/repeat#64","Output":"=== PAUSE TestDeterministicPlanAndOwnedSlices/repeat#64\n"}
{"Time":"2026-09-06T08:35:30.301707+09:00","Action":"pause","Package":"waiting-room/internal/installplan","Test":"TestDeterministicPlanAndOwnedSlices/repeat#64"}
{"Time":"2026-09-06T08:35:30.301723+09:00","Action":"run","Package":"waiting-room/internal/installplan","Test":"TestDeterministicPlanAndOwnedSlices/repeat#65"}
{"Time":"2026-09-06T08:35:30.301725+09:00","Action":"output","Package":"waiting-room/internal/installplan","Test":"TestDeterministicPlanAndOwnedSlices/repeat#65","Output":"=== RUN   TestDeterministicPlanAndOwnedSlices/repeat#65\n"}
{"Time":"2026-09-06T08:35:30.301738+09:00","Action":"output","Package":"waiting-room/internal/installplan","Test":"TestDeterministicPlanAndOwnedSlices/repeat#65","Output":"=== PAUSE TestDeterministicPlanAndOwnedSlices/repeat#65\n"}
{"Time":"2026-09-06T08:35:30.301741+09:00","Action":"pause","Package":"waiting-room/internal/installplan","Test":"TestDeterministicPlanAndOwnedSlices/repeat#65"}
{"Time":"2026-09-06T08:35:30.301756+09:00","Action":"run","Package":"waiting-room/internal/installplan","Test":"TestDeterministicPlanAndOwnedSlices/repeat#66"}
{"Time":"2026-09-06T08:35:30.301758+09:00","Action":"output","Package":"waiting-room/internal/installplan","Test":"TestDeterministicPlanAndOwnedSlices/repeat#66","Output":"=== RUN   TestDeterministicPlanAndOwnedSlices/repeat#66\n"}
{"Time":"2026-09-06T08:35:30.301773+09:00","Action":"output","Package":"waiting-room/internal/installplan","Test":"TestDeterministicPlanAndOwnedSlices/repeat#66","Output":"=== PAUSE TestDeterministicPlanAndOwnedSlices/repeat#66\n"}
{"Time":"2026-09-06T08:35:30.301776+09:00","Action":"pause","Package":"waiting-room/internal/installplan","Test":"TestDeterministicPlanAndOwnedSlices/repeat#66"}
{"Time":"2026-09-06T08:35:30.301796+09:00","Action":"run","Package":"waiting-room/internal/installplan","Test":"TestDeterministicPlanAndOwnedSlices/repeat#67"}
{"Time":"2026-09-06T08:35:30.3018+09:00","Action":"output","Package":"waiting-room/internal/installplan","Test":"TestDeterministicPlanAndOwnedSlices/repeat#67","Output":"=== RUN   TestDeterministicPlanAndOwnedSlices/repeat#67\n"}
{"Time":"2026-09-06T08:35:30.30181+09:00","Action":"output","Package":"waiting-room/internal/installplan","Test":"TestDeterministicPlanAndOwnedSlices/repeat#67","Output":"=== PAUSE TestDeterministicPlanAndOwnedSlices/repeat#67\n"}
{"Time":"2026-09-06T08:35:30.301812+09:00","Action":"pause","Package":"waiting-room/internal/installplan","Test":"TestDeterministicPlanAndOwnedSlices/repeat#67"}
{"Time":"2026-09-06T08:35:30.301828+09:00","Action":"run","Package":"waiting-room/internal/installplan","Test":"TestDeterministicPlanAndOwnedSlices/repeat#68"}
{"Time":"2026-09-06T08:35:30.301831+09:00","Action":"output","Package":"waiting-room/internal/installplan","Test":"TestDeterministicPlanAndOwnedSlices/repeat#68","Output":"=== RUN   TestDeterministicPlanAndOwnedSlices/repeat#68\n"}
{"Time":"2026-09-06T08:35:30.301844+09:00","Action":"output","Package":"waiting-room/internal/installplan","Test":"TestDeterministicPlanAndOwnedSlices/repeat#68","Output":"=== PAUSE TestDeterministicPlanAndOwnedSlices/repeat#68\n"}
{"Time":"2026-09-06T08:35:30.301846+09:00","Action":"pause","Package":"waiting-room/internal/installplan","Test":"TestDeterministicPlanAndOwnedSlices/repeat#68"}
{"Time":"2026-09-06T08:35:30.301863+09:00","Action":"run","Package":"waiting-room/internal/installplan","Test":"TestDeterministicPlanAndOwnedSlices/repeat#69"}
{"Time":"2026-09-06T08:35:30.301865+09:00","Action":"output","Package":"waiting-room/internal/installplan","Test":"TestDeterministicPlanAndOwnedSlices/repeat#69","Output":"=== RUN   TestDeterministicPlanAndOwnedSlices/repeat#69\n"}
{"Time":"2026-09-06T08:35:30.30188+09:00","Action":"output","Package":"waiting-room/internal/installplan","Test":"TestDeterministicPlanAndOwnedSlices/repeat#69","Output":"=== PAUSE TestDeterministicPlanAndOwnedSlices/repeat#69\n"}
{"Time":"2026-09-06T08:35:30.301882+09:00","Action":"pause","Package":"waiting-room/internal/installplan","Test":"TestDeterministicPlanAndOwnedSlices/repeat#69"}
{"Time":"2026-09-06T08:35:30.301894+09:00","Action":"run","Package":"waiting-room/internal/installplan","Test":"TestDeterministicPlanAndOwnedSlices/repeat#70"}
{"Time":"2026-09-06T08:35:30.301897+09:00","Action":"output","Package":"waiting-room/internal/installplan","Test":"TestDeterministicPlanAndOwnedSlices/repeat#70","Output":"=== RUN   TestDeterministicPlanAndOwnedSlices/repeat#70\n"}
{"Time":"2026-09-06T08:35:30.301914+09:00","Action":"output","Package":"waiting-room/internal/installplan","Test":"TestDeterministicPlanAndOwnedSlices/repeat#70","Output":"=== PAUSE TestDeterministicPlanAndOwnedSlices/repeat#70\n"}
{"Time":"2026-09-06T08:35:30.301917+09:00","Action":"pause","Package":"waiting-room/internal/installplan","Test":"TestDeterministicPlanAndOwnedSlices/repeat#70"}
{"Time":"2026-09-06T08:35:30.301931+09:00","Action":"run","Package":"waiting-room/internal/installplan","Test":"TestDeterministicPlanAndOwnedSlices/repeat#71"}
{"Time":"2026-09-06T08:35:30.301933+09:00","Action":"output","Package":"waiting-room/internal/installplan","Test":"TestDeterministicPlanAndOwnedSlices/repeat#71","Output":"=== RUN   TestDeterministicPlanAndOwnedSlices/repeat#71\n"}
{"Time":"2026-09-06T08:35:30.301949+09:00","Action":"output","Package":"waiting-room/internal/installplan","Test":"TestDeterministicPlanAndOwnedSlices/repeat#71","Output":"=== PAUSE TestDeterministicPlanAndOwnedSlices/repeat#71\n"}
{"Time":"2026-09-06T08:35:30.301952+09:00","Action":"pause","Package":"waiting-room/internal/installplan","Test":"TestDeterministicPlanAndOwnedSlices/repeat#71"}
{"Time":"2026-09-06T08:35:30.301967+09:00","Action":"run","Package":"waiting-room/internal/installplan","Test":"TestDeterministicPlanAndOwnedSlices/repeat#72"}
{"Time":"2026-09-06T08:35:30.301969+09:00","Action":"output","Package":"waiting-room/internal/installplan","Test":"TestDeterministicPlanAndOwnedSlices/repeat#72","Output":"=== RUN   TestDeterministicPlanAndOwnedSlices/repeat#72\n"}
{"Time":"2026-09-06T08:35:30.301983+09:00","Action":"output","Package":"waiting-room/internal/installplan","Test":"TestDeterministicPlanAndOwnedSlices/repeat#72","Output":"=== PAUSE TestDeterministicPlanAndOwnedSlices/repeat#72\n"}
{"Time":"2026-09-06T08:35:30.301988+09:00","Action":"pause","Package":"waiting-room/internal/installplan","Test":"TestDeterministicPlanAndOwnedSlices/repeat#72"}
{"Time":"2026-09-06T08:35:30.302+09:00","Action":"run","Package":"waiting-room/internal/installplan","Test":"TestDeterministicPlanAndOwnedSlices/repeat#73"}
{"Time":"2026-09-06T08:35:30.302004+09:00","Action":"output","Package":"waiting-room/internal/installplan","Test":"TestDeterministicPlanAndOwnedSlices/repeat#73","Output":"=== RUN   TestDeterministicPlanAndOwnedSlices/repeat#73\n"}
{"Time":"2026-09-06T08:35:30.302017+09:00","Action":"output","Package":"waiting-room/internal/installplan","Test":"TestDeterministicPlanAndOwnedSlices/repeat#73","Output":"=== PAUSE TestDeterministicPlanAndOwnedSlices/repeat#73\n"}
{"Time":"2026-09-06T08:35:30.302019+09:00","Action":"pause","Package":"waiting-room/internal/installplan","Test":"TestDeterministicPlanAndOwnedSlices/repeat#73"}
{"Time":"2026-09-06T08:35:30.302033+09:00","Action":"run","Package":"waiting-room/internal/installplan","Test":"TestDeterministicPlanAndOwnedSlices/repeat#74"}
{"Time":"2026-09-06T08:35:30.302035+09:00","Action":"output","Package":"waiting-room/internal/installplan","Test":"TestDeterministicPlanAndOwnedSlices/repeat#74","Output":"=== RUN   TestDeterministicPlanAndOwnedSlices/repeat#74\n"}
{"Time":"2026-09-06T08:35:30.302051+09:00","Action":"output","Package":"waiting-room/internal/installplan","Test":"TestDeterministicPlanAndOwnedSlices/repeat#74","Output":"=== PAUSE TestDeterministicPlanAndOwnedSlices/repeat#74\n"}
{"Time":"2026-09-06T08:35:30.302053+09:00","Action":"pause","Package":"waiting-room/internal/installplan","Test":"TestDeterministicPlanAndOwnedSlices/repeat#74"}
{"Time":"2026-09-06T08:35:30.302071+09:00","Action":"run","Package":"waiting-room/internal/installplan","Test":"TestDeterministicPlanAndOwnedSlices/repeat#75"}
{"Time":"2026-09-06T08:35:30.302074+09:00","Action":"output","Package":"waiting-room/internal/installplan","Test":"TestDeterministicPlanAndOwnedSlices/repeat#75","Output":"=== RUN   TestDeterministicPlanAndOwnedSlices/repeat#75\n"}
{"Time":"2026-09-06T08:35:30.302084+09:00","Action":"output","Package":"waiting-room/internal/installplan","Test":"TestDeterministicPlanAndOwnedSlices/repeat#75","Output":"=== PAUSE TestDeterministicPlanAndOwnedSlices/repeat#75\n"}
{"Time":"2026-09-06T08:35:30.302086+09:00","Action":"pause","Package":"waiting-room/internal/installplan","Test":"TestDeterministicPlanAndOwnedSlices/repeat#75"}
{"Time":"2026-09-06T08:35:30.302101+09:00","Action":"run","Package":"waiting-room/internal/installplan","Test":"TestDeterministicPlanAndOwnedSlices/repeat#76"}
{"Time":"2026-09-06T08:35:30.302103+09:00","Action":"output","Package":"waiting-room/internal/installplan","Test":"TestDeterministicPlanAndOwnedSlices/repeat#76","Output":"=== RUN   TestDeterministicPlanAndOwnedSlices/repeat#76\n"}
{"Time":"2026-09-06T08:35:30.302118+09:00","Action":"output","Package":"waiting-room/internal/installplan","Test":"TestDeterministicPlanAndOwnedSlices/repeat#76","Output":"=== PAUSE TestDeterministicPlanAndOwnedSlices/repeat#76\n"}
{"Time":"2026-09-06T08:35:30.30212+09:00","Action":"pause","Package":"waiting-room/internal/installplan","Test":"TestDeterministicPlanAndOwnedSlices/repeat#76"}
{"Time":"2026-09-06T08:35:30.302133+09:00","Action":"run","Package":"waiting-room/internal/installplan","Test":"TestDeterministicPlanAndOwnedSlices/repeat#77"}
{"Time":"2026-09-06T08:35:30.302135+09:00","Action":"output","Package":"waiting-room/internal/installplan","Test":"TestDeterministicPlanAndOwnedSlices/repeat#77","Output":"=== RUN   TestDeterministicPlanAndOwnedSlices/repeat#77\n"}
{"Time":"2026-09-06T08:35:30.30215+09:00","Action":"output","Package":"waiting-room/internal/installplan","Test":"TestDeterministicPlanAndOwnedSlices/repeat#77","Output":"=== PAUSE TestDeterministicPlanAndOwnedSlices/repeat#77\n"}
{"Time":"2026-09-06T08:35:30.302152+09:00","Action":"pause","Package":"waiting-room/internal/installplan","Test":"TestDeterministicPlanAndOwnedSlices/repeat#77"}
{"Time":"2026-09-06T08:35:30.302166+09:00","Action":"run","Package":"waiting-room/internal/installplan","Test":"TestDeterministicPlanAndOwnedSlices/repeat#78"}
{"Time":"2026-09-06T08:35:30.302168+09:00","Action":"output","Package":"waiting-room/internal/installplan","Test":"TestDeterministicPlanAndOwnedSlices/repeat#78","Output":"=== RUN   TestDeterministicPlanAndOwnedSlices/repeat#78\n"}
{"Time":"2026-09-06T08:35:30.302186+09:00","Action":"output","Package":"waiting-room/internal/installplan","Test":"TestDeterministicPlanAndOwnedSlices/repeat#78","Output":"=== PAUSE TestDeterministicPlanAndOwnedSlices/repeat#78\n"}
{"Time":"2026-09-06T08:35:30.302188+09:00","Action":"pause","Package":"waiting-room/internal/installplan","Test":"TestDeterministicPlanAndOwnedSlices/repeat#78"}
{"Time":"2026-09-06T08:35:30.302199+09:00","Action":"run","Package":"waiting-room/internal/installplan","Test":"TestDeterministicPlanAndOwnedSlices/repeat#79"}
{"Time":"2026-09-06T08:35:30.302204+09:00","Action":"output","Package":"waiting-room/internal/installplan","Test":"TestDeterministicPlanAndOwnedSlices/repeat#79","Output":"=== RUN   TestDeterministicPlanAndOwnedSlices/repeat#79\n"}
{"Time":"2026-09-06T08:35:30.302217+09:00","Action":"output","Package":"waiting-room/internal/installplan","Test":"TestDeterministicPlanAndOwnedSlices/repeat#79","Output":"=== PAUSE TestDeterministicPlanAndOwnedSlices/repeat#79\n"}
{"Time":"2026-09-06T08:35:30.302219+09:00","Action":"pause","Package":"waiting-room/internal/installplan","Test":"TestDeterministicPlanAndOwnedSlices/repeat#79"}
{"Time":"2026-09-06T08:35:30.302233+09:00","Action":"run","Package":"waiting-room/internal/installplan","Test":"TestDeterministicPlanAndOwnedSlices/repeat#80"}
{"Time":"2026-09-06T08:35:30.302235+09:00","Action":"output","Package":"waiting-room/internal/installplan","Test":"TestDeterministicPlanAndOwnedSlices/repeat#80","Output":"=== RUN   TestDeterministicPlanAndOwnedSlices/repeat#80\n"}
{"Time":"2026-09-06T08:35:30.302249+09:00","Action":"output","Package":"waiting-room/internal/installplan","Test":"TestDeterministicPlanAndOwnedSlices/repeat#80","Output":"=== PAUSE TestDeterministicPlanAndOwnedSlices/repeat#80\n"}
{"Time":"2026-09-06T08:35:30.302251+09:00","Action":"pause","Package":"waiting-room/internal/installplan","Test":"TestDeterministicPlanAndOwnedSlices/repeat#80"}
{"Time":"2026-09-06T08:35:30.302268+09:00","Action":"run","Package":"waiting-room/internal/installplan","Test":"TestDeterministicPlanAndOwnedSlices/repeat#81"}
{"Time":"2026-09-06T08:35:30.30227+09:00","Action":"output","Package":"waiting-room/internal/installplan","Test":"TestDeterministicPlanAndOwnedSlices/repeat#81","Output":"=== RUN   TestDeterministicPlanAndOwnedSlices/repeat#81\n"}
{"Time":"2026-09-06T08:35:30.30229+09:00","Action":"output","Package":"waiting-room/internal/installplan","Test":"TestDeterministicPlanAndOwnedSlices/repeat#81","Output":"=== PAUSE TestDeterministicPlanAndOwnedSlices/repeat#81\n"}
{"Time":"2026-09-06T08:35:30.302292+09:00","Action":"pause","Package":"waiting-room/internal/installplan","Test":"TestDeterministicPlanAndOwnedSlices/repeat#81"}
{"Time":"2026-09-06T08:35:30.302297+09:00","Action":"run","Package":"waiting-room/internal/installplan","Test":"TestDeterministicPlanAndOwnedSlices/repeat#82"}
{"Time":"2026-09-06T08:35:30.302298+09:00","Action":"output","Package":"waiting-room/internal/installplan","Test":"TestDeterministicPlanAndOwnedSlices/repeat#82","Output":"=== RUN   TestDeterministicPlanAndOwnedSlices/repeat#82\n"}
{"Time":"2026-09-06T08:35:30.302322+09:00","Action":"output","Package":"waiting-room/internal/installplan","Test":"TestDeterministicPlanAndOwnedSlices/repeat#82","Output":"=== PAUSE TestDeterministicPlanAndOwnedSlices/repeat#82\n"}
{"Time":"2026-09-06T08:35:30.302324+09:00","Action":"pause","Package":"waiting-room/internal/installplan","Test":"TestDeterministicPlanAndOwnedSlices/repeat#82"}
{"Time":"2026-09-06T08:35:30.302327+09:00","Action":"run","Package":"waiting-room/internal/installplan","Test":"TestDeterministicPlanAndOwnedSlices/repeat#83"}
{"Time":"2026-09-06T08:35:30.302329+09:00","Action":"output","Package":"waiting-room/internal/installplan","Test":"TestDeterministicPlanAndOwnedSlices/repeat#83","Output":"=== RUN   TestDeterministicPlanAndOwnedSlices/repeat#83\n"}
{"Time":"2026-09-06T08:35:30.302346+09:00","Action":"output","Package":"waiting-room/internal/installplan","Test":"TestDeterministicPlanAndOwnedSlices/repeat#83","Output":"=== PAUSE TestDeterministicPlanAndOwnedSlices/repeat#83\n"}
{"Time":"2026-09-06T08:35:30.302348+09:00","Action":"pause","Package":"waiting-room/internal/installplan","Test":"TestDeterministicPlanAndOwnedSlices/repeat#83"}
{"Time":"2026-09-06T08:35:30.302366+09:00","Action":"run","Package":"waiting-room/internal/installplan","Test":"TestDeterministicPlanAndOwnedSlices/repeat#84"}
{"Time":"2026-09-06T08:35:30.302369+09:00","Action":"output","Package":"waiting-room/internal/installplan","Test":"TestDeterministicPlanAndOwnedSlices/repeat#84","Output":"=== RUN   TestDeterministicPlanAndOwnedSlices/repeat#84\n"}
{"Time":"2026-09-06T08:35:30.302383+09:00","Action":"output","Package":"waiting-room/internal/installplan","Test":"TestDeterministicPlanAndOwnedSlices/repeat#84","Output":"=== PAUSE TestDeterministicPlanAndOwnedSlices/repeat#84\n"}
{"Time":"2026-09-06T08:35:30.302385+09:00","Action":"pause","Package":"waiting-room/internal/installplan","Test":"TestDeterministicPlanAndOwnedSlices/repeat#84"}
{"Time":"2026-09-06T08:35:30.302399+09:00","Action":"run","Package":"waiting-room/internal/installplan","Test":"TestDeterministicPlanAndOwnedSlices/repeat#85"}
{"Time":"2026-09-06T08:35:30.302402+09:00","Action":"output","Package":"waiting-room/internal/installplan","Test":"TestDeterministicPlanAndOwnedSlices/repeat#85","Output":"=== RUN   TestDeterministicPlanAndOwnedSlices/repeat#85\n"}
{"Time":"2026-09-06T08:35:30.302416+09:00","Action":"output","Package":"waiting-room/internal/installplan","Test":"TestDeterministicPlanAndOwnedSlices/repeat#85","Output":"=== PAUSE TestDeterministicPlanAndOwnedSlices/repeat#85\n"}
{"Time":"2026-09-06T08:35:30.302417+09:00","Action":"pause","Package":"waiting-room/internal/installplan","Test":"TestDeterministicPlanAndOwnedSlices/repeat#85"}
{"Time":"2026-09-06T08:35:30.302434+09:00","Action":"run","Package":"waiting-room/internal/installplan","Test":"TestDeterministicPlanAndOwnedSlices/repeat#86"}
{"Time":"2026-09-06T08:35:30.302436+09:00","Action":"output","Package":"waiting-room/internal/installplan","Test":"TestDeterministicPlanAndOwnedSlices/repeat#86","Output":"=== RUN   TestDeterministicPlanAndOwnedSlices/repeat#86\n"}
{"Time":"2026-09-06T08:35:30.302452+09:00","Action":"output","Package":"waiting-room/internal/installplan","Test":"TestDeterministicPlanAndOwnedSlices/repeat#86","Output":"=== PAUSE TestDeterministicPlanAndOwnedSlices/repeat#86\n"}
{"Time":"2026-09-06T08:35:30.302455+09:00","Action":"pause","Package":"waiting-room/internal/installplan","Test":"TestDeterministicPlanAndOwnedSlices/repeat#86"}
{"Time":"2026-09-06T08:35:30.302468+09:00","Action":"run","Package":"waiting-room/internal/installplan","Test":"TestDeterministicPlanAndOwnedSlices/repeat#87"}
{"Time":"2026-09-06T08:35:30.30247+09:00","Action":"output","Package":"waiting-room/internal/installplan","Test":"TestDeterministicPlanAndOwnedSlices/repeat#87","Output":"=== RUN   TestDeterministicPlanAndOwnedSlices/repeat#87\n"}
{"Time":"2026-09-06T08:35:30.302483+09:00","Action":"output","Package":"waiting-room/internal/installplan","Test":"TestDeterministicPlanAndOwnedSlices/repeat#87","Output":"=== PAUSE TestDeterministicPlanAndOwnedSlices/repeat#87\n"}
{"Time":"2026-09-06T08:35:30.302485+09:00","Action":"pause","Package":"waiting-room/internal/installplan","Test":"TestDeterministicPlanAndOwnedSlices/repeat#87"}
{"Time":"2026-09-06T08:35:30.302498+09:00","Action":"run","Package":"waiting-room/internal/installplan","Test":"TestDeterministicPlanAndOwnedSlices/repeat#88"}
{"Time":"2026-09-06T08:35:30.3025+09:00","Action":"output","Package":"waiting-room/internal/installplan","Test":"TestDeterministicPlanAndOwnedSlices/repeat#88","Output":"=== RUN   TestDeterministicPlanAndOwnedSlices/repeat#88\n"}
{"Time":"2026-09-06T08:35:30.302515+09:00","Action":"output","Package":"waiting-room/internal/installplan","Test":"TestDeterministicPlanAndOwnedSlices/repeat#88","Output":"=== PAUSE TestDeterministicPlanAndOwnedSlices/repeat#88\n"}
{"Time":"2026-09-06T08:35:30.302517+09:00","Action":"pause","Package":"waiting-room/internal/installplan","Test":"TestDeterministicPlanAndOwnedSlices/repeat#88"}
{"Time":"2026-09-06T08:35:30.302532+09:00","Action":"run","Package":"waiting-room/internal/installplan","Test":"TestDeterministicPlanAndOwnedSlices/repeat#89"}
{"Time":"2026-09-06T08:35:30.302534+09:00","Action":"output","Package":"waiting-room/internal/installplan","Test":"TestDeterministicPlanAndOwnedSlices/repeat#89","Output":"=== RUN   TestDeterministicPlanAndOwnedSlices/repeat#89\n"}
{"Time":"2026-09-06T08:35:30.302548+09:00","Action":"output","Package":"waiting-room/internal/installplan","Test":"TestDeterministicPlanAndOwnedSlices/repeat#89","Output":"=== PAUSE TestDeterministicPlanAndOwnedSlices/repeat#89\n"}
{"Time":"2026-09-06T08:35:30.30255+09:00","Action":"pause","Package":"waiting-room/internal/installplan","Test":"TestDeterministicPlanAndOwnedSlices/repeat#89"}
{"Time":"2026-09-06T08:35:30.302565+09:00","Action":"run","Package":"waiting-room/internal/installplan","Test":"TestDeterministicPlanAndOwnedSlices/repeat#90"}
{"Time":"2026-09-06T08:35:30.302568+09:00","Action":"output","Package":"waiting-room/internal/installplan","Test":"TestDeterministicPlanAndOwnedSlices/repeat#90","Output":"=== RUN   TestDeterministicPlanAndOwnedSlices/repeat#90\n"}
{"Time":"2026-09-06T08:35:30.302585+09:00","Action":"output","Package":"waiting-room/internal/installplan","Test":"TestDeterministicPlanAndOwnedSlices/repeat#90","Output":"=== PAUSE TestDeterministicPlanAndOwnedSlices/repeat#90\n"}
{"Time":"2026-09-06T08:35:30.302586+09:00","Action":"pause","Package":"waiting-room/internal/installplan","Test":"TestDeterministicPlanAndOwnedSlices/repeat#90"}
{"Time":"2026-09-06T08:35:30.3026+09:00","Action":"run","Package":"waiting-room/internal/installplan","Test":"TestDeterministicPlanAndOwnedSlices/repeat#91"}
{"Time":"2026-09-06T08:35:30.302602+09:00","Action":"output","Package":"waiting-room/internal/installplan","Test":"TestDeterministicPlanAndOwnedSlices/repeat#91","Output":"=== RUN   TestDeterministicPlanAndOwnedSlices/repeat#91\n"}
{"Time":"2026-09-06T08:35:30.302616+09:00","Action":"output","Package":"waiting-room/internal/installplan","Test":"TestDeterministicPlanAndOwnedSlices/repeat#91","Output":"=== PAUSE TestDeterministicPlanAndOwnedSlices/repeat#91\n"}
{"Time":"2026-09-06T08:35:30.302618+09:00","Action":"pause","Package":"waiting-room/internal/installplan","Test":"TestDeterministicPlanAndOwnedSlices/repeat#91"}
{"Time":"2026-09-06T08:35:30.302632+09:00","Action":"run","Package":"waiting-room/internal/installplan","Test":"TestDeterministicPlanAndOwnedSlices/repeat#92"}
{"Time":"2026-09-06T08:35:30.302637+09:00","Action":"output","Package":"waiting-room/internal/installplan","Test":"TestDeterministicPlanAndOwnedSlices/repeat#92","Output":"=== RUN   TestDeterministicPlanAndOwnedSlices/repeat#92\n"}
{"Time":"2026-09-06T08:35:30.302654+09:00","Action":"output","Package":"waiting-room/internal/installplan","Test":"TestDeterministicPlanAndOwnedSlices/repeat#92","Output":"=== PAUSE TestDeterministicPlanAndOwnedSlices/repeat#92\n"}
{"Time":"2026-09-06T08:35:30.30266+09:00","Action":"pause","Package":"waiting-room/internal/installplan","Test":"TestDeterministicPlanAndOwnedSlices/repeat#92"}
{"Time":"2026-09-06T08:35:30.302663+09:00","Action":"run","Package":"waiting-room/internal/installplan","Test":"TestDeterministicPlanAndOwnedSlices/repeat#93"}
{"Time":"2026-09-06T08:35:30.302664+09:00","Action":"output","Package":"waiting-room/internal/installplan","Test":"TestDeterministicPlanAndOwnedSlices/repeat#93","Output":"=== RUN   TestDeterministicPlanAndOwnedSlices/repeat#93\n"}
{"Time":"2026-09-06T08:35:30.302686+09:00","Action":"output","Package":"waiting-room/internal/installplan","Test":"TestDeterministicPlanAndOwnedSlices/repeat#93","Output":"=== PAUSE TestDeterministicPlanAndOwnedSlices/repeat#93\n"}
{"Time":"2026-09-06T08:35:30.302689+09:00","Action":"pause","Package":"waiting-room/internal/installplan","Test":"TestDeterministicPlanAndOwnedSlices/repeat#93"}
{"Time":"2026-09-06T08:35:30.302691+09:00","Action":"run","Package":"waiting-room/internal/installplan","Test":"TestDeterministicPlanAndOwnedSlices/repeat#94"}
{"Time":"2026-09-06T08:35:30.302693+09:00","Action":"output","Package":"waiting-room/internal/installplan","Test":"TestDeterministicPlanAndOwnedSlices/repeat#94","Output":"=== RUN   TestDeterministicPlanAndOwnedSlices/repeat#94\n"}
{"Time":"2026-09-06T08:35:30.302711+09:00","Action":"output","Package":"waiting-room/internal/installplan","Test":"TestDeterministicPlanAndOwnedSlices/repeat#94","Output":"=== PAUSE TestDeterministicPlanAndOwnedSlices/repeat#94\n"}
{"Time":"2026-09-06T08:35:30.302715+09:00","Action":"pause","Package":"waiting-room/internal/installplan","Test":"TestDeterministicPlanAndOwnedSlices/repeat#94"}
{"Time":"2026-09-06T08:35:30.302728+09:00","Action":"run","Package":"waiting-room/internal/installplan","Test":"TestDeterministicPlanAndOwnedSlices/repeat#95"}
{"Time":"2026-09-06T08:35:30.302732+09:00","Action":"output","Package":"waiting-room/internal/installplan","Test":"TestDeterministicPlanAndOwnedSlices/repeat#95","Output":"=== RUN   TestDeterministicPlanAndOwnedSlices/repeat#95\n"}
{"Time":"2026-09-06T08:35:30.302751+09:00","Action":"output","Package":"waiting-room/internal/installplan","Test":"TestDeterministicPlanAndOwnedSlices/repeat#95","Output":"=== PAUSE TestDeterministicPlanAndOwnedSlices/repeat#95\n"}
{"Time":"2026-09-06T08:35:30.302754+09:00","Action":"pause","Package":"waiting-room/internal/installplan","Test":"TestDeterministicPlanAndOwnedSlices/repeat#95"}
{"Time":"2026-09-06T08:35:30.302771+09:00","Action":"run","Package":"waiting-room/internal/installplan","Test":"TestDeterministicPlanAndOwnedSlices/repeat#96"}
{"Time":"2026-09-06T08:35:30.302776+09:00","Action":"output","Package":"waiting-room/internal/installplan","Test":"TestDeterministicPlanAndOwnedSlices/repeat#96","Output":"=== RUN   TestDeterministicPlanAndOwnedSlices/repeat#96\n"}
{"Time":"2026-09-06T08:35:30.302779+09:00","Action":"output","Package":"waiting-room/internal/installplan","Test":"TestDeterministicPlanAndOwnedSlices/repeat#96","Output":"=== PAUSE TestDeterministicPlanAndOwnedSlices/repeat#96\n"}
{"Time":"2026-09-06T08:35:30.302781+09:00","Action":"pause","Package":"waiting-room/internal/installplan","Test":"TestDeterministicPlanAndOwnedSlices/repeat#96"}
{"Time":"2026-09-06T08:35:30.302807+09:00","Action":"run","Package":"waiting-room/internal/installplan","Test":"TestDeterministicPlanAndOwnedSlices/repeat#97"}
{"Time":"2026-09-06T08:35:30.302812+09:00","Action":"output","Package":"waiting-room/internal/installplan","Test":"TestDeterministicPlanAndOwnedSlices/repeat#97","Output":"=== RUN   TestDeterministicPlanAndOwnedSlices/repeat#97\n"}
{"Time":"2026-09-06T08:35:30.302814+09:00","Action":"output","Package":"waiting-room/internal/installplan","Test":"TestDeterministicPlanAndOwnedSlices/repeat#97","Output":"=== PAUSE TestDeterministicPlanAndOwnedSlices/repeat#97\n"}
{"Time":"2026-09-06T08:35:30.302816+09:00","Action":"pause","Package":"waiting-room/internal/installplan","Test":"TestDeterministicPlanAndOwnedSlices/repeat#97"}
{"Time":"2026-09-06T08:35:30.302828+09:00","Action":"run","Package":"waiting-room/internal/installplan","Test":"TestDeterministicPlanAndOwnedSlices/repeat#98"}
{"Time":"2026-09-06T08:35:30.302834+09:00","Action":"output","Package":"waiting-room/internal/installplan","Test":"TestDeterministicPlanAndOwnedSlices/repeat#98","Output":"=== RUN   TestDeterministicPlanAndOwnedSlices/repeat#98\n"}
{"Time":"2026-09-06T08:35:30.302851+09:00","Action":"output","Package":"waiting-room/internal/installplan","Test":"TestDeterministicPlanAndOwnedSlices/repeat#98","Output":"=== PAUSE TestDeterministicPlanAndOwnedSlices/repeat#98\n"}
{"Time":"2026-09-06T08:35:30.302853+09:00","Action":"pause","Package":"waiting-room/internal/installplan","Test":"TestDeterministicPlanAndOwnedSlices/repeat#98"}
{"Time":"2026-09-06T08:35:30.302877+09:00","Action":"run","Package":"waiting-room/internal/installplan","Test":"TestDeterministicPlanAndOwnedSlices/repeat#99"}
{"Time":"2026-09-06T08:35:30.30288+09:00","Action":"output","Package":"waiting-room/internal/installplan","Test":"TestDeterministicPlanAndOwnedSlices/repeat#99","Output":"=== RUN   TestDeterministicPlanAndOwnedSlices/repeat#99\n"}
{"Time":"2026-09-06T08:35:30.302883+09:00","Action":"output","Package":"waiting-room/internal/installplan","Test":"TestDeterministicPlanAndOwnedSlices/repeat#99","Output":"=== PAUSE TestDeterministicPlanAndOwnedSlices/repeat#99\n"}
{"Time":"2026-09-06T08:35:30.302884+09:00","Action":"pause","Package":"waiting-room/internal/installplan","Test":"TestDeterministicPlanAndOwnedSlices/repeat#99"}
{"Time":"2026-09-06T08:35:30.302935+09:00","Action":"cont","Package":"waiting-room/internal/installplan","Test":"TestDeterministicPlanAndOwnedSlices/repeat#06"}
{"Time":"2026-09-06T08:35:30.302957+09:00","Action":"output","Package":"waiting-room/internal/installplan","Test":"TestDeterministicPlanAndOwnedSlices/repeat#06","Output":"=== CONT  TestDeterministicPlanAndOwnedSlices/repeat#06\n"}
{"Time":"2026-09-06T08:35:30.302969+09:00","Action":"cont","Package":"waiting-room/internal/installplan","Test":"TestDeterministicPlanAndOwnedSlices/repeat#51"}
{"Time":"2026-09-06T08:35:30.302974+09:00","Action":"output","Package":"waiting-room/internal/installplan","Test":"TestDeterministicPlanAndOwnedSlices/repeat#51","Output":"=== CONT  TestDeterministicPlanAndOwnedSlices/repeat#51\n"}
{"Time":"2026-09-06T08:35:30.303001+09:00","Action":"cont","Package":"waiting-room/internal/installplan","Test":"TestDeterministicPlanAndOwnedSlices/repeat#74"}
{"Time":"2026-09-06T08:35:30.303012+09:00","Action":"output","Package":"waiting-room/internal/installplan","Test":"TestDeterministicPlanAndOwnedSlices/repeat#74","Output":"=== CONT  TestDeterministicPlanAndOwnedSlices/repeat#74\n"}
{"Time":"2026-09-06T08:35:30.303016+09:00","Action":"cont","Package":"waiting-room/internal/installplan","Test":"TestDeterministicPlanAndOwnedSlices/repeat#93"}
{"Time":"2026-09-06T08:35:30.30302+09:00","Action":"output","Package":"waiting-room/internal/installplan","Test":"TestDeterministicPlanAndOwnedSlices/repeat#93","Output":"=== CONT  TestDeterministicPlanAndOwnedSlices/repeat#93\n"}
{"Time":"2026-09-06T08:35:30.303685+09:00","Action":"output","Package":"waiting-room/internal/installplan","Test":"TestDeterministicPlanAndOwnedSlices/repeat#06","Output":"--- PASS: TestDeterministicPlanAndOwnedSlices/repeat#06 (0.00s)\n"}
{"Time":"2026-09-06T08:35:30.303695+09:00","Action":"pass","Package":"waiting-room/internal/installplan","Test":"TestDeterministicPlanAndOwnedSlices/repeat#06","Elapsed":0}
{"Time":"2026-09-06T08:35:30.303697+09:00","Action":"cont","Package":"waiting-room/internal/installplan","Test":"TestDeterministicPlanAndOwnedSlices/repeat#48"}
{"Time":"2026-09-06T08:35:30.303698+09:00","Action":"output","Package":"waiting-room/internal/installplan","Test":"TestDeterministicPlanAndOwnedSlices/repeat#48","Output":"=== CONT  TestDeterministicPlanAndOwnedSlices/repeat#48\n"}
{"Time":"2026-09-06T08:35:30.303699+09:00","Action":"cont","Package":"waiting-room/internal/installplan","Test":"TestDeterministicPlanAndOwnedSlices/repeat#92"}
{"Time":"2026-09-06T08:35:30.3037+09:00","Action":"output","Package":"waiting-room/internal/installplan","Test":"TestDeterministicPlanAndOwnedSlices/repeat#92","Output":"=== CONT  TestDeterministicPlanAndOwnedSlices/repeat#92\n"}
{"Time":"2026-09-06T08:35:30.303702+09:00","Action":"cont","Package":"waiting-room/internal/installplan","Test":"TestDeterministicPlanAndOwnedSlices/repeat#89"}
{"Time":"2026-09-06T08:35:30.303703+09:00","Action":"output","Package":"waiting-room/internal/installplan","Test":"TestDeterministicPlanAndOwnedSlices/repeat#89","Output":"=== CONT  TestDeterministicPlanAndOwnedSlices/repeat#89\n"}
{"Time":"2026-09-06T08:35:30.303705+09:00","Action":"cont","Package":"waiting-room/internal/installplan","Test":"TestDeterministicPlanAndOwnedSlices/repeat#98"}
{"Time":"2026-09-06T08:35:30.303706+09:00","Action":"output","Package":"waiting-room/internal/installplan","Test":"TestDeterministicPlanAndOwnedSlices/repeat#98","Output":"=== CONT  TestDeterministicPlanAndOwnedSlices/repeat#98\n"}
{"Time":"2026-09-06T08:35:30.303797+09:00","Action":"cont","Package":"waiting-room/internal/installplan","Test":"TestDeterministicPlanAndOwnedSlices/repeat#99"}
{"Time":"2026-09-06T08:35:30.303806+09:00","Action":"output","Package":"waiting-room/internal/installplan","Test":"TestDeterministicPlanAndOwnedSlices/repeat#99","Output":"=== CONT  TestDeterministicPlanAndOwnedSlices/repeat#99\n"}
{"Time":"2026-09-06T08:35:30.303808+09:00","Action":"cont","Package":"waiting-room/internal/installplan","Test":"TestDeterministicPlanAndOwnedSlices/repeat#96"}
{"Time":"2026-09-06T08:35:30.303809+09:00","Action":"output","Package":"waiting-room/internal/installplan","Test":"TestDeterministicPlanAndOwnedSlices/repeat#96","Output":"=== CONT  TestDeterministicPlanAndOwnedSlices/repeat#96\n"}
{"Time":"2026-09-06T08:35:30.303812+09:00","Action":"cont","Package":"waiting-room/internal/installplan","Test":"TestDeterministicPlanAndOwnedSlices/repeat#95"}
{"Time":"2026-09-06T08:35:30.303813+09:00","Action":"output","Package":"waiting-room/internal/installplan","Test":"TestDeterministicPlanAndOwnedSlices/repeat#95","Output":"=== CONT  TestDeterministicPlanAndOwnedSlices/repeat#95\n"}
{"Time":"2026-09-06T08:35:30.304318+09:00","Action":"cont","Package":"waiting-room/internal/installplan","Test":"TestDeterministicPlanAndOwnedSlices/repeat#97"}
{"Time":"2026-09-06T08:35:30.304323+09:00","Action":"output","Package":"waiting-room/internal/installplan","Test":"TestDeterministicPlanAndOwnedSlices/repeat#97","Output":"=== CONT  TestDeterministicPlanAndOwnedSlices/repeat#97\n"}
{"Time":"2026-09-06T08:35:30.304325+09:00","Action":"cont","Package":"waiting-room/internal/installplan","Test":"TestDeterministicPlanAndOwnedSlices/repeat#73"}
{"Time":"2026-09-06T08:35:30.304326+09:00","Action":"output","Package":"waiting-room/internal/installplan","Test":"TestDeterministicPlanAndOwnedSlices/repeat#73","Output":"=== CONT  TestDeterministicPlanAndOwnedSlices/repeat#73\n"}
{"Time":"2026-09-06T08:35:30.304332+09:00","Action":"cont","Package":"waiting-room/internal/installplan","Test":"TestDeterministicPlanAndOwnedSlices/repeat#87"}
{"Time":"2026-09-06T08:35:30.304334+09:00","Action":"output","Package":"waiting-room/internal/installplan","Test":"TestDeterministicPlanAndOwnedSlices/repeat#87","Output":"=== CONT  TestDeterministicPlanAndOwnedSlices/repeat#87\n"}
{"Time":"2026-09-06T08:35:30.304335+09:00","Action":"cont","Package":"waiting-room/internal/installplan","Test":"TestDeterministicPlanAndOwnedSlices/repeat#75"}
{"Time":"2026-09-06T08:35:30.304336+09:00","Action":"output","Package":"waiting-room/internal/installplan","Test":"TestDeterministicPlanAndOwnedSlices/repeat#75","Output":"=== CONT  TestDeterministicPlanAndOwnedSlices/repeat#75\n"}
{"Time":"2026-09-06T08:35:30.304339+09:00","Action":"output","Package":"waiting-room/internal/installplan","Test":"TestDeterministicPlanAndOwnedSlices/repeat#92","Output":"--- PASS: TestDeterministicPlanAndOwnedSlices/repeat#92 (0.00s)\n"}
{"Time":"2026-09-06T08:35:30.30434+09:00","Action":"pass","Package":"waiting-room/internal/installplan","Test":"TestDeterministicPlanAndOwnedSlices/repeat#92","Elapsed":0}
{"Time":"2026-09-06T08:35:30.304342+09:00","Action":"output","Package":"waiting-room/internal/installplan","Test":"TestDeterministicPlanAndOwnedSlices/repeat#73","Output":"--- PASS: TestDeterministicPlanAndOwnedSlices/repeat#73 (0.00s)\n"}
{"Time":"2026-09-06T08:35:30.304343+09:00","Action":"pass","Package":"waiting-room/internal/installplan","Test":"TestDeterministicPlanAndOwnedSlices/repeat#73","Elapsed":0}
{"Time":"2026-09-06T08:35:30.304344+09:00","Action":"cont","Package":"waiting-room/internal/installplan","Test":"TestDeterministicPlanAndOwnedSlices/repeat#80"}
{"Time":"2026-09-06T08:35:30.304345+09:00","Action":"output","Package":"waiting-room/internal/installplan","Test":"TestDeterministicPlanAndOwnedSlices/repeat#80","Output":"=== CONT  TestDeterministicPlanAndOwnedSlices/repeat#80\n"}
{"Time":"2026-09-06T08:35:30.304347+09:00","Action":"output","Package":"waiting-room/internal/installplan","Test":"TestDeterministicPlanAndOwnedSlices/repeat#93","Output":"--- PASS: TestDeterministicPlanAndOwnedSlices/repeat#93 (0.00s)\n"}
{"Time":"2026-09-06T08:35:30.304571+09:00","Action":"pass","Package":"waiting-room/internal/installplan","Test":"TestDeterministicPlanAndOwnedSlices/repeat#93","Elapsed":0}
{"Time":"2026-09-06T08:35:30.304576+09:00","Action":"output","Package":"waiting-room/internal/installplan","Test":"TestDeterministicPlanAndOwnedSlices/repeat#87","Output":"--- PASS: TestDeterministicPlanAndOwnedSlices/repeat#87 (0.00s)\n"}
{"Time":"2026-09-06T08:35:30.304578+09:00","Action":"pass","Package":"waiting-room/internal/installplan","Test":"TestDeterministicPlanAndOwnedSlices/repeat#87","Elapsed":0}
{"Time":"2026-09-06T08:35:30.304579+09:00","Action":"output","Package":"waiting-room/internal/installplan","Test":"TestDeterministicPlanAndOwnedSlices/repeat#48","Output":"--- PASS: TestDeterministicPlanAndOwnedSlices/repeat#48 (0.00s)\n"}
{"Time":"2026-09-06T08:35:30.304581+09:00","Action":"pass","Package":"waiting-room/internal/installplan","Test":"TestDeterministicPlanAndOwnedSlices/repeat#48","Elapsed":0}
{"Time":"2026-09-06T08:35:30.304583+09:00","Action":"output","Package":"waiting-room/internal/installplan","Test":"TestDeterministicPlanAndOwnedSlices/repeat#98","Output":"--- PASS: TestDeterministicPlanAndOwnedSlices/repeat#98 (0.00s)\n"}
{"Time":"2026-09-06T08:35:30.304585+09:00","Action":"pass","Package":"waiting-room/internal/installplan","Test":"TestDeterministicPlanAndOwnedSlices/repeat#98","Elapsed":0}
{"Time":"2026-09-06T08:35:30.304588+09:00","Action":"output","Package":"waiting-room/internal/installplan","Test":"TestDeterministicPlanAndOwnedSlices/repeat#95","Output":"--- PASS: TestDeterministicPlanAndOwnedSlices/repeat#95 (0.00s)\n"}
{"Time":"2026-09-06T08:35:30.304591+09:00","Action":"pass","Package":"waiting-room/internal/installplan","Test":"TestDeterministicPlanAndOwnedSlices/repeat#95","Elapsed":0}
{"Time":"2026-09-06T08:35:30.304592+09:00","Action":"cont","Package":"waiting-room/internal/installplan","Test":"TestDeterministicPlanAndOwnedSlices/repeat#67"}
{"Time":"2026-09-06T08:35:30.304593+09:00","Action":"output","Package":"waiting-room/internal/installplan","Test":"TestDeterministicPlanAndOwnedSlices/repeat#67","Output":"=== CONT  TestDeterministicPlanAndOwnedSlices/repeat#67\n"}
{"Time":"2026-09-06T08:35:30.304596+09:00","Action":"output","Package":"waiting-room/internal/installplan","Test":"TestDeterministicPlanAndOwnedSlices/repeat#89","Output":"--- PASS: TestDeterministicPlanAndOwnedSlices/repeat#89 (0.00s)\n"}
{"Time":"2026-09-06T08:35:30.304927+09:00","Action":"pass","Package":"waiting-room/internal/installplan","Test":"TestDeterministicPlanAndOwnedSlices/repeat#89","Elapsed":0}
{"Time":"2026-09-06T08:35:30.304932+09:00","Action":"cont","Package":"waiting-room/internal/installplan","Test":"TestDeterministicPlanAndOwnedSlices/repeat#85"}
{"Time":"2026-09-06T08:35:30.304934+09:00","Action":"output","Package":"waiting-room/internal/installplan","Test":"TestDeterministicPlanAndOwnedSlices/repeat#85","Output":"=== CONT  TestDeterministicPlanAndOwnedSlices/repeat#85\n"}
{"Time":"2026-09-06T08:35:30.304935+09:00","Action":"output","Package":"waiting-room/internal/installplan","Test":"TestDeterministicPlanAndOwnedSlices/repeat#74","Output":"--- PASS: TestDeterministicPlanAndOwnedSlices/repeat#74 (0.00s)\n"}
{"Time":"2026-09-06T08:35:30.304946+09:00","Action":"pass","Package":"waiting-room/internal/installplan","Test":"TestDeterministicPlanAndOwnedSlices/repeat#74","Elapsed":0}
{"Time":"2026-09-06T08:35:30.304948+09:00","Action":"output","Package":"waiting-room/internal/installplan","Test":"TestDeterministicPlanAndOwnedSlices/repeat#75","Output":"--- PASS: TestDeterministicPlanAndOwnedSlices/repeat#75 (0.00s)\n"}
{"Time":"2026-09-06T08:35:30.304984+09:00","Action":"pass","Package":"waiting-room/internal/installplan","Test":"TestDeterministicPlanAndOwnedSlices/repeat#75","Elapsed":0}
{"Time":"2026-09-06T08:35:30.304988+09:00","Action":"output","Package":"waiting-room/internal/installplan","Test":"TestDeterministicPlanAndOwnedSlices/repeat#80","Output":"--- PASS: TestDeterministicPlanAndOwnedSlices/repeat#80 (0.00s)\n"}
{"Time":"2026-09-06T08:35:30.30499+09:00","Action":"pass","Package":"waiting-room/internal/installplan","Test":"TestDeterministicPlanAndOwnedSlices/repeat#80","Elapsed":0}
{"Time":"2026-09-06T08:35:30.304991+09:00","Action":"cont","Package":"waiting-room/internal/installplan","Test":"TestDeterministicPlanAndOwnedSlices/repeat#79"}
{"Time":"2026-09-06T08:35:30.304993+09:00","Action":"output","Package":"waiting-room/internal/installplan","Test":"TestDeterministicPlanAndOwnedSlices/repeat#79","Output":"=== CONT  TestDeterministicPlanAndOwnedSlices/repeat#79\n"}
{"Time":"2026-09-06T08:35:30.304996+09:00","Action":"cont","Package":"waiting-room/internal/installplan","Test":"TestDeterministicPlanAndOwnedSlices/repeat#68"}
{"Time":"2026-09-06T08:35:30.304998+09:00","Action":"output","Package":"waiting-room/internal/installplan","Test":"TestDeterministicPlanAndOwnedSlices/repeat#68","Output":"=== CONT  TestDeterministicPlanAndOwnedSlices/repeat#68\n"}
{"Time":"2026-09-06T08:35:30.305032+09:00","Action":"cont","Package":"waiting-room/internal/installplan","Test":"TestDeterministicPlanAndOwnedSlices/repeat#66"}
{"Time":"2026-09-06T08:35:30.305037+09:00","Action":"output","Package":"waiting-room/internal/installplan","Test":"TestDeterministicPlanAndOwnedSlices/repeat#66","Output":"=== CONT  TestDeterministicPlanAndOwnedSlices/repeat#66\n"}
{"Time":"2026-09-06T08:35:30.30508+09:00","Action":"cont","Package":"waiting-room/internal/installplan","Test":"TestDeterministicPlanAndOwnedSlices/repeat#69"}
{"Time":"2026-09-06T08:35:30.305105+09:00","Action":"output","Package":"waiting-room/internal/installplan","Test":"TestDeterministicPlanAndOwnedSlices/repeat#69","Output":"=== CONT  TestDeterministicPlanAndOwnedSlices/repeat#69\n"}
{"Time":"2026-09-06T08:35:30.30511+09:00","Action":"cont","Package":"waiting-room/internal/installplan","Test":"TestDeterministicPlanAndOwnedSlices/repeat#86"}
{"Time":"2026-09-06T08:35:30.305113+09:00","Action":"output","Package":"waiting-room/internal/installplan","Test":"TestDeterministicPlanAndOwnedSlices/repeat#86","Output":"=== CONT  TestDeterministicPlanAndOwnedSlices/repeat#86\n"}
{"Time":"2026-09-06T08:35:30.305117+09:00","Action":"cont","Package":"waiting-room/internal/installplan","Test":"TestDeterministicPlanAndOwnedSlices/repeat#84"}
{"Time":"2026-09-06T08:35:30.30512+09:00","Action":"output","Package":"waiting-room/internal/installplan","Test":"TestDeterministicPlanAndOwnedSlices/repeat#84","Output":"=== CONT  TestDeterministicPlanAndOwnedSlices/repeat#84\n"}
{"Time":"2026-09-06T08:35:30.305127+09:00","Action":"cont","Package":"waiting-room/internal/installplan","Test":"TestDeterministicPlanAndOwnedSlices/repeat#64"}
{"Time":"2026-09-06T08:35:30.30513+09:00","Action":"output","Package":"waiting-room/internal/installplan","Test":"TestDeterministicPlanAndOwnedSlices/repeat#64","Output":"=== CONT  TestDeterministicPlanAndOwnedSlices/repeat#64\n"}
{"Time":"2026-09-06T08:35:30.305374+09:00","Action":"cont","Package":"waiting-room/internal/installplan","Test":"TestDeterministicPlanAndOwnedSlices/repeat#83"}
{"Time":"2026-09-06T08:35:30.30538+09:00","Action":"output","Package":"waiting-room/internal/installplan","Test":"TestDeterministicPlanAndOwnedSlices/repeat#83","Output":"=== CONT  TestDeterministicPlanAndOwnedSlices/repeat#83\n"}
{"Time":"2026-09-06T08:35:30.305382+09:00","Action":"cont","Package":"waiting-room/internal/installplan","Test":"TestDeterministicPlanAndOwnedSlices/repeat#65"}
{"Time":"2026-09-06T08:35:30.305383+09:00","Action":"output","Package":"waiting-room/internal/installplan","Test":"TestDeterministicPlanAndOwnedSlices/repeat#65","Output":"=== CONT  TestDeterministicPlanAndOwnedSlices/repeat#65\n"}
{"Time":"2026-09-06T08:35:30.305385+09:00","Action":"cont","Package":"waiting-room/internal/installplan","Test":"TestDeterministicPlanAndOwnedSlices/repeat#70"}
{"Time":"2026-09-06T08:35:30.305386+09:00","Action":"output","Package":"waiting-room/internal/installplan","Test":"TestDeterministicPlanAndOwnedSlices/repeat#70","Output":"=== CONT  TestDeterministicPlanAndOwnedSlices/repeat#70\n"}
{"Time":"2026-09-06T08:35:30.305388+09:00","Action":"cont","Package":"waiting-room/internal/installplan","Test":"TestDeterministicPlanAndOwnedSlices/repeat#62"}
{"Time":"2026-09-06T08:35:30.305389+09:00","Action":"output","Package":"waiting-room/internal/installplan","Test":"TestDeterministicPlanAndOwnedSlices/repeat#62","Output":"=== CONT  TestDeterministicPlanAndOwnedSlices/repeat#62\n"}
{"Time":"2026-09-06T08:35:30.305391+09:00","Action":"cont","Package":"waiting-room/internal/installplan","Test":"TestDeterministicPlanAndOwnedSlices/repeat#63"}
{"Time":"2026-09-06T08:35:30.305392+09:00","Action":"output","Package":"waiting-room/internal/installplan","Test":"TestDeterministicPlanAndOwnedSlices/repeat#63","Output":"=== CONT  TestDeterministicPlanAndOwnedSlices/repeat#63\n"}
{"Time":"2026-09-06T08:35:30.305396+09:00","Action":"cont","Package":"waiting-room/internal/installplan","Test":"TestDeterministicPlanAndOwnedSlices/repeat#47"}
{"Time":"2026-09-06T08:35:30.305397+09:00","Action":"output","Package":"waiting-room/internal/installplan","Test":"TestDeterministicPlanAndOwnedSlices/repeat#47","Output":"=== CONT  TestDeterministicPlanAndOwnedSlices/repeat#47\n"}
{"Time":"2026-09-06T08:35:30.305398+09:00","Action":"cont","Package":"waiting-room/internal/installplan","Test":"TestDeterministicPlanAndOwnedSlices/repeat#46"}
{"Time":"2026-09-06T08:35:30.3054+09:00","Action":"output","Package":"waiting-room/internal/installplan","Test":"TestDeterministicPlanAndOwnedSlices/repeat#46","Output":"=== CONT  TestDeterministicPlanAndOwnedSlices/repeat#46\n"}
{"Time":"2026-09-06T08:35:30.305403+09:00","Action":"cont","Package":"waiting-room/internal/installplan","Test":"TestDeterministicPlanAndOwnedSlices/repeat#71"}
{"Time":"2026-09-06T08:35:30.305405+09:00","Action":"output","Package":"waiting-room/internal/installplan","Test":"TestDeterministicPlanAndOwnedSlices/repeat#71","Output":"=== CONT  TestDeterministicPlanAndOwnedSlices/repeat#71\n"}
{"Time":"2026-09-06T08:35:30.305432+09:00","Action":"cont","Package":"waiting-room/internal/installplan","Test":"TestDeterministicPlanAndOwnedSlices/repeat#60"}
{"Time":"2026-09-06T08:35:30.305439+09:00","Action":"output","Package":"waiting-room/internal/installplan","Test":"TestDeterministicPlanAndOwnedSlices/repeat#60","Output":"=== CONT  TestDeterministicPlanAndOwnedSlices/repeat#60\n"}
{"Time":"2026-09-06T08:35:30.305443+09:00","Action":"cont","Package":"waiting-room/internal/installplan","Test":"TestDeterministicPlanAndOwnedSlices/repeat#59"}
{"Time":"2026-09-06T08:35:30.305444+09:00","Action":"output","Package":"waiting-room/internal/installplan","Test":"TestDeterministicPlanAndOwnedSlices/repeat#59","Output":"=== CONT  TestDeterministicPlanAndOwnedSlices/repeat#59\n"}
{"Time":"2026-09-06T08:35:30.305462+09:00","Action":"cont","Package":"waiting-room/internal/installplan","Test":"TestDeterministicPlanAndOwnedSlices/repeat#61"}
{"Time":"2026-09-06T08:35:30.305465+09:00","Action":"output","Package":"waiting-room/internal/installplan","Test":"TestDeterministicPlanAndOwnedSlices/repeat#61","Output":"=== CONT  TestDeterministicPlanAndOwnedSlices/repeat#61\n"}
{"Time":"2026-09-06T08:35:30.3055+09:00","Action":"cont","Package":"waiting-room/internal/installplan","Test":"TestDeterministicPlanAndOwnedSlices/repeat#82"}
{"Time":"2026-09-06T08:35:30.305503+09:00","Action":"output","Package":"waiting-room/internal/installplan","Test":"TestDeterministicPlanAndOwnedSlices/repeat#82","Output":"=== CONT  TestDeterministicPlanAndOwnedSlices/repeat#82\n"}
{"Time":"2026-09-06T08:35:30.305505+09:00","Action":"cont","Package":"waiting-room/internal/installplan","Test":"TestDeterministicPlanAndOwnedSlices/repeat#78"}
{"Time":"2026-09-06T08:35:30.305506+09:00","Action":"output","Package":"waiting-room/internal/installplan","Test":"TestDeterministicPlanAndOwnedSlices/repeat#78","Output":"=== CONT  TestDeterministicPlanAndOwnedSlices/repeat#78\n"}
{"Time":"2026-09-06T08:35:30.305508+09:00","Action":"output","Package":"waiting-room/internal/installplan","Test":"TestDeterministicPlanAndOwnedSlices/repeat#51","Output":"--- PASS: TestDeterministicPlanAndOwnedSlices/repeat#51 (0.00s)\n"}
{"Time":"2026-09-06T08:35:30.305521+09:00","Action":"pass","Package":"waiting-room/internal/installplan","Test":"TestDeterministicPlanAndOwnedSlices/repeat#51","Elapsed":0}
{"Time":"2026-09-06T08:35:30.305528+09:00","Action":"output","Package":"waiting-room/internal/installplan","Test":"TestDeterministicPlanAndOwnedSlices/repeat#84","Output":"--- PASS: TestDeterministicPlanAndOwnedSlices/repeat#84 (0.00s)\n"}
{"Time":"2026-09-06T08:35:30.305531+09:00","Action":"pass","Package":"waiting-room/internal/installplan","Test":"TestDeterministicPlanAndOwnedSlices/repeat#84","Elapsed":0}
{"Time":"2026-09-06T08:35:30.305532+09:00","Action":"cont","Package":"waiting-room/internal/installplan","Test":"TestDeterministicPlanAndOwnedSlices/repeat#55"}
{"Time":"2026-09-06T08:35:30.305534+09:00","Action":"output","Package":"waiting-room/internal/installplan","Test":"TestDeterministicPlanAndOwnedSlices/repeat#55","Output":"=== CONT  TestDeterministicPlanAndOwnedSlices/repeat#55\n"}
{"Time":"2026-09-06T08:35:30.305574+09:00","Action":"cont","Package":"waiting-room/internal/installplan","Test":"TestDeterministicPlanAndOwnedSlices/repeat#52"}
{"Time":"2026-09-06T08:35:30.305576+09:00","Action":"output","Package":"waiting-room/internal/installplan","Test":"TestDeterministicPlanAndOwnedSlices/repeat#52","Output":"=== CONT  TestDeterministicPlanAndOwnedSlices/repeat#52\n"}
{"Time":"2026-09-06T08:35:30.305577+09:00","Action":"output","Package":"waiting-room/internal/installplan","Test":"TestDeterministicPlanAndOwnedSlices/repeat#99","Output":"--- PASS: TestDeterministicPlanAndOwnedSlices/repeat#99 (0.00s)\n"}
{"Time":"2026-09-06T08:35:30.305859+09:00","Action":"pass","Package":"waiting-room/internal/installplan","Test":"TestDeterministicPlanAndOwnedSlices/repeat#99","Elapsed":0}
{"Time":"2026-09-06T08:35:30.305865+09:00","Action":"cont","Package":"waiting-room/internal/installplan","Test":"TestDeterministicPlanAndOwnedSlices/repeat#57"}
{"Time":"2026-09-06T08:35:30.305867+09:00","Action":"output","Package":"waiting-room/internal/installplan","Test":"TestDeterministicPlanAndOwnedSlices/repeat#57","Output":"=== CONT  TestDeterministicPlanAndOwnedSlices/repeat#57\n"}
{"Time":"2026-09-06T08:35:30.305869+09:00","Action":"cont","Package":"waiting-room/internal/installplan","Test":"TestDeterministicPlanAndOwnedSlices/repeat#56"}
{"Time":"2026-09-06T08:35:30.305871+09:00","Action":"output","Package":"waiting-room/internal/installplan","Test":"TestDeterministicPlanAndOwnedSlices/repeat#56","Output":"=== CONT  TestDeterministicPlanAndOwnedSlices/repeat#56\n"}
{"Time":"2026-09-06T08:35:30.305901+09:00","Action":"cont","Package":"waiting-room/internal/installplan","Test":"TestDeterministicPlanAndOwnedSlices/repeat#58"}
{"Time":"2026-09-06T08:35:30.305915+09:00","Action":"output","Package":"waiting-room/internal/installplan","Test":"TestDeterministicPlanAndOwnedSlices/repeat#58","Output":"=== CONT  TestDeterministicPlanAndOwnedSlices/repeat#58\n"}
{"Time":"2026-09-06T08:35:30.30592+09:00","Action":"cont","Package":"waiting-room/internal/installplan","Test":"TestDeterministicPlanAndOwnedSlices/repeat#53"}
{"Time":"2026-09-06T08:35:30.305923+09:00","Action":"output","Package":"waiting-room/internal/installplan","Test":"TestDeterministicPlanAndOwnedSlices/repeat#53","Output":"=== CONT  TestDeterministicPlanAndOwnedSlices/repeat#53\n"}
{"Time":"2026-09-06T08:35:30.305996+09:00","Action":"cont","Package":"waiting-room/internal/installplan","Test":"TestDeterministicPlanAndOwnedSlices/repeat#50"}
{"Time":"2026-09-06T08:35:30.305999+09:00","Action":"output","Package":"waiting-room/internal/installplan","Test":"TestDeterministicPlanAndOwnedSlices/repeat#50","Output":"=== CONT  TestDeterministicPlanAndOwnedSlices/repeat#50\n"}
{"Time":"2026-09-06T08:35:30.306001+09:00","Action":"cont","Package":"waiting-room/internal/installplan","Test":"TestDeterministicPlanAndOwnedSlices/repeat#90"}
{"Time":"2026-09-06T08:35:30.306003+09:00","Action":"output","Package":"waiting-room/internal/installplan","Test":"TestDeterministicPlanAndOwnedSlices/repeat#90","Output":"=== CONT  TestDeterministicPlanAndOwnedSlices/repeat#90\n"}
{"Time":"2026-09-06T08:35:30.306047+09:00","Action":"cont","Package":"waiting-room/internal/installplan","Test":"TestDeterministicPlanAndOwnedSlices/repeat#72"}
{"Time":"2026-09-06T08:35:30.306052+09:00","Action":"output","Package":"waiting-room/internal/installplan","Test":"TestDeterministicPlanAndOwnedSlices/repeat#72","Output":"=== CONT  TestDeterministicPlanAndOwnedSlices/repeat#72\n"}
{"Time":"2026-09-06T08:35:30.30617+09:00","Action":"cont","Package":"waiting-room/internal/installplan","Test":"TestDeterministicPlanAndOwnedSlices/repeat#76"}
{"Time":"2026-09-06T08:35:30.306174+09:00","Action":"output","Package":"waiting-room/internal/installplan","Test":"TestDeterministicPlanAndOwnedSlices/repeat#76","Output":"=== CONT  TestDeterministicPlanAndOwnedSlices/repeat#76\n"}
{"Time":"2026-09-06T08:35:30.306765+09:00","Action":"output","Package":"waiting-room/internal/installplan","Test":"TestDeterministicPlanAndOwnedSlices/repeat#96","Output":"--- PASS: TestDeterministicPlanAndOwnedSlices/repeat#96 (0.00s)\n"}
{"Time":"2026-09-06T08:35:30.306771+09:00","Action":"pass","Package":"waiting-room/internal/installplan","Test":"TestDeterministicPlanAndOwnedSlices/repeat#96","Elapsed":0}
{"Time":"2026-09-06T08:35:30.306773+09:00","Action":"cont","Package":"waiting-room/internal/installplan","Test":"TestDeterministicPlanAndOwnedSlices/repeat#45"}
{"Time":"2026-09-06T08:35:30.306779+09:00","Action":"output","Package":"waiting-room/internal/installplan","Test":"TestDeterministicPlanAndOwnedSlices/repeat#45","Output":"=== CONT  TestDeterministicPlanAndOwnedSlices/repeat#45\n"}
{"Time":"2026-09-06T08:35:30.306782+09:00","Action":"cont","Package":"waiting-room/internal/installplan","Test":"TestDeterministicPlanAndOwnedSlices/repeat#54"}
{"Time":"2026-09-06T08:35:30.306783+09:00","Action":"output","Package":"waiting-room/internal/installplan","Test":"TestDeterministicPlanAndOwnedSlices/repeat#54","Output":"=== CONT  TestDeterministicPlanAndOwnedSlices/repeat#54\n"}
{"Time":"2026-09-06T08:35:30.306786+09:00","Action":"cont","Package":"waiting-room/internal/installplan","Test":"TestDeterministicPlanAndOwnedSlices/repeat#38"}
{"Time":"2026-09-06T08:35:30.306788+09:00","Action":"output","Package":"waiting-room/internal/installplan","Test":"TestDeterministicPlanAndOwnedSlices/repeat#38","Output":"=== CONT  TestDeterministicPlanAndOwnedSlices/repeat#38\n"}
{"Time":"2026-09-06T08:35:30.30682+09:00","Action":"cont","Package":"waiting-room/internal/installplan","Test":"TestDeterministicPlanAndOwnedSlices/repeat#22"}
{"Time":"2026-09-06T08:35:30.306828+09:00","Action":"output","Package":"waiting-room/internal/installplan","Test":"TestDeterministicPlanAndOwnedSlices/repeat#22","Output":"=== CONT  TestDeterministicPlanAndOwnedSlices/repeat#22\n"}
{"Time":"2026-09-06T08:35:30.306843+09:00","Action":"cont","Package":"waiting-room/internal/installplan","Test":"TestDeterministicPlanAndOwnedSlices/repeat#39"}
{"Time":"2026-09-06T08:35:30.306847+09:00","Action":"output","Package":"waiting-room/internal/installplan","Test":"TestDeterministicPlanAndOwnedSlices/repeat#39","Output":"=== CONT  TestDeterministicPlanAndOwnedSlices/repeat#39\n"}
{"Time":"2026-09-06T08:35:30.306887+09:00","Action":"cont","Package":"waiting-room/internal/installplan","Test":"TestDeterministicPlanAndOwnedSlices/repeat#94"}
{"Time":"2026-09-06T08:35:30.306922+09:00","Action":"output","Package":"waiting-room/internal/installplan","Test":"TestDeterministicPlanAndOwnedSlices/repeat#94","Output":"=== CONT  TestDeterministicPlanAndOwnedSlices/repeat#94\n"}
{"Time":"2026-09-06T08:35:30.306924+09:00","Action":"cont","Package":"waiting-room/internal/installplan","Test":"TestDeterministicPlanAndOwnedSlices/repeat#88"}
{"Time":"2026-09-06T08:35:30.306925+09:00","Action":"output","Package":"waiting-room/internal/installplan","Test":"TestDeterministicPlanAndOwnedSlices/repeat#88","Output":"=== CONT  TestDeterministicPlanAndOwnedSlices/repeat#88\n"}
{"Time":"2026-09-06T08:35:30.306995+09:00","Action":"cont","Package":"waiting-room/internal/installplan","Test":"TestDeterministicPlanAndOwnedSlices/repeat#49"}
{"Time":"2026-09-06T08:35:30.307007+09:00","Action":"output","Package":"waiting-room/internal/installplan","Test":"TestDeterministicPlanAndOwnedSlices/repeat#49","Output":"=== CONT  TestDeterministicPlanAndOwnedSlices/repeat#49\n"}
{"Time":"2026-09-06T08:35:30.307013+09:00","Action":"cont","Package":"waiting-room/internal/installplan","Test":"TestDeterministicPlanAndOwnedSlices/repeat#40"}
{"Time":"2026-09-06T08:35:30.307016+09:00","Action":"output","Package":"waiting-room/internal/installplan","Test":"TestDeterministicPlanAndOwnedSlices/repeat#40","Output":"=== CONT  TestDeterministicPlanAndOwnedSlices/repeat#40\n"}
{"Time":"2026-09-06T08:35:30.307021+09:00","Action":"cont","Package":"waiting-room/internal/installplan","Test":"TestDeterministicPlanAndOwnedSlices/repeat#35"}
{"Time":"2026-09-06T08:35:30.307026+09:00","Action":"output","Package":"waiting-room/internal/installplan","Test":"TestDeterministicPlanAndOwnedSlices/repeat#35","Output":"=== CONT  TestDeterministicPlanAndOwnedSlices/repeat#35\n"}
{"Time":"2026-09-06T08:35:30.307039+09:00","Action":"cont","Package":"waiting-room/internal/installplan","Test":"TestDeterministicPlanAndOwnedSlices/repeat#36"}
{"Time":"2026-09-06T08:35:30.307062+09:00","Action":"output","Package":"waiting-room/internal/installplan","Test":"TestDeterministicPlanAndOwnedSlices/repeat#36","Output":"=== CONT  TestDeterministicPlanAndOwnedSlices/repeat#36\n"}
{"Time":"2026-09-06T08:35:30.307066+09:00","Action":"cont","Package":"waiting-room/internal/installplan","Test":"TestDeterministicPlanAndOwnedSlices/repeat#33"}
{"Time":"2026-09-06T08:35:30.307082+09:00","Action":"output","Package":"waiting-room/internal/installplan","Test":"TestDeterministicPlanAndOwnedSlices/repeat#33","Output":"=== CONT  TestDeterministicPlanAndOwnedSlices/repeat#33\n"}
{"Time":"2026-09-06T08:35:30.307085+09:00","Action":"cont","Package":"waiting-room/internal/installplan","Test":"TestDeterministicPlanAndOwnedSlices/repeat#44"}
{"Time":"2026-09-06T08:35:30.307086+09:00","Action":"output","Package":"waiting-room/internal/installplan","Test":"TestDeterministicPlanAndOwnedSlices/repeat#44","Output":"=== CONT  TestDeterministicPlanAndOwnedSlices/repeat#44\n"}
{"Time":"2026-09-06T08:35:30.307117+09:00","Action":"cont","Package":"waiting-room/internal/installplan","Test":"TestDeterministicPlanAndOwnedSlices/repeat#42"}
{"Time":"2026-09-06T08:35:30.307192+09:00","Action":"output","Package":"waiting-room/internal/installplan","Test":"TestDeterministicPlanAndOwnedSlices/repeat#42","Output":"=== CONT  TestDeterministicPlanAndOwnedSlices/repeat#42\n"}
{"Time":"2026-09-06T08:35:30.307198+09:00","Action":"cont","Package":"waiting-room/internal/installplan","Test":"TestDeterministicPlanAndOwnedSlices/repeat#31"}
{"Time":"2026-09-06T08:35:30.3072+09:00","Action":"output","Package":"waiting-room/internal/installplan","Test":"TestDeterministicPlanAndOwnedSlices/repeat#31","Output":"=== CONT  TestDeterministicPlanAndOwnedSlices/repeat#31\n"}
{"Time":"2026-09-06T08:35:30.307202+09:00","Action":"cont","Package":"waiting-room/internal/installplan","Test":"TestDeterministicPlanAndOwnedSlices/repeat#43"}
{"Time":"2026-09-06T08:35:30.307203+09:00","Action":"output","Package":"waiting-room/internal/installplan","Test":"TestDeterministicPlanAndOwnedSlices/repeat#43","Output":"=== CONT  TestDeterministicPlanAndOwnedSlices/repeat#43\n"}
{"Time":"2026-09-06T08:35:30.307206+09:00","Action":"cont","Package":"waiting-room/internal/installplan","Test":"TestDeterministicPlanAndOwnedSlices/repeat#41"}
{"Time":"2026-09-06T08:35:30.307207+09:00","Action":"output","Package":"waiting-room/internal/installplan","Test":"TestDeterministicPlanAndOwnedSlices/repeat#41","Output":"=== CONT  TestDeterministicPlanAndOwnedSlices/repeat#41\n"}
{"Time":"2026-09-06T08:35:30.307209+09:00","Action":"cont","Package":"waiting-room/internal/installplan","Test":"TestDeterministicPlanAndOwnedSlices/repeat#29"}
{"Time":"2026-09-06T08:35:30.307209+09:00","Action":"output","Package":"waiting-room/internal/installplan","Test":"TestDeterministicPlanAndOwnedSlices/repeat#29","Output":"=== CONT  TestDeterministicPlanAndOwnedSlices/repeat#29\n"}
{"Time":"2026-09-06T08:35:30.307357+09:00","Action":"cont","Package":"waiting-room/internal/installplan","Test":"TestDeterministicPlanAndOwnedSlices/repeat#27"}
{"Time":"2026-09-06T08:35:30.307361+09:00","Action":"output","Package":"waiting-room/internal/installplan","Test":"TestDeterministicPlanAndOwnedSlices/repeat#27","Output":"=== CONT  TestDeterministicPlanAndOwnedSlices/repeat#27\n"}
{"Time":"2026-09-06T08:35:30.307362+09:00","Action":"cont","Package":"waiting-room/internal/installplan","Test":"TestDeterministicPlanAndOwnedSlices/repeat#26"}
{"Time":"2026-09-06T08:35:30.307363+09:00","Action":"output","Package":"waiting-room/internal/installplan","Test":"TestDeterministicPlanAndOwnedSlices/repeat#26","Output":"=== CONT  TestDeterministicPlanAndOwnedSlices/repeat#26\n"}
{"Time":"2026-09-06T08:35:30.307364+09:00","Action":"cont","Package":"waiting-room/internal/installplan","Test":"TestDeterministicPlanAndOwnedSlices/repeat#25"}
{"Time":"2026-09-06T08:35:30.307366+09:00","Action":"output","Package":"waiting-room/internal/installplan","Test":"TestDeterministicPlanAndOwnedSlices/repeat#25","Output":"=== CONT  TestDeterministicPlanAndOwnedSlices/repeat#25\n"}
{"Time":"2026-09-06T08:35:30.307367+09:00","Action":"output","Package":"waiting-room/internal/installplan","Test":"TestDeterministicPlanAndOwnedSlices/repeat#97","Output":"--- PASS: TestDeterministicPlanAndOwnedSlices/repeat#97 (0.00s)\n"}
{"Time":"2026-09-06T08:35:30.307369+09:00","Action":"pass","Package":"waiting-room/internal/installplan","Test":"TestDeterministicPlanAndOwnedSlices/repeat#97","Elapsed":0}
{"Time":"2026-09-06T08:35:30.30737+09:00","Action":"cont","Package":"waiting-room/internal/installplan","Test":"TestDeterministicPlanAndOwnedSlices/repeat#91"}
{"Time":"2026-09-06T08:35:30.307371+09:00","Action":"output","Package":"waiting-room/internal/installplan","Test":"TestDeterministicPlanAndOwnedSlices/repeat#91","Output":"=== CONT  TestDeterministicPlanAndOwnedSlices/repeat#91\n"}
{"Time":"2026-09-06T08:35:30.307409+09:00","Action":"cont","Package":"waiting-room/internal/installplan","Test":"TestDeterministicPlanAndOwnedSlices/repeat#37"}
{"Time":"2026-09-06T08:35:30.307417+09:00","Action":"output","Package":"waiting-room/internal/installplan","Test":"TestDeterministicPlanAndOwnedSlices/repeat#37","Output":"=== CONT  TestDeterministicPlanAndOwnedSlices/repeat#37\n"}
{"Time":"2026-09-06T08:35:30.307422+09:00","Action":"output","Package":"waiting-room/internal/installplan","Test":"TestDeterministicPlanAndOwnedSlices/repeat#42","Output":"--- PASS: TestDeterministicPlanAndOwnedSlices/repeat#42 (0.00s)\n"}
{"Time":"2026-09-06T08:35:30.307427+09:00","Action":"pass","Package":"waiting-room/internal/installplan","Test":"TestDeterministicPlanAndOwnedSlices/repeat#42","Elapsed":0}
{"Time":"2026-09-06T08:35:30.30743+09:00","Action":"cont","Package":"waiting-room/internal/installplan","Test":"TestDeterministicPlanAndOwnedSlices/repeat#28"}
{"Time":"2026-09-06T08:35:30.307432+09:00","Action":"output","Package":"waiting-room/internal/installplan","Test":"TestDeterministicPlanAndOwnedSlices/repeat#28","Output":"=== CONT  TestDeterministicPlanAndOwnedSlices/repeat#28\n"}
{"Time":"2026-09-06T08:35:30.307703+09:00","Action":"output","Package":"waiting-room/internal/installplan","Test":"TestDeterministicPlanAndOwnedSlices/repeat#29","Output":"--- PASS: TestDeterministicPlanAndOwnedSlices/repeat#29 (0.00s)\n"}
{"Time":"2026-09-06T08:35:30.307719+09:00","Action":"pass","Package":"waiting-room/internal/installplan","Test":"TestDeterministicPlanAndOwnedSlices/repeat#29","Elapsed":0}
{"Time":"2026-09-06T08:35:30.307724+09:00","Action":"cont","Package":"waiting-room/internal/installplan","Test":"TestDeterministicPlanAndOwnedSlices/repeat#20"}
{"Time":"2026-09-06T08:35:30.307726+09:00","Action":"output","Package":"waiting-room/internal/installplan","Test":"TestDeterministicPlanAndOwnedSlices/repeat#20","Output":"=== CONT  TestDeterministicPlanAndOwnedSlices/repeat#20\n"}
{"Time":"2026-09-06T08:35:30.307734+09:00","Action":"cont","Package":"waiting-room/internal/installplan","Test":"TestDeterministicPlanAndOwnedSlices/repeat#18"}
{"Time":"2026-09-06T08:35:30.307737+09:00","Action":"output","Package":"waiting-room/internal/installplan","Test":"TestDeterministicPlanAndOwnedSlices/repeat#18","Output":"=== CONT  TestDeterministicPlanAndOwnedSlices/repeat#18\n"}
{"Time":"2026-09-06T08:35:30.307888+09:00","Action":"cont","Package":"waiting-room/internal/installplan","Test":"TestDeterministicPlanAndOwnedSlices/repeat#21"}
{"Time":"2026-09-06T08:35:30.307895+09:00","Action":"output","Package":"waiting-room/internal/installplan","Test":"TestDeterministicPlanAndOwnedSlices/repeat#21","Output":"=== CONT  TestDeterministicPlanAndOwnedSlices/repeat#21\n"}
{"Time":"2026-09-06T08:35:30.307897+09:00","Action":"cont","Package":"waiting-room/internal/installplan","Test":"TestDeterministicPlanAndOwnedSlices/repeat#15"}
{"Time":"2026-09-06T08:35:30.307899+09:00","Action":"output","Package":"waiting-room/internal/installplan","Test":"TestDeterministicPlanAndOwnedSlices/repeat#15","Output":"=== CONT  TestDeterministicPlanAndOwnedSlices/repeat#15\n"}
{"Time":"2026-09-06T08:35:30.307985+09:00","Action":"cont","Package":"waiting-room/internal/installplan","Test":"TestDeterministicPlanAndOwnedSlices/repeat#34"}
{"Time":"2026-09-06T08:35:30.307988+09:00","Action":"output","Package":"waiting-room/internal/installplan","Test":"TestDeterministicPlanAndOwnedSlices/repeat#34","Output":"=== CONT  TestDeterministicPlanAndOwnedSlices/repeat#34\n"}
{"Time":"2026-09-06T08:35:30.308386+09:00","Action":"cont","Package":"waiting-room/internal/installplan","Test":"TestDeterministicPlanAndOwnedSlices/repeat#30"}
{"Time":"2026-09-06T08:35:30.308398+09:00","Action":"output","Package":"waiting-room/internal/installplan","Test":"TestDeterministicPlanAndOwnedSlices/repeat#30","Output":"=== CONT  TestDeterministicPlanAndOwnedSlices/repeat#30\n"}
{"Time":"2026-09-06T08:35:30.308402+09:00","Action":"cont","Package":"waiting-room/internal/installplan","Test":"TestDeterministicPlanAndOwnedSlices/repeat#24"}
{"Time":"2026-09-06T08:35:30.308405+09:00","Action":"output","Package":"waiting-room/internal/installplan","Test":"TestDeterministicPlanAndOwnedSlices/repeat#24","Output":"=== CONT  TestDeterministicPlanAndOwnedSlices/repeat#24\n"}
{"Time":"2026-09-06T08:35:30.308446+09:00","Action":"cont","Package":"waiting-room/internal/installplan","Test":"TestDeterministicPlanAndOwnedSlices/repeat#19"}
{"Time":"2026-09-06T08:35:30.308451+09:00","Action":"output","Package":"waiting-room/internal/installplan","Test":"TestDeterministicPlanAndOwnedSlices/repeat#19","Output":"=== CONT  TestDeterministicPlanAndOwnedSlices/repeat#19\n"}
{"Time":"2026-09-06T08:35:30.308478+09:00","Action":"cont","Package":"waiting-room/internal/installplan","Test":"TestDeterministicPlanAndOwnedSlices/repeat#77"}
{"Time":"2026-09-06T08:35:30.308488+09:00","Action":"output","Package":"waiting-room/internal/installplan","Test":"TestDeterministicPlanAndOwnedSlices/repeat#77","Output":"=== CONT  TestDeterministicPlanAndOwnedSlices/repeat#77\n"}
{"Time":"2026-09-06T08:35:30.308493+09:00","Action":"cont","Package":"waiting-room/internal/installplan","Test":"TestDeterministicPlanAndOwnedSlices/repeat#81"}
{"Time":"2026-09-06T08:35:30.308501+09:00","Action":"output","Package":"waiting-room/internal/installplan","Test":"TestDeterministicPlanAndOwnedSlices/repeat#81","Output":"=== CONT  TestDeterministicPlanAndOwnedSlices/repeat#81\n"}
{"Time":"2026-09-06T08:35:30.308504+09:00","Action":"cont","Package":"waiting-room/internal/installplan","Test":"TestDeterministicPlanAndOwnedSlices/repeat#32"}
{"Time":"2026-09-06T08:35:30.308508+09:00","Action":"output","Package":"waiting-room/internal/installplan","Test":"TestDeterministicPlanAndOwnedSlices/repeat#32","Output":"=== CONT  TestDeterministicPlanAndOwnedSlices/repeat#32\n"}
{"Time":"2026-09-06T08:35:30.308516+09:00","Action":"cont","Package":"waiting-room/internal/installplan","Test":"TestDeterministicPlanAndOwnedSlices/repeat#10"}
{"Time":"2026-09-06T08:35:30.308518+09:00","Action":"output","Package":"waiting-room/internal/installplan","Test":"TestDeterministicPlanAndOwnedSlices/repeat#10","Output":"=== CONT  TestDeterministicPlanAndOwnedSlices/repeat#10\n"}
{"Time":"2026-09-06T08:35:30.308525+09:00","Action":"cont","Package":"waiting-room/internal/installplan","Test":"TestDeterministicPlanAndOwnedSlices/repeat#04"}
{"Time":"2026-09-06T08:35:30.308529+09:00","Action":"output","Package":"waiting-room/internal/installplan","Test":"TestDeterministicPlanAndOwnedSlices/repeat#04","Output":"=== CONT  TestDeterministicPlanAndOwnedSlices/repeat#04\n"}
{"Time":"2026-09-06T08:35:30.308542+09:00","Action":"cont","Package":"waiting-room/internal/installplan","Test":"TestDeterministicPlanAndOwnedSlices/repeat#17"}
{"Time":"2026-09-06T08:35:30.308553+09:00","Action":"output","Package":"waiting-room/internal/installplan","Test":"TestDeterministicPlanAndOwnedSlices/repeat#17","Output":"=== CONT  TestDeterministicPlanAndOwnedSlices/repeat#17\n"}
{"Time":"2026-09-06T08:35:30.308558+09:00","Action":"output","Package":"waiting-room/internal/installplan","Test":"TestDeterministicPlanAndOwnedSlices/repeat#76","Output":"--- PASS: TestDeterministicPlanAndOwnedSlices/repeat#76 (0.00s)\n"}
{"Time":"2026-09-06T08:35:30.308566+09:00","Action":"pass","Package":"waiting-room/internal/installplan","Test":"TestDeterministicPlanAndOwnedSlices/repeat#76","Elapsed":0}
{"Time":"2026-09-06T08:35:30.30857+09:00","Action":"cont","Package":"waiting-room/internal/installplan","Test":"TestDeterministicPlanAndOwnedSlices/repeat#16"}
{"Time":"2026-09-06T08:35:30.308572+09:00","Action":"output","Package":"waiting-room/internal/installplan","Test":"TestDeterministicPlanAndOwnedSlices/repeat#16","Output":"=== CONT  TestDeterministicPlanAndOwnedSlices/repeat#16\n"}
{"Time":"2026-09-06T08:35:30.308576+09:00","Action":"cont","Package":"waiting-room/internal/installplan","Test":"TestDeterministicPlanAndOwnedSlices/repeat#09"}
{"Time":"2026-09-06T08:35:30.308578+09:00","Action":"output","Package":"waiting-room/internal/installplan","Test":"TestDeterministicPlanAndOwnedSlices/repeat#09","Output":"=== CONT  TestDeterministicPlanAndOwnedSlices/repeat#09\n"}
{"Time":"2026-09-06T08:35:30.308813+09:00","Action":"cont","Package":"waiting-room/internal/installplan","Test":"TestDeterministicPlanAndOwnedSlices/repeat#08"}
{"Time":"2026-09-06T08:35:30.308818+09:00","Action":"output","Package":"waiting-room/internal/installplan","Test":"TestDeterministicPlanAndOwnedSlices/repeat#08","Output":"=== CONT  TestDeterministicPlanAndOwnedSlices/repeat#08\n"}
{"Time":"2026-09-06T08:35:30.30882+09:00","Action":"cont","Package":"waiting-room/internal/installplan","Test":"TestDeterministicPlanAndOwnedSlices/repeat#07"}
{"Time":"2026-09-06T08:35:30.308821+09:00","Action":"output","Package":"waiting-room/internal/installplan","Test":"TestDeterministicPlanAndOwnedSlices/repeat#07","Output":"=== CONT  TestDeterministicPlanAndOwnedSlices/repeat#07\n"}
{"Time":"2026-09-06T08:35:30.308822+09:00","Action":"cont","Package":"waiting-room/internal/installplan","Test":"TestDeterministicPlanAndOwnedSlices/repeat#11"}
{"Time":"2026-09-06T08:35:30.308824+09:00","Action":"output","Package":"waiting-room/internal/installplan","Test":"TestDeterministicPlanAndOwnedSlices/repeat#11","Output":"=== CONT  TestDeterministicPlanAndOwnedSlices/repeat#11\n"}
{"Time":"2026-09-06T08:35:30.308828+09:00","Action":"output","Package":"waiting-room/internal/installplan","Test":"TestDeterministicPlanAndOwnedSlices/repeat#79","Output":"--- PASS: TestDeterministicPlanAndOwnedSlices/repeat#79 (0.00s)\n"}
{"Time":"2026-09-06T08:35:30.30883+09:00","Action":"pass","Package":"waiting-room/internal/installplan","Test":"TestDeterministicPlanAndOwnedSlices/repeat#79","Elapsed":0}
{"Time":"2026-09-06T08:35:30.308835+09:00","Action":"output","Package":"waiting-room/internal/installplan","Test":"TestDeterministicPlanAndOwnedSlices/repeat#25","Output":"--- PASS: TestDeterministicPlanAndOwnedSlices/repeat#25 (0.00s)\n"}
{"Time":"2026-09-06T08:35:30.308836+09:00","Action":"pass","Package":"waiting-room/internal/installplan","Test":"TestDeterministicPlanAndOwnedSlices/repeat#25","Elapsed":0}
{"Time":"2026-09-06T08:35:30.308838+09:00","Action":"cont","Package":"waiting-room/internal/installplan","Test":"TestDeterministicPlanAndOwnedSlices/repeat#01"}
{"Time":"2026-09-06T08:35:30.308844+09:00","Action":"output","Package":"waiting-room/internal/installplan","Test":"TestDeterministicPlanAndOwnedSlices/repeat#01","Output":"=== CONT  TestDeterministicPlanAndOwnedSlices/repeat#01\n"}
{"Time":"2026-09-06T08:35:30.308846+09:00","Action":"cont","Package":"waiting-room/internal/installplan","Test":"TestDeterministicPlanAndOwnedSlices/repeat#05"}
{"Time":"2026-09-06T08:35:30.308847+09:00","Action":"output","Package":"waiting-room/internal/installplan","Test":"TestDeterministicPlanAndOwnedSlices/repeat#05","Output":"=== CONT  TestDeterministicPlanAndOwnedSlices/repeat#05\n"}
{"Time":"2026-09-06T08:35:30.30886+09:00","Action":"cont","Package":"waiting-room/internal/installplan","Test":"TestDeterministicPlanAndOwnedSlices/repeat#13"}
{"Time":"2026-09-06T08:35:30.308863+09:00","Action":"output","Package":"waiting-room/internal/installplan","Test":"TestDeterministicPlanAndOwnedSlices/repeat#13","Output":"=== CONT  TestDeterministicPlanAndOwnedSlices/repeat#13\n"}
{"Time":"2026-09-06T08:35:30.308928+09:00","Action":"cont","Package":"waiting-room/internal/installplan","Test":"TestDeterministicPlanAndOwnedSlices/repeat#12"}
{"Time":"2026-09-06T08:35:30.308932+09:00","Action":"output","Package":"waiting-room/internal/installplan","Test":"TestDeterministicPlanAndOwnedSlices/repeat#12","Output":"=== CONT  TestDeterministicPlanAndOwnedSlices/repeat#12\n"}
{"Time":"2026-09-06T08:35:30.309199+09:00","Action":"cont","Package":"waiting-room/internal/installplan","Test":"TestDeterministicPlanAndOwnedSlices/repeat#23"}
{"Time":"2026-09-06T08:35:30.309203+09:00","Action":"output","Package":"waiting-room/internal/installplan","Test":"TestDeterministicPlanAndOwnedSlices/repeat#23","Output":"=== CONT  TestDeterministicPlanAndOwnedSlices/repeat#23\n"}
{"Time":"2026-09-06T08:35:30.309334+09:00","Action":"output","Package":"waiting-room/internal/installplan","Test":"TestDeterministicPlanAndOwnedSlices/repeat#37","Output":"--- PASS: TestDeterministicPlanAndOwnedSlices/repeat#37 (0.00s)\n"}
{"Time":"2026-09-06T08:35:30.309365+09:00","Action":"pass","Package":"waiting-room/internal/installplan","Test":"TestDeterministicPlanAndOwnedSlices/repeat#37","Elapsed":0}
{"Time":"2026-09-06T08:35:30.309371+09:00","Action":"cont","Package":"waiting-room/internal/installplan","Test":"TestDeterministicPlanAndOwnedSlices/repeat#03"}
{"Time":"2026-09-06T08:35:30.309376+09:00","Action":"output","Package":"waiting-room/internal/installplan","Test":"TestDeterministicPlanAndOwnedSlices/repeat#03","Output":"=== CONT  TestDeterministicPlanAndOwnedSlices/repeat#03\n"}
{"Time":"2026-09-06T08:35:30.309389+09:00","Action":"cont","Package":"waiting-room/internal/installplan","Test":"TestDeterministicPlanAndOwnedSlices/repeat#14"}
{"Time":"2026-09-06T08:35:30.309392+09:00","Action":"output","Package":"waiting-room/internal/installplan","Test":"TestDeterministicPlanAndOwnedSlices/repeat#14","Output":"=== CONT  TestDeterministicPlanAndOwnedSlices/repeat#14\n"}
{"Time":"2026-09-06T08:35:30.3095+09:00","Action":"output","Package":"waiting-room/internal/installplan","Test":"TestDeterministicPlanAndOwnedSlices/repeat#20","Output":"--- PASS: TestDeterministicPlanAndOwnedSlices/repeat#20 (0.00s)\n"}
{"Time":"2026-09-06T08:35:30.309506+09:00","Action":"pass","Package":"waiting-room/internal/installplan","Test":"TestDeterministicPlanAndOwnedSlices/repeat#20","Elapsed":0}
{"Time":"2026-09-06T08:35:30.309508+09:00","Action":"cont","Package":"waiting-room/internal/installplan","Test":"TestDeterministicPlanAndOwnedSlices/repeat"}
{"Time":"2026-09-06T08:35:30.309509+09:00","Action":"output","Package":"waiting-room/internal/installplan","Test":"TestDeterministicPlanAndOwnedSlices/repeat","Output":"=== CONT  TestDeterministicPlanAndOwnedSlices/repeat\n"}
{"Time":"2026-09-06T08:35:30.309512+09:00","Action":"output","Package":"waiting-room/internal/installplan","Test":"TestDeterministicPlanAndOwnedSlices/repeat#01","Output":"--- PASS: TestDeterministicPlanAndOwnedSlices/repeat#01 (0.00s)\n"}
{"Time":"2026-09-06T08:35:30.309539+09:00","Action":"pass","Package":"waiting-room/internal/installplan","Test":"TestDeterministicPlanAndOwnedSlices/repeat#01","Elapsed":0}
{"Time":"2026-09-06T08:35:30.309542+09:00","Action":"output","Package":"waiting-room/internal/installplan","Test":"TestDeterministicPlanAndOwnedSlices/repeat#05","Output":"--- PASS: TestDeterministicPlanAndOwnedSlices/repeat#05 (0.00s)\n"}
{"Time":"2026-09-06T08:35:30.309546+09:00","Action":"pass","Package":"waiting-room/internal/installplan","Test":"TestDeterministicPlanAndOwnedSlices/repeat#05","Elapsed":0}
{"Time":"2026-09-06T08:35:30.309547+09:00","Action":"output","Package":"waiting-room/internal/installplan","Test":"TestDeterministicPlanAndOwnedSlices/repeat#15","Output":"--- PASS: TestDeterministicPlanAndOwnedSlices/repeat#15 (0.00s)\n"}
{"Time":"2026-09-06T08:35:30.309569+09:00","Action":"pass","Package":"waiting-room/internal/installplan","Test":"TestDeterministicPlanAndOwnedSlices/repeat#15","Elapsed":0}
{"Time":"2026-09-06T08:35:30.309573+09:00","Action":"cont","Package":"waiting-room/internal/installplan","Test":"TestDeterministicPlanAndOwnedSlices/repeat#02"}
{"Time":"2026-09-06T08:35:30.309576+09:00","Action":"output","Package":"waiting-room/internal/installplan","Test":"TestDeterministicPlanAndOwnedSlices/repeat#02","Output":"=== CONT  TestDeterministicPlanAndOwnedSlices/repeat#02\n"}
{"Time":"2026-09-06T08:35:30.309619+09:00","Action":"output","Package":"waiting-room/internal/installplan","Test":"TestDeterministicPlanAndOwnedSlices/repeat#12","Output":"--- PASS: TestDeterministicPlanAndOwnedSlices/repeat#12 (0.00s)\n"}
{"Time":"2026-09-06T08:35:30.309898+09:00","Action":"pass","Package":"waiting-room/internal/installplan","Test":"TestDeterministicPlanAndOwnedSlices/repeat#12","Elapsed":0}
{"Time":"2026-09-06T08:35:30.309901+09:00","Action":"output","Package":"waiting-room/internal/installplan","Test":"TestDeterministicPlanAndOwnedSlices/repeat#86","Output":"--- PASS: TestDeterministicPlanAndOwnedSlices/repeat#86 (0.00s)\n"}
{"Time":"2026-09-06T08:35:30.309902+09:00","Action":"pass","Package":"waiting-room/internal/installplan","Test":"TestDeterministicPlanAndOwnedSlices/repeat#86","Elapsed":0}
{"Time":"2026-09-06T08:35:30.309903+09:00","Action":"output","Package":"waiting-room/internal/installplan","Test":"TestDeterministicPlanAndOwnedSlices/repeat#64","Output":"--- PASS: TestDeterministicPlanAndOwnedSlices/repeat#64 (0.00s)\n"}
{"Time":"2026-09-06T08:35:30.309905+09:00","Action":"pass","Package":"waiting-room/internal/installplan","Test":"TestDeterministicPlanAndOwnedSlices/repeat#64","Elapsed":0}
{"Time":"2026-09-06T08:35:30.309906+09:00","Action":"output","Package":"waiting-room/internal/installplan","Test":"TestDeterministicPlanAndOwnedSlices/repeat#65","Output":"--- PASS: TestDeterministicPlanAndOwnedSlices/repeat#65 (0.00s)\n"}
{"Time":"2026-09-06T08:35:30.309995+09:00","Action":"pass","Package":"waiting-room/internal/installplan","Test":"TestDeterministicPlanAndOwnedSlices/repeat#65","Elapsed":0}
{"Time":"2026-09-06T08:35:30.310001+09:00","Action":"output","Package":"waiting-room/internal/installplan","Test":"TestDeterministicPlanAndOwnedSlices/repeat#69","Output":"--- PASS: TestDeterministicPlanAndOwnedSlices/repeat#69 (0.00s)\n"}
{"Time":"2026-09-06T08:35:30.310002+09:00","Action":"pass","Package":"waiting-room/internal/installplan","Test":"TestDeterministicPlanAndOwnedSlices/repeat#69","Elapsed":0}
{"Time":"2026-09-06T08:35:30.310004+09:00","Action":"output","Package":"waiting-room/internal/installplan","Test":"TestDeterministicPlanAndOwnedSlices/repeat#67","Output":"--- PASS: TestDeterministicPlanAndOwnedSlices/repeat#67 (0.00s)\n"}
{"Time":"2026-09-06T08:35:30.310005+09:00","Action":"pass","Package":"waiting-room/internal/installplan","Test":"TestDeterministicPlanAndOwnedSlices/repeat#67","Elapsed":0}
{"Time":"2026-09-06T08:35:30.31001+09:00","Action":"output","Package":"waiting-room/internal/installplan","Test":"TestDeterministicPlanAndOwnedSlices/repeat#83","Output":"--- PASS: TestDeterministicPlanAndOwnedSlices/repeat#83 (0.00s)\n"}
{"Time":"2026-09-06T08:35:30.310011+09:00","Action":"pass","Package":"waiting-room/internal/installplan","Test":"TestDeterministicPlanAndOwnedSlices/repeat#83","Elapsed":0}
{"Time":"2026-09-06T08:35:30.310012+09:00","Action":"output","Package":"waiting-room/internal/installplan","Test":"TestDeterministicPlanAndOwnedSlices/repeat#62","Output":"--- PASS: TestDeterministicPlanAndOwnedSlices/repeat#62 (0.00s)\n"}
{"Time":"2026-09-06T08:35:30.310014+09:00","Action":"pass","Package":"waiting-room/internal/installplan","Test":"TestDeterministicPlanAndOwnedSlices/repeat#62","Elapsed":0}
{"Time":"2026-09-06T08:35:30.310015+09:00","Action":"output","Package":"waiting-room/internal/installplan","Test":"TestDeterministicPlanAndOwnedSlices/repeat#68","Output":"--- PASS: TestDeterministicPlanAndOwnedSlices/repeat#68 (0.00s)\n"}
{"Time":"2026-09-06T08:35:30.310017+09:00","Action":"pass","Package":"waiting-room/internal/installplan","Test":"TestDeterministicPlanAndOwnedSlices/repeat#68","Elapsed":0}
{"Time":"2026-09-06T08:35:30.310019+09:00","Action":"output","Package":"waiting-room/internal/installplan","Test":"TestDeterministicPlanAndOwnedSlices/repeat#63","Output":"--- PASS: TestDeterministicPlanAndOwnedSlices/repeat#63 (0.00s)\n"}
{"Time":"2026-09-06T08:35:30.310021+09:00","Action":"pass","Package":"waiting-room/internal/installplan","Test":"TestDeterministicPlanAndOwnedSlices/repeat#63","Elapsed":0}
{"Time":"2026-09-06T08:35:30.310022+09:00","Action":"output","Package":"waiting-room/internal/installplan","Test":"TestDeterministicPlanAndOwnedSlices/repeat#47","Output":"--- PASS: TestDeterministicPlanAndOwnedSlices/repeat#47 (0.00s)\n"}
{"Time":"2026-09-06T08:35:30.310024+09:00","Action":"pass","Package":"waiting-room/internal/installplan","Test":"TestDeterministicPlanAndOwnedSlices/repeat#47","Elapsed":0}
{"Time":"2026-09-06T08:35:30.310025+09:00","Action":"output","Package":"waiting-room/internal/installplan","Test":"TestDeterministicPlanAndOwnedSlices/repeat#46","Output":"--- PASS: TestDeterministicPlanAndOwnedSlices/repeat#46 (0.00s)\n"}
{"Time":"2026-09-06T08:35:30.310027+09:00","Action":"pass","Package":"waiting-room/internal/installplan","Test":"TestDeterministicPlanAndOwnedSlices/repeat#46","Elapsed":0}
{"Time":"2026-09-06T08:35:30.310029+09:00","Action":"output","Package":"waiting-room/internal/installplan","Test":"TestDeterministicPlanAndOwnedSlices/repeat#70","Output":"--- PASS: TestDeterministicPlanAndOwnedSlices/repeat#70 (0.00s)\n"}
{"Time":"2026-09-06T08:35:30.31003+09:00","Action":"pass","Package":"waiting-room/internal/installplan","Test":"TestDeterministicPlanAndOwnedSlices/repeat#70","Elapsed":0}
{"Time":"2026-09-06T08:35:30.310033+09:00","Action":"output","Package":"waiting-room/internal/installplan","Test":"TestDeterministicPlanAndOwnedSlices/repeat#60","Output":"--- PASS: TestDeterministicPlanAndOwnedSlices/repeat#60 (0.00s)\n"}
{"Time":"2026-09-06T08:35:30.310035+09:00","Action":"pass","Package":"waiting-room/internal/installplan","Test":"TestDeterministicPlanAndOwnedSlices/repeat#60","Elapsed":0}
{"Time":"2026-09-06T08:35:30.310037+09:00","Action":"output","Package":"waiting-room/internal/installplan","Test":"TestDeterministicPlanAndOwnedSlices/repeat#78","Output":"--- PASS: TestDeterministicPlanAndOwnedSlices/repeat#78 (0.00s)\n"}
{"Time":"2026-09-06T08:35:30.310051+09:00","Action":"pass","Package":"waiting-room/internal/installplan","Test":"TestDeterministicPlanAndOwnedSlices/repeat#78","Elapsed":0}
{"Time":"2026-09-06T08:35:30.310054+09:00","Action":"output","Package":"waiting-room/internal/installplan","Test":"TestDeterministicPlanAndOwnedSlices/repeat#52","Output":"--- PASS: TestDeterministicPlanAndOwnedSlices/repeat#52 (0.00s)\n"}
{"Time":"2026-09-06T08:35:30.310065+09:00","Action":"pass","Package":"waiting-room/internal/installplan","Test":"TestDeterministicPlanAndOwnedSlices/repeat#52","Elapsed":0}
{"Time":"2026-09-06T08:35:30.310067+09:00","Action":"output","Package":"waiting-room/internal/installplan","Test":"TestDeterministicPlanAndOwnedSlices/repeat#59","Output":"--- PASS: TestDeterministicPlanAndOwnedSlices/repeat#59 (0.00s)\n"}
{"Time":"2026-09-06T08:35:30.310072+09:00","Action":"pass","Package":"waiting-room/internal/installplan","Test":"TestDeterministicPlanAndOwnedSlices/repeat#59","Elapsed":0}
{"Time":"2026-09-06T08:35:30.310073+09:00","Action":"output","Package":"waiting-room/internal/installplan","Test":"TestDeterministicPlanAndOwnedSlices/repeat#61","Output":"--- PASS: TestDeterministicPlanAndOwnedSlices/repeat#61 (0.00s)\n"}
{"Time":"2026-09-06T08:35:30.310096+09:00","Action":"pass","Package":"waiting-room/internal/installplan","Test":"TestDeterministicPlanAndOwnedSlices/repeat#61","Elapsed":0}
{"Time":"2026-09-06T08:35:30.3101+09:00","Action":"output","Package":"waiting-room/internal/installplan","Test":"TestDeterministicPlanAndOwnedSlices/repeat#56","Output":"--- PASS: TestDeterministicPlanAndOwnedSlices/repeat#56 (0.00s)\n"}
{"Time":"2026-09-06T08:35:30.310101+09:00","Action":"pass","Package":"waiting-room/internal/installplan","Test":"TestDeterministicPlanAndOwnedSlices/repeat#56","Elapsed":0}
{"Time":"2026-09-06T08:35:30.310103+09:00","Action":"output","Package":"waiting-room/internal/installplan","Test":"TestDeterministicPlanAndOwnedSlices/repeat#57","Output":"--- PASS: TestDeterministicPlanAndOwnedSlices/repeat#57 (0.00s)\n"}
{"Time":"2026-09-06T08:35:30.31011+09:00","Action":"pass","Package":"waiting-room/internal/installplan","Test":"TestDeterministicPlanAndOwnedSlices/repeat#57","Elapsed":0}
{"Time":"2026-09-06T08:35:30.310114+09:00","Action":"output","Package":"waiting-room/internal/installplan","Test":"TestDeterministicPlanAndOwnedSlices/repeat#50","Output":"--- PASS: TestDeterministicPlanAndOwnedSlices/repeat#50 (0.00s)\n"}
{"Time":"2026-09-06T08:35:30.310129+09:00","Action":"pass","Package":"waiting-room/internal/installplan","Test":"TestDeterministicPlanAndOwnedSlices/repeat#50","Elapsed":0}
{"Time":"2026-09-06T08:35:30.310132+09:00","Action":"output","Package":"waiting-room/internal/installplan","Test":"TestDeterministicPlanAndOwnedSlices/repeat#82","Output":"--- PASS: TestDeterministicPlanAndOwnedSlices/repeat#82 (0.00s)\n"}
{"Time":"2026-09-06T08:35:30.310135+09:00","Action":"pass","Package":"waiting-room/internal/installplan","Test":"TestDeterministicPlanAndOwnedSlices/repeat#82","Elapsed":0}
{"Time":"2026-09-06T08:35:30.310136+09:00","Action":"output","Package":"waiting-room/internal/installplan","Test":"TestDeterministicPlanAndOwnedSlices/repeat#71","Output":"--- PASS: TestDeterministicPlanAndOwnedSlices/repeat#71 (0.00s)\n"}
{"Time":"2026-09-06T08:35:30.310155+09:00","Action":"pass","Package":"waiting-room/internal/installplan","Test":"TestDeterministicPlanAndOwnedSlices/repeat#71","Elapsed":0}
{"Time":"2026-09-06T08:35:30.310157+09:00","Action":"output","Package":"waiting-room/internal/installplan","Test":"TestDeterministicPlanAndOwnedSlices/repeat#55","Output":"--- PASS: TestDeterministicPlanAndOwnedSlices/repeat#55 (0.00s)\n"}
{"Time":"2026-09-06T08:35:30.310174+09:00","Action":"pass","Package":"waiting-room/internal/installplan","Test":"TestDeterministicPlanAndOwnedSlices/repeat#55","Elapsed":0}
{"Time":"2026-09-06T08:35:30.310176+09:00","Action":"output","Package":"waiting-room/internal/installplan","Test":"TestDeterministicPlanAndOwnedSlices/repeat#53","Output":"--- PASS: TestDeterministicPlanAndOwnedSlices/repeat#53 (0.00s)\n"}
{"Time":"2026-09-06T08:35:30.310193+09:00","Action":"pass","Package":"waiting-room/internal/installplan","Test":"TestDeterministicPlanAndOwnedSlices/repeat#53","Elapsed":0}
{"Time":"2026-09-06T08:35:30.310196+09:00","Action":"output","Package":"waiting-room/internal/installplan","Test":"TestDeterministicPlanAndOwnedSlices/repeat#58","Output":"--- PASS: TestDeterministicPlanAndOwnedSlices/repeat#58 (0.00s)\n"}
{"Time":"2026-09-06T08:35:30.310205+09:00","Action":"pass","Package":"waiting-room/internal/installplan","Test":"TestDeterministicPlanAndOwnedSlices/repeat#58","Elapsed":0}
{"Time":"2026-09-06T08:35:30.310209+09:00","Action":"output","Package":"waiting-room/internal/installplan","Test":"TestDeterministicPlanAndOwnedSlices/repeat#66","Output":"--- PASS: TestDeterministicPlanAndOwnedSlices/repeat#66 (0.00s)\n"}
{"Time":"2026-09-06T08:35:30.310227+09:00","Action":"pass","Package":"waiting-room/internal/installplan","Test":"TestDeterministicPlanAndOwnedSlices/repeat#66","Elapsed":0}
{"Time":"2026-09-06T08:35:30.310229+09:00","Action":"output","Package":"waiting-room/internal/installplan","Test":"TestDeterministicPlanAndOwnedSlices/repeat#72","Output":"--- PASS: TestDeterministicPlanAndOwnedSlices/repeat#72 (0.00s)\n"}
{"Time":"2026-09-06T08:35:30.310242+09:00","Action":"pass","Package":"waiting-room/internal/installplan","Test":"TestDeterministicPlanAndOwnedSlices/repeat#72","Elapsed":0}
{"Time":"2026-09-06T08:35:30.310245+09:00","Action":"output","Package":"waiting-room/internal/installplan","Test":"TestDeterministicPlanAndOwnedSlices/repeat#90","Output":"--- PASS: TestDeterministicPlanAndOwnedSlices/repeat#90 (0.00s)\n"}
{"Time":"2026-09-06T08:35:30.310259+09:00","Action":"pass","Package":"waiting-room/internal/installplan","Test":"TestDeterministicPlanAndOwnedSlices/repeat#90","Elapsed":0}
{"Time":"2026-09-06T08:35:30.310264+09:00","Action":"output","Package":"waiting-room/internal/installplan","Test":"TestDeterministicPlanAndOwnedSlices/repeat#54","Output":"--- PASS: TestDeterministicPlanAndOwnedSlices/repeat#54 (0.00s)\n"}
{"Time":"2026-09-06T08:35:30.310267+09:00","Action":"pass","Package":"waiting-room/internal/installplan","Test":"TestDeterministicPlanAndOwnedSlices/repeat#54","Elapsed":0}
{"Time":"2026-09-06T08:35:30.310268+09:00","Action":"output","Package":"waiting-room/internal/installplan","Test":"TestDeterministicPlanAndOwnedSlices/repeat#45","Output":"--- PASS: TestDeterministicPlanAndOwnedSlices/repeat#45 (0.00s)\n"}
{"Time":"2026-09-06T08:35:30.310301+09:00","Action":"pass","Package":"waiting-room/internal/installplan","Test":"TestDeterministicPlanAndOwnedSlices/repeat#45","Elapsed":0}
{"Time":"2026-09-06T08:35:30.310305+09:00","Action":"output","Package":"waiting-room/internal/installplan","Test":"TestDeterministicPlanAndOwnedSlices/repeat#94","Output":"--- PASS: TestDeterministicPlanAndOwnedSlices/repeat#94 (0.00s)\n"}
{"Time":"2026-09-06T08:35:30.310307+09:00","Action":"pass","Package":"waiting-room/internal/installplan","Test":"TestDeterministicPlanAndOwnedSlices/repeat#94","Elapsed":0}
{"Time":"2026-09-06T08:35:30.310308+09:00","Action":"output","Package":"waiting-room/internal/installplan","Test":"TestDeterministicPlanAndOwnedSlices/repeat#39","Output":"--- PASS: TestDeterministicPlanAndOwnedSlices/repeat#39 (0.00s)\n"}
{"Time":"2026-09-06T08:35:30.310316+09:00","Action":"pass","Package":"waiting-room/internal/installplan","Test":"TestDeterministicPlanAndOwnedSlices/repeat#39","Elapsed":0}
{"Time":"2026-09-06T08:35:30.31032+09:00","Action":"output","Package":"waiting-room/internal/installplan","Test":"TestDeterministicPlanAndOwnedSlices/repeat#88","Output":"--- PASS: TestDeterministicPlanAndOwnedSlices/repeat#88 (0.00s)\n"}
{"Time":"2026-09-06T08:35:30.310329+09:00","Action":"pass","Package":"waiting-room/internal/installplan","Test":"TestDeterministicPlanAndOwnedSlices/repeat#88","Elapsed":0}
{"Time":"2026-09-06T08:35:30.310332+09:00","Action":"output","Package":"waiting-room/internal/installplan","Test":"TestDeterministicPlanAndOwnedSlices/repeat#38","Output":"--- PASS: TestDeterministicPlanAndOwnedSlices/repeat#38 (0.00s)\n"}
{"Time":"2026-09-06T08:35:30.310346+09:00","Action":"pass","Package":"waiting-room/internal/installplan","Test":"TestDeterministicPlanAndOwnedSlices/repeat#38","Elapsed":0}
{"Time":"2026-09-06T08:35:30.31035+09:00","Action":"output","Package":"waiting-room/internal/installplan","Test":"TestDeterministicPlanAndOwnedSlices/repeat#40","Output":"--- PASS: TestDeterministicPlanAndOwnedSlices/repeat#40 (0.00s)\n"}
{"Time":"2026-09-06T08:35:30.310353+09:00","Action":"pass","Package":"waiting-room/internal/installplan","Test":"TestDeterministicPlanAndOwnedSlices/repeat#40","Elapsed":0}
{"Time":"2026-09-06T08:35:30.310355+09:00","Action":"output","Package":"waiting-room/internal/installplan","Test":"TestDeterministicPlanAndOwnedSlices/repeat#22","Output":"--- PASS: TestDeterministicPlanAndOwnedSlices/repeat#22 (0.00s)\n"}
{"Time":"2026-09-06T08:35:30.310368+09:00","Action":"pass","Package":"waiting-room/internal/installplan","Test":"TestDeterministicPlanAndOwnedSlices/repeat#22","Elapsed":0}
{"Time":"2026-09-06T08:35:30.310378+09:00","Action":"output","Package":"waiting-room/internal/installplan","Test":"TestDeterministicPlanAndOwnedSlices/repeat#49","Output":"--- PASS: TestDeterministicPlanAndOwnedSlices/repeat#49 (0.00s)\n"}
{"Time":"2026-09-06T08:35:30.31038+09:00","Action":"pass","Package":"waiting-room/internal/installplan","Test":"TestDeterministicPlanAndOwnedSlices/repeat#49","Elapsed":0}
{"Time":"2026-09-06T08:35:30.310381+09:00","Action":"output","Package":"waiting-room/internal/installplan","Test":"TestDeterministicPlanAndOwnedSlices/repeat#36","Output":"--- PASS: TestDeterministicPlanAndOwnedSlices/repeat#36 (0.00s)\n"}
{"Time":"2026-09-06T08:35:30.310383+09:00","Action":"pass","Package":"waiting-room/internal/installplan","Test":"TestDeterministicPlanAndOwnedSlices/repeat#36","Elapsed":0}
{"Time":"2026-09-06T08:35:30.310387+09:00","Action":"output","Package":"waiting-room/internal/installplan","Test":"TestDeterministicPlanAndOwnedSlices/repeat#35","Output":"--- PASS: TestDeterministicPlanAndOwnedSlices/repeat#35 (0.00s)\n"}
{"Time":"2026-09-06T08:35:30.3104+09:00","Action":"pass","Package":"waiting-room/internal/installplan","Test":"TestDeterministicPlanAndOwnedSlices/repeat#35","Elapsed":0}
{"Time":"2026-09-06T08:35:30.310403+09:00","Action":"output","Package":"waiting-room/internal/installplan","Test":"TestDeterministicPlanAndOwnedSlices/repeat#33","Output":"--- PASS: TestDeterministicPlanAndOwnedSlices/repeat#33 (0.00s)\n"}
{"Time":"2026-09-06T08:35:30.31041+09:00","Action":"pass","Package":"waiting-room/internal/installplan","Test":"TestDeterministicPlanAndOwnedSlices/repeat#33","Elapsed":0}
{"Time":"2026-09-06T08:35:30.310411+09:00","Action":"output","Package":"waiting-room/internal/installplan","Test":"TestDeterministicPlanAndOwnedSlices/repeat#27","Output":"--- PASS: TestDeterministicPlanAndOwnedSlices/repeat#27 (0.00s)\n"}
{"Time":"2026-09-06T08:35:30.31042+09:00","Action":"pass","Package":"waiting-room/internal/installplan","Test":"TestDeterministicPlanAndOwnedSlices/repeat#27","Elapsed":0}
{"Time":"2026-09-06T08:35:30.310422+09:00","Action":"output","Package":"waiting-room/internal/installplan","Test":"TestDeterministicPlanAndOwnedSlices/repeat#44","Output":"--- PASS: TestDeterministicPlanAndOwnedSlices/repeat#44 (0.00s)\n"}
{"Time":"2026-09-06T08:35:30.310431+09:00","Action":"pass","Package":"waiting-room/internal/installplan","Test":"TestDeterministicPlanAndOwnedSlices/repeat#44","Elapsed":0}
{"Time":"2026-09-06T08:35:30.310434+09:00","Action":"output","Package":"waiting-room/internal/installplan","Test":"TestDeterministicPlanAndOwnedSlices/repeat#41","Output":"--- PASS: TestDeterministicPlanAndOwnedSlices/repeat#41 (0.00s)\n"}
{"Time":"2026-09-06T08:35:30.31045+09:00","Action":"pass","Package":"waiting-room/internal/installplan","Test":"TestDeterministicPlanAndOwnedSlices/repeat#41","Elapsed":0}
{"Time":"2026-09-06T08:35:30.310455+09:00","Action":"output","Package":"waiting-room/internal/installplan","Test":"TestDeterministicPlanAndOwnedSlices/repeat#43","Output":"--- PASS: TestDeterministicPlanAndOwnedSlices/repeat#43 (0.00s)\n"}
{"Time":"2026-09-06T08:35:30.310471+09:00","Action":"pass","Package":"waiting-room/internal/installplan","Test":"TestDeterministicPlanAndOwnedSlices/repeat#43","Elapsed":0}
{"Time":"2026-09-06T08:35:30.310475+09:00","Action":"output","Package":"waiting-room/internal/installplan","Test":"TestDeterministicPlanAndOwnedSlices/repeat#08","Output":"--- PASS: TestDeterministicPlanAndOwnedSlices/repeat#08 (0.00s)\n"}
{"Time":"2026-09-06T08:35:30.31048+09:00","Action":"pass","Package":"waiting-room/internal/installplan","Test":"TestDeterministicPlanAndOwnedSlices/repeat#08","Elapsed":0}
{"Time":"2026-09-06T08:35:30.310482+09:00","Action":"output","Package":"waiting-room/internal/installplan","Test":"TestDeterministicPlanAndOwnedSlices/repeat#26","Output":"--- PASS: TestDeterministicPlanAndOwnedSlices/repeat#26 (0.00s)\n"}
{"Time":"2026-09-06T08:35:30.310483+09:00","Action":"pass","Package":"waiting-room/internal/installplan","Test":"TestDeterministicPlanAndOwnedSlices/repeat#26","Elapsed":0}
{"Time":"2026-09-06T08:35:30.310485+09:00","Action":"output","Package":"waiting-room/internal/installplan","Test":"TestDeterministicPlanAndOwnedSlices/repeat#91","Output":"--- PASS: TestDeterministicPlanAndOwnedSlices/repeat#91 (0.00s)\n"}
{"Time":"2026-09-06T08:35:30.310511+09:00","Action":"pass","Package":"waiting-room/internal/installplan","Test":"TestDeterministicPlanAndOwnedSlices/repeat#91","Elapsed":0}
{"Time":"2026-09-06T08:35:30.310516+09:00","Action":"output","Package":"waiting-room/internal/installplan","Test":"TestDeterministicPlanAndOwnedSlices/repeat#09","Output":"--- PASS: TestDeterministicPlanAndOwnedSlices/repeat#09 (0.00s)\n"}
{"Time":"2026-09-06T08:35:30.310527+09:00","Action":"pass","Package":"waiting-room/internal/installplan","Test":"TestDeterministicPlanAndOwnedSlices/repeat#09","Elapsed":0}
{"Time":"2026-09-06T08:35:30.310531+09:00","Action":"output","Package":"waiting-room/internal/installplan","Test":"TestDeterministicPlanAndOwnedSlices/repeat#34","Output":"--- PASS: TestDeterministicPlanAndOwnedSlices/repeat#34 (0.00s)\n"}
{"Time":"2026-09-06T08:35:30.310542+09:00","Action":"pass","Package":"waiting-room/internal/installplan","Test":"TestDeterministicPlanAndOwnedSlices/repeat#34","Elapsed":0}
{"Time":"2026-09-06T08:35:30.310543+09:00","Action":"output","Package":"waiting-room/internal/installplan","Test":"TestDeterministicPlanAndOwnedSlices/repeat#13","Output":"--- PASS: TestDeterministicPlanAndOwnedSlices/repeat#13 (0.00s)\n"}
{"Time":"2026-09-06T08:35:30.31056+09:00","Action":"pass","Package":"waiting-room/internal/installplan","Test":"TestDeterministicPlanAndOwnedSlices/repeat#13","Elapsed":0}
{"Time":"2026-09-06T08:35:30.310563+09:00","Action":"output","Package":"waiting-room/internal/installplan","Test":"TestDeterministicPlanAndOwnedSlices/repeat#16","Output":"--- PASS: TestDeterministicPlanAndOwnedSlices/repeat#16 (0.00s)\n"}
{"Time":"2026-09-06T08:35:30.310566+09:00","Action":"pass","Package":"waiting-room/internal/installplan","Test":"TestDeterministicPlanAndOwnedSlices/repeat#16","Elapsed":0}
{"Time":"2026-09-06T08:35:30.310572+09:00","Action":"output","Package":"waiting-room/internal/installplan","Test":"TestDeterministicPlanAndOwnedSlices/repeat#18","Output":"--- PASS: TestDeterministicPlanAndOwnedSlices/repeat#18 (0.00s)\n"}
{"Time":"2026-09-06T08:35:30.310604+09:00","Action":"pass","Package":"waiting-room/internal/installplan","Test":"TestDeterministicPlanAndOwnedSlices/repeat#18","Elapsed":0}
{"Time":"2026-09-06T08:35:30.310609+09:00","Action":"output","Package":"waiting-room/internal/installplan","Test":"TestDeterministicPlanAndOwnedSlices/repeat#31","Output":"--- PASS: TestDeterministicPlanAndOwnedSlices/repeat#31 (0.00s)\n"}
{"Time":"2026-09-06T08:35:30.310628+09:00","Action":"pass","Package":"waiting-room/internal/installplan","Test":"TestDeterministicPlanAndOwnedSlices/repeat#31","Elapsed":0}
{"Time":"2026-09-06T08:35:30.310632+09:00","Action":"output","Package":"waiting-room/internal/installplan","Test":"TestDeterministicPlanAndOwnedSlices/repeat#77","Output":"--- PASS: TestDeterministicPlanAndOwnedSlices/repeat#77 (0.00s)\n"}
{"Time":"2026-09-06T08:35:30.310649+09:00","Action":"pass","Package":"waiting-room/internal/installplan","Test":"TestDeterministicPlanAndOwnedSlices/repeat#77","Elapsed":0}
{"Time":"2026-09-06T08:35:30.310651+09:00","Action":"output","Package":"waiting-room/internal/installplan","Test":"TestDeterministicPlanAndOwnedSlices/repeat#21","Output":"--- PASS: TestDeterministicPlanAndOwnedSlices/repeat#21 (0.00s)\n"}
{"Time":"2026-09-06T08:35:30.310715+09:00","Action":"pass","Package":"waiting-room/internal/installplan","Test":"TestDeterministicPlanAndOwnedSlices/repeat#21","Elapsed":0}
{"Time":"2026-09-06T08:35:30.31072+09:00","Action":"output","Package":"waiting-room/internal/installplan","Test":"TestDeterministicPlanAndOwnedSlices/repeat#10","Output":"--- PASS: TestDeterministicPlanAndOwnedSlices/repeat#10 (0.00s)\n"}
{"Time":"2026-09-06T08:35:30.310734+09:00","Action":"pass","Package":"waiting-room/internal/installplan","Test":"TestDeterministicPlanAndOwnedSlices/repeat#10","Elapsed":0}
{"Time":"2026-09-06T08:35:30.310739+09:00","Action":"output","Package":"waiting-room/internal/installplan","Test":"TestDeterministicPlanAndOwnedSlices/repeat#04","Output":"--- PASS: TestDeterministicPlanAndOwnedSlices/repeat#04 (0.00s)\n"}
{"Time":"2026-09-06T08:35:30.310755+09:00","Action":"pass","Package":"waiting-room/internal/installplan","Test":"TestDeterministicPlanAndOwnedSlices/repeat#04","Elapsed":0}
{"Time":"2026-09-06T08:35:30.310759+09:00","Action":"output","Package":"waiting-room/internal/installplan","Test":"TestDeterministicPlanAndOwnedSlices/repeat","Output":"--- PASS: TestDeterministicPlanAndOwnedSlices/repeat (0.00s)\n"}
{"Time":"2026-09-06T08:35:30.310762+09:00","Action":"pass","Package":"waiting-room/internal/installplan","Test":"TestDeterministicPlanAndOwnedSlices/repeat","Elapsed":0}
{"Time":"2026-09-06T08:35:30.310763+09:00","Action":"output","Package":"waiting-room/internal/installplan","Test":"TestDeterministicPlanAndOwnedSlices/repeat#85","Output":"--- PASS: TestDeterministicPlanAndOwnedSlices/repeat#85 (0.00s)\n"}
{"Time":"2026-09-06T08:35:30.31079+09:00","Action":"pass","Package":"waiting-room/internal/installplan","Test":"TestDeterministicPlanAndOwnedSlices/repeat#85","Elapsed":0}
{"Time":"2026-09-06T08:35:30.310794+09:00","Action":"output","Package":"waiting-room/internal/installplan","Test":"TestDeterministicPlanAndOwnedSlices/repeat#17","Output":"--- PASS: TestDeterministicPlanAndOwnedSlices/repeat#17 (0.00s)\n"}
{"Time":"2026-09-06T08:35:30.310807+09:00","Action":"pass","Package":"waiting-room/internal/installplan","Test":"TestDeterministicPlanAndOwnedSlices/repeat#17","Elapsed":0}
{"Time":"2026-09-06T08:35:30.310811+09:00","Action":"output","Package":"waiting-room/internal/installplan","Test":"TestDeterministicPlanAndOwnedSlices/repeat#14","Output":"--- PASS: TestDeterministicPlanAndOwnedSlices/repeat#14 (0.00s)\n"}
{"Time":"2026-09-06T08:35:30.310853+09:00","Action":"pass","Package":"waiting-room/internal/installplan","Test":"TestDeterministicPlanAndOwnedSlices/repeat#14","Elapsed":0}
{"Time":"2026-09-06T08:35:30.310857+09:00","Action":"output","Package":"waiting-room/internal/installplan","Test":"TestDeterministicPlanAndOwnedSlices/repeat#07","Output":"--- PASS: TestDeterministicPlanAndOwnedSlices/repeat#07 (0.00s)\n"}
{"Time":"2026-09-06T08:35:30.310858+09:00","Action":"pass","Package":"waiting-room/internal/installplan","Test":"TestDeterministicPlanAndOwnedSlices/repeat#07","Elapsed":0}
{"Time":"2026-09-06T08:35:30.310859+09:00","Action":"output","Package":"waiting-room/internal/installplan","Test":"TestDeterministicPlanAndOwnedSlices/repeat#19","Output":"--- PASS: TestDeterministicPlanAndOwnedSlices/repeat#19 (0.00s)\n"}
{"Time":"2026-09-06T08:35:30.310873+09:00","Action":"pass","Package":"waiting-room/internal/installplan","Test":"TestDeterministicPlanAndOwnedSlices/repeat#19","Elapsed":0}
{"Time":"2026-09-06T08:35:30.310877+09:00","Action":"output","Package":"waiting-room/internal/installplan","Test":"TestDeterministicPlanAndOwnedSlices/repeat#28","Output":"--- PASS: TestDeterministicPlanAndOwnedSlices/repeat#28 (0.00s)\n"}
{"Time":"2026-09-06T08:35:30.31088+09:00","Action":"pass","Package":"waiting-room/internal/installplan","Test":"TestDeterministicPlanAndOwnedSlices/repeat#28","Elapsed":0}
{"Time":"2026-09-06T08:35:30.310881+09:00","Action":"output","Package":"waiting-room/internal/installplan","Test":"TestDeterministicPlanAndOwnedSlices/repeat#11","Output":"--- PASS: TestDeterministicPlanAndOwnedSlices/repeat#11 (0.00s)\n"}
{"Time":"2026-09-06T08:35:30.310894+09:00","Action":"pass","Package":"waiting-room/internal/installplan","Test":"TestDeterministicPlanAndOwnedSlices/repeat#11","Elapsed":0}
{"Time":"2026-09-06T08:35:30.310898+09:00","Action":"output","Package":"waiting-room/internal/installplan","Test":"TestDeterministicPlanAndOwnedSlices/repeat#81","Output":"--- PASS: TestDeterministicPlanAndOwnedSlices/repeat#81 (0.00s)\n"}
{"Time":"2026-09-06T08:35:30.310915+09:00","Action":"pass","Package":"waiting-room/internal/installplan","Test":"TestDeterministicPlanAndOwnedSlices/repeat#81","Elapsed":0}
{"Time":"2026-09-06T08:35:30.310918+09:00","Action":"output","Package":"waiting-room/internal/installplan","Test":"TestDeterministicPlanAndOwnedSlices/repeat#30","Output":"--- PASS: TestDeterministicPlanAndOwnedSlices/repeat#30 (0.00s)\n"}
{"Time":"2026-09-06T08:35:30.310933+09:00","Action":"pass","Package":"waiting-room/internal/installplan","Test":"TestDeterministicPlanAndOwnedSlices/repeat#30","Elapsed":0}
{"Time":"2026-09-06T08:35:30.310935+09:00","Action":"output","Package":"waiting-room/internal/installplan","Test":"TestDeterministicPlanAndOwnedSlices/repeat#32","Output":"--- PASS: TestDeterministicPlanAndOwnedSlices/repeat#32 (0.00s)\n"}
{"Time":"2026-09-06T08:35:30.310943+09:00","Action":"pass","Package":"waiting-room/internal/installplan","Test":"TestDeterministicPlanAndOwnedSlices/repeat#32","Elapsed":0}
{"Time":"2026-09-06T08:35:30.310946+09:00","Action":"output","Package":"waiting-room/internal/installplan","Test":"TestDeterministicPlanAndOwnedSlices/repeat#24","Output":"--- PASS: TestDeterministicPlanAndOwnedSlices/repeat#24 (0.00s)\n"}
{"Time":"2026-09-06T08:35:30.310962+09:00","Action":"pass","Package":"waiting-room/internal/installplan","Test":"TestDeterministicPlanAndOwnedSlices/repeat#24","Elapsed":0}
{"Time":"2026-09-06T08:35:30.310966+09:00","Action":"output","Package":"waiting-room/internal/installplan","Test":"TestDeterministicPlanAndOwnedSlices/repeat#23","Output":"--- PASS: TestDeterministicPlanAndOwnedSlices/repeat#23 (0.00s)\n"}
{"Time":"2026-09-06T08:35:30.310969+09:00","Action":"pass","Package":"waiting-room/internal/installplan","Test":"TestDeterministicPlanAndOwnedSlices/repeat#23","Elapsed":0}
{"Time":"2026-09-06T08:35:30.31097+09:00","Action":"output","Package":"waiting-room/internal/installplan","Test":"TestDeterministicPlanAndOwnedSlices/repeat#03","Output":"--- PASS: TestDeterministicPlanAndOwnedSlices/repeat#03 (0.00s)\n"}
{"Time":"2026-09-06T08:35:30.310991+09:00","Action":"pass","Package":"waiting-room/internal/installplan","Test":"TestDeterministicPlanAndOwnedSlices/repeat#03","Elapsed":0}
{"Time":"2026-09-06T08:35:30.310995+09:00","Action":"output","Package":"waiting-room/internal/installplan","Test":"TestDeterministicPlanAndOwnedSlices/repeat#02","Output":"--- PASS: TestDeterministicPlanAndOwnedSlices/repeat#02 (0.00s)\n"}
{"Time":"2026-09-06T08:35:30.311029+09:00","Action":"pass","Package":"waiting-room/internal/installplan","Test":"TestDeterministicPlanAndOwnedSlices/repeat#02","Elapsed":0}
{"Time":"2026-09-06T08:35:30.311032+09:00","Action":"output","Package":"waiting-room/internal/installplan","Test":"TestDeterministicPlanAndOwnedSlices","Output":"--- PASS: TestDeterministicPlanAndOwnedSlices (0.00s)\n"}
{"Time":"2026-09-06T08:35:30.311034+09:00","Action":"pass","Package":"waiting-room/internal/installplan","Test":"TestDeterministicPlanAndOwnedSlices","Elapsed":0}
{"Time":"2026-09-06T08:35:30.311056+09:00","Action":"run","Package":"waiting-room/internal/installplan","Test":"TestReportProvenanceAndChecksum"}
{"Time":"2026-09-06T08:35:30.31106+09:00","Action":"output","Package":"waiting-room/internal/installplan","Test":"TestReportProvenanceAndChecksum","Output":"=== RUN   TestReportProvenanceAndChecksum\n"}
{"Time":"2026-09-06T08:35:30.312659+09:00","Action":"output","Package":"waiting-room/internal/installplan","Test":"TestReportProvenanceAndChecksum","Output":"--- PASS: TestReportProvenanceAndChecksum (0.00s)\n"}
{"Time":"2026-09-06T08:35:30.312671+09:00","Action":"pass","Package":"waiting-room/internal/installplan","Test":"TestReportProvenanceAndChecksum","Elapsed":0}
{"Time":"2026-09-06T08:35:30.312674+09:00","Action":"run","Package":"waiting-room/internal/installplan","Test":"TestReportRejectsUntrustedClaims"}
{"Time":"2026-09-06T08:35:30.312675+09:00","Action":"output","Package":"waiting-room/internal/installplan","Test":"TestReportRejectsUntrustedClaims","Output":"=== RUN   TestReportRejectsUntrustedClaims\n"}
{"Time":"2026-09-06T08:35:30.312784+09:00","Action":"run","Package":"waiting-room/internal/installplan","Test":"TestReportRejectsUntrustedClaims/trailing"}
{"Time":"2026-09-06T08:35:30.312793+09:00","Action":"output","Package":"waiting-room/internal/installplan","Test":"TestReportRejectsUntrustedClaims/trailing","Output":"=== RUN   TestReportRejectsUntrustedClaims/trailing\n"}
{"Time":"2026-09-06T08:35:30.312926+09:00","Action":"output","Package":"waiting-room/internal/installplan","Test":"TestReportRejectsUntrustedClaims/trailing","Output":"--- PASS: TestReportRejectsUntrustedClaims/trailing (0.00s)\n"}
{"Time":"2026-09-06T08:35:30.312941+09:00","Action":"pass","Package":"waiting-room/internal/installplan","Test":"TestReportRejectsUntrustedClaims/trailing","Elapsed":0}
{"Time":"2026-09-06T08:35:30.312945+09:00","Action":"run","Package":"waiting-room/internal/installplan","Test":"TestReportRejectsUntrustedClaims/oversized"}
{"Time":"2026-09-06T08:35:30.312946+09:00","Action":"output","Package":"waiting-room/internal/installplan","Test":"TestReportRejectsUntrustedClaims/oversized","Output":"=== RUN   TestReportRejectsUntrustedClaims/oversized\n"}
{"Time":"2026-09-06T08:35:30.313009+09:00","Action":"output","Package":"waiting-room/internal/installplan","Test":"TestReportRejectsUntrustedClaims/oversized","Output":"--- PASS: TestReportRejectsUntrustedClaims/oversized (0.00s)\n"}
{"Time":"2026-09-06T08:35:30.313014+09:00","Action":"pass","Package":"waiting-room/internal/installplan","Test":"TestReportRejectsUntrustedClaims/oversized","Elapsed":0}
{"Time":"2026-09-06T08:35:30.313016+09:00","Action":"run","Package":"waiting-room/internal/installplan","Test":"TestReportRejectsUntrustedClaims/cost-null"}
{"Time":"2026-09-06T08:35:30.313018+09:00","Action":"output","Package":"waiting-room/internal/installplan","Test":"TestReportRejectsUntrustedClaims/cost-null","Output":"=== RUN   TestReportRejectsUntrustedClaims/cost-null\n"}
{"Time":"2026-09-06T08:35:30.313062+09:00","Action":"output","Package":"waiting-room/internal/installplan","Test":"TestReportRejectsUntrustedClaims/cost-null","Output":"--- PASS: TestReportRejectsUntrustedClaims/cost-null (0.00s)\n"}
{"Time":"2026-09-06T08:35:30.313067+09:00","Action":"pass","Package":"waiting-room/internal/installplan","Test":"TestReportRejectsUntrustedClaims/cost-null","Elapsed":0}
{"Time":"2026-09-06T08:35:30.313076+09:00","Action":"run","Package":"waiting-room/internal/installplan","Test":"TestReportRejectsUntrustedClaims/extra-claim"}
{"Time":"2026-09-06T08:35:30.313078+09:00","Action":"output","Package":"waiting-room/internal/installplan","Test":"TestReportRejectsUntrustedClaims/extra-claim","Output":"=== RUN   TestReportRejectsUntrustedClaims/extra-claim\n"}
{"Time":"2026-09-06T08:35:30.313223+09:00","Action":"output","Package":"waiting-room/internal/installplan","Test":"TestReportRejectsUntrustedClaims/extra-claim","Output":"--- PASS: TestReportRejectsUntrustedClaims/extra-claim (0.00s)\n"}
{"Time":"2026-09-06T08:35:30.313227+09:00","Action":"pass","Package":"waiting-room/internal/installplan","Test":"TestReportRejectsUntrustedClaims/extra-claim","Elapsed":0}
{"Time":"2026-09-06T08:35:30.313237+09:00","Action":"run","Package":"waiting-room/internal/installplan","Test":"TestReportRejectsUntrustedClaims/duplicate"}
{"Time":"2026-09-06T08:35:30.313241+09:00","Action":"output","Package":"waiting-room/internal/installplan","Test":"TestReportRejectsUntrustedClaims/duplicate","Output":"=== RUN   TestReportRejectsUntrustedClaims/duplicate\n"}
{"Time":"2026-09-06T08:35:30.313323+09:00","Action":"output","Package":"waiting-room/internal/installplan","Test":"TestReportRejectsUntrustedClaims/duplicate","Output":"--- PASS: TestReportRejectsUntrustedClaims/duplicate (0.00s)\n"}
{"Time":"2026-09-06T08:35:30.313328+09:00","Action":"pass","Package":"waiting-room/internal/installplan","Test":"TestReportRejectsUntrustedClaims/duplicate","Elapsed":0}
{"Time":"2026-09-06T08:35:30.313331+09:00","Action":"run","Package":"waiting-room/internal/installplan","Test":"TestReportRejectsUntrustedClaims/wrong-type-version"}
{"Time":"2026-09-06T08:35:30.313332+09:00","Action":"output","Package":"waiting-room/internal/installplan","Test":"TestReportRejectsUntrustedClaims/wrong-type-version","Output":"=== RUN   TestReportRejectsUntrustedClaims/wrong-type-version\n"}
{"Time":"2026-09-06T08:35:30.313498+09:00","Action":"output","Package":"waiting-room/internal/installplan","Test":"TestReportRejectsUntrustedClaims/wrong-type-version","Output":"--- PASS: TestReportRejectsUntrustedClaims/wrong-type-version (0.00s)\n"}
{"Time":"2026-09-06T08:35:30.313514+09:00","Action":"pass","Package":"waiting-room/internal/installplan","Test":"TestReportRejectsUntrustedClaims/wrong-type-version","Elapsed":0}
{"Time":"2026-09-06T08:35:30.313517+09:00","Action":"run","Package":"waiting-room/internal/installplan","Test":"TestReportRejectsUntrustedClaims/invalid-cost"}
{"Time":"2026-09-06T08:35:30.313519+09:00","Action":"output","Package":"waiting-room/internal/installplan","Test":"TestReportRejectsUntrustedClaims/invalid-cost","Output":"=== RUN   TestReportRejectsUntrustedClaims/invalid-cost\n"}
{"Time":"2026-09-06T08:35:30.313915+09:00","Action":"output","Package":"waiting-room/internal/installplan","Test":"TestReportRejectsUntrustedClaims/invalid-cost","Output":"--- PASS: TestReportRejectsUntrustedClaims/invalid-cost (0.00s)\n"}
{"Time":"2026-09-06T08:35:30.313921+09:00","Action":"pass","Package":"waiting-room/internal/installplan","Test":"TestReportRejectsUntrustedClaims/invalid-cost","Elapsed":0}
{"Time":"2026-09-06T08:35:30.313931+09:00","Action":"run","Package":"waiting-room/internal/installplan","Test":"TestReportRejectsUntrustedClaims/missing-plan"}
{"Time":"2026-09-06T08:35:30.313934+09:00","Action":"output","Package":"waiting-room/internal/installplan","Test":"TestReportRejectsUntrustedClaims/missing-plan","Output":"=== RUN   TestReportRejectsUntrustedClaims/missing-plan\n"}
{"Time":"2026-09-06T08:35:30.313967+09:00","Action":"output","Package":"waiting-room/internal/installplan","Test":"TestReportRejectsUntrustedClaims/missing-plan","Output":"--- PASS: TestReportRejectsUntrustedClaims/missing-plan (0.00s)\n"}
{"Time":"2026-09-06T08:35:30.313977+09:00","Action":"pass","Package":"waiting-room/internal/installplan","Test":"TestReportRejectsUntrustedClaims/missing-plan","Elapsed":0}
{"Time":"2026-09-06T08:35:30.31398+09:00","Action":"run","Package":"waiting-room/internal/installplan","Test":"TestReportRejectsUntrustedClaims/secret"}
{"Time":"2026-09-06T08:35:30.313981+09:00","Action":"output","Package":"waiting-room/internal/installplan","Test":"TestReportRejectsUntrustedClaims/secret","Output":"=== RUN   TestReportRejectsUntrustedClaims/secret\n"}
{"Time":"2026-09-06T08:35:30.31422+09:00","Action":"output","Package":"waiting-room/internal/installplan","Test":"TestReportRejectsUntrustedClaims/secret","Output":"--- PASS: TestReportRejectsUntrustedClaims/secret (0.00s)\n"}
{"Time":"2026-09-06T08:35:30.314224+09:00","Action":"pass","Package":"waiting-room/internal/installplan","Test":"TestReportRejectsUntrustedClaims/secret","Elapsed":0}
{"Time":"2026-09-06T08:35:30.314236+09:00","Action":"run","Package":"waiting-room/internal/installplan","Test":"TestReportRejectsUntrustedClaims/wrong-version"}
{"Time":"2026-09-06T08:35:30.314239+09:00","Action":"output","Package":"waiting-room/internal/installplan","Test":"TestReportRejectsUntrustedClaims/wrong-version","Output":"=== RUN   TestReportRejectsUntrustedClaims/wrong-version\n"}
{"Time":"2026-09-06T08:35:30.314377+09:00","Action":"output","Package":"waiting-room/internal/installplan","Test":"TestReportRejectsUntrustedClaims/wrong-version","Output":"--- PASS: TestReportRejectsUntrustedClaims/wrong-version (0.00s)\n"}
{"Time":"2026-09-06T08:35:30.314385+09:00","Action":"pass","Package":"waiting-room/internal/installplan","Test":"TestReportRejectsUntrustedClaims/wrong-version","Elapsed":0}
{"Time":"2026-09-06T08:35:30.314389+09:00","Action":"run","Package":"waiting-room/internal/installplan","Test":"TestReportRejectsUntrustedClaims/client-total"}
{"Time":"2026-09-06T08:35:30.31439+09:00","Action":"output","Package":"waiting-room/internal/installplan","Test":"TestReportRejectsUntrustedClaims/client-total","Output":"=== RUN   TestReportRejectsUntrustedClaims/client-total\n"}
{"Time":"2026-09-06T08:35:30.314745+09:00","Action":"output","Package":"waiting-room/internal/installplan","Test":"TestReportRejectsUntrustedClaims/client-total","Output":"--- PASS: TestReportRejectsUntrustedClaims/client-total (0.00s)\n"}
{"Time":"2026-09-06T08:35:30.31475+09:00","Action":"pass","Package":"waiting-room/internal/installplan","Test":"TestReportRejectsUntrustedClaims/client-total","Elapsed":0}
{"Time":"2026-09-06T08:35:30.315481+09:00","Action":"output","Package":"waiting-room/internal/installplan","Test":"TestReportRejectsUntrustedClaims","Output":"--- PASS: TestReportRejectsUntrustedClaims (0.00s)\n"}
{"Time":"2026-09-06T08:35:30.315486+09:00","Action":"pass","Package":"waiting-room/internal/installplan","Test":"TestReportRejectsUntrustedClaims","Elapsed":0}
{"Time":"2026-09-06T08:35:30.315498+09:00","Action":"run","Package":"waiting-room/internal/installplan","Test":"TestReportDeterminismAndOwnedCopies"}
{"Time":"2026-09-06T08:35:30.315501+09:00","Action":"output","Package":"waiting-room/internal/installplan","Test":"TestReportDeterminismAndOwnedCopies","Output":"=== RUN   TestReportDeterminismAndOwnedCopies\n"}
{"Time":"2026-09-06T08:35:30.316684+09:00","Action":"run","Package":"waiting-room/internal/installplan","Test":"TestReportDeterminismAndOwnedCopies/repeat"}
{"Time":"2026-09-06T08:35:30.316689+09:00","Action":"output","Package":"waiting-room/internal/installplan","Test":"TestReportDeterminismAndOwnedCopies/repeat","Output":"=== RUN   TestReportDeterminismAndOwnedCopies/repeat\n"}
{"Time":"2026-09-06T08:35:30.316717+09:00","Action":"output","Package":"waiting-room/internal/installplan","Test":"TestReportDeterminismAndOwnedCopies/repeat","Output":"=== PAUSE TestReportDeterminismAndOwnedCopies/repeat\n"}
{"Time":"2026-09-06T08:35:30.316723+09:00","Action":"pause","Package":"waiting-room/internal/installplan","Test":"TestReportDeterminismAndOwnedCopies/repeat"}
{"Time":"2026-09-06T08:35:30.316746+09:00","Action":"run","Package":"waiting-room/internal/installplan","Test":"TestReportDeterminismAndOwnedCopies/repeat#01"}
{"Time":"2026-09-06T08:35:30.316749+09:00","Action":"output","Package":"waiting-room/internal/installplan","Test":"TestReportDeterminismAndOwnedCopies/repeat#01","Output":"=== RUN   TestReportDeterminismAndOwnedCopies/repeat#01\n"}
{"Time":"2026-09-06T08:35:30.316752+09:00","Action":"output","Package":"waiting-room/internal/installplan","Test":"TestReportDeterminismAndOwnedCopies/repeat#01","Output":"=== PAUSE TestReportDeterminismAndOwnedCopies/repeat#01\n"}
{"Time":"2026-09-06T08:35:30.316753+09:00","Action":"pause","Package":"waiting-room/internal/installplan","Test":"TestReportDeterminismAndOwnedCopies/repeat#01"}
{"Time":"2026-09-06T08:35:30.316771+09:00","Action":"run","Package":"waiting-room/internal/installplan","Test":"TestReportDeterminismAndOwnedCopies/repeat#02"}
{"Time":"2026-09-06T08:35:30.316774+09:00","Action":"output","Package":"waiting-room/internal/installplan","Test":"TestReportDeterminismAndOwnedCopies/repeat#02","Output":"=== RUN   TestReportDeterminismAndOwnedCopies/repeat#02\n"}
{"Time":"2026-09-06T08:35:30.316785+09:00","Action":"output","Package":"waiting-room/internal/installplan","Test":"TestReportDeterminismAndOwnedCopies/repeat#02","Output":"=== PAUSE TestReportDeterminismAndOwnedCopies/repeat#02\n"}
{"Time":"2026-09-06T08:35:30.316788+09:00","Action":"pause","Package":"waiting-room/internal/installplan","Test":"TestReportDeterminismAndOwnedCopies/repeat#02"}
{"Time":"2026-09-06T08:35:30.316804+09:00","Action":"run","Package":"waiting-room/internal/installplan","Test":"TestReportDeterminismAndOwnedCopies/repeat#03"}
{"Time":"2026-09-06T08:35:30.316807+09:00","Action":"output","Package":"waiting-room/internal/installplan","Test":"TestReportDeterminismAndOwnedCopies/repeat#03","Output":"=== RUN   TestReportDeterminismAndOwnedCopies/repeat#03\n"}
{"Time":"2026-09-06T08:35:30.31682+09:00","Action":"output","Package":"waiting-room/internal/installplan","Test":"TestReportDeterminismAndOwnedCopies/repeat#03","Output":"=== PAUSE TestReportDeterminismAndOwnedCopies/repeat#03\n"}
{"Time":"2026-09-06T08:35:30.316823+09:00","Action":"pause","Package":"waiting-room/internal/installplan","Test":"TestReportDeterminismAndOwnedCopies/repeat#03"}
{"Time":"2026-09-06T08:35:30.316837+09:00","Action":"run","Package":"waiting-room/internal/installplan","Test":"TestReportDeterminismAndOwnedCopies/repeat#04"}
{"Time":"2026-09-06T08:35:30.31684+09:00","Action":"output","Package":"waiting-room/internal/installplan","Test":"TestReportDeterminismAndOwnedCopies/repeat#04","Output":"=== RUN   TestReportDeterminismAndOwnedCopies/repeat#04\n"}
{"Time":"2026-09-06T08:35:30.316861+09:00","Action":"output","Package":"waiting-room/internal/installplan","Test":"TestReportDeterminismAndOwnedCopies/repeat#04","Output":"=== PAUSE TestReportDeterminismAndOwnedCopies/repeat#04\n"}
{"Time":"2026-09-06T08:35:30.316862+09:00","Action":"pause","Package":"waiting-room/internal/installplan","Test":"TestReportDeterminismAndOwnedCopies/repeat#04"}
{"Time":"2026-09-06T08:35:30.316864+09:00","Action":"run","Package":"waiting-room/internal/installplan","Test":"TestReportDeterminismAndOwnedCopies/repeat#05"}
{"Time":"2026-09-06T08:35:30.316865+09:00","Action":"output","Package":"waiting-room/internal/installplan","Test":"TestReportDeterminismAndOwnedCopies/repeat#05","Output":"=== RUN   TestReportDeterminismAndOwnedCopies/repeat#05\n"}
{"Time":"2026-09-06T08:35:30.316873+09:00","Action":"output","Package":"waiting-room/internal/installplan","Test":"TestReportDeterminismAndOwnedCopies/repeat#05","Output":"=== PAUSE TestReportDeterminismAndOwnedCopies/repeat#05\n"}
{"Time":"2026-09-06T08:35:30.316874+09:00","Action":"pause","Package":"waiting-room/internal/installplan","Test":"TestReportDeterminismAndOwnedCopies/repeat#05"}
{"Time":"2026-09-06T08:35:30.316889+09:00","Action":"run","Package":"waiting-room/internal/installplan","Test":"TestReportDeterminismAndOwnedCopies/repeat#06"}
{"Time":"2026-09-06T08:35:30.316892+09:00","Action":"output","Package":"waiting-room/internal/installplan","Test":"TestReportDeterminismAndOwnedCopies/repeat#06","Output":"=== RUN   TestReportDeterminismAndOwnedCopies/repeat#06\n"}
{"Time":"2026-09-06T08:35:30.316904+09:00","Action":"output","Package":"waiting-room/internal/installplan","Test":"TestReportDeterminismAndOwnedCopies/repeat#06","Output":"=== PAUSE TestReportDeterminismAndOwnedCopies/repeat#06\n"}
{"Time":"2026-09-06T08:35:30.316908+09:00","Action":"pause","Package":"waiting-room/internal/installplan","Test":"TestReportDeterminismAndOwnedCopies/repeat#06"}
{"Time":"2026-09-06T08:35:30.316925+09:00","Action":"run","Package":"waiting-room/internal/installplan","Test":"TestReportDeterminismAndOwnedCopies/repeat#07"}
{"Time":"2026-09-06T08:35:30.316928+09:00","Action":"output","Package":"waiting-room/internal/installplan","Test":"TestReportDeterminismAndOwnedCopies/repeat#07","Output":"=== RUN   TestReportDeterminismAndOwnedCopies/repeat#07\n"}
{"Time":"2026-09-06T08:35:30.316934+09:00","Action":"output","Package":"waiting-room/internal/installplan","Test":"TestReportDeterminismAndOwnedCopies/repeat#07","Output":"=== PAUSE TestReportDeterminismAndOwnedCopies/repeat#07\n"}
{"Time":"2026-09-06T08:35:30.316936+09:00","Action":"pause","Package":"waiting-room/internal/installplan","Test":"TestReportDeterminismAndOwnedCopies/repeat#07"}
{"Time":"2026-09-06T08:35:30.31696+09:00","Action":"run","Package":"waiting-room/internal/installplan","Test":"TestReportDeterminismAndOwnedCopies/repeat#08"}
{"Time":"2026-09-06T08:35:30.316962+09:00","Action":"output","Package":"waiting-room/internal/installplan","Test":"TestReportDeterminismAndOwnedCopies/repeat#08","Output":"=== RUN   TestReportDeterminismAndOwnedCopies/repeat#08\n"}
{"Time":"2026-09-06T08:35:30.316976+09:00","Action":"output","Package":"waiting-room/internal/installplan","Test":"TestReportDeterminismAndOwnedCopies/repeat#08","Output":"=== PAUSE TestReportDeterminismAndOwnedCopies/repeat#08\n"}
{"Time":"2026-09-06T08:35:30.316978+09:00","Action":"pause","Package":"waiting-room/internal/installplan","Test":"TestReportDeterminismAndOwnedCopies/repeat#08"}
{"Time":"2026-09-06T08:35:30.31699+09:00","Action":"run","Package":"waiting-room/internal/installplan","Test":"TestReportDeterminismAndOwnedCopies/repeat#09"}
{"Time":"2026-09-06T08:35:30.316992+09:00","Action":"output","Package":"waiting-room/internal/installplan","Test":"TestReportDeterminismAndOwnedCopies/repeat#09","Output":"=== RUN   TestReportDeterminismAndOwnedCopies/repeat#09\n"}
{"Time":"2026-09-06T08:35:30.317005+09:00","Action":"output","Package":"waiting-room/internal/installplan","Test":"TestReportDeterminismAndOwnedCopies/repeat#09","Output":"=== PAUSE TestReportDeterminismAndOwnedCopies/repeat#09\n"}
{"Time":"2026-09-06T08:35:30.317008+09:00","Action":"pause","Package":"waiting-room/internal/installplan","Test":"TestReportDeterminismAndOwnedCopies/repeat#09"}
{"Time":"2026-09-06T08:35:30.317022+09:00","Action":"run","Package":"waiting-room/internal/installplan","Test":"TestReportDeterminismAndOwnedCopies/repeat#10"}
{"Time":"2026-09-06T08:35:30.317026+09:00","Action":"output","Package":"waiting-room/internal/installplan","Test":"TestReportDeterminismAndOwnedCopies/repeat#10","Output":"=== RUN   TestReportDeterminismAndOwnedCopies/repeat#10\n"}
{"Time":"2026-09-06T08:35:30.317036+09:00","Action":"output","Package":"waiting-room/internal/installplan","Test":"TestReportDeterminismAndOwnedCopies/repeat#10","Output":"=== PAUSE TestReportDeterminismAndOwnedCopies/repeat#10\n"}
{"Time":"2026-09-06T08:35:30.31704+09:00","Action":"pause","Package":"waiting-room/internal/installplan","Test":"TestReportDeterminismAndOwnedCopies/repeat#10"}
{"Time":"2026-09-06T08:35:30.317057+09:00","Action":"run","Package":"waiting-room/internal/installplan","Test":"TestReportDeterminismAndOwnedCopies/repeat#11"}
{"Time":"2026-09-06T08:35:30.31706+09:00","Action":"output","Package":"waiting-room/internal/installplan","Test":"TestReportDeterminismAndOwnedCopies/repeat#11","Output":"=== RUN   TestReportDeterminismAndOwnedCopies/repeat#11\n"}
{"Time":"2026-09-06T08:35:30.317068+09:00","Action":"output","Package":"waiting-room/internal/installplan","Test":"TestReportDeterminismAndOwnedCopies/repeat#11","Output":"=== PAUSE TestReportDeterminismAndOwnedCopies/repeat#11\n"}
{"Time":"2026-09-06T08:35:30.31707+09:00","Action":"pause","Package":"waiting-room/internal/installplan","Test":"TestReportDeterminismAndOwnedCopies/repeat#11"}
{"Time":"2026-09-06T08:35:30.317085+09:00","Action":"run","Package":"waiting-room/internal/installplan","Test":"TestReportDeterminismAndOwnedCopies/repeat#12"}
{"Time":"2026-09-06T08:35:30.317087+09:00","Action":"output","Package":"waiting-room/internal/installplan","Test":"TestReportDeterminismAndOwnedCopies/repeat#12","Output":"=== RUN   TestReportDeterminismAndOwnedCopies/repeat#12\n"}
{"Time":"2026-09-06T08:35:30.317097+09:00","Action":"output","Package":"waiting-room/internal/installplan","Test":"TestReportDeterminismAndOwnedCopies/repeat#12","Output":"=== PAUSE TestReportDeterminismAndOwnedCopies/repeat#12\n"}
{"Time":"2026-09-06T08:35:30.317102+09:00","Action":"pause","Package":"waiting-room/internal/installplan","Test":"TestReportDeterminismAndOwnedCopies/repeat#12"}
{"Time":"2026-09-06T08:35:30.317118+09:00","Action":"run","Package":"waiting-room/internal/installplan","Test":"TestReportDeterminismAndOwnedCopies/repeat#13"}
{"Time":"2026-09-06T08:35:30.317121+09:00","Action":"output","Package":"waiting-room/internal/installplan","Test":"TestReportDeterminismAndOwnedCopies/repeat#13","Output":"=== RUN   TestReportDeterminismAndOwnedCopies/repeat#13\n"}
{"Time":"2026-09-06T08:35:30.317124+09:00","Action":"output","Package":"waiting-room/internal/installplan","Test":"TestReportDeterminismAndOwnedCopies/repeat#13","Output":"=== PAUSE TestReportDeterminismAndOwnedCopies/repeat#13\n"}
{"Time":"2026-09-06T08:35:30.317125+09:00","Action":"pause","Package":"waiting-room/internal/installplan","Test":"TestReportDeterminismAndOwnedCopies/repeat#13"}
{"Time":"2026-09-06T08:35:30.317146+09:00","Action":"run","Package":"waiting-room/internal/installplan","Test":"TestReportDeterminismAndOwnedCopies/repeat#14"}
{"Time":"2026-09-06T08:35:30.31715+09:00","Action":"output","Package":"waiting-room/internal/installplan","Test":"TestReportDeterminismAndOwnedCopies/repeat#14","Output":"=== RUN   TestReportDeterminismAndOwnedCopies/repeat#14\n"}
{"Time":"2026-09-06T08:35:30.317152+09:00","Action":"output","Package":"waiting-room/internal/installplan","Test":"TestReportDeterminismAndOwnedCopies/repeat#14","Output":"=== PAUSE TestReportDeterminismAndOwnedCopies/repeat#14\n"}
{"Time":"2026-09-06T08:35:30.317154+09:00","Action":"pause","Package":"waiting-room/internal/installplan","Test":"TestReportDeterminismAndOwnedCopies/repeat#14"}
{"Time":"2026-09-06T08:35:30.31717+09:00","Action":"run","Package":"waiting-room/internal/installplan","Test":"TestReportDeterminismAndOwnedCopies/repeat#15"}
{"Time":"2026-09-06T08:35:30.317173+09:00","Action":"output","Package":"waiting-room/internal/installplan","Test":"TestReportDeterminismAndOwnedCopies/repeat#15","Output":"=== RUN   TestReportDeterminismAndOwnedCopies/repeat#15\n"}
{"Time":"2026-09-06T08:35:30.317186+09:00","Action":"output","Package":"waiting-room/internal/installplan","Test":"TestReportDeterminismAndOwnedCopies/repeat#15","Output":"=== PAUSE TestReportDeterminismAndOwnedCopies/repeat#15\n"}
{"Time":"2026-09-06T08:35:30.317188+09:00","Action":"pause","Package":"waiting-room/internal/installplan","Test":"TestReportDeterminismAndOwnedCopies/repeat#15"}
{"Time":"2026-09-06T08:35:30.317197+09:00","Action":"run","Package":"waiting-room/internal/installplan","Test":"TestReportDeterminismAndOwnedCopies/repeat#16"}
{"Time":"2026-09-06T08:35:30.317199+09:00","Action":"output","Package":"waiting-room/internal/installplan","Test":"TestReportDeterminismAndOwnedCopies/repeat#16","Output":"=== RUN   TestReportDeterminismAndOwnedCopies/repeat#16\n"}
{"Time":"2026-09-06T08:35:30.317208+09:00","Action":"output","Package":"waiting-room/internal/installplan","Test":"TestReportDeterminismAndOwnedCopies/repeat#16","Output":"=== PAUSE TestReportDeterminismAndOwnedCopies/repeat#16\n"}
{"Time":"2026-09-06T08:35:30.31721+09:00","Action":"pause","Package":"waiting-room/internal/installplan","Test":"TestReportDeterminismAndOwnedCopies/repeat#16"}
{"Time":"2026-09-06T08:35:30.317237+09:00","Action":"run","Package":"waiting-room/internal/installplan","Test":"TestReportDeterminismAndOwnedCopies/repeat#17"}
{"Time":"2026-09-06T08:35:30.31724+09:00","Action":"output","Package":"waiting-room/internal/installplan","Test":"TestReportDeterminismAndOwnedCopies/repeat#17","Output":"=== RUN   TestReportDeterminismAndOwnedCopies/repeat#17\n"}
{"Time":"2026-09-06T08:35:30.317241+09:00","Action":"output","Package":"waiting-room/internal/installplan","Test":"TestReportDeterminismAndOwnedCopies/repeat#17","Output":"=== PAUSE TestReportDeterminismAndOwnedCopies/repeat#17\n"}
{"Time":"2026-09-06T08:35:30.317242+09:00","Action":"pause","Package":"waiting-room/internal/installplan","Test":"TestReportDeterminismAndOwnedCopies/repeat#17"}
{"Time":"2026-09-06T08:35:30.317257+09:00","Action":"run","Package":"waiting-room/internal/installplan","Test":"TestReportDeterminismAndOwnedCopies/repeat#18"}
{"Time":"2026-09-06T08:35:30.31726+09:00","Action":"output","Package":"waiting-room/internal/installplan","Test":"TestReportDeterminismAndOwnedCopies/repeat#18","Output":"=== RUN   TestReportDeterminismAndOwnedCopies/repeat#18\n"}
{"Time":"2026-09-06T08:35:30.317264+09:00","Action":"output","Package":"waiting-room/internal/installplan","Test":"TestReportDeterminismAndOwnedCopies/repeat#18","Output":"=== PAUSE TestReportDeterminismAndOwnedCopies/repeat#18\n"}
{"Time":"2026-09-06T08:35:30.317267+09:00","Action":"pause","Package":"waiting-room/internal/installplan","Test":"TestReportDeterminismAndOwnedCopies/repeat#18"}
{"Time":"2026-09-06T08:35:30.317278+09:00","Action":"run","Package":"waiting-room/internal/installplan","Test":"TestReportDeterminismAndOwnedCopies/repeat#19"}
{"Time":"2026-09-06T08:35:30.31728+09:00","Action":"output","Package":"waiting-room/internal/installplan","Test":"TestReportDeterminismAndOwnedCopies/repeat#19","Output":"=== RUN   TestReportDeterminismAndOwnedCopies/repeat#19\n"}
{"Time":"2026-09-06T08:35:30.317291+09:00","Action":"output","Package":"waiting-room/internal/installplan","Test":"TestReportDeterminismAndOwnedCopies/repeat#19","Output":"=== PAUSE TestReportDeterminismAndOwnedCopies/repeat#19\n"}
{"Time":"2026-09-06T08:35:30.317293+09:00","Action":"pause","Package":"waiting-room/internal/installplan","Test":"TestReportDeterminismAndOwnedCopies/repeat#19"}
{"Time":"2026-09-06T08:35:30.317306+09:00","Action":"run","Package":"waiting-room/internal/installplan","Test":"TestReportDeterminismAndOwnedCopies/repeat#20"}
{"Time":"2026-09-06T08:35:30.317309+09:00","Action":"output","Package":"waiting-room/internal/installplan","Test":"TestReportDeterminismAndOwnedCopies/repeat#20","Output":"=== RUN   TestReportDeterminismAndOwnedCopies/repeat#20\n"}
{"Time":"2026-09-06T08:35:30.317318+09:00","Action":"output","Package":"waiting-room/internal/installplan","Test":"TestReportDeterminismAndOwnedCopies/repeat#20","Output":"=== PAUSE TestReportDeterminismAndOwnedCopies/repeat#20\n"}
{"Time":"2026-09-06T08:35:30.31732+09:00","Action":"pause","Package":"waiting-room/internal/installplan","Test":"TestReportDeterminismAndOwnedCopies/repeat#20"}
{"Time":"2026-09-06T08:35:30.317335+09:00","Action":"run","Package":"waiting-room/internal/installplan","Test":"TestReportDeterminismAndOwnedCopies/repeat#21"}
{"Time":"2026-09-06T08:35:30.317341+09:00","Action":"output","Package":"waiting-room/internal/installplan","Test":"TestReportDeterminismAndOwnedCopies/repeat#21","Output":"=== RUN   TestReportDeterminismAndOwnedCopies/repeat#21\n"}
{"Time":"2026-09-06T08:35:30.317344+09:00","Action":"output","Package":"waiting-room/internal/installplan","Test":"TestReportDeterminismAndOwnedCopies/repeat#21","Output":"=== PAUSE TestReportDeterminismAndOwnedCopies/repeat#21\n"}
{"Time":"2026-09-06T08:35:30.317345+09:00","Action":"pause","Package":"waiting-room/internal/installplan","Test":"TestReportDeterminismAndOwnedCopies/repeat#21"}
{"Time":"2026-09-06T08:35:30.317358+09:00","Action":"run","Package":"waiting-room/internal/installplan","Test":"TestReportDeterminismAndOwnedCopies/repeat#22"}
{"Time":"2026-09-06T08:35:30.317361+09:00","Action":"output","Package":"waiting-room/internal/installplan","Test":"TestReportDeterminismAndOwnedCopies/repeat#22","Output":"=== RUN   TestReportDeterminismAndOwnedCopies/repeat#22\n"}
{"Time":"2026-09-06T08:35:30.317371+09:00","Action":"output","Package":"waiting-room/internal/installplan","Test":"TestReportDeterminismAndOwnedCopies/repeat#22","Output":"=== PAUSE TestReportDeterminismAndOwnedCopies/repeat#22\n"}
{"Time":"2026-09-06T08:35:30.317374+09:00","Action":"pause","Package":"waiting-room/internal/installplan","Test":"TestReportDeterminismAndOwnedCopies/repeat#22"}
{"Time":"2026-09-06T08:35:30.317389+09:00","Action":"run","Package":"waiting-room/internal/installplan","Test":"TestReportDeterminismAndOwnedCopies/repeat#23"}
{"Time":"2026-09-06T08:35:30.317393+09:00","Action":"output","Package":"waiting-room/internal/installplan","Test":"TestReportDeterminismAndOwnedCopies/repeat#23","Output":"=== RUN   TestReportDeterminismAndOwnedCopies/repeat#23\n"}
{"Time":"2026-09-06T08:35:30.317397+09:00","Action":"output","Package":"waiting-room/internal/installplan","Test":"TestReportDeterminismAndOwnedCopies/repeat#23","Output":"=== PAUSE TestReportDeterminismAndOwnedCopies/repeat#23\n"}
{"Time":"2026-09-06T08:35:30.317398+09:00","Action":"pause","Package":"waiting-room/internal/installplan","Test":"TestReportDeterminismAndOwnedCopies/repeat#23"}
{"Time":"2026-09-06T08:35:30.317418+09:00","Action":"run","Package":"waiting-room/internal/installplan","Test":"TestReportDeterminismAndOwnedCopies/repeat#24"}
{"Time":"2026-09-06T08:35:30.317421+09:00","Action":"output","Package":"waiting-room/internal/installplan","Test":"TestReportDeterminismAndOwnedCopies/repeat#24","Output":"=== RUN   TestReportDeterminismAndOwnedCopies/repeat#24\n"}
{"Time":"2026-09-06T08:35:30.317434+09:00","Action":"output","Package":"waiting-room/internal/installplan","Test":"TestReportDeterminismAndOwnedCopies/repeat#24","Output":"=== PAUSE TestReportDeterminismAndOwnedCopies/repeat#24\n"}
{"Time":"2026-09-06T08:35:30.31744+09:00","Action":"pause","Package":"waiting-room/internal/installplan","Test":"TestReportDeterminismAndOwnedCopies/repeat#24"}
{"Time":"2026-09-06T08:35:30.317442+09:00","Action":"run","Package":"waiting-room/internal/installplan","Test":"TestReportDeterminismAndOwnedCopies/repeat#25"}
{"Time":"2026-09-06T08:35:30.317444+09:00","Action":"output","Package":"waiting-room/internal/installplan","Test":"TestReportDeterminismAndOwnedCopies/repeat#25","Output":"=== RUN   TestReportDeterminismAndOwnedCopies/repeat#25\n"}
{"Time":"2026-09-06T08:35:30.317456+09:00","Action":"output","Package":"waiting-room/internal/installplan","Test":"TestReportDeterminismAndOwnedCopies/repeat#25","Output":"=== PAUSE TestReportDeterminismAndOwnedCopies/repeat#25\n"}
{"Time":"2026-09-06T08:35:30.317459+09:00","Action":"pause","Package":"waiting-room/internal/installplan","Test":"TestReportDeterminismAndOwnedCopies/repeat#25"}
{"Time":"2026-09-06T08:35:30.317478+09:00","Action":"run","Package":"waiting-room/internal/installplan","Test":"TestReportDeterminismAndOwnedCopies/repeat#26"}
{"Time":"2026-09-06T08:35:30.317482+09:00","Action":"output","Package":"waiting-room/internal/installplan","Test":"TestReportDeterminismAndOwnedCopies/repeat#26","Output":"=== RUN   TestReportDeterminismAndOwnedCopies/repeat#26\n"}
{"Time":"2026-09-06T08:35:30.317484+09:00","Action":"output","Package":"waiting-room/internal/installplan","Test":"TestReportDeterminismAndOwnedCopies/repeat#26","Output":"=== PAUSE TestReportDeterminismAndOwnedCopies/repeat#26\n"}
{"Time":"2026-09-06T08:35:30.317486+09:00","Action":"pause","Package":"waiting-room/internal/installplan","Test":"TestReportDeterminismAndOwnedCopies/repeat#26"}
{"Time":"2026-09-06T08:35:30.317509+09:00","Action":"run","Package":"waiting-room/internal/installplan","Test":"TestReportDeterminismAndOwnedCopies/repeat#27"}
{"Time":"2026-09-06T08:35:30.317512+09:00","Action":"output","Package":"waiting-room/internal/installplan","Test":"TestReportDeterminismAndOwnedCopies/repeat#27","Output":"=== RUN   TestReportDeterminismAndOwnedCopies/repeat#27\n"}
{"Time":"2026-09-06T08:35:30.317513+09:00","Action":"output","Package":"waiting-room/internal/installplan","Test":"TestReportDeterminismAndOwnedCopies/repeat#27","Output":"=== PAUSE TestReportDeterminismAndOwnedCopies/repeat#27\n"}
{"Time":"2026-09-06T08:35:30.317514+09:00","Action":"pause","Package":"waiting-room/internal/installplan","Test":"TestReportDeterminismAndOwnedCopies/repeat#27"}
{"Time":"2026-09-06T08:35:30.317531+09:00","Action":"run","Package":"waiting-room/internal/installplan","Test":"TestReportDeterminismAndOwnedCopies/repeat#28"}
{"Time":"2026-09-06T08:35:30.317533+09:00","Action":"output","Package":"waiting-room/internal/installplan","Test":"TestReportDeterminismAndOwnedCopies/repeat#28","Output":"=== RUN   TestReportDeterminismAndOwnedCopies/repeat#28\n"}
{"Time":"2026-09-06T08:35:30.317546+09:00","Action":"output","Package":"waiting-room/internal/installplan","Test":"TestReportDeterminismAndOwnedCopies/repeat#28","Output":"=== PAUSE TestReportDeterminismAndOwnedCopies/repeat#28\n"}
{"Time":"2026-09-06T08:35:30.317548+09:00","Action":"pause","Package":"waiting-room/internal/installplan","Test":"TestReportDeterminismAndOwnedCopies/repeat#28"}
{"Time":"2026-09-06T08:35:30.317565+09:00","Action":"run","Package":"waiting-room/internal/installplan","Test":"TestReportDeterminismAndOwnedCopies/repeat#29"}
{"Time":"2026-09-06T08:35:30.317568+09:00","Action":"output","Package":"waiting-room/internal/installplan","Test":"TestReportDeterminismAndOwnedCopies/repeat#29","Output":"=== RUN   TestReportDeterminismAndOwnedCopies/repeat#29\n"}
{"Time":"2026-09-06T08:35:30.317571+09:00","Action":"output","Package":"waiting-room/internal/installplan","Test":"TestReportDeterminismAndOwnedCopies/repeat#29","Output":"=== PAUSE TestReportDeterminismAndOwnedCopies/repeat#29\n"}
{"Time":"2026-09-06T08:35:30.317572+09:00","Action":"pause","Package":"waiting-room/internal/installplan","Test":"TestReportDeterminismAndOwnedCopies/repeat#29"}
{"Time":"2026-09-06T08:35:30.317589+09:00","Action":"run","Package":"waiting-room/internal/installplan","Test":"TestReportDeterminismAndOwnedCopies/repeat#30"}
{"Time":"2026-09-06T08:35:30.317592+09:00","Action":"output","Package":"waiting-room/internal/installplan","Test":"TestReportDeterminismAndOwnedCopies/repeat#30","Output":"=== RUN   TestReportDeterminismAndOwnedCopies/repeat#30\n"}
{"Time":"2026-09-06T08:35:30.317605+09:00","Action":"output","Package":"waiting-room/internal/installplan","Test":"TestReportDeterminismAndOwnedCopies/repeat#30","Output":"=== PAUSE TestReportDeterminismAndOwnedCopies/repeat#30\n"}
{"Time":"2026-09-06T08:35:30.317607+09:00","Action":"pause","Package":"waiting-room/internal/installplan","Test":"TestReportDeterminismAndOwnedCopies/repeat#30"}
{"Time":"2026-09-06T08:35:30.317624+09:00","Action":"run","Package":"waiting-room/internal/installplan","Test":"TestReportDeterminismAndOwnedCopies/repeat#31"}
{"Time":"2026-09-06T08:35:30.317627+09:00","Action":"output","Package":"waiting-room/internal/installplan","Test":"TestReportDeterminismAndOwnedCopies/repeat#31","Output":"=== RUN   TestReportDeterminismAndOwnedCopies/repeat#31\n"}
{"Time":"2026-09-06T08:35:30.317629+09:00","Action":"output","Package":"waiting-room/internal/installplan","Test":"TestReportDeterminismAndOwnedCopies/repeat#31","Output":"=== PAUSE TestReportDeterminismAndOwnedCopies/repeat#31\n"}
{"Time":"2026-09-06T08:35:30.31763+09:00","Action":"pause","Package":"waiting-room/internal/installplan","Test":"TestReportDeterminismAndOwnedCopies/repeat#31"}
{"Time":"2026-09-06T08:35:30.317652+09:00","Action":"run","Package":"waiting-room/internal/installplan","Test":"TestReportDeterminismAndOwnedCopies/repeat#32"}
{"Time":"2026-09-06T08:35:30.317656+09:00","Action":"output","Package":"waiting-room/internal/installplan","Test":"TestReportDeterminismAndOwnedCopies/repeat#32","Output":"=== RUN   TestReportDeterminismAndOwnedCopies/repeat#32\n"}
{"Time":"2026-09-06T08:35:30.317659+09:00","Action":"output","Package":"waiting-room/internal/installplan","Test":"TestReportDeterminismAndOwnedCopies/repeat#32","Output":"=== PAUSE TestReportDeterminismAndOwnedCopies/repeat#32\n"}
{"Time":"2026-09-06T08:35:30.31766+09:00","Action":"pause","Package":"waiting-room/internal/installplan","Test":"TestReportDeterminismAndOwnedCopies/repeat#32"}
{"Time":"2026-09-06T08:35:30.317685+09:00","Action":"run","Package":"waiting-room/internal/installplan","Test":"TestReportDeterminismAndOwnedCopies/repeat#33"}
{"Time":"2026-09-06T08:35:30.317688+09:00","Action":"output","Package":"waiting-room/internal/installplan","Test":"TestReportDeterminismAndOwnedCopies/repeat#33","Output":"=== RUN   TestReportDeterminismAndOwnedCopies/repeat#33\n"}
{"Time":"2026-09-06T08:35:30.31769+09:00","Action":"output","Package":"waiting-room/internal/installplan","Test":"TestReportDeterminismAndOwnedCopies/repeat#33","Output":"=== PAUSE TestReportDeterminismAndOwnedCopies/repeat#33\n"}
{"Time":"2026-09-06T08:35:30.317691+09:00","Action":"pause","Package":"waiting-room/internal/installplan","Test":"TestReportDeterminismAndOwnedCopies/repeat#33"}
{"Time":"2026-09-06T08:35:30.317705+09:00","Action":"run","Package":"waiting-room/internal/installplan","Test":"TestReportDeterminismAndOwnedCopies/repeat#34"}
{"Time":"2026-09-06T08:35:30.317706+09:00","Action":"output","Package":"waiting-room/internal/installplan","Test":"TestReportDeterminismAndOwnedCopies/repeat#34","Output":"=== RUN   TestReportDeterminismAndOwnedCopies/repeat#34\n"}
{"Time":"2026-09-06T08:35:30.317724+09:00","Action":"output","Package":"waiting-room/internal/installplan","Test":"TestReportDeterminismAndOwnedCopies/repeat#34","Output":"=== PAUSE TestReportDeterminismAndOwnedCopies/repeat#34\n"}
{"Time":"2026-09-06T08:35:30.317726+09:00","Action":"pause","Package":"waiting-room/internal/installplan","Test":"TestReportDeterminismAndOwnedCopies/repeat#34"}
{"Time":"2026-09-06T08:35:30.317746+09:00","Action":"run","Package":"waiting-room/internal/installplan","Test":"TestReportDeterminismAndOwnedCopies/repeat#35"}
{"Time":"2026-09-06T08:35:30.317748+09:00","Action":"output","Package":"waiting-room/internal/installplan","Test":"TestReportDeterminismAndOwnedCopies/repeat#35","Output":"=== RUN   TestReportDeterminismAndOwnedCopies/repeat#35\n"}
{"Time":"2026-09-06T08:35:30.317766+09:00","Action":"output","Package":"waiting-room/internal/installplan","Test":"TestReportDeterminismAndOwnedCopies/repeat#35","Output":"=== PAUSE TestReportDeterminismAndOwnedCopies/repeat#35\n"}
{"Time":"2026-09-06T08:35:30.317768+09:00","Action":"pause","Package":"waiting-room/internal/installplan","Test":"TestReportDeterminismAndOwnedCopies/repeat#35"}
{"Time":"2026-09-06T08:35:30.317778+09:00","Action":"run","Package":"waiting-room/internal/installplan","Test":"TestReportDeterminismAndOwnedCopies/repeat#36"}
{"Time":"2026-09-06T08:35:30.317781+09:00","Action":"output","Package":"waiting-room/internal/installplan","Test":"TestReportDeterminismAndOwnedCopies/repeat#36","Output":"=== RUN   TestReportDeterminismAndOwnedCopies/repeat#36\n"}
{"Time":"2026-09-06T08:35:30.317792+09:00","Action":"output","Package":"waiting-room/internal/installplan","Test":"TestReportDeterminismAndOwnedCopies/repeat#36","Output":"=== PAUSE TestReportDeterminismAndOwnedCopies/repeat#36\n"}
{"Time":"2026-09-06T08:35:30.317795+09:00","Action":"pause","Package":"waiting-room/internal/installplan","Test":"TestReportDeterminismAndOwnedCopies/repeat#36"}
{"Time":"2026-09-06T08:35:30.317811+09:00","Action":"run","Package":"waiting-room/internal/installplan","Test":"TestReportDeterminismAndOwnedCopies/repeat#37"}
{"Time":"2026-09-06T08:35:30.317814+09:00","Action":"output","Package":"waiting-room/internal/installplan","Test":"TestReportDeterminismAndOwnedCopies/repeat#37","Output":"=== RUN   TestReportDeterminismAndOwnedCopies/repeat#37\n"}
{"Time":"2026-09-06T08:35:30.317903+09:00","Action":"output","Package":"waiting-room/internal/installplan","Test":"TestReportDeterminismAndOwnedCopies/repeat#37","Output":"=== PAUSE TestReportDeterminismAndOwnedCopies/repeat#37\n"}
{"Time":"2026-09-06T08:35:30.317906+09:00","Action":"pause","Package":"waiting-room/internal/installplan","Test":"TestReportDeterminismAndOwnedCopies/repeat#37"}
{"Time":"2026-09-06T08:35:30.317942+09:00","Action":"run","Package":"waiting-room/internal/installplan","Test":"TestReportDeterminismAndOwnedCopies/repeat#38"}
{"Time":"2026-09-06T08:35:30.317946+09:00","Action":"output","Package":"waiting-room/internal/installplan","Test":"TestReportDeterminismAndOwnedCopies/repeat#38","Output":"=== RUN   TestReportDeterminismAndOwnedCopies/repeat#38\n"}
{"Time":"2026-09-06T08:35:30.317964+09:00","Action":"output","Package":"waiting-room/internal/installplan","Test":"TestReportDeterminismAndOwnedCopies/repeat#38","Output":"=== PAUSE TestReportDeterminismAndOwnedCopies/repeat#38\n"}
{"Time":"2026-09-06T08:35:30.317967+09:00","Action":"pause","Package":"waiting-room/internal/installplan","Test":"TestReportDeterminismAndOwnedCopies/repeat#38"}
{"Time":"2026-09-06T08:35:30.317984+09:00","Action":"run","Package":"waiting-room/internal/installplan","Test":"TestReportDeterminismAndOwnedCopies/repeat#39"}
{"Time":"2026-09-06T08:35:30.317987+09:00","Action":"output","Package":"waiting-room/internal/installplan","Test":"TestReportDeterminismAndOwnedCopies/repeat#39","Output":"=== RUN   TestReportDeterminismAndOwnedCopies/repeat#39\n"}
{"Time":"2026-09-06T08:35:30.318001+09:00","Action":"output","Package":"waiting-room/internal/installplan","Test":"TestReportDeterminismAndOwnedCopies/repeat#39","Output":"=== PAUSE TestReportDeterminismAndOwnedCopies/repeat#39\n"}
{"Time":"2026-09-06T08:35:30.318006+09:00","Action":"pause","Package":"waiting-room/internal/installplan","Test":"TestReportDeterminismAndOwnedCopies/repeat#39"}
{"Time":"2026-09-06T08:35:30.318015+09:00","Action":"run","Package":"waiting-room/internal/installplan","Test":"TestReportDeterminismAndOwnedCopies/repeat#40"}
{"Time":"2026-09-06T08:35:30.318017+09:00","Action":"output","Package":"waiting-room/internal/installplan","Test":"TestReportDeterminismAndOwnedCopies/repeat#40","Output":"=== RUN   TestReportDeterminismAndOwnedCopies/repeat#40\n"}
{"Time":"2026-09-06T08:35:30.318028+09:00","Action":"output","Package":"waiting-room/internal/installplan","Test":"TestReportDeterminismAndOwnedCopies/repeat#40","Output":"=== PAUSE TestReportDeterminismAndOwnedCopies/repeat#40\n"}
{"Time":"2026-09-06T08:35:30.318032+09:00","Action":"pause","Package":"waiting-room/internal/installplan","Test":"TestReportDeterminismAndOwnedCopies/repeat#40"}
{"Time":"2026-09-06T08:35:30.318053+09:00","Action":"run","Package":"waiting-room/internal/installplan","Test":"TestReportDeterminismAndOwnedCopies/repeat#41"}
{"Time":"2026-09-06T08:35:30.318057+09:00","Action":"output","Package":"waiting-room/internal/installplan","Test":"TestReportDeterminismAndOwnedCopies/repeat#41","Output":"=== RUN   TestReportDeterminismAndOwnedCopies/repeat#41\n"}
{"Time":"2026-09-06T08:35:30.318059+09:00","Action":"output","Package":"waiting-room/internal/installplan","Test":"TestReportDeterminismAndOwnedCopies/repeat#41","Output":"=== PAUSE TestReportDeterminismAndOwnedCopies/repeat#41\n"}
{"Time":"2026-09-06T08:35:30.31806+09:00","Action":"pause","Package":"waiting-room/internal/installplan","Test":"TestReportDeterminismAndOwnedCopies/repeat#41"}
{"Time":"2026-09-06T08:35:30.318077+09:00","Action":"run","Package":"waiting-room/internal/installplan","Test":"TestReportDeterminismAndOwnedCopies/repeat#42"}
{"Time":"2026-09-06T08:35:30.318081+09:00","Action":"output","Package":"waiting-room/internal/installplan","Test":"TestReportDeterminismAndOwnedCopies/repeat#42","Output":"=== RUN   TestReportDeterminismAndOwnedCopies/repeat#42\n"}
{"Time":"2026-09-06T08:35:30.318096+09:00","Action":"output","Package":"waiting-room/internal/installplan","Test":"TestReportDeterminismAndOwnedCopies/repeat#42","Output":"=== PAUSE TestReportDeterminismAndOwnedCopies/repeat#42\n"}
{"Time":"2026-09-06T08:35:30.3181+09:00","Action":"pause","Package":"waiting-room/internal/installplan","Test":"TestReportDeterminismAndOwnedCopies/repeat#42"}
{"Time":"2026-09-06T08:35:30.318113+09:00","Action":"run","Package":"waiting-room/internal/installplan","Test":"TestReportDeterminismAndOwnedCopies/repeat#43"}
{"Time":"2026-09-06T08:35:30.318117+09:00","Action":"output","Package":"waiting-room/internal/installplan","Test":"TestReportDeterminismAndOwnedCopies/repeat#43","Output":"=== RUN   TestReportDeterminismAndOwnedCopies/repeat#43\n"}
{"Time":"2026-09-06T08:35:30.318119+09:00","Action":"output","Package":"waiting-room/internal/installplan","Test":"TestReportDeterminismAndOwnedCopies/repeat#43","Output":"=== PAUSE TestReportDeterminismAndOwnedCopies/repeat#43\n"}
{"Time":"2026-09-06T08:35:30.31812+09:00","Action":"pause","Package":"waiting-room/internal/installplan","Test":"TestReportDeterminismAndOwnedCopies/repeat#43"}
{"Time":"2026-09-06T08:35:30.318144+09:00","Action":"run","Package":"waiting-room/internal/installplan","Test":"TestReportDeterminismAndOwnedCopies/repeat#44"}
{"Time":"2026-09-06T08:35:30.318147+09:00","Action":"output","Package":"waiting-room/internal/installplan","Test":"TestReportDeterminismAndOwnedCopies/repeat#44","Output":"=== RUN   TestReportDeterminismAndOwnedCopies/repeat#44\n"}
{"Time":"2026-09-06T08:35:30.31816+09:00","Action":"output","Package":"waiting-room/internal/installplan","Test":"TestReportDeterminismAndOwnedCopies/repeat#44","Output":"=== PAUSE TestReportDeterminismAndOwnedCopies/repeat#44\n"}
{"Time":"2026-09-06T08:35:30.318166+09:00","Action":"pause","Package":"waiting-room/internal/installplan","Test":"TestReportDeterminismAndOwnedCopies/repeat#44"}
{"Time":"2026-09-06T08:35:30.318168+09:00","Action":"run","Package":"waiting-room/internal/installplan","Test":"TestReportDeterminismAndOwnedCopies/repeat#45"}
{"Time":"2026-09-06T08:35:30.318171+09:00","Action":"output","Package":"waiting-room/internal/installplan","Test":"TestReportDeterminismAndOwnedCopies/repeat#45","Output":"=== RUN   TestReportDeterminismAndOwnedCopies/repeat#45\n"}
{"Time":"2026-09-06T08:35:30.318187+09:00","Action":"output","Package":"waiting-room/internal/installplan","Test":"TestReportDeterminismAndOwnedCopies/repeat#45","Output":"=== PAUSE TestReportDeterminismAndOwnedCopies/repeat#45\n"}
{"Time":"2026-09-06T08:35:30.31819+09:00","Action":"pause","Package":"waiting-room/internal/installplan","Test":"TestReportDeterminismAndOwnedCopies/repeat#45"}
{"Time":"2026-09-06T08:35:30.318204+09:00","Action":"run","Package":"waiting-room/internal/installplan","Test":"TestReportDeterminismAndOwnedCopies/repeat#46"}
{"Time":"2026-09-06T08:35:30.318207+09:00","Action":"output","Package":"waiting-room/internal/installplan","Test":"TestReportDeterminismAndOwnedCopies/repeat#46","Output":"=== RUN   TestReportDeterminismAndOwnedCopies/repeat#46\n"}
{"Time":"2026-09-06T08:35:30.318216+09:00","Action":"output","Package":"waiting-room/internal/installplan","Test":"TestReportDeterminismAndOwnedCopies/repeat#46","Output":"=== PAUSE TestReportDeterminismAndOwnedCopies/repeat#46\n"}
{"Time":"2026-09-06T08:35:30.318218+09:00","Action":"pause","Package":"waiting-room/internal/installplan","Test":"TestReportDeterminismAndOwnedCopies/repeat#46"}
{"Time":"2026-09-06T08:35:30.31823+09:00","Action":"run","Package":"waiting-room/internal/installplan","Test":"TestReportDeterminismAndOwnedCopies/repeat#47"}
{"Time":"2026-09-06T08:35:30.318232+09:00","Action":"output","Package":"waiting-room/internal/installplan","Test":"TestReportDeterminismAndOwnedCopies/repeat#47","Output":"=== RUN   TestReportDeterminismAndOwnedCopies/repeat#47\n"}
{"Time":"2026-09-06T08:35:30.318238+09:00","Action":"output","Package":"waiting-room/internal/installplan","Test":"TestReportDeterminismAndOwnedCopies/repeat#47","Output":"=== PAUSE TestReportDeterminismAndOwnedCopies/repeat#47\n"}
{"Time":"2026-09-06T08:35:30.318241+09:00","Action":"pause","Package":"waiting-room/internal/installplan","Test":"TestReportDeterminismAndOwnedCopies/repeat#47"}
{"Time":"2026-09-06T08:35:30.318253+09:00","Action":"run","Package":"waiting-room/internal/installplan","Test":"TestReportDeterminismAndOwnedCopies/repeat#48"}
{"Time":"2026-09-06T08:35:30.318256+09:00","Action":"output","Package":"waiting-room/internal/installplan","Test":"TestReportDeterminismAndOwnedCopies/repeat#48","Output":"=== RUN   TestReportDeterminismAndOwnedCopies/repeat#48\n"}
{"Time":"2026-09-06T08:35:30.318269+09:00","Action":"output","Package":"waiting-room/internal/installplan","Test":"TestReportDeterminismAndOwnedCopies/repeat#48","Output":"=== PAUSE TestReportDeterminismAndOwnedCopies/repeat#48\n"}
{"Time":"2026-09-06T08:35:30.318274+09:00","Action":"pause","Package":"waiting-room/internal/installplan","Test":"TestReportDeterminismAndOwnedCopies/repeat#48"}
{"Time":"2026-09-06T08:35:30.318289+09:00","Action":"run","Package":"waiting-room/internal/installplan","Test":"TestReportDeterminismAndOwnedCopies/repeat#49"}
{"Time":"2026-09-06T08:35:30.318293+09:00","Action":"output","Package":"waiting-room/internal/installplan","Test":"TestReportDeterminismAndOwnedCopies/repeat#49","Output":"=== RUN   TestReportDeterminismAndOwnedCopies/repeat#49\n"}
{"Time":"2026-09-06T08:35:30.318298+09:00","Action":"output","Package":"waiting-room/internal/installplan","Test":"TestReportDeterminismAndOwnedCopies/repeat#49","Output":"=== PAUSE TestReportDeterminismAndOwnedCopies/repeat#49\n"}
{"Time":"2026-09-06T08:35:30.318301+09:00","Action":"pause","Package":"waiting-room/internal/installplan","Test":"TestReportDeterminismAndOwnedCopies/repeat#49"}
{"Time":"2026-09-06T08:35:30.318339+09:00","Action":"cont","Package":"waiting-room/internal/installplan","Test":"TestReportDeterminismAndOwnedCopies/repeat"}
{"Time":"2026-09-06T08:35:30.318342+09:00","Action":"output","Package":"waiting-room/internal/installplan","Test":"TestReportDeterminismAndOwnedCopies/repeat","Output":"=== CONT  TestReportDeterminismAndOwnedCopies/repeat\n"}
{"Time":"2026-09-06T08:35:30.318343+09:00","Action":"cont","Package":"waiting-room/internal/installplan","Test":"TestReportDeterminismAndOwnedCopies/repeat#25"}
{"Time":"2026-09-06T08:35:30.318344+09:00","Action":"output","Package":"waiting-room/internal/installplan","Test":"TestReportDeterminismAndOwnedCopies/repeat#25","Output":"=== CONT  TestReportDeterminismAndOwnedCopies/repeat#25\n"}
{"Time":"2026-09-06T08:35:30.318357+09:00","Action":"cont","Package":"waiting-room/internal/installplan","Test":"TestReportDeterminismAndOwnedCopies/repeat#15"}
{"Time":"2026-09-06T08:35:30.31836+09:00","Action":"output","Package":"waiting-room/internal/installplan","Test":"TestReportDeterminismAndOwnedCopies/repeat#15","Output":"=== CONT  TestReportDeterminismAndOwnedCopies/repeat#15\n"}
{"Time":"2026-09-06T08:35:30.318361+09:00","Action":"cont","Package":"waiting-room/internal/installplan","Test":"TestReportDeterminismAndOwnedCopies/repeat#23"}
{"Time":"2026-09-06T08:35:30.318362+09:00","Action":"output","Package":"waiting-room/internal/installplan","Test":"TestReportDeterminismAndOwnedCopies/repeat#23","Output":"=== CONT  TestReportDeterminismAndOwnedCopies/repeat#23\n"}
{"Time":"2026-09-06T08:35:30.318372+09:00","Action":"cont","Package":"waiting-room/internal/installplan","Test":"TestReportDeterminismAndOwnedCopies/repeat#06"}
{"Time":"2026-09-06T08:35:30.318378+09:00","Action":"output","Package":"waiting-room/internal/installplan","Test":"TestReportDeterminismAndOwnedCopies/repeat#06","Output":"=== CONT  TestReportDeterminismAndOwnedCopies/repeat#06\n"}
{"Time":"2026-09-06T08:35:30.318512+09:00","Action":"cont","Package":"waiting-room/internal/installplan","Test":"TestReportDeterminismAndOwnedCopies/repeat#21"}
{"Time":"2026-09-06T08:35:30.318517+09:00","Action":"output","Package":"waiting-room/internal/installplan","Test":"TestReportDeterminismAndOwnedCopies/repeat#21","Output":"=== CONT  TestReportDeterminismAndOwnedCopies/repeat#21\n"}
{"Time":"2026-09-06T08:35:30.318518+09:00","Action":"cont","Package":"waiting-room/internal/installplan","Test":"TestReportDeterminismAndOwnedCopies/repeat#05"}
{"Time":"2026-09-06T08:35:30.318519+09:00","Action":"output","Package":"waiting-room/internal/installplan","Test":"TestReportDeterminismAndOwnedCopies/repeat#05","Output":"=== CONT  TestReportDeterminismAndOwnedCopies/repeat#05\n"}
{"Time":"2026-09-06T08:35:30.3188+09:00","Action":"cont","Package":"waiting-room/internal/installplan","Test":"TestReportDeterminismAndOwnedCopies/repeat#09"}
{"Time":"2026-09-06T08:35:30.318805+09:00","Action":"output","Package":"waiting-room/internal/installplan","Test":"TestReportDeterminismAndOwnedCopies/repeat#09","Output":"=== CONT  TestReportDeterminismAndOwnedCopies/repeat#09\n"}
{"Time":"2026-09-06T08:35:30.318807+09:00","Action":"cont","Package":"waiting-room/internal/installplan","Test":"TestReportDeterminismAndOwnedCopies/repeat#37"}
{"Time":"2026-09-06T08:35:30.318808+09:00","Action":"output","Package":"waiting-room/internal/installplan","Test":"TestReportDeterminismAndOwnedCopies/repeat#37","Output":"=== CONT  TestReportDeterminismAndOwnedCopies/repeat#37\n"}
{"Time":"2026-09-06T08:35:30.319005+09:00","Action":"cont","Package":"waiting-room/internal/installplan","Test":"TestReportDeterminismAndOwnedCopies/repeat#11"}
{"Time":"2026-09-06T08:35:30.319026+09:00","Action":"output","Package":"waiting-room/internal/installplan","Test":"TestReportDeterminismAndOwnedCopies/repeat#11","Output":"=== CONT  TestReportDeterminismAndOwnedCopies/repeat#11\n"}
{"Time":"2026-09-06T08:35:30.319032+09:00","Action":"cont","Package":"waiting-room/internal/installplan","Test":"TestReportDeterminismAndOwnedCopies/repeat#10"}
{"Time":"2026-09-06T08:35:30.319035+09:00","Action":"output","Package":"waiting-room/internal/installplan","Test":"TestReportDeterminismAndOwnedCopies/repeat#10","Output":"=== CONT  TestReportDeterminismAndOwnedCopies/repeat#10\n"}
{"Time":"2026-09-06T08:35:30.319993+09:00","Action":"cont","Package":"waiting-room/internal/installplan","Test":"TestReportDeterminismAndOwnedCopies/repeat#19"}
{"Time":"2026-09-06T08:35:30.320006+09:00","Action":"output","Package":"waiting-room/internal/installplan","Test":"TestReportDeterminismAndOwnedCopies/repeat#19","Output":"=== CONT  TestReportDeterminismAndOwnedCopies/repeat#19\n"}
{"Time":"2026-09-06T08:35:30.32001+09:00","Action":"cont","Package":"waiting-room/internal/installplan","Test":"TestReportDeterminismAndOwnedCopies/repeat#02"}
{"Time":"2026-09-06T08:35:30.320013+09:00","Action":"output","Package":"waiting-room/internal/installplan","Test":"TestReportDeterminismAndOwnedCopies/repeat#02","Output":"=== CONT  TestReportDeterminismAndOwnedCopies/repeat#02\n"}
{"Time":"2026-09-06T08:35:30.320237+09:00","Action":"cont","Package":"waiting-room/internal/installplan","Test":"TestReportDeterminismAndOwnedCopies/repeat#24"}
{"Time":"2026-09-06T08:35:30.320247+09:00","Action":"output","Package":"waiting-room/internal/installplan","Test":"TestReportDeterminismAndOwnedCopies/repeat#24","Output":"=== CONT  TestReportDeterminismAndOwnedCopies/repeat#24\n"}
{"Time":"2026-09-06T08:35:30.320251+09:00","Action":"cont","Package":"waiting-room/internal/installplan","Test":"TestReportDeterminismAndOwnedCopies/repeat#13"}
{"Time":"2026-09-06T08:35:30.320256+09:00","Action":"output","Package":"waiting-room/internal/installplan","Test":"TestReportDeterminismAndOwnedCopies/repeat#13","Output":"=== CONT  TestReportDeterminismAndOwnedCopies/repeat#13\n"}
{"Time":"2026-09-06T08:35:30.320259+09:00","Action":"cont","Package":"waiting-room/internal/installplan","Test":"TestReportDeterminismAndOwnedCopies/repeat#17"}
{"Time":"2026-09-06T08:35:30.320261+09:00","Action":"output","Package":"waiting-room/internal/installplan","Test":"TestReportDeterminismAndOwnedCopies/repeat#17","Output":"=== CONT  TestReportDeterminismAndOwnedCopies/repeat#17\n"}
{"Time":"2026-09-06T08:35:30.320265+09:00","Action":"cont","Package":"waiting-room/internal/installplan","Test":"TestReportDeterminismAndOwnedCopies/repeat#14"}
{"Time":"2026-09-06T08:35:30.320268+09:00","Action":"output","Package":"waiting-room/internal/installplan","Test":"TestReportDeterminismAndOwnedCopies/repeat#14","Output":"=== CONT  TestReportDeterminismAndOwnedCopies/repeat#14\n"}
{"Time":"2026-09-06T08:35:30.320408+09:00","Action":"cont","Package":"waiting-room/internal/installplan","Test":"TestReportDeterminismAndOwnedCopies/repeat#18"}
{"Time":"2026-09-06T08:35:30.320413+09:00","Action":"output","Package":"waiting-room/internal/installplan","Test":"TestReportDeterminismAndOwnedCopies/repeat#18","Output":"=== CONT  TestReportDeterminismAndOwnedCopies/repeat#18\n"}
{"Time":"2026-09-06T08:35:30.32076+09:00","Action":"cont","Package":"waiting-room/internal/installplan","Test":"TestReportDeterminismAndOwnedCopies/repeat#30"}
{"Time":"2026-09-06T08:35:30.320775+09:00","Action":"output","Package":"waiting-room/internal/installplan","Test":"TestReportDeterminismAndOwnedCopies/repeat#30","Output":"=== CONT  TestReportDeterminismAndOwnedCopies/repeat#30\n"}
{"Time":"2026-09-06T08:35:30.320777+09:00","Action":"cont","Package":"waiting-room/internal/installplan","Test":"TestReportDeterminismAndOwnedCopies/repeat#38"}
{"Time":"2026-09-06T08:35:30.320778+09:00","Action":"output","Package":"waiting-room/internal/installplan","Test":"TestReportDeterminismAndOwnedCopies/repeat#38","Output":"=== CONT  TestReportDeterminismAndOwnedCopies/repeat#38\n"}
{"Time":"2026-09-06T08:35:30.321727+09:00","Action":"cont","Package":"waiting-room/internal/installplan","Test":"TestReportDeterminismAndOwnedCopies/repeat#16"}
{"Time":"2026-09-06T08:35:30.321733+09:00","Action":"output","Package":"waiting-room/internal/installplan","Test":"TestReportDeterminismAndOwnedCopies/repeat#16","Output":"=== CONT  TestReportDeterminismAndOwnedCopies/repeat#16\n"}
{"Time":"2026-09-06T08:35:30.321735+09:00","Action":"cont","Package":"waiting-room/internal/installplan","Test":"TestReportDeterminismAndOwnedCopies/repeat#48"}
{"Time":"2026-09-06T08:35:30.321736+09:00","Action":"output","Package":"waiting-room/internal/installplan","Test":"TestReportDeterminismAndOwnedCopies/repeat#48","Output":"=== CONT  TestReportDeterminismAndOwnedCopies/repeat#48\n"}
{"Time":"2026-09-06T08:35:30.321739+09:00","Action":"output","Package":"waiting-room/internal/installplan","Test":"TestReportDeterminismAndOwnedCopies/repeat#21","Output":"--- PASS: TestReportDeterminismAndOwnedCopies/repeat#21 (0.00s)\n"}
{"Time":"2026-09-06T08:35:30.32174+09:00","Action":"pass","Package":"waiting-room/internal/installplan","Test":"TestReportDeterminismAndOwnedCopies/repeat#21","Elapsed":0}
{"Time":"2026-09-06T08:35:30.321742+09:00","Action":"output","Package":"waiting-room/internal/installplan","Test":"TestReportDeterminismAndOwnedCopies/repeat#23","Output":"--- PASS: TestReportDeterminismAndOwnedCopies/repeat#23 (0.00s)\n"}
{"Time":"2026-09-06T08:35:30.321745+09:00","Action":"pass","Package":"waiting-room/internal/installplan","Test":"TestReportDeterminismAndOwnedCopies/repeat#23","Elapsed":0}
{"Time":"2026-09-06T08:35:30.321746+09:00","Action":"cont","Package":"waiting-room/internal/installplan","Test":"TestReportDeterminismAndOwnedCopies/repeat#07"}
{"Time":"2026-09-06T08:35:30.321747+09:00","Action":"output","Package":"waiting-room/internal/installplan","Test":"TestReportDeterminismAndOwnedCopies/repeat#07","Output":"=== CONT  TestReportDeterminismAndOwnedCopies/repeat#07\n"}
{"Time":"2026-09-06T08:35:30.321752+09:00","Action":"output","Package":"waiting-room/internal/installplan","Test":"TestReportDeterminismAndOwnedCopies/repeat#09","Output":"--- PASS: TestReportDeterminismAndOwnedCopies/repeat#09 (0.00s)\n"}
{"Time":"2026-09-06T08:35:30.321753+09:00","Action":"pass","Package":"waiting-room/internal/installplan","Test":"TestReportDeterminismAndOwnedCopies/repeat#09","Elapsed":0}
{"Time":"2026-09-06T08:35:30.321754+09:00","Action":"output","Package":"waiting-room/internal/installplan","Test":"TestReportDeterminismAndOwnedCopies/repeat#05","Output":"--- PASS: TestReportDeterminismAndOwnedCopies/repeat#05 (0.00s)\n"}
{"Time":"2026-09-06T08:35:30.321755+09:00","Action":"pass","Package":"waiting-room/internal/installplan","Test":"TestReportDeterminismAndOwnedCopies/repeat#05","Elapsed":0}
{"Time":"2026-09-06T08:35:30.321756+09:00","Action":"output","Package":"waiting-room/internal/installplan","Test":"TestReportDeterminismAndOwnedCopies/repeat#15","Output":"--- PASS: TestReportDeterminismAndOwnedCopies/repeat#15 (0.00s)\n"}
{"Time":"2026-09-06T08:35:30.321758+09:00","Action":"pass","Package":"waiting-room/internal/installplan","Test":"TestReportDeterminismAndOwnedCopies/repeat#15","Elapsed":0}
{"Time":"2026-09-06T08:35:30.321758+09:00","Action":"cont","Package":"waiting-room/internal/installplan","Test":"TestReportDeterminismAndOwnedCopies/repeat#20"}
{"Time":"2026-09-06T08:35:30.321759+09:00","Action":"output","Package":"waiting-room/internal/installplan","Test":"TestReportDeterminismAndOwnedCopies/repeat#20","Output":"=== CONT  TestReportDeterminismAndOwnedCopies/repeat#20\n"}
{"Time":"2026-09-06T08:35:30.321761+09:00","Action":"cont","Package":"waiting-room/internal/installplan","Test":"TestReportDeterminismAndOwnedCopies/repeat#35"}
{"Time":"2026-09-06T08:35:30.321763+09:00","Action":"output","Package":"waiting-room/internal/installplan","Test":"TestReportDeterminismAndOwnedCopies/repeat#35","Output":"=== CONT  TestReportDeterminismAndOwnedCopies/repeat#35\n"}
{"Time":"2026-09-06T08:35:30.321764+09:00","Action":"cont","Package":"waiting-room/internal/installplan","Test":"TestReportDeterminismAndOwnedCopies/repeat#46"}
{"Time":"2026-09-06T08:35:30.321765+09:00","Action":"output","Package":"waiting-room/internal/installplan","Test":"TestReportDeterminismAndOwnedCopies/repeat#46","Output":"=== CONT  TestReportDeterminismAndOwnedCopies/repeat#46\n"}
{"Time":"2026-09-06T08:35:30.321766+09:00","Action":"output","Package":"waiting-room/internal/installplan","Test":"TestReportDeterminismAndOwnedCopies/repeat#38","Output":"--- PASS: TestReportDeterminismAndOwnedCopies/repeat#38 (0.00s)\n"}
{"Time":"2026-09-06T08:35:30.321767+09:00","Action":"pass","Package":"waiting-room/internal/installplan","Test":"TestReportDeterminismAndOwnedCopies/repeat#38","Elapsed":0}
{"Time":"2026-09-06T08:35:30.321774+09:00","Action":"cont","Package":"waiting-room/internal/installplan","Test":"TestReportDeterminismAndOwnedCopies/repeat#08"}
{"Time":"2026-09-06T08:35:30.321775+09:00","Action":"output","Package":"waiting-room/internal/installplan","Test":"TestReportDeterminismAndOwnedCopies/repeat#08","Output":"=== CONT  TestReportDeterminismAndOwnedCopies/repeat#08\n"}
{"Time":"2026-09-06T08:35:30.321776+09:00","Action":"output","Package":"waiting-room/internal/installplan","Test":"TestReportDeterminismAndOwnedCopies/repeat#14","Output":"--- PASS: TestReportDeterminismAndOwnedCopies/repeat#14 (0.00s)\n"}
{"Time":"2026-09-06T08:35:30.321778+09:00","Action":"pass","Package":"waiting-room/internal/installplan","Test":"TestReportDeterminismAndOwnedCopies/repeat#14","Elapsed":0}
{"Time":"2026-09-06T08:35:30.32178+09:00","Action":"output","Package":"waiting-room/internal/installplan","Test":"TestReportDeterminismAndOwnedCopies/repeat#25","Output":"--- PASS: TestReportDeterminismAndOwnedCopies/repeat#25 (0.00s)\n"}
{"Time":"2026-09-06T08:35:30.321781+09:00","Action":"pass","Package":"waiting-room/internal/installplan","Test":"TestReportDeterminismAndOwnedCopies/repeat#25","Elapsed":0}
{"Time":"2026-09-06T08:35:30.321784+09:00","Action":"output","Package":"waiting-room/internal/installplan","Test":"TestReportDeterminismAndOwnedCopies/repeat#37","Output":"--- PASS: TestReportDeterminismAndOwnedCopies/repeat#37 (0.00s)\n"}
{"Time":"2026-09-06T08:35:30.321788+09:00","Action":"pass","Package":"waiting-room/internal/installplan","Test":"TestReportDeterminismAndOwnedCopies/repeat#37","Elapsed":0}
{"Time":"2026-09-06T08:35:30.321789+09:00","Action":"output","Package":"waiting-room/internal/installplan","Test":"TestReportDeterminismAndOwnedCopies/repeat#06","Output":"--- PASS: TestReportDeterminismAndOwnedCopies/repeat#06 (0.00s)\n"}
{"Time":"2026-09-06T08:35:30.321791+09:00","Action":"pass","Package":"waiting-room/internal/installplan","Test":"TestReportDeterminismAndOwnedCopies/repeat#06","Elapsed":0}
{"Time":"2026-09-06T08:35:30.321792+09:00","Action":"output","Package":"waiting-room/internal/installplan","Test":"TestReportDeterminismAndOwnedCopies/repeat#18","Output":"--- PASS: TestReportDeterminismAndOwnedCopies/repeat#18 (0.00s)\n"}
{"Time":"2026-09-06T08:35:30.321793+09:00","Action":"pass","Package":"waiting-room/internal/installplan","Test":"TestReportDeterminismAndOwnedCopies/repeat#18","Elapsed":0}
{"Time":"2026-09-06T08:35:30.321794+09:00","Action":"cont","Package":"waiting-room/internal/installplan","Test":"TestReportDeterminismAndOwnedCopies/repeat#29"}
{"Time":"2026-09-06T08:35:30.321796+09:00","Action":"output","Package":"waiting-room/internal/installplan","Test":"TestReportDeterminismAndOwnedCopies/repeat#29","Output":"=== CONT  TestReportDeterminismAndOwnedCopies/repeat#29\n"}
{"Time":"2026-09-06T08:35:30.321912+09:00","Action":"cont","Package":"waiting-room/internal/installplan","Test":"TestReportDeterminismAndOwnedCopies/repeat#12"}
{"Time":"2026-09-06T08:35:30.321932+09:00","Action":"output","Package":"waiting-room/internal/installplan","Test":"TestReportDeterminismAndOwnedCopies/repeat#12","Output":"=== CONT  TestReportDeterminismAndOwnedCopies/repeat#12\n"}
{"Time":"2026-09-06T08:35:30.321971+09:00","Action":"cont","Package":"waiting-room/internal/installplan","Test":"TestReportDeterminismAndOwnedCopies/repeat#44"}
{"Time":"2026-09-06T08:35:30.321977+09:00","Action":"output","Package":"waiting-room/internal/installplan","Test":"TestReportDeterminismAndOwnedCopies/repeat#44","Output":"=== CONT  TestReportDeterminismAndOwnedCopies/repeat#44\n"}
{"Time":"2026-09-06T08:35:30.321982+09:00","Action":"output","Package":"waiting-room/internal/installplan","Test":"TestReportDeterminismAndOwnedCopies/repeat#30","Output":"--- PASS: TestReportDeterminismAndOwnedCopies/repeat#30 (0.00s)\n"}
{"Time":"2026-09-06T08:35:30.32281+09:00","Action":"pass","Package":"waiting-room/internal/installplan","Test":"TestReportDeterminismAndOwnedCopies/repeat#30","Elapsed":0}
{"Time":"2026-09-06T08:35:30.322816+09:00","Action":"output","Package":"waiting-room/internal/installplan","Test":"TestReportDeterminismAndOwnedCopies/repeat#17","Output":"--- PASS: TestReportDeterminismAndOwnedCopies/repeat#17 (0.00s)\n"}
{"Time":"2026-09-06T08:35:30.322817+09:00","Action":"pass","Package":"waiting-room/internal/installplan","Test":"TestReportDeterminismAndOwnedCopies/repeat#17","Elapsed":0}
{"Time":"2026-09-06T08:35:30.322819+09:00","Action":"cont","Package":"waiting-room/internal/installplan","Test":"TestReportDeterminismAndOwnedCopies/repeat#45"}
{"Time":"2026-09-06T08:35:30.322821+09:00","Action":"output","Package":"waiting-room/internal/installplan","Test":"TestReportDeterminismAndOwnedCopies/repeat#45","Output":"=== CONT  TestReportDeterminismAndOwnedCopies/repeat#45\n"}
{"Time":"2026-09-06T08:35:30.322824+09:00","Action":"output","Package":"waiting-room/internal/installplan","Test":"TestReportDeterminismAndOwnedCopies/repeat#24","Output":"--- PASS: TestReportDeterminismAndOwnedCopies/repeat#24 (0.00s)\n"}
{"Time":"2026-09-06T08:35:30.322826+09:00","Action":"pass","Package":"waiting-room/internal/installplan","Test":"TestReportDeterminismAndOwnedCopies/repeat#24","Elapsed":0}
{"Time":"2026-09-06T08:35:30.322827+09:00","Action":"cont","Package":"waiting-room/internal/installplan","Test":"TestReportDeterminismAndOwnedCopies/repeat#39"}
{"Time":"2026-09-06T08:35:30.322828+09:00","Action":"output","Package":"waiting-room/internal/installplan","Test":"TestReportDeterminismAndOwnedCopies/repeat#39","Output":"=== CONT  TestReportDeterminismAndOwnedCopies/repeat#39\n"}
{"Time":"2026-09-06T08:35:30.322829+09:00","Action":"output","Package":"waiting-room/internal/installplan","Test":"TestReportDeterminismAndOwnedCopies/repeat#13","Output":"--- PASS: TestReportDeterminismAndOwnedCopies/repeat#13 (0.00s)\n"}
{"Time":"2026-09-06T08:35:30.32283+09:00","Action":"pass","Package":"waiting-room/internal/installplan","Test":"TestReportDeterminismAndOwnedCopies/repeat#13","Elapsed":0}
{"Time":"2026-09-06T08:35:30.322831+09:00","Action":"cont","Package":"waiting-room/internal/installplan","Test":"TestReportDeterminismAndOwnedCopies/repeat#31"}
{"Time":"2026-09-06T08:35:30.322836+09:00","Action":"output","Package":"waiting-room/internal/installplan","Test":"TestReportDeterminismAndOwnedCopies/repeat#31","Output":"=== CONT  TestReportDeterminismAndOwnedCopies/repeat#31\n"}
{"Time":"2026-09-06T08:35:30.322837+09:00","Action":"output","Package":"waiting-room/internal/installplan","Test":"TestReportDeterminismAndOwnedCopies/repeat#16","Output":"--- PASS: TestReportDeterminismAndOwnedCopies/repeat#16 (0.00s)\n"}
{"Time":"2026-09-06T08:35:30.322839+09:00","Action":"pass","Package":"waiting-room/internal/installplan","Test":"TestReportDeterminismAndOwnedCopies/repeat#16","Elapsed":0}
{"Time":"2026-09-06T08:35:30.322841+09:00","Action":"cont","Package":"waiting-room/internal/installplan","Test":"TestReportDeterminismAndOwnedCopies/repeat#33"}
{"Time":"2026-09-06T08:35:30.322842+09:00","Action":"output","Package":"waiting-room/internal/installplan","Test":"TestReportDeterminismAndOwnedCopies/repeat#33","Output":"=== CONT  TestReportDeterminismAndOwnedCopies/repeat#33\n"}
{"Time":"2026-09-06T08:35:30.322843+09:00","Action":"output","Package":"waiting-room/internal/installplan","Test":"TestReportDeterminismAndOwnedCopies/repeat#02","Output":"--- PASS: TestReportDeterminismAndOwnedCopies/repeat#02 (0.00s)\n"}
{"Time":"2026-09-06T08:35:30.322844+09:00","Action":"pass","Package":"waiting-room/internal/installplan","Test":"TestReportDeterminismAndOwnedCopies/repeat#02","Elapsed":0}
{"Time":"2026-09-06T08:35:30.322845+09:00","Action":"cont","Package":"waiting-room/internal/installplan","Test":"TestReportDeterminismAndOwnedCopies/repeat#01"}
{"Time":"2026-09-06T08:35:30.322846+09:00","Action":"output","Package":"waiting-room/internal/installplan","Test":"TestReportDeterminismAndOwnedCopies/repeat#01","Output":"=== CONT  TestReportDeterminismAndOwnedCopies/repeat#01\n"}
{"Time":"2026-09-06T08:35:30.322847+09:00","Action":"output","Package":"waiting-room/internal/installplan","Test":"TestReportDeterminismAndOwnedCopies/repeat#48","Output":"--- PASS: TestReportDeterminismAndOwnedCopies/repeat#48 (0.00s)\n"}
{"Time":"2026-09-06T08:35:30.322848+09:00","Action":"pass","Package":"waiting-room/internal/installplan","Test":"TestReportDeterminismAndOwnedCopies/repeat#48","Elapsed":0}
{"Time":"2026-09-06T08:35:30.322848+09:00","Action":"cont","Package":"waiting-room/internal/installplan","Test":"TestReportDeterminismAndOwnedCopies/repeat#32"}
{"Time":"2026-09-06T08:35:30.32285+09:00","Action":"output","Package":"waiting-room/internal/installplan","Test":"TestReportDeterminismAndOwnedCopies/repeat#32","Output":"=== CONT  TestReportDeterminismAndOwnedCopies/repeat#32\n"}
{"Time":"2026-09-06T08:35:30.322852+09:00","Action":"output","Package":"waiting-room/internal/installplan","Test":"TestReportDeterminismAndOwnedCopies/repeat#20","Output":"--- PASS: TestReportDeterminismAndOwnedCopies/repeat#20 (0.00s)\n"}
{"Time":"2026-09-06T08:35:30.322853+09:00","Action":"pass","Package":"waiting-room/internal/installplan","Test":"TestReportDeterminismAndOwnedCopies/repeat#20","Elapsed":0}
{"Time":"2026-09-06T08:35:30.322855+09:00","Action":"cont","Package":"waiting-room/internal/installplan","Test":"TestReportDeterminismAndOwnedCopies/repeat#40"}
{"Time":"2026-09-06T08:35:30.322858+09:00","Action":"output","Package":"waiting-room/internal/installplan","Test":"TestReportDeterminismAndOwnedCopies/repeat#40","Output":"=== CONT  TestReportDeterminismAndOwnedCopies/repeat#40\n"}
{"Time":"2026-09-06T08:35:30.323019+09:00","Action":"cont","Package":"waiting-room/internal/installplan","Test":"TestReportDeterminismAndOwnedCopies/repeat#28"}
{"Time":"2026-09-06T08:35:30.323038+09:00","Action":"output","Package":"waiting-room/internal/installplan","Test":"TestReportDeterminismAndOwnedCopies/repeat#28","Output":"=== CONT  TestReportDeterminismAndOwnedCopies/repeat#28\n"}
{"Time":"2026-09-06T08:35:30.323044+09:00","Action":"output","Package":"waiting-room/internal/installplan","Test":"TestReportDeterminismAndOwnedCopies/repeat#29","Output":"--- PASS: TestReportDeterminismAndOwnedCopies/repeat#29 (0.00s)\n"}
{"Time":"2026-09-06T08:35:30.323858+09:00","Action":"pass","Package":"waiting-room/internal/installplan","Test":"TestReportDeterminismAndOwnedCopies/repeat#29","Elapsed":0}
{"Time":"2026-09-06T08:35:30.323863+09:00","Action":"output","Package":"waiting-room/internal/installplan","Test":"TestReportDeterminismAndOwnedCopies/repeat#45","Output":"--- PASS: TestReportDeterminismAndOwnedCopies/repeat#45 (0.00s)\n"}
{"Time":"2026-09-06T08:35:30.323864+09:00","Action":"pass","Package":"waiting-room/internal/installplan","Test":"TestReportDeterminismAndOwnedCopies/repeat#45","Elapsed":0}
{"Time":"2026-09-06T08:35:30.323865+09:00","Action":"cont","Package":"waiting-room/internal/installplan","Test":"TestReportDeterminismAndOwnedCopies/repeat#41"}
{"Time":"2026-09-06T08:35:30.323867+09:00","Action":"output","Package":"waiting-room/internal/installplan","Test":"TestReportDeterminismAndOwnedCopies/repeat#41","Output":"=== CONT  TestReportDeterminismAndOwnedCopies/repeat#41\n"}
{"Time":"2026-09-06T08:35:30.323868+09:00","Action":"output","Package":"waiting-room/internal/installplan","Test":"TestReportDeterminismAndOwnedCopies/repeat#39","Output":"--- PASS: TestReportDeterminismAndOwnedCopies/repeat#39 (0.00s)\n"}
{"Time":"2026-09-06T08:35:30.323869+09:00","Action":"pass","Package":"waiting-room/internal/installplan","Test":"TestReportDeterminismAndOwnedCopies/repeat#39","Elapsed":0}
{"Time":"2026-09-06T08:35:30.32387+09:00","Action":"cont","Package":"waiting-room/internal/installplan","Test":"TestReportDeterminismAndOwnedCopies/repeat#49"}
{"Time":"2026-09-06T08:35:30.323871+09:00","Action":"output","Package":"waiting-room/internal/installplan","Test":"TestReportDeterminismAndOwnedCopies/repeat#49","Output":"=== CONT  TestReportDeterminismAndOwnedCopies/repeat#49\n"}
{"Time":"2026-09-06T08:35:30.323873+09:00","Action":"output","Package":"waiting-room/internal/installplan","Test":"TestReportDeterminismAndOwnedCopies/repeat#44","Output":"--- PASS: TestReportDeterminismAndOwnedCopies/repeat#44 (0.00s)\n"}
{"Time":"2026-09-06T08:35:30.323874+09:00","Action":"pass","Package":"waiting-room/internal/installplan","Test":"TestReportDeterminismAndOwnedCopies/repeat#44","Elapsed":0}
{"Time":"2026-09-06T08:35:30.323875+09:00","Action":"cont","Package":"waiting-room/internal/installplan","Test":"TestReportDeterminismAndOwnedCopies/repeat#22"}
{"Time":"2026-09-06T08:35:30.323876+09:00","Action":"output","Package":"waiting-room/internal/installplan","Test":"TestReportDeterminismAndOwnedCopies/repeat#22","Output":"=== CONT  TestReportDeterminismAndOwnedCopies/repeat#22\n"}
{"Time":"2026-09-06T08:35:30.323877+09:00","Action":"output","Package":"waiting-room/internal/installplan","Test":"TestReportDeterminismAndOwnedCopies/repeat#35","Output":"--- PASS: TestReportDeterminismAndOwnedCopies/repeat#35 (0.00s)\n"}
{"Time":"2026-09-06T08:35:30.323878+09:00","Action":"pass","Package":"waiting-room/internal/installplan","Test":"TestReportDeterminismAndOwnedCopies/repeat#35","Elapsed":0}
{"Time":"2026-09-06T08:35:30.323879+09:00","Action":"cont","Package":"waiting-room/internal/installplan","Test":"TestReportDeterminismAndOwnedCopies/repeat#47"}
{"Time":"2026-09-06T08:35:30.32388+09:00","Action":"output","Package":"waiting-room/internal/installplan","Test":"TestReportDeterminismAndOwnedCopies/repeat#47","Output":"=== CONT  TestReportDeterminismAndOwnedCopies/repeat#47\n"}
{"Time":"2026-09-06T08:35:30.323881+09:00","Action":"output","Package":"waiting-room/internal/installplan","Test":"TestReportDeterminismAndOwnedCopies/repeat#33","Output":"--- PASS: TestReportDeterminismAndOwnedCopies/repeat#33 (0.00s)\n"}
{"Time":"2026-09-06T08:35:30.323883+09:00","Action":"pass","Package":"waiting-room/internal/installplan","Test":"TestReportDeterminismAndOwnedCopies/repeat#33","Elapsed":0}
{"Time":"2026-09-06T08:35:30.323883+09:00","Action":"cont","Package":"waiting-room/internal/installplan","Test":"TestReportDeterminismAndOwnedCopies/repeat#36"}
{"Time":"2026-09-06T08:35:30.323884+09:00","Action":"output","Package":"waiting-room/internal/installplan","Test":"TestReportDeterminismAndOwnedCopies/repeat#36","Output":"=== CONT  TestReportDeterminismAndOwnedCopies/repeat#36\n"}
{"Time":"2026-09-06T08:35:30.323885+09:00","Action":"output","Package":"waiting-room/internal/installplan","Test":"TestReportDeterminismAndOwnedCopies/repeat#01","Output":"--- PASS: TestReportDeterminismAndOwnedCopies/repeat#01 (0.00s)\n"}
{"Time":"2026-09-06T08:35:30.323886+09:00","Action":"pass","Package":"waiting-room/internal/installplan","Test":"TestReportDeterminismAndOwnedCopies/repeat#01","Elapsed":0}
{"Time":"2026-09-06T08:35:30.323887+09:00","Action":"cont","Package":"waiting-room/internal/installplan","Test":"TestReportDeterminismAndOwnedCopies/repeat#03"}
{"Time":"2026-09-06T08:35:30.323888+09:00","Action":"output","Package":"waiting-room/internal/installplan","Test":"TestReportDeterminismAndOwnedCopies/repeat#03","Output":"=== CONT  TestReportDeterminismAndOwnedCopies/repeat#03\n"}
{"Time":"2026-09-06T08:35:30.323889+09:00","Action":"output","Package":"waiting-room/internal/installplan","Test":"TestReportDeterminismAndOwnedCopies/repeat#40","Output":"--- PASS: TestReportDeterminismAndOwnedCopies/repeat#40 (0.00s)\n"}
{"Time":"2026-09-06T08:35:30.323891+09:00","Action":"pass","Package":"waiting-room/internal/installplan","Test":"TestReportDeterminismAndOwnedCopies/repeat#40","Elapsed":0}
{"Time":"2026-09-06T08:35:30.323892+09:00","Action":"cont","Package":"waiting-room/internal/installplan","Test":"TestReportDeterminismAndOwnedCopies/repeat#34"}
{"Time":"2026-09-06T08:35:30.323893+09:00","Action":"output","Package":"waiting-room/internal/installplan","Test":"TestReportDeterminismAndOwnedCopies/repeat#34","Output":"=== CONT  TestReportDeterminismAndOwnedCopies/repeat#34\n"}
{"Time":"2026-09-06T08:35:30.323893+09:00","Action":"output","Package":"waiting-room/internal/installplan","Test":"TestReportDeterminismAndOwnedCopies/repeat#07","Output":"--- PASS: TestReportDeterminismAndOwnedCopies/repeat#07 (0.00s)\n"}
{"Time":"2026-09-06T08:35:30.323931+09:00","Action":"pass","Package":"waiting-room/internal/installplan","Test":"TestReportDeterminismAndOwnedCopies/repeat#07","Elapsed":0}
{"Time":"2026-09-06T08:35:30.323934+09:00","Action":"cont","Package":"waiting-room/internal/installplan","Test":"TestReportDeterminismAndOwnedCopies/repeat#04"}
{"Time":"2026-09-06T08:35:30.323935+09:00","Action":"output","Package":"waiting-room/internal/installplan","Test":"TestReportDeterminismAndOwnedCopies/repeat#04","Output":"=== CONT  TestReportDeterminismAndOwnedCopies/repeat#04\n"}
{"Time":"2026-09-06T08:35:30.32448+09:00","Action":"output","Package":"waiting-room/internal/installplan","Test":"TestReportDeterminismAndOwnedCopies/repeat#31","Output":"--- PASS: TestReportDeterminismAndOwnedCopies/repeat#31 (0.00s)\n"}
{"Time":"2026-09-06T08:35:30.324483+09:00","Action":"pass","Package":"waiting-room/internal/installplan","Test":"TestReportDeterminismAndOwnedCopies/repeat#31","Elapsed":0}
{"Time":"2026-09-06T08:35:30.324485+09:00","Action":"cont","Package":"waiting-room/internal/installplan","Test":"TestReportDeterminismAndOwnedCopies/repeat#26"}
{"Time":"2026-09-06T08:35:30.324486+09:00","Action":"output","Package":"waiting-room/internal/installplan","Test":"TestReportDeterminismAndOwnedCopies/repeat#26","Output":"=== CONT  TestReportDeterminismAndOwnedCopies/repeat#26\n"}
{"Time":"2026-09-06T08:35:30.324487+09:00","Action":"output","Package":"waiting-room/internal/installplan","Test":"TestReportDeterminismAndOwnedCopies/repeat#12","Output":"--- PASS: TestReportDeterminismAndOwnedCopies/repeat#12 (0.00s)\n"}
{"Time":"2026-09-06T08:35:30.324488+09:00","Action":"pass","Package":"waiting-room/internal/installplan","Test":"TestReportDeterminismAndOwnedCopies/repeat#12","Elapsed":0}
{"Time":"2026-09-06T08:35:30.324489+09:00","Action":"cont","Package":"waiting-room/internal/installplan","Test":"TestReportDeterminismAndOwnedCopies/repeat#42"}
{"Time":"2026-09-06T08:35:30.32449+09:00","Action":"output","Package":"waiting-room/internal/installplan","Test":"TestReportDeterminismAndOwnedCopies/repeat#42","Output":"=== CONT  TestReportDeterminismAndOwnedCopies/repeat#42\n"}
{"Time":"2026-09-06T08:35:30.324491+09:00","Action":"output","Package":"waiting-room/internal/installplan","Test":"TestReportDeterminismAndOwnedCopies/repeat#28","Output":"--- PASS: TestReportDeterminismAndOwnedCopies/repeat#28 (0.00s)\n"}
{"Time":"2026-09-06T08:35:30.324492+09:00","Action":"pass","Package":"waiting-room/internal/installplan","Test":"TestReportDeterminismAndOwnedCopies/repeat#28","Elapsed":0}
{"Time":"2026-09-06T08:35:30.324493+09:00","Action":"cont","Package":"waiting-room/internal/installplan","Test":"TestReportDeterminismAndOwnedCopies/repeat#43"}
{"Time":"2026-09-06T08:35:30.324494+09:00","Action":"output","Package":"waiting-room/internal/installplan","Test":"TestReportDeterminismAndOwnedCopies/repeat#43","Output":"=== CONT  TestReportDeterminismAndOwnedCopies/repeat#43\n"}
{"Time":"2026-09-06T08:35:30.325157+09:00","Action":"output","Package":"waiting-room/internal/installplan","Test":"TestReportDeterminismAndOwnedCopies/repeat#22","Output":"--- PASS: TestReportDeterminismAndOwnedCopies/repeat#22 (0.00s)\n"}
{"Time":"2026-09-06T08:35:30.325161+09:00","Action":"pass","Package":"waiting-room/internal/installplan","Test":"TestReportDeterminismAndOwnedCopies/repeat#22","Elapsed":0}
{"Time":"2026-09-06T08:35:30.325163+09:00","Action":"cont","Package":"waiting-room/internal/installplan","Test":"TestReportDeterminismAndOwnedCopies/repeat#27"}
{"Time":"2026-09-06T08:35:30.325164+09:00","Action":"output","Package":"waiting-room/internal/installplan","Test":"TestReportDeterminismAndOwnedCopies/repeat#27","Output":"=== CONT  TestReportDeterminismAndOwnedCopies/repeat#27\n"}
{"Time":"2026-09-06T08:35:30.325165+09:00","Action":"output","Package":"waiting-room/internal/installplan","Test":"TestReportDeterminismAndOwnedCopies/repeat#41","Output":"--- PASS: TestReportDeterminismAndOwnedCopies/repeat#41 (0.00s)\n"}
{"Time":"2026-09-06T08:35:30.325166+09:00","Action":"pass","Package":"waiting-room/internal/installplan","Test":"TestReportDeterminismAndOwnedCopies/repeat#41","Elapsed":0}
{"Time":"2026-09-06T08:35:30.325167+09:00","Action":"output","Package":"waiting-room/internal/installplan","Test":"TestReportDeterminismAndOwnedCopies/repeat#11","Output":"--- PASS: TestReportDeterminismAndOwnedCopies/repeat#11 (0.00s)\n"}
{"Time":"2026-09-06T08:35:30.325168+09:00","Action":"pass","Package":"waiting-room/internal/installplan","Test":"TestReportDeterminismAndOwnedCopies/repeat#11","Elapsed":0}
{"Time":"2026-09-06T08:35:30.325169+09:00","Action":"output","Package":"waiting-room/internal/installplan","Test":"TestReportDeterminismAndOwnedCopies/repeat#19","Output":"--- PASS: TestReportDeterminismAndOwnedCopies/repeat#19 (0.00s)\n"}
{"Time":"2026-09-06T08:35:30.32517+09:00","Action":"pass","Package":"waiting-room/internal/installplan","Test":"TestReportDeterminismAndOwnedCopies/repeat#19","Elapsed":0}
{"Time":"2026-09-06T08:35:30.325171+09:00","Action":"output","Package":"waiting-room/internal/installplan","Test":"TestReportDeterminismAndOwnedCopies/repeat","Output":"--- PASS: TestReportDeterminismAndOwnedCopies/repeat (0.00s)\n"}
{"Time":"2026-09-06T08:35:30.325172+09:00","Action":"pass","Package":"waiting-room/internal/installplan","Test":"TestReportDeterminismAndOwnedCopies/repeat","Elapsed":0}
{"Time":"2026-09-06T08:35:30.325173+09:00","Action":"output","Package":"waiting-room/internal/installplan","Test":"TestReportDeterminismAndOwnedCopies/repeat#10","Output":"--- PASS: TestReportDeterminismAndOwnedCopies/repeat#10 (0.00s)\n"}
{"Time":"2026-09-06T08:35:30.325175+09:00","Action":"pass","Package":"waiting-room/internal/installplan","Test":"TestReportDeterminismAndOwnedCopies/repeat#10","Elapsed":0}
{"Time":"2026-09-06T08:35:30.325176+09:00","Action":"output","Package":"waiting-room/internal/installplan","Test":"TestReportDeterminismAndOwnedCopies/repeat#49","Output":"--- PASS: TestReportDeterminismAndOwnedCopies/repeat#49 (0.00s)\n"}
{"Time":"2026-09-06T08:35:30.325177+09:00","Action":"pass","Package":"waiting-room/internal/installplan","Test":"TestReportDeterminismAndOwnedCopies/repeat#49","Elapsed":0}
{"Time":"2026-09-06T08:35:30.325177+09:00","Action":"output","Package":"waiting-room/internal/installplan","Test":"TestReportDeterminismAndOwnedCopies/repeat#03","Output":"--- PASS: TestReportDeterminismAndOwnedCopies/repeat#03 (0.00s)\n"}
{"Time":"2026-09-06T08:35:30.325255+09:00","Action":"pass","Package":"waiting-room/internal/installplan","Test":"TestReportDeterminismAndOwnedCopies/repeat#03","Elapsed":0}
{"Time":"2026-09-06T08:35:30.32526+09:00","Action":"output","Package":"waiting-room/internal/installplan","Test":"TestReportDeterminismAndOwnedCopies/repeat#42","Output":"--- PASS: TestReportDeterminismAndOwnedCopies/repeat#42 (0.00s)\n"}
{"Time":"2026-09-06T08:35:30.325262+09:00","Action":"pass","Package":"waiting-room/internal/installplan","Test":"TestReportDeterminismAndOwnedCopies/repeat#42","Elapsed":0}
{"Time":"2026-09-06T08:35:30.325263+09:00","Action":"output","Package":"waiting-room/internal/installplan","Test":"TestReportDeterminismAndOwnedCopies/repeat#32","Output":"--- PASS: TestReportDeterminismAndOwnedCopies/repeat#32 (0.00s)\n"}
{"Time":"2026-09-06T08:35:30.32539+09:00","Action":"pass","Package":"waiting-room/internal/installplan","Test":"TestReportDeterminismAndOwnedCopies/repeat#32","Elapsed":0}
{"Time":"2026-09-06T08:35:30.325395+09:00","Action":"output","Package":"waiting-room/internal/installplan","Test":"TestReportDeterminismAndOwnedCopies/repeat#47","Output":"--- PASS: TestReportDeterminismAndOwnedCopies/repeat#47 (0.00s)\n"}
{"Time":"2026-09-06T08:35:30.325532+09:00","Action":"pass","Package":"waiting-room/internal/installplan","Test":"TestReportDeterminismAndOwnedCopies/repeat#47","Elapsed":0}
{"Time":"2026-09-06T08:35:30.325555+09:00","Action":"output","Package":"waiting-room/internal/installplan","Test":"TestReportDeterminismAndOwnedCopies/repeat#36","Output":"--- PASS: TestReportDeterminismAndOwnedCopies/repeat#36 (0.00s)\n"}
{"Time":"2026-09-06T08:35:30.32561+09:00","Action":"pass","Package":"waiting-room/internal/installplan","Test":"TestReportDeterminismAndOwnedCopies/repeat#36","Elapsed":0}
{"Time":"2026-09-06T08:35:30.325621+09:00","Action":"output","Package":"waiting-room/internal/installplan","Test":"TestReportDeterminismAndOwnedCopies/repeat#04","Output":"--- PASS: TestReportDeterminismAndOwnedCopies/repeat#04 (0.00s)\n"}
{"Time":"2026-09-06T08:35:30.325649+09:00","Action":"pass","Package":"waiting-room/internal/installplan","Test":"TestReportDeterminismAndOwnedCopies/repeat#04","Elapsed":0}
{"Time":"2026-09-06T08:35:30.325651+09:00","Action":"output","Package":"waiting-room/internal/installplan","Test":"TestReportDeterminismAndOwnedCopies/repeat#26","Output":"--- PASS: TestReportDeterminismAndOwnedCopies/repeat#26 (0.00s)\n"}
{"Time":"2026-09-06T08:35:30.325653+09:00","Action":"pass","Package":"waiting-room/internal/installplan","Test":"TestReportDeterminismAndOwnedCopies/repeat#26","Elapsed":0}
{"Time":"2026-09-06T08:35:30.325654+09:00","Action":"output","Package":"waiting-room/internal/installplan","Test":"TestReportDeterminismAndOwnedCopies/repeat#34","Output":"--- PASS: TestReportDeterminismAndOwnedCopies/repeat#34 (0.00s)\n"}
{"Time":"2026-09-06T08:35:30.325712+09:00","Action":"pass","Package":"waiting-room/internal/installplan","Test":"TestReportDeterminismAndOwnedCopies/repeat#34","Elapsed":0}
{"Time":"2026-09-06T08:35:30.325716+09:00","Action":"output","Package":"waiting-room/internal/installplan","Test":"TestReportDeterminismAndOwnedCopies/repeat#43","Output":"--- PASS: TestReportDeterminismAndOwnedCopies/repeat#43 (0.00s)\n"}
{"Time":"2026-09-06T08:35:30.325719+09:00","Action":"pass","Package":"waiting-room/internal/installplan","Test":"TestReportDeterminismAndOwnedCopies/repeat#43","Elapsed":0}
{"Time":"2026-09-06T08:35:30.32572+09:00","Action":"output","Package":"waiting-room/internal/installplan","Test":"TestReportDeterminismAndOwnedCopies/repeat#27","Output":"--- PASS: TestReportDeterminismAndOwnedCopies/repeat#27 (0.00s)\n"}
{"Time":"2026-09-06T08:35:30.325852+09:00","Action":"pass","Package":"waiting-room/internal/installplan","Test":"TestReportDeterminismAndOwnedCopies/repeat#27","Elapsed":0}
{"Time":"2026-09-06T08:35:30.325856+09:00","Action":"output","Package":"waiting-room/internal/installplan","Test":"TestReportDeterminismAndOwnedCopies/repeat#46","Output":"--- PASS: TestReportDeterminismAndOwnedCopies/repeat#46 (0.00s)\n"}
{"Time":"2026-09-06T08:35:30.325889+09:00","Action":"pass","Package":"waiting-room/internal/installplan","Test":"TestReportDeterminismAndOwnedCopies/repeat#46","Elapsed":0}
{"Time":"2026-09-06T08:35:30.325892+09:00","Action":"output","Package":"waiting-room/internal/installplan","Test":"TestReportDeterminismAndOwnedCopies/repeat#08","Output":"--- PASS: TestReportDeterminismAndOwnedCopies/repeat#08 (0.00s)\n"}
{"Time":"2026-09-06T08:35:30.325922+09:00","Action":"pass","Package":"waiting-room/internal/installplan","Test":"TestReportDeterminismAndOwnedCopies/repeat#08","Elapsed":0}
{"Time":"2026-09-06T08:35:30.325925+09:00","Action":"output","Package":"waiting-room/internal/installplan","Test":"TestReportDeterminismAndOwnedCopies","Output":"--- PASS: TestReportDeterminismAndOwnedCopies (0.00s)\n"}
{"Time":"2026-09-06T08:35:30.325928+09:00","Action":"pass","Package":"waiting-room/internal/installplan","Test":"TestReportDeterminismAndOwnedCopies","Elapsed":0}
{"Time":"2026-09-06T08:35:30.32595+09:00","Action":"run","Package":"waiting-room/internal/installplan","Test":"FuzzCostArithmetic"}
{"Time":"2026-09-06T08:35:30.325954+09:00","Action":"output","Package":"waiting-room/internal/installplan","Test":"FuzzCostArithmetic","Output":"=== RUN   FuzzCostArithmetic\n"}
{"Time":"2026-09-06T08:35:30.32603+09:00","Action":"run","Package":"waiting-room/internal/installplan","Test":"FuzzCostArithmetic/seed#0"}
{"Time":"2026-09-06T08:35:30.326034+09:00","Action":"output","Package":"waiting-room/internal/installplan","Test":"FuzzCostArithmetic/seed#0","Output":"=== RUN   FuzzCostArithmetic/seed#0\n"}
{"Time":"2026-09-06T08:35:30.326158+09:00","Action":"output","Package":"waiting-room/internal/installplan","Test":"FuzzCostArithmetic/seed#0","Output":"--- PASS: FuzzCostArithmetic/seed#0 (0.00s)\n"}
{"Time":"2026-09-06T08:35:30.326162+09:00","Action":"pass","Package":"waiting-room/internal/installplan","Test":"FuzzCostArithmetic/seed#0","Elapsed":0}
{"Time":"2026-09-06T08:35:30.326177+09:00","Action":"output","Package":"waiting-room/internal/installplan","Test":"FuzzCostArithmetic","Output":"--- PASS: FuzzCostArithmetic (0.00s)\n"}
{"Time":"2026-09-06T08:35:30.326188+09:00","Action":"pass","Package":"waiting-room/internal/installplan","Test":"FuzzCostArithmetic","Elapsed":0}
{"Time":"2026-09-06T08:35:30.326192+09:00","Action":"run","Package":"waiting-room/internal/installplan","Test":"FuzzDecode"}
{"Time":"2026-09-06T08:35:30.326194+09:00","Action":"output","Package":"waiting-room/internal/installplan","Test":"FuzzDecode","Output":"=== RUN   FuzzDecode\n"}
{"Time":"2026-09-06T08:35:30.326301+09:00","Action":"run","Package":"waiting-room/internal/installplan","Test":"FuzzDecode/seed#0"}
{"Time":"2026-09-06T08:35:30.326304+09:00","Action":"output","Package":"waiting-room/internal/installplan","Test":"FuzzDecode/seed#0","Output":"=== RUN   FuzzDecode/seed#0\n"}
{"Time":"2026-09-06T08:35:30.326447+09:00","Action":"output","Package":"waiting-room/internal/installplan","Test":"FuzzDecode/seed#0","Output":"--- PASS: FuzzDecode/seed#0 (0.00s)\n"}
{"Time":"2026-09-06T08:35:30.326451+09:00","Action":"pass","Package":"waiting-room/internal/installplan","Test":"FuzzDecode/seed#0","Elapsed":0}
{"Time":"2026-09-06T08:35:30.326464+09:00","Action":"run","Package":"waiting-room/internal/installplan","Test":"FuzzDecode/seed#1"}
{"Time":"2026-09-06T08:35:30.326466+09:00","Action":"output","Package":"waiting-room/internal/installplan","Test":"FuzzDecode/seed#1","Output":"=== RUN   FuzzDecode/seed#1\n"}
{"Time":"2026-09-06T08:35:30.326485+09:00","Action":"output","Package":"waiting-room/internal/installplan","Test":"FuzzDecode/seed#1","Output":"--- PASS: FuzzDecode/seed#1 (0.00s)\n"}
{"Time":"2026-09-06T08:35:30.3265+09:00","Action":"pass","Package":"waiting-room/internal/installplan","Test":"FuzzDecode/seed#1","Elapsed":0}
{"Time":"2026-09-06T08:35:30.32651+09:00","Action":"run","Package":"waiting-room/internal/installplan","Test":"FuzzDecode/seed#2"}
{"Time":"2026-09-06T08:35:30.326513+09:00","Action":"output","Package":"waiting-room/internal/installplan","Test":"FuzzDecode/seed#2","Output":"=== RUN   FuzzDecode/seed#2\n"}
{"Time":"2026-09-06T08:35:30.326544+09:00","Action":"output","Package":"waiting-room/internal/installplan","Test":"FuzzDecode/seed#2","Output":"--- PASS: FuzzDecode/seed#2 (0.00s)\n"}
{"Time":"2026-09-06T08:35:30.326556+09:00","Action":"pass","Package":"waiting-room/internal/installplan","Test":"FuzzDecode/seed#2","Elapsed":0}
{"Time":"2026-09-06T08:35:30.326571+09:00","Action":"output","Package":"waiting-room/internal/installplan","Test":"FuzzDecode","Output":"--- PASS: FuzzDecode (0.00s)\n"}
{"Time":"2026-09-06T08:35:30.326576+09:00","Action":"pass","Package":"waiting-room/internal/installplan","Test":"FuzzDecode","Elapsed":0}
{"Time":"2026-09-06T08:35:30.326585+09:00","Action":"run","Package":"waiting-room/internal/installplan","Test":"FuzzReportDecode"}
{"Time":"2026-09-06T08:35:30.326594+09:00","Action":"output","Package":"waiting-room/internal/installplan","Test":"FuzzReportDecode","Output":"=== RUN   FuzzReportDecode\n"}
{"Time":"2026-09-06T08:35:30.326639+09:00","Action":"run","Package":"waiting-room/internal/installplan","Test":"FuzzReportDecode/seed#0"}
{"Time":"2026-09-06T08:35:30.326643+09:00","Action":"output","Package":"waiting-room/internal/installplan","Test":"FuzzReportDecode/seed#0","Output":"=== RUN   FuzzReportDecode/seed#0\n"}
{"Time":"2026-09-06T08:35:30.327623+09:00","Action":"output","Package":"waiting-room/internal/installplan","Test":"FuzzReportDecode/seed#0","Output":"--- PASS: FuzzReportDecode/seed#0 (0.00s)\n"}
{"Time":"2026-09-06T08:35:30.327627+09:00","Action":"pass","Package":"waiting-room/internal/installplan","Test":"FuzzReportDecode/seed#0","Elapsed":0}
{"Time":"2026-09-06T08:35:30.327641+09:00","Action":"run","Package":"waiting-room/internal/installplan","Test":"FuzzReportDecode/seed#1"}
{"Time":"2026-09-06T08:35:30.327643+09:00","Action":"output","Package":"waiting-room/internal/installplan","Test":"FuzzReportDecode/seed#1","Output":"=== RUN   FuzzReportDecode/seed#1\n"}
{"Time":"2026-09-06T08:35:30.327687+09:00","Action":"output","Package":"waiting-room/internal/installplan","Test":"FuzzReportDecode/seed#1","Output":"--- PASS: FuzzReportDecode/seed#1 (0.00s)\n"}
{"Time":"2026-09-06T08:35:30.327691+09:00","Action":"pass","Package":"waiting-room/internal/installplan","Test":"FuzzReportDecode/seed#1","Elapsed":0}
{"Time":"2026-09-06T08:35:30.327705+09:00","Action":"run","Package":"waiting-room/internal/installplan","Test":"FuzzReportDecode/seed#2"}
{"Time":"2026-09-06T08:35:30.327707+09:00","Action":"output","Package":"waiting-room/internal/installplan","Test":"FuzzReportDecode/seed#2","Output":"=== RUN   FuzzReportDecode/seed#2\n"}
{"Time":"2026-09-06T08:35:30.327739+09:00","Action":"output","Package":"waiting-room/internal/installplan","Test":"FuzzReportDecode/seed#2","Output":"--- PASS: FuzzReportDecode/seed#2 (0.00s)\n"}
{"Time":"2026-09-06T08:35:30.327743+09:00","Action":"pass","Package":"waiting-room/internal/installplan","Test":"FuzzReportDecode/seed#2","Elapsed":0}
{"Time":"2026-09-06T08:35:30.327758+09:00","Action":"output","Package":"waiting-room/internal/installplan","Test":"FuzzReportDecode","Output":"--- PASS: FuzzReportDecode (0.00s)\n"}
{"Time":"2026-09-06T08:35:30.327762+09:00","Action":"pass","Package":"waiting-room/internal/installplan","Test":"FuzzReportDecode","Elapsed":0}
{"Time":"2026-09-06T08:35:30.32778+09:00","Action":"output","Package":"waiting-room/internal/installplan","Output":"PASS\n"}
{"Time":"2026-09-06T08:35:30.454641+09:00","Action":"run","Package":"waiting-room/internal/installplan/preview","Test":"TestPreviewHTTPBoundary"}
{"Time":"2026-09-06T08:35:30.454655+09:00","Action":"output","Package":"waiting-room/internal/installplan/preview","Test":"TestPreviewHTTPBoundary","Output":"=== RUN   TestPreviewHTTPBoundary\n"}
{"Time":"2026-09-06T08:35:30.454825+09:00","Action":"run","Package":"waiting-room/internal/installplan/preview","Test":"TestPreviewHTTPBoundary/plan/valid"}
{"Time":"2026-09-06T08:35:30.454828+09:00","Action":"output","Package":"waiting-room/internal/installplan/preview","Test":"TestPreviewHTTPBoundary/plan/valid","Output":"=== RUN   TestPreviewHTTPBoundary/plan/valid\n"}
{"Time":"2026-09-06T08:35:30.455898+09:00","Action":"output","Package":"waiting-room/internal/installplan/preview","Test":"TestPreviewHTTPBoundary/plan/valid","Output":"--- PASS: TestPreviewHTTPBoundary/plan/valid (0.00s)\n"}
{"Time":"2026-09-06T08:35:30.455916+09:00","Action":"pass","Package":"waiting-room/internal/installplan/preview","Test":"TestPreviewHTTPBoundary/plan/valid","Elapsed":0}
{"Time":"2026-09-06T08:35:30.455931+09:00","Action":"run","Package":"waiting-room/internal/installplan/preview","Test":"TestPreviewHTTPBoundary/plan/origin"}
{"Time":"2026-09-06T08:35:30.455934+09:00","Action":"output","Package":"waiting-room/internal/installplan/preview","Test":"TestPreviewHTTPBoundary/plan/origin","Output":"=== RUN   TestPreviewHTTPBoundary/plan/origin\n"}
{"Time":"2026-09-06T08:35:30.456001+09:00","Action":"output","Package":"waiting-room/internal/installplan/preview","Test":"TestPreviewHTTPBoundary/plan/origin","Output":"--- PASS: TestPreviewHTTPBoundary/plan/origin (0.00s)\n"}
{"Time":"2026-09-06T08:35:30.456019+09:00","Action":"pass","Package":"waiting-room/internal/installplan/preview","Test":"TestPreviewHTTPBoundary/plan/origin","Elapsed":0}
{"Time":"2026-09-06T08:35:30.456028+09:00","Action":"run","Package":"waiting-room/internal/installplan/preview","Test":"TestPreviewHTTPBoundary/plan/duplicate-origin"}
{"Time":"2026-09-06T08:35:30.45603+09:00","Action":"output","Package":"waiting-room/internal/installplan/preview","Test":"TestPreviewHTTPBoundary/plan/duplicate-origin","Output":"=== RUN   TestPreviewHTTPBoundary/plan/duplicate-origin\n"}
{"Time":"2026-09-06T08:35:30.456098+09:00","Action":"output","Package":"waiting-room/internal/installplan/preview","Test":"TestPreviewHTTPBoundary/plan/duplicate-origin","Output":"--- PASS: TestPreviewHTTPBoundary/plan/duplicate-origin (0.00s)\n"}
{"Time":"2026-09-06T08:35:30.456103+09:00","Action":"pass","Package":"waiting-room/internal/installplan/preview","Test":"TestPreviewHTTPBoundary/plan/duplicate-origin","Elapsed":0}
{"Time":"2026-09-06T08:35:30.456118+09:00","Action":"run","Package":"waiting-room/internal/installplan/preview","Test":"TestPreviewHTTPBoundary/plan/host"}
{"Time":"2026-09-06T08:35:30.456121+09:00","Action":"output","Package":"waiting-room/internal/installplan/preview","Test":"TestPreviewHTTPBoundary/plan/host","Output":"=== RUN   TestPreviewHTTPBoundary/plan/host\n"}
{"Time":"2026-09-06T08:35:30.456176+09:00","Action":"output","Package":"waiting-room/internal/installplan/preview","Test":"TestPreviewHTTPBoundary/plan/host","Output":"--- PASS: TestPreviewHTTPBoundary/plan/host (0.00s)\n"}
{"Time":"2026-09-06T08:35:30.456181+09:00","Action":"pass","Package":"waiting-room/internal/installplan/preview","Test":"TestPreviewHTTPBoundary/plan/host","Elapsed":0}
{"Time":"2026-09-06T08:35:30.456199+09:00","Action":"run","Package":"waiting-room/internal/installplan/preview","Test":"TestPreviewHTTPBoundary/plan/remote"}
{"Time":"2026-09-06T08:35:30.456202+09:00","Action":"output","Package":"waiting-room/internal/installplan/preview","Test":"TestPreviewHTTPBoundary/plan/remote","Output":"=== RUN   TestPreviewHTTPBoundary/plan/remote\n"}
{"Time":"2026-09-06T08:35:30.456257+09:00","Action":"output","Package":"waiting-room/internal/installplan/preview","Test":"TestPreviewHTTPBoundary/plan/remote","Output":"--- PASS: TestPreviewHTTPBoundary/plan/remote (0.00s)\n"}
{"Time":"2026-09-06T08:35:30.456261+09:00","Action":"pass","Package":"waiting-room/internal/installplan/preview","Test":"TestPreviewHTTPBoundary/plan/remote","Elapsed":0}
{"Time":"2026-09-06T08:35:30.45628+09:00","Action":"run","Package":"waiting-room/internal/installplan/preview","Test":"TestPreviewHTTPBoundary/plan/content-type"}
{"Time":"2026-09-06T08:35:30.456284+09:00","Action":"output","Package":"waiting-room/internal/installplan/preview","Test":"TestPreviewHTTPBoundary/plan/content-type","Output":"=== RUN   TestPreviewHTTPBoundary/plan/content-type\n"}
{"Time":"2026-09-06T08:35:30.456334+09:00","Action":"output","Package":"waiting-room/internal/installplan/preview","Test":"TestPreviewHTTPBoundary/plan/content-type","Output":"--- PASS: TestPreviewHTTPBoundary/plan/content-type (0.00s)\n"}
{"Time":"2026-09-06T08:35:30.456354+09:00","Action":"pass","Package":"waiting-room/internal/installplan/preview","Test":"TestPreviewHTTPBoundary/plan/content-type","Elapsed":0}
{"Time":"2026-09-06T08:35:30.456363+09:00","Action":"run","Package":"waiting-room/internal/installplan/preview","Test":"TestPreviewHTTPBoundary/plan/marker"}
{"Time":"2026-09-06T08:35:30.456366+09:00","Action":"output","Package":"waiting-room/internal/installplan/preview","Test":"TestPreviewHTTPBoundary/plan/marker","Output":"=== RUN   TestPreviewHTTPBoundary/plan/marker\n"}
{"Time":"2026-09-06T08:35:30.456423+09:00","Action":"output","Package":"waiting-room/internal/installplan/preview","Test":"TestPreviewHTTPBoundary/plan/marker","Output":"--- PASS: TestPreviewHTTPBoundary/plan/marker (0.00s)\n"}
{"Time":"2026-09-06T08:35:30.45643+09:00","Action":"pass","Package":"waiting-room/internal/installplan/preview","Test":"TestPreviewHTTPBoundary/plan/marker","Elapsed":0}
{"Time":"2026-09-06T08:35:30.456433+09:00","Action":"run","Package":"waiting-room/internal/installplan/preview","Test":"TestPreviewHTTPBoundary/plan/cookie"}
{"Time":"2026-09-06T08:35:30.456435+09:00","Action":"output","Package":"waiting-room/internal/installplan/preview","Test":"TestPreviewHTTPBoundary/plan/cookie","Output":"=== RUN   TestPreviewHTTPBoundary/plan/cookie\n"}
{"Time":"2026-09-06T08:35:30.456495+09:00","Action":"output","Package":"waiting-room/internal/installplan/preview","Test":"TestPreviewHTTPBoundary/plan/cookie","Output":"--- PASS: TestPreviewHTTPBoundary/plan/cookie (0.00s)\n"}
{"Time":"2026-09-06T08:35:30.456501+09:00","Action":"pass","Package":"waiting-room/internal/installplan/preview","Test":"TestPreviewHTTPBoundary/plan/cookie","Elapsed":0}
{"Time":"2026-09-06T08:35:30.456509+09:00","Action":"run","Package":"waiting-room/internal/installplan/preview","Test":"TestPreviewHTTPBoundary/plan/auth"}
{"Time":"2026-09-06T08:35:30.456512+09:00","Action":"output","Package":"waiting-room/internal/installplan/preview","Test":"TestPreviewHTTPBoundary/plan/auth","Output":"=== RUN   TestPreviewHTTPBoundary/plan/auth\n"}
{"Time":"2026-09-06T08:35:30.456565+09:00","Action":"output","Package":"waiting-room/internal/installplan/preview","Test":"TestPreviewHTTPBoundary/plan/auth","Output":"--- PASS: TestPreviewHTTPBoundary/plan/auth (0.00s)\n"}
{"Time":"2026-09-06T08:35:30.45657+09:00","Action":"pass","Package":"waiting-room/internal/installplan/preview","Test":"TestPreviewHTTPBoundary/plan/auth","Elapsed":0}
{"Time":"2026-09-06T08:35:30.456582+09:00","Action":"run","Package":"waiting-room/internal/installplan/preview","Test":"TestPreviewHTTPBoundary/plan/query"}
{"Time":"2026-09-06T08:35:30.456587+09:00","Action":"output","Package":"waiting-room/internal/installplan/preview","Test":"TestPreviewHTTPBoundary/plan/query","Output":"=== RUN   TestPreviewHTTPBoundary/plan/query\n"}
{"Time":"2026-09-06T08:35:30.456635+09:00","Action":"output","Package":"waiting-room/internal/installplan/preview","Test":"TestPreviewHTTPBoundary/plan/query","Output":"--- PASS: TestPreviewHTTPBoundary/plan/query (0.00s)\n"}
{"Time":"2026-09-06T08:35:30.456642+09:00","Action":"pass","Package":"waiting-room/internal/installplan/preview","Test":"TestPreviewHTTPBoundary/plan/query","Elapsed":0}
{"Time":"2026-09-06T08:35:30.456659+09:00","Action":"run","Package":"waiting-room/internal/installplan/preview","Test":"TestPreviewHTTPBoundary/plan/method"}
{"Time":"2026-09-06T08:35:30.456662+09:00","Action":"output","Package":"waiting-room/internal/installplan/preview","Test":"TestPreviewHTTPBoundary/plan/method","Output":"=== RUN   TestPreviewHTTPBoundary/plan/method\n"}
{"Time":"2026-09-06T08:35:30.45671+09:00","Action":"output","Package":"waiting-room/internal/installplan/preview","Test":"TestPreviewHTTPBoundary/plan/method","Output":"--- PASS: TestPreviewHTTPBoundary/plan/method (0.00s)\n"}
{"Time":"2026-09-06T08:35:30.456716+09:00","Action":"pass","Package":"waiting-room/internal/installplan/preview","Test":"TestPreviewHTTPBoundary/plan/method","Elapsed":0}
{"Time":"2026-09-06T08:35:30.456729+09:00","Action":"run","Package":"waiting-room/internal/installplan/preview","Test":"TestPreviewHTTPBoundary/plan/invalid"}
{"Time":"2026-09-06T08:35:30.456732+09:00","Action":"output","Package":"waiting-room/internal/installplan/preview","Test":"TestPreviewHTTPBoundary/plan/invalid","Output":"=== RUN   TestPreviewHTTPBoundary/plan/invalid\n"}
{"Time":"2026-09-06T08:35:30.456809+09:00","Action":"output","Package":"waiting-room/internal/installplan/preview","Test":"TestPreviewHTTPBoundary/plan/invalid","Output":"--- PASS: TestPreviewHTTPBoundary/plan/invalid (0.00s)\n"}
{"Time":"2026-09-06T08:35:30.456814+09:00","Action":"pass","Package":"waiting-room/internal/installplan/preview","Test":"TestPreviewHTTPBoundary/plan/invalid","Elapsed":0}
{"Time":"2026-09-06T08:35:30.456829+09:00","Action":"run","Package":"waiting-room/internal/installplan/preview","Test":"TestPreviewHTTPBoundary/plan/large"}
{"Time":"2026-09-06T08:35:30.456832+09:00","Action":"output","Package":"waiting-room/internal/installplan/preview","Test":"TestPreviewHTTPBoundary/plan/large","Output":"=== RUN   TestPreviewHTTPBoundary/plan/large\n"}
{"Time":"2026-09-06T08:35:30.456961+09:00","Action":"output","Package":"waiting-room/internal/installplan/preview","Test":"TestPreviewHTTPBoundary/plan/large","Output":"--- PASS: TestPreviewHTTPBoundary/plan/large (0.00s)\n"}
{"Time":"2026-09-06T08:35:30.456966+09:00","Action":"pass","Package":"waiting-room/internal/installplan/preview","Test":"TestPreviewHTTPBoundary/plan/large","Elapsed":0}
{"Time":"2026-09-06T08:35:30.457019+09:00","Action":"run","Package":"waiting-room/internal/installplan/preview","Test":"TestPreviewHTTPBoundary/estimate/valid"}
{"Time":"2026-09-06T08:35:30.457023+09:00","Action":"output","Package":"waiting-room/internal/installplan/preview","Test":"TestPreviewHTTPBoundary/estimate/valid","Output":"=== RUN   TestPreviewHTTPBoundary/estimate/valid\n"}
{"Time":"2026-09-06T08:35:30.457732+09:00","Action":"output","Package":"waiting-room/internal/installplan/preview","Test":"TestPreviewHTTPBoundary/estimate/valid","Output":"--- PASS: TestPreviewHTTPBoundary/estimate/valid (0.00s)\n"}
{"Time":"2026-09-06T08:35:30.457743+09:00","Action":"pass","Package":"waiting-room/internal/installplan/preview","Test":"TestPreviewHTTPBoundary/estimate/valid","Elapsed":0}
{"Time":"2026-09-06T08:35:30.45776+09:00","Action":"run","Package":"waiting-room/internal/installplan/preview","Test":"TestPreviewHTTPBoundary/estimate/origin"}
{"Time":"2026-09-06T08:35:30.457763+09:00","Action":"output","Package":"waiting-room/internal/installplan/preview","Test":"TestPreviewHTTPBoundary/estimate/origin","Output":"=== RUN   TestPreviewHTTPBoundary/estimate/origin\n"}
{"Time":"2026-09-06T08:35:30.457819+09:00","Action":"output","Package":"waiting-room/internal/installplan/preview","Test":"TestPreviewHTTPBoundary/estimate/origin","Output":"--- PASS: TestPreviewHTTPBoundary/estimate/origin (0.00s)\n"}
{"Time":"2026-09-06T08:35:30.457824+09:00","Action":"pass","Package":"waiting-room/internal/installplan/preview","Test":"TestPreviewHTTPBoundary/estimate/origin","Elapsed":0}
{"Time":"2026-09-06T08:35:30.45784+09:00","Action":"run","Package":"waiting-room/internal/installplan/preview","Test":"TestPreviewHTTPBoundary/estimate/duplicate-origin"}
{"Time":"2026-09-06T08:35:30.457842+09:00","Action":"output","Package":"waiting-room/internal/installplan/preview","Test":"TestPreviewHTTPBoundary/estimate/duplicate-origin","Output":"=== RUN   TestPreviewHTTPBoundary/estimate/duplicate-origin\n"}
{"Time":"2026-09-06T08:35:30.457887+09:00","Action":"output","Package":"waiting-room/internal/installplan/preview","Test":"TestPreviewHTTPBoundary/estimate/duplicate-origin","Output":"--- PASS: TestPreviewHTTPBoundary/estimate/duplicate-origin (0.00s)\n"}
{"Time":"2026-09-06T08:35:30.457894+09:00","Action":"pass","Package":"waiting-room/internal/installplan/preview","Test":"TestPreviewHTTPBoundary/estimate/duplicate-origin","Elapsed":0}
{"Time":"2026-09-06T08:35:30.457909+09:00","Action":"run","Package":"waiting-room/internal/installplan/preview","Test":"TestPreviewHTTPBoundary/estimate/host"}
{"Time":"2026-09-06T08:35:30.457912+09:00","Action":"output","Package":"waiting-room/internal/installplan/preview","Test":"TestPreviewHTTPBoundary/estimate/host","Output":"=== RUN   TestPreviewHTTPBoundary/estimate/host\n"}
{"Time":"2026-09-06T08:35:30.457965+09:00","Action":"output","Package":"waiting-room/internal/installplan/preview","Test":"TestPreviewHTTPBoundary/estimate/host","Output":"--- PASS: TestPreviewHTTPBoundary/estimate/host (0.00s)\n"}
{"Time":"2026-09-06T08:35:30.457969+09:00","Action":"pass","Package":"waiting-room/internal/installplan/preview","Test":"TestPreviewHTTPBoundary/estimate/host","Elapsed":0}
{"Time":"2026-09-06T08:35:30.457984+09:00","Action":"run","Package":"waiting-room/internal/installplan/preview","Test":"TestPreviewHTTPBoundary/estimate/remote"}
{"Time":"2026-09-06T08:35:30.457986+09:00","Action":"output","Package":"waiting-room/internal/installplan/preview","Test":"TestPreviewHTTPBoundary/estimate/remote","Output":"=== RUN   TestPreviewHTTPBoundary/estimate/remote\n"}
{"Time":"2026-09-06T08:35:30.458031+09:00","Action":"output","Package":"waiting-room/internal/installplan/preview","Test":"TestPreviewHTTPBoundary/estimate/remote","Output":"--- PASS: TestPreviewHTTPBoundary/estimate/remote (0.00s)\n"}
{"Time":"2026-09-06T08:35:30.458044+09:00","Action":"pass","Package":"waiting-room/internal/installplan/preview","Test":"TestPreviewHTTPBoundary/estimate/remote","Elapsed":0}
{"Time":"2026-09-06T08:35:30.45806+09:00","Action":"run","Package":"waiting-room/internal/installplan/preview","Test":"TestPreviewHTTPBoundary/estimate/content-type"}
{"Time":"2026-09-06T08:35:30.458062+09:00","Action":"output","Package":"waiting-room/internal/installplan/preview","Test":"TestPreviewHTTPBoundary/estimate/content-type","Output":"=== RUN   TestPreviewHTTPBoundary/estimate/content-type\n"}
{"Time":"2026-09-06T08:35:30.458118+09:00","Action":"output","Package":"waiting-room/internal/installplan/preview","Test":"TestPreviewHTTPBoundary/estimate/content-type","Output":"--- PASS: TestPreviewHTTPBoundary/estimate/content-type (0.00s)\n"}
{"Time":"2026-09-06T08:35:30.458121+09:00","Action":"pass","Package":"waiting-room/internal/installplan/preview","Test":"TestPreviewHTTPBoundary/estimate/content-type","Elapsed":0}
{"Time":"2026-09-06T08:35:30.458135+09:00","Action":"run","Package":"waiting-room/internal/installplan/preview","Test":"TestPreviewHTTPBoundary/estimate/marker"}
{"Time":"2026-09-06T08:35:30.458137+09:00","Action":"output","Package":"waiting-room/internal/installplan/preview","Test":"TestPreviewHTTPBoundary/estimate/marker","Output":"=== RUN   TestPreviewHTTPBoundary/estimate/marker\n"}
{"Time":"2026-09-06T08:35:30.458193+09:00","Action":"output","Package":"waiting-room/internal/installplan/preview","Test":"TestPreviewHTTPBoundary/estimate/marker","Output":"--- PASS: TestPreviewHTTPBoundary/estimate/marker (0.00s)\n"}
{"Time":"2026-09-06T08:35:30.458199+09:00","Action":"pass","Package":"waiting-room/internal/installplan/preview","Test":"TestPreviewHTTPBoundary/estimate/marker","Elapsed":0}
{"Time":"2026-09-06T08:35:30.458214+09:00","Action":"run","Package":"waiting-room/internal/installplan/preview","Test":"TestPreviewHTTPBoundary/estimate/cookie"}
{"Time":"2026-09-06T08:35:30.458216+09:00","Action":"output","Package":"waiting-room/internal/installplan/preview","Test":"TestPreviewHTTPBoundary/estimate/cookie","Output":"=== RUN   TestPreviewHTTPBoundary/estimate/cookie\n"}
{"Time":"2026-09-06T08:35:30.458263+09:00","Action":"output","Package":"waiting-room/internal/installplan/preview","Test":"TestPreviewHTTPBoundary/estimate/cookie","Output":"--- PASS: TestPreviewHTTPBoundary/estimate/cookie (0.00s)\n"}
{"Time":"2026-09-06T08:35:30.458278+09:00","Action":"pass","Package":"waiting-room/internal/installplan/preview","Test":"TestPreviewHTTPBoundary/estimate/cookie","Elapsed":0}
{"Time":"2026-09-06T08:35:30.458283+09:00","Action":"run","Package":"waiting-room/internal/installplan/preview","Test":"TestPreviewHTTPBoundary/estimate/auth"}
{"Time":"2026-09-06T08:35:30.458284+09:00","Action":"output","Package":"waiting-room/internal/installplan/preview","Test":"TestPreviewHTTPBoundary/estimate/auth","Output":"=== RUN   TestPreviewHTTPBoundary/estimate/auth\n"}
{"Time":"2026-09-06T08:35:30.458341+09:00","Action":"output","Package":"waiting-room/internal/installplan/preview","Test":"TestPreviewHTTPBoundary/estimate/auth","Output":"--- PASS: TestPreviewHTTPBoundary/estimate/auth (0.00s)\n"}
{"Time":"2026-09-06T08:35:30.458346+09:00","Action":"pass","Package":"waiting-room/internal/installplan/preview","Test":"TestPreviewHTTPBoundary/estimate/auth","Elapsed":0}
{"Time":"2026-09-06T08:35:30.45836+09:00","Action":"run","Package":"waiting-room/internal/installplan/preview","Test":"TestPreviewHTTPBoundary/estimate/query"}
{"Time":"2026-09-06T08:35:30.458363+09:00","Action":"output","Package":"waiting-room/internal/installplan/preview","Test":"TestPreviewHTTPBoundary/estimate/query","Output":"=== RUN   TestPreviewHTTPBoundary/estimate/query\n"}
{"Time":"2026-09-06T08:35:30.458405+09:00","Action":"output","Package":"waiting-room/internal/installplan/preview","Test":"TestPreviewHTTPBoundary/estimate/query","Output":"--- PASS: TestPreviewHTTPBoundary/estimate/query (0.00s)\n"}
{"Time":"2026-09-06T08:35:30.458421+09:00","Action":"pass","Package":"waiting-room/internal/installplan/preview","Test":"TestPreviewHTTPBoundary/estimate/query","Elapsed":0}
{"Time":"2026-09-06T08:35:30.458436+09:00","Action":"run","Package":"waiting-room/internal/installplan/preview","Test":"TestPreviewHTTPBoundary/estimate/method"}
{"Time":"2026-09-06T08:35:30.458438+09:00","Action":"output","Package":"waiting-room/internal/installplan/preview","Test":"TestPreviewHTTPBoundary/estimate/method","Output":"=== RUN   TestPreviewHTTPBoundary/estimate/method\n"}
{"Time":"2026-09-06T08:35:30.458485+09:00","Action":"output","Package":"waiting-room/internal/installplan/preview","Test":"TestPreviewHTTPBoundary/estimate/method","Output":"--- PASS: TestPreviewHTTPBoundary/estimate/method (0.00s)\n"}
{"Time":"2026-09-06T08:35:30.458489+09:00","Action":"pass","Package":"waiting-room/internal/installplan/preview","Test":"TestPreviewHTTPBoundary/estimate/method","Elapsed":0}
{"Time":"2026-09-06T08:35:30.458502+09:00","Action":"run","Package":"waiting-room/internal/installplan/preview","Test":"TestPreviewHTTPBoundary/estimate/invalid"}
{"Time":"2026-09-06T08:35:30.458505+09:00","Action":"output","Package":"waiting-room/internal/installplan/preview","Test":"TestPreviewHTTPBoundary/estimate/invalid","Output":"=== RUN   TestPreviewHTTPBoundary/estimate/invalid\n"}
{"Time":"2026-09-06T08:35:30.458577+09:00","Action":"output","Package":"waiting-room/internal/installplan/preview","Test":"TestPreviewHTTPBoundary/estimate/invalid","Output":"--- PASS: TestPreviewHTTPBoundary/estimate/invalid (0.00s)\n"}
{"Time":"2026-09-06T08:35:30.458581+09:00","Action":"pass","Package":"waiting-room/internal/installplan/preview","Test":"TestPreviewHTTPBoundary/estimate/invalid","Elapsed":0}
{"Time":"2026-09-06T08:35:30.458596+09:00","Action":"run","Package":"waiting-room/internal/installplan/preview","Test":"TestPreviewHTTPBoundary/estimate/large"}
{"Time":"2026-09-06T08:35:30.4586+09:00","Action":"output","Package":"waiting-room/internal/installplan/preview","Test":"TestPreviewHTTPBoundary/estimate/large","Output":"=== RUN   TestPreviewHTTPBoundary/estimate/large\n"}
{"Time":"2026-09-06T08:35:30.458709+09:00","Action":"output","Package":"waiting-room/internal/installplan/preview","Test":"TestPreviewHTTPBoundary/estimate/large","Output":"--- PASS: TestPreviewHTTPBoundary/estimate/large (0.00s)\n"}
{"Time":"2026-09-06T08:35:30.458714+09:00","Action":"pass","Package":"waiting-room/internal/installplan/preview","Test":"TestPreviewHTTPBoundary/estimate/large","Elapsed":0}
{"Time":"2026-09-06T08:35:30.458765+09:00","Action":"run","Package":"waiting-room/internal/installplan/preview","Test":"TestPreviewHTTPBoundary/report/valid"}
{"Time":"2026-09-06T08:35:30.458768+09:00","Action":"output","Package":"waiting-room/internal/installplan/preview","Test":"TestPreviewHTTPBoundary/report/valid","Output":"=== RUN   TestPreviewHTTPBoundary/report/valid\n"}
{"Time":"2026-09-06T08:35:30.460524+09:00","Action":"output","Package":"waiting-room/internal/installplan/preview","Test":"TestPreviewHTTPBoundary/report/valid","Output":"--- PASS: TestPreviewHTTPBoundary/report/valid (0.00s)\n"}
{"Time":"2026-09-06T08:35:30.460528+09:00","Action":"pass","Package":"waiting-room/internal/installplan/preview","Test":"TestPreviewHTTPBoundary/report/valid","Elapsed":0}
{"Time":"2026-09-06T08:35:30.460546+09:00","Action":"run","Package":"waiting-room/internal/installplan/preview","Test":"TestPreviewHTTPBoundary/report/origin"}
{"Time":"2026-09-06T08:35:30.460548+09:00","Action":"output","Package":"waiting-room/internal/installplan/preview","Test":"TestPreviewHTTPBoundary/report/origin","Output":"=== RUN   TestPreviewHTTPBoundary/report/origin\n"}
{"Time":"2026-09-06T08:35:30.460605+09:00","Action":"output","Package":"waiting-room/internal/installplan/preview","Test":"TestPreviewHTTPBoundary/report/origin","Output":"--- PASS: TestPreviewHTTPBoundary/report/origin (0.00s)\n"}
{"Time":"2026-09-06T08:35:30.46061+09:00","Action":"pass","Package":"waiting-room/internal/installplan/preview","Test":"TestPreviewHTTPBoundary/report/origin","Elapsed":0}
{"Time":"2026-09-06T08:35:30.460631+09:00","Action":"run","Package":"waiting-room/internal/installplan/preview","Test":"TestPreviewHTTPBoundary/report/duplicate-origin"}
{"Time":"2026-09-06T08:35:30.460633+09:00","Action":"output","Package":"waiting-room/internal/installplan/preview","Test":"TestPreviewHTTPBoundary/report/duplicate-origin","Output":"=== RUN   TestPreviewHTTPBoundary/report/duplicate-origin\n"}
{"Time":"2026-09-06T08:35:30.460687+09:00","Action":"output","Package":"waiting-room/internal/installplan/preview","Test":"TestPreviewHTTPBoundary/report/duplicate-origin","Output":"--- PASS: TestPreviewHTTPBoundary/report/duplicate-origin (0.00s)\n"}
{"Time":"2026-09-06T08:35:30.460694+09:00","Action":"pass","Package":"waiting-room/internal/installplan/preview","Test":"TestPreviewHTTPBoundary/report/duplicate-origin","Elapsed":0}
{"Time":"2026-09-06T08:35:30.460699+09:00","Action":"run","Package":"waiting-room/internal/installplan/preview","Test":"TestPreviewHTTPBoundary/report/host"}
{"Time":"2026-09-06T08:35:30.460701+09:00","Action":"output","Package":"waiting-room/internal/installplan/preview","Test":"TestPreviewHTTPBoundary/report/host","Output":"=== RUN   TestPreviewHTTPBoundary/report/host\n"}
{"Time":"2026-09-06T08:35:30.460754+09:00","Action":"output","Package":"waiting-room/internal/installplan/preview","Test":"TestPreviewHTTPBoundary/report/host","Output":"--- PASS: TestPreviewHTTPBoundary/report/host (0.00s)\n"}
{"Time":"2026-09-06T08:35:30.460759+09:00","Action":"pass","Package":"waiting-room/internal/installplan/preview","Test":"TestPreviewHTTPBoundary/report/host","Elapsed":0}
{"Time":"2026-09-06T08:35:30.460776+09:00","Action":"run","Package":"waiting-room/internal/installplan/preview","Test":"TestPreviewHTTPBoundary/report/remote"}
{"Time":"2026-09-06T08:35:30.460778+09:00","Action":"output","Package":"waiting-room/internal/installplan/preview","Test":"TestPreviewHTTPBoundary/report/remote","Output":"=== RUN   TestPreviewHTTPBoundary/report/remote\n"}
{"Time":"2026-09-06T08:35:30.460827+09:00","Action":"output","Package":"waiting-room/internal/installplan/preview","Test":"TestPreviewHTTPBoundary/report/remote","Output":"--- PASS: TestPreviewHTTPBoundary/report/remote (0.00s)\n"}
{"Time":"2026-09-06T08:35:30.460831+09:00","Action":"pass","Package":"waiting-room/internal/installplan/preview","Test":"TestPreviewHTTPBoundary/report/remote","Elapsed":0}
{"Time":"2026-09-06T08:35:30.460845+09:00","Action":"run","Package":"waiting-room/internal/installplan/preview","Test":"TestPreviewHTTPBoundary/report/content-type"}
{"Time":"2026-09-06T08:35:30.460848+09:00","Action":"output","Package":"waiting-room/internal/installplan/preview","Test":"TestPreviewHTTPBoundary/report/content-type","Output":"=== RUN   TestPreviewHTTPBoundary/report/content-type\n"}
{"Time":"2026-09-06T08:35:30.460894+09:00","Action":"output","Package":"waiting-room/internal/installplan/preview","Test":"TestPreviewHTTPBoundary/report/content-type","Output":"--- PASS: TestPreviewHTTPBoundary/report/content-type (0.00s)\n"}
{"Time":"2026-09-06T08:35:30.460907+09:00","Action":"pass","Package":"waiting-room/internal/installplan/preview","Test":"TestPreviewHTTPBoundary/report/content-type","Elapsed":0}
{"Time":"2026-09-06T08:35:30.460926+09:00","Action":"run","Package":"waiting-room/internal/installplan/preview","Test":"TestPreviewHTTPBoundary/report/marker"}
{"Time":"2026-09-06T08:35:30.460933+09:00","Action":"output","Package":"waiting-room/internal/installplan/preview","Test":"TestPreviewHTTPBoundary/report/marker","Output":"=== RUN   TestPreviewHTTPBoundary/report/marker\n"}
{"Time":"2026-09-06T08:35:30.460978+09:00","Action":"output","Package":"waiting-room/internal/installplan/preview","Test":"TestPreviewHTTPBoundary/report/marker","Output":"--- PASS: TestPreviewHTTPBoundary/report/marker (0.00s)\n"}
{"Time":"2026-09-06T08:35:30.460984+09:00","Action":"pass","Package":"waiting-room/internal/installplan/preview","Test":"TestPreviewHTTPBoundary/report/marker","Elapsed":0}
{"Time":"2026-09-06T08:35:30.460991+09:00","Action":"run","Package":"waiting-room/internal/installplan/preview","Test":"TestPreviewHTTPBoundary/report/cookie"}
{"Time":"2026-09-06T08:35:30.460993+09:00","Action":"output","Package":"waiting-room/internal/installplan/preview","Test":"TestPreviewHTTPBoundary/report/cookie","Output":"=== RUN   TestPreviewHTTPBoundary/report/cookie\n"}
{"Time":"2026-09-06T08:35:30.461047+09:00","Action":"output","Package":"waiting-room/internal/installplan/preview","Test":"TestPreviewHTTPBoundary/report/cookie","Output":"--- PASS: TestPreviewHTTPBoundary/report/cookie (0.00s)\n"}
{"Time":"2026-09-06T08:35:30.46105+09:00","Action":"pass","Package":"waiting-room/internal/installplan/preview","Test":"TestPreviewHTTPBoundary/report/cookie","Elapsed":0}
{"Time":"2026-09-06T08:35:30.461062+09:00","Action":"run","Package":"waiting-room/internal/installplan/preview","Test":"TestPreviewHTTPBoundary/report/auth"}
{"Time":"2026-09-06T08:35:30.461065+09:00","Action":"output","Package":"waiting-room/internal/installplan/preview","Test":"TestPreviewHTTPBoundary/report/auth","Output":"=== RUN   TestPreviewHTTPBoundary/report/auth\n"}
{"Time":"2026-09-06T08:35:30.461111+09:00","Action":"output","Package":"waiting-room/internal/installplan/preview","Test":"TestPreviewHTTPBoundary/report/auth","Output":"--- PASS: TestPreviewHTTPBoundary/report/auth (0.00s)\n"}
{"Time":"2026-09-06T08:35:30.461126+09:00","Action":"pass","Package":"waiting-room/internal/installplan/preview","Test":"TestPreviewHTTPBoundary/report/auth","Elapsed":0}
{"Time":"2026-09-06T08:35:30.461141+09:00","Action":"run","Package":"waiting-room/internal/installplan/preview","Test":"TestPreviewHTTPBoundary/report/query"}
{"Time":"2026-09-06T08:35:30.461144+09:00","Action":"output","Package":"waiting-room/internal/installplan/preview","Test":"TestPreviewHTTPBoundary/report/query","Output":"=== RUN   TestPreviewHTTPBoundary/report/query\n"}
{"Time":"2026-09-06T08:35:30.461193+09:00","Action":"output","Package":"waiting-room/internal/installplan/preview","Test":"TestPreviewHTTPBoundary/report/query","Output":"--- PASS: TestPreviewHTTPBoundary/report/query (0.00s)\n"}
{"Time":"2026-09-06T08:35:30.461197+09:00","Action":"pass","Package":"waiting-room/internal/installplan/preview","Test":"TestPreviewHTTPBoundary/report/query","Elapsed":0}
{"Time":"2026-09-06T08:35:30.46121+09:00","Action":"run","Package":"waiting-room/internal/installplan/preview","Test":"TestPreviewHTTPBoundary/report/method"}
{"Time":"2026-09-06T08:35:30.461212+09:00","Action":"output","Package":"waiting-room/internal/installplan/preview","Test":"TestPreviewHTTPBoundary/report/method","Output":"=== RUN   TestPreviewHTTPBoundary/report/method\n"}
{"Time":"2026-09-06T08:35:30.461268+09:00","Action":"output","Package":"waiting-room/internal/installplan/preview","Test":"TestPreviewHTTPBoundary/report/method","Output":"--- PASS: TestPreviewHTTPBoundary/report/method (0.00s)\n"}
{"Time":"2026-09-06T08:35:30.461272+09:00","Action":"pass","Package":"waiting-room/internal/installplan/preview","Test":"TestPreviewHTTPBoundary/report/method","Elapsed":0}
{"Time":"2026-09-06T08:35:30.46129+09:00","Action":"run","Package":"waiting-room/internal/installplan/preview","Test":"TestPreviewHTTPBoundary/report/invalid"}
{"Time":"2026-09-06T08:35:30.461293+09:00","Action":"output","Package":"waiting-room/internal/installplan/preview","Test":"TestPreviewHTTPBoundary/report/invalid","Output":"=== RUN   TestPreviewHTTPBoundary/report/invalid\n"}
{"Time":"2026-09-06T08:35:30.461366+09:00","Action":"output","Package":"waiting-room/internal/installplan/preview","Test":"TestPreviewHTTPBoundary/report/invalid","Output":"--- PASS: TestPreviewHTTPBoundary/report/invalid (0.00s)\n"}
{"Time":"2026-09-06T08:35:30.461371+09:00","Action":"pass","Package":"waiting-room/internal/installplan/preview","Test":"TestPreviewHTTPBoundary/report/invalid","Elapsed":0}
{"Time":"2026-09-06T08:35:30.461385+09:00","Action":"run","Package":"waiting-room/internal/installplan/preview","Test":"TestPreviewHTTPBoundary/report/large"}
{"Time":"2026-09-06T08:35:30.461388+09:00","Action":"output","Package":"waiting-room/internal/installplan/preview","Test":"TestPreviewHTTPBoundary/report/large","Output":"=== RUN   TestPreviewHTTPBoundary/report/large\n"}
{"Time":"2026-09-06T08:35:30.461527+09:00","Action":"output","Package":"waiting-room/internal/installplan/preview","Test":"TestPreviewHTTPBoundary/report/large","Output":"--- PASS: TestPreviewHTTPBoundary/report/large (0.00s)\n"}
{"Time":"2026-09-06T08:35:30.461532+09:00","Action":"pass","Package":"waiting-room/internal/installplan/preview","Test":"TestPreviewHTTPBoundary/report/large","Elapsed":0}
{"Time":"2026-09-06T08:35:30.468556+09:00","Action":"output","Package":"waiting-room/internal/installplan/preview","Test":"TestPreviewHTTPBoundary","Output":"--- PASS: TestPreviewHTTPBoundary (0.01s)\n"}
{"Time":"2026-09-06T08:35:30.468571+09:00","Action":"pass","Package":"waiting-room/internal/installplan/preview","Test":"TestPreviewHTTPBoundary","Elapsed":0.01}
{"Time":"2026-09-06T08:35:30.468588+09:00","Action":"output","Package":"waiting-room/internal/installplan/preview","Output":"PASS\n"}
{"Time":"2026-09-06T08:35:30.632966+09:00","Action":"run","Package":"waiting-room/cmd/wrctl","Test":"TestDoctorClockCLI"}
{"Time":"2026-09-06T08:35:30.632983+09:00","Action":"output","Package":"waiting-room/cmd/wrctl","Test":"TestDoctorClockCLI","Output":"=== RUN   TestDoctorClockCLI\n"}
{"Time":"2026-09-06T08:35:30.633032+09:00","Action":"run","Package":"waiting-room/cmd/wrctl","Test":"TestDoctorClockCLI/PASS"}
{"Time":"2026-09-06T08:35:30.633036+09:00","Action":"output","Package":"waiting-room/cmd/wrctl","Test":"TestDoctorClockCLI/PASS","Output":"=== RUN   TestDoctorClockCLI/PASS\n"}
{"Time":"2026-09-06T08:35:30.633959+09:00","Action":"output","Package":"waiting-room/cmd/wrctl","Test":"TestDoctorClockCLI/PASS","Output":"--- PASS: TestDoctorClockCLI/PASS (0.00s)\n"}
{"Time":"2026-09-06T08:35:30.633973+09:00","Action":"pass","Package":"waiting-room/cmd/wrctl","Test":"TestDoctorClockCLI/PASS","Elapsed":0}
{"Time":"2026-09-06T08:35:30.633987+09:00","Action":"run","Package":"waiting-room/cmd/wrctl","Test":"TestDoctorClockCLI/WARN"}
{"Time":"2026-09-06T08:35:30.633989+09:00","Action":"output","Package":"waiting-room/cmd/wrctl","Test":"TestDoctorClockCLI/WARN","Output":"=== RUN   TestDoctorClockCLI/WARN\n"}
{"Time":"2026-09-06T08:35:30.634324+09:00","Action":"output","Package":"waiting-room/cmd/wrctl","Test":"TestDoctorClockCLI/WARN","Output":"--- PASS: TestDoctorClockCLI/WARN (0.00s)\n"}
{"Time":"2026-09-06T08:35:30.634332+09:00","Action":"pass","Package":"waiting-room/cmd/wrctl","Test":"TestDoctorClockCLI/WARN","Elapsed":0}
{"Time":"2026-09-06T08:35:30.634335+09:00","Action":"run","Package":"waiting-room/cmd/wrctl","Test":"TestDoctorClockCLI/FAIL"}
{"Time":"2026-09-06T08:35:30.634336+09:00","Action":"output","Package":"waiting-room/cmd/wrctl","Test":"TestDoctorClockCLI/FAIL","Output":"=== RUN   TestDoctorClockCLI/FAIL\n"}
{"Time":"2026-09-06T08:35:30.634663+09:00","Action":"output","Package":"waiting-room/cmd/wrctl","Test":"TestDoctorClockCLI/FAIL","Output":"--- PASS: TestDoctorClockCLI/FAIL (0.00s)\n"}
{"Time":"2026-09-06T08:35:30.634669+09:00","Action":"pass","Package":"waiting-room/cmd/wrctl","Test":"TestDoctorClockCLI/FAIL","Elapsed":0}
{"Time":"2026-09-06T08:35:30.634678+09:00","Action":"run","Package":"waiting-room/cmd/wrctl","Test":"TestDoctorClockCLI/UNVERIFIED"}
{"Time":"2026-09-06T08:35:30.634681+09:00","Action":"output","Package":"waiting-room/cmd/wrctl","Test":"TestDoctorClockCLI/UNVERIFIED","Output":"=== RUN   TestDoctorClockCLI/UNVERIFIED\n"}
{"Time":"2026-09-06T08:35:30.635053+09:00","Action":"output","Package":"waiting-room/cmd/wrctl","Test":"TestDoctorClockCLI/UNVERIFIED","Output":"--- PASS: TestDoctorClockCLI/UNVERIFIED (0.00s)\n"}
{"Time":"2026-09-06T08:35:30.635062+09:00","Action":"pass","Package":"waiting-room/cmd/wrctl","Test":"TestDoctorClockCLI/UNVERIFIED","Elapsed":0}
{"Time":"2026-09-06T08:35:30.635117+09:00","Action":"output","Package":"waiting-room/cmd/wrctl","Test":"TestDoctorClockCLI","Output":"--- PASS: TestDoctorClockCLI (0.00s)\n"}
{"Time":"2026-09-06T08:35:30.635125+09:00","Action":"pass","Package":"waiting-room/cmd/wrctl","Test":"TestDoctorClockCLI","Elapsed":0}
{"Time":"2026-09-06T08:35:30.635129+09:00","Action":"run","Package":"waiting-room/cmd/wrctl","Test":"TestPlanCLI"}
{"Time":"2026-09-06T08:35:30.635131+09:00","Action":"output","Package":"waiting-room/cmd/wrctl","Test":"TestPlanCLI","Output":"=== RUN   TestPlanCLI\n"}
{"Time":"2026-09-06T08:35:30.635917+09:00","Action":"output","Package":"waiting-room/cmd/wrctl","Test":"TestPlanCLI","Output":"--- PASS: TestPlanCLI (0.00s)\n"}
{"Time":"2026-09-06T08:35:30.635922+09:00","Action":"pass","Package":"waiting-room/cmd/wrctl","Test":"TestPlanCLI","Elapsed":0}
{"Time":"2026-09-06T08:35:30.635926+09:00","Action":"run","Package":"waiting-room/cmd/wrctl","Test":"TestCLIRejectsWithoutEcho"}
{"Time":"2026-09-06T08:35:30.635927+09:00","Action":"output","Package":"waiting-room/cmd/wrctl","Test":"TestCLIRejectsWithoutEcho","Output":"=== RUN   TestCLIRejectsWithoutEcho\n"}
{"Time":"2026-09-06T08:35:30.635987+09:00","Action":"output","Package":"waiting-room/cmd/wrctl","Test":"TestCLIRejectsWithoutEcho","Output":"--- PASS: TestCLIRejectsWithoutEcho (0.00s)\n"}
{"Time":"2026-09-06T08:35:30.635992+09:00","Action":"pass","Package":"waiting-room/cmd/wrctl","Test":"TestCLIRejectsWithoutEcho","Elapsed":0}
{"Time":"2026-09-06T08:35:30.635995+09:00","Action":"run","Package":"waiting-room/cmd/wrctl","Test":"TestReportCLI"}
{"Time":"2026-09-06T08:35:30.635996+09:00","Action":"output","Package":"waiting-room/cmd/wrctl","Test":"TestReportCLI","Output":"=== RUN   TestReportCLI\n"}
{"Time":"2026-09-06T08:35:30.637816+09:00","Action":"output","Package":"waiting-room/cmd/wrctl","Test":"TestReportCLI","Output":"--- PASS: TestReportCLI (0.00s)\n"}
{"Time":"2026-09-06T08:35:30.637826+09:00","Action":"pass","Package":"waiting-room/cmd/wrctl","Test":"TestReportCLI","Elapsed":0}
{"Time":"2026-09-06T08:35:30.637827+09:00","Action":"run","Package":"waiting-room/cmd/wrctl","Test":"TestEstimateCLI"}
{"Time":"2026-09-06T08:35:30.637829+09:00","Action":"output","Package":"waiting-room/cmd/wrctl","Test":"TestEstimateCLI","Output":"=== RUN   TestEstimateCLI\n"}
{"Time":"2026-09-06T08:35:30.63885+09:00","Action":"output","Package":"waiting-room/cmd/wrctl","Test":"TestEstimateCLI","Output":"--- PASS: TestEstimateCLI (0.00s)\n"}
{"Time":"2026-09-06T08:35:30.638866+09:00","Action":"pass","Package":"waiting-room/cmd/wrctl","Test":"TestEstimateCLI","Elapsed":0}
{"Time":"2026-09-06T08:35:30.638873+09:00","Action":"run","Package":"waiting-room/cmd/wrctl","Test":"TestCLIIOErrors"}
{"Time":"2026-09-06T08:35:30.638875+09:00","Action":"output","Package":"waiting-room/cmd/wrctl","Test":"TestCLIIOErrors","Output":"=== RUN   TestCLIIOErrors\n"}
{"Time":"2026-09-06T08:35:30.63926+09:00","Action":"output","Package":"waiting-room/cmd/wrctl","Test":"TestCLIIOErrors","Output":"--- PASS: TestCLIIOErrors (0.00s)\n"}
{"Time":"2026-09-06T08:35:30.639264+09:00","Action":"pass","Package":"waiting-room/cmd/wrctl","Test":"TestCLIIOErrors","Elapsed":0}
{"Time":"2026-09-06T08:35:30.639286+09:00","Action":"output","Package":"waiting-room/cmd/wrctl","Output":"PASS\n"}
{"Time":"2026-09-06T08:35:30.966251+09:00","Action":"output","Package":"waiting-room/internal/installplan/preflight","Output":"ok  \twaiting-room/internal/installplan/preflight\t1.246s\n"}
{"Time":"2026-09-06T08:35:30.966284+09:00","Action":"pass","Package":"waiting-room/internal/installplan/preflight","Elapsed":1.246}
{"Time":"2026-09-06T08:35:31.250108+09:00","Action":"output","Package":"waiting-room/internal/installplan/clockcheck","Output":"ok  \twaiting-room/internal/installplan/clockcheck\t1.530s\n"}
{"Time":"2026-09-06T08:35:31.250147+09:00","Action":"pass","Package":"waiting-room/internal/installplan/clockcheck","Elapsed":1.53}
{"Time":"2026-09-06T08:35:31.336452+09:00","Action":"output","Package":"waiting-room/internal/installplan","Output":"ok  \twaiting-room/internal/installplan\t1.616s\n"}
{"Time":"2026-09-06T08:35:31.336478+09:00","Action":"pass","Package":"waiting-room/internal/installplan","Elapsed":1.617}
{"Time":"2026-09-06T08:35:31.475423+09:00","Action":"output","Package":"waiting-room/internal/installplan/preview","Output":"ok  \twaiting-room/internal/installplan/preview\t1.724s\n"}
{"Time":"2026-09-06T08:35:31.47546+09:00","Action":"pass","Package":"waiting-room/internal/installplan/preview","Elapsed":1.724}
{"Time":"2026-09-06T08:35:31.643585+09:00","Action":"output","Package":"waiting-room/cmd/wrctl","Output":"ok  \twaiting-room/cmd/wrctl\t1.892s\n"}
{"Time":"2026-09-06T08:35:31.643617+09:00","Action":"pass","Package":"waiting-room/cmd/wrctl","Elapsed":1.892}
