{"Time":"2026-09-05T22:30:22.019372+09:00","Action":"start","Package":"waiting-room/internal/installplan"}
{"Time":"2026-09-05T22:30:22.025347+09:00","Action":"start","Package":"waiting-room/internal/installplan/preflight"}
{"Time":"2026-09-05T22:30:22.025397+09:00","Action":"start","Package":"waiting-room/cmd/wrctl"}
{"Time":"2026-09-05T22:30:22.360616+09:00","Action":"run","Package":"waiting-room/internal/installplan","Test":"TestCostReferenceSubtotals"}
{"Time":"2026-09-05T22:30:22.360697+09:00","Action":"output","Package":"waiting-room/internal/installplan","Test":"TestCostReferenceSubtotals","Output":"=== RUN   TestCostReferenceSubtotals\n"}
{"Time":"2026-09-05T22:30:22.361979+09:00","Action":"output","Package":"waiting-room/internal/installplan","Test":"TestCostReferenceSubtotals","Output":"--- PASS: TestCostReferenceSubtotals (0.00s)\n"}
{"Time":"2026-09-05T22:30:22.361995+09:00","Action":"pass","Package":"waiting-room/internal/installplan","Test":"TestCostReferenceSubtotals","Elapsed":0}
{"Time":"2026-09-05T22:30:22.362008+09:00","Action":"run","Package":"waiting-room/internal/installplan","Test":"TestCostRoundingAndZero"}
{"Time":"2026-09-05T22:30:22.362011+09:00","Action":"output","Package":"waiting-room/internal/installplan","Test":"TestCostRoundingAndZero","Output":"=== RUN   TestCostRoundingAndZero\n"}
{"Time":"2026-09-05T22:30:22.363006+09:00","Action":"output","Package":"waiting-room/internal/installplan","Test":"TestCostRoundingAndZero","Output":"--- PASS: TestCostRoundingAndZero (0.00s)\n"}
{"Time":"2026-09-05T22:30:22.363014+09:00","Action":"pass","Package":"waiting-room/internal/installplan","Test":"TestCostRoundingAndZero","Elapsed":0}
{"Time":"2026-09-05T22:30:22.363027+09:00","Action":"run","Package":"waiting-room/internal/installplan","Test":"TestCostInvalidInputs"}
{"Time":"2026-09-05T22:30:22.363032+09:00","Action":"output","Package":"waiting-room/internal/installplan","Test":"TestCostInvalidInputs","Output":"=== RUN   TestCostInvalidInputs\n"}
{"Time":"2026-09-05T22:30:22.363081+09:00","Action":"run","Package":"waiting-room/internal/installplan","Test":"TestCostInvalidInputs/currency"}
{"Time":"2026-09-05T22:30:22.3631+09:00","Action":"output","Package":"waiting-room/internal/installplan","Test":"TestCostInvalidInputs/currency","Output":"=== RUN   TestCostInvalidInputs/currency\n"}
{"Time":"2026-09-05T22:30:22.363499+09:00","Action":"output","Package":"waiting-room/internal/installplan","Test":"TestCostInvalidInputs/currency","Output":"--- PASS: TestCostInvalidInputs/currency (0.00s)\n"}
{"Time":"2026-09-05T22:30:22.363515+09:00","Action":"pass","Package":"waiting-room/internal/installplan","Test":"TestCostInvalidInputs/currency","Elapsed":0}
{"Time":"2026-09-05T22:30:22.363527+09:00","Action":"run","Package":"waiting-room/internal/installplan","Test":"TestCostInvalidInputs/missing-date"}
{"Time":"2026-09-05T22:30:22.363531+09:00","Action":"output","Package":"waiting-room/internal/installplan","Test":"TestCostInvalidInputs/missing-date","Output":"=== RUN   TestCostInvalidInputs/missing-date\n"}
{"Time":"2026-09-05T22:30:22.363873+09:00","Action":"output","Package":"waiting-room/internal/installplan","Test":"TestCostInvalidInputs/missing-date","Output":"--- PASS: TestCostInvalidInputs/missing-date (0.00s)\n"}
{"Time":"2026-09-05T22:30:22.36388+09:00","Action":"pass","Package":"waiting-room/internal/installplan","Test":"TestCostInvalidInputs/missing-date","Elapsed":0}
{"Time":"2026-09-05T22:30:22.36395+09:00","Action":"run","Package":"waiting-room/internal/installplan","Test":"TestCostInvalidInputs/storage-low"}
{"Time":"2026-09-05T22:30:22.363955+09:00","Action":"output","Package":"waiting-room/internal/installplan","Test":"TestCostInvalidInputs/storage-low","Output":"=== RUN   TestCostInvalidInputs/storage-low\n"}
{"Time":"2026-09-05T22:30:22.364324+09:00","Action":"output","Package":"waiting-room/internal/installplan","Test":"TestCostInvalidInputs/storage-low","Output":"--- PASS: TestCostInvalidInputs/storage-low (0.00s)\n"}
{"Time":"2026-09-05T22:30:22.36433+09:00","Action":"pass","Package":"waiting-room/internal/installplan","Test":"TestCostInvalidInputs/storage-low","Elapsed":0}
{"Time":"2026-09-05T22:30:22.36435+09:00","Action":"run","Package":"waiting-room/internal/installplan","Test":"TestCostInvalidInputs/storage-high"}
{"Time":"2026-09-05T22:30:22.364354+09:00","Action":"output","Package":"waiting-room/internal/installplan","Test":"TestCostInvalidInputs/storage-high","Output":"=== RUN   TestCostInvalidInputs/storage-high\n"}
{"Time":"2026-09-05T22:30:22.364705+09:00","Action":"output","Package":"waiting-room/internal/installplan","Test":"TestCostInvalidInputs/storage-high","Output":"--- PASS: TestCostInvalidInputs/storage-high (0.00s)\n"}
{"Time":"2026-09-05T22:30:22.36471+09:00","Action":"pass","Package":"waiting-room/internal/installplan","Test":"TestCostInvalidInputs/storage-high","Elapsed":0}
{"Time":"2026-09-05T22:30:22.364738+09:00","Action":"run","Package":"waiting-room/internal/installplan","Test":"TestCostInvalidInputs/egress-low"}
{"Time":"2026-09-05T22:30:22.364743+09:00","Action":"output","Package":"waiting-room/internal/installplan","Test":"TestCostInvalidInputs/egress-low","Output":"=== RUN   TestCostInvalidInputs/egress-low\n"}
{"Time":"2026-09-05T22:30:22.365088+09:00","Action":"output","Package":"waiting-room/internal/installplan","Test":"TestCostInvalidInputs/egress-low","Output":"--- PASS: TestCostInvalidInputs/egress-low (0.00s)\n"}
{"Time":"2026-09-05T22:30:22.365094+09:00","Action":"pass","Package":"waiting-room/internal/installplan","Test":"TestCostInvalidInputs/egress-low","Elapsed":0}
{"Time":"2026-09-05T22:30:22.365114+09:00","Action":"run","Package":"waiting-room/internal/installplan","Test":"TestCostInvalidInputs/version"}
{"Time":"2026-09-05T22:30:22.365118+09:00","Action":"output","Package":"waiting-room/internal/installplan","Test":"TestCostInvalidInputs/version","Output":"=== RUN   TestCostInvalidInputs/version\n"}
{"Time":"2026-09-05T22:30:22.365507+09:00","Action":"output","Package":"waiting-room/internal/installplan","Test":"TestCostInvalidInputs/version","Output":"--- PASS: TestCostInvalidInputs/version (0.00s)\n"}
{"Time":"2026-09-05T22:30:22.365537+09:00","Action":"pass","Package":"waiting-room/internal/installplan","Test":"TestCostInvalidInputs/version","Elapsed":0}
{"Time":"2026-09-05T22:30:22.365552+09:00","Action":"run","Package":"waiting-room/internal/installplan","Test":"TestCostInvalidInputs/date"}
{"Time":"2026-09-05T22:30:22.365555+09:00","Action":"output","Package":"waiting-room/internal/installplan","Test":"TestCostInvalidInputs/date","Output":"=== RUN   TestCostInvalidInputs/date\n"}
{"Time":"2026-09-05T22:30:22.365955+09:00","Action":"output","Package":"waiting-room/internal/installplan","Test":"TestCostInvalidInputs/date","Output":"--- PASS: TestCostInvalidInputs/date (0.00s)\n"}
{"Time":"2026-09-05T22:30:22.365963+09:00","Action":"pass","Package":"waiting-room/internal/installplan","Test":"TestCostInvalidInputs/date","Elapsed":0}
{"Time":"2026-09-05T22:30:22.365969+09:00","Action":"run","Package":"waiting-room/internal/installplan","Test":"TestCostInvalidInputs/hours-low"}
{"Time":"2026-09-05T22:30:22.365971+09:00","Action":"output","Package":"waiting-room/internal/installplan","Test":"TestCostInvalidInputs/hours-low","Output":"=== RUN   TestCostInvalidInputs/hours-low\n"}
{"Time":"2026-09-05T22:30:22.366349+09:00","Action":"output","Package":"waiting-room/internal/installplan","Test":"TestCostInvalidInputs/hours-low","Output":"--- PASS: TestCostInvalidInputs/hours-low (0.00s)\n"}
{"Time":"2026-09-05T22:30:22.366361+09:00","Action":"pass","Package":"waiting-room/internal/installplan","Test":"TestCostInvalidInputs/hours-low","Elapsed":0}
{"Time":"2026-09-05T22:30:22.366375+09:00","Action":"run","Package":"waiting-room/internal/installplan","Test":"TestCostInvalidInputs/egress-high"}
{"Time":"2026-09-05T22:30:22.36638+09:00","Action":"output","Package":"waiting-room/internal/installplan","Test":"TestCostInvalidInputs/egress-high","Output":"=== RUN   TestCostInvalidInputs/egress-high\n"}
{"Time":"2026-09-05T22:30:22.366743+09:00","Action":"output","Package":"waiting-room/internal/installplan","Test":"TestCostInvalidInputs/egress-high","Output":"--- PASS: TestCostInvalidInputs/egress-high (0.00s)\n"}
{"Time":"2026-09-05T22:30:22.366749+09:00","Action":"pass","Package":"waiting-room/internal/installplan","Test":"TestCostInvalidInputs/egress-high","Elapsed":0}
{"Time":"2026-09-05T22:30:22.366768+09:00","Action":"run","Package":"waiting-room/internal/installplan","Test":"TestCostInvalidInputs/precision-low"}
{"Time":"2026-09-05T22:30:22.366772+09:00","Action":"output","Package":"waiting-room/internal/installplan","Test":"TestCostInvalidInputs/precision-low","Output":"=== RUN   TestCostInvalidInputs/precision-low\n"}
{"Time":"2026-09-05T22:30:22.367132+09:00","Action":"output","Package":"waiting-room/internal/installplan","Test":"TestCostInvalidInputs/precision-low","Output":"--- PASS: TestCostInvalidInputs/precision-low (0.00s)\n"}
{"Time":"2026-09-05T22:30:22.367138+09:00","Action":"pass","Package":"waiting-room/internal/installplan","Test":"TestCostInvalidInputs/precision-low","Elapsed":0}
{"Time":"2026-09-05T22:30:22.367155+09:00","Action":"run","Package":"waiting-room/internal/installplan","Test":"TestCostInvalidInputs/hours-high"}
{"Time":"2026-09-05T22:30:22.367159+09:00","Action":"output","Package":"waiting-room/internal/installplan","Test":"TestCostInvalidInputs/hours-high","Output":"=== RUN   TestCostInvalidInputs/hours-high\n"}
{"Time":"2026-09-05T22:30:22.36751+09:00","Action":"output","Package":"waiting-room/internal/installplan","Test":"TestCostInvalidInputs/hours-high","Output":"--- PASS: TestCostInvalidInputs/hours-high (0.00s)\n"}
{"Time":"2026-09-05T22:30:22.367516+09:00","Action":"pass","Package":"waiting-room/internal/installplan","Test":"TestCostInvalidInputs/hours-high","Elapsed":0}
{"Time":"2026-09-05T22:30:22.367535+09:00","Action":"run","Package":"waiting-room/internal/installplan","Test":"TestCostInvalidInputs/region"}
{"Time":"2026-09-05T22:30:22.367538+09:00","Action":"output","Package":"waiting-room/internal/installplan","Test":"TestCostInvalidInputs/region","Output":"=== RUN   TestCostInvalidInputs/region\n"}
{"Time":"2026-09-05T22:30:22.367894+09:00","Action":"output","Package":"waiting-room/internal/installplan","Test":"TestCostInvalidInputs/region","Output":"--- PASS: TestCostInvalidInputs/region (0.00s)\n"}
{"Time":"2026-09-05T22:30:22.367899+09:00","Action":"pass","Package":"waiting-room/internal/installplan","Test":"TestCostInvalidInputs/region","Elapsed":0}
{"Time":"2026-09-05T22:30:22.367915+09:00","Action":"run","Package":"waiting-room/internal/installplan","Test":"TestCostInvalidInputs/date-year"}
{"Time":"2026-09-05T22:30:22.367919+09:00","Action":"output","Package":"waiting-room/internal/installplan","Test":"TestCostInvalidInputs/date-year","Output":"=== RUN   TestCostInvalidInputs/date-year\n"}
{"Time":"2026-09-05T22:30:22.368242+09:00","Action":"output","Package":"waiting-room/internal/installplan","Test":"TestCostInvalidInputs/date-year","Output":"--- PASS: TestCostInvalidInputs/date-year (0.00s)\n"}
{"Time":"2026-09-05T22:30:22.368247+09:00","Action":"pass","Package":"waiting-room/internal/installplan","Test":"TestCostInvalidInputs/date-year","Elapsed":0}
{"Time":"2026-09-05T22:30:22.368267+09:00","Action":"run","Package":"waiting-room/internal/installplan","Test":"TestCostInvalidInputs/precision-high"}
{"Time":"2026-09-05T22:30:22.36827+09:00","Action":"output","Package":"waiting-room/internal/installplan","Test":"TestCostInvalidInputs/precision-high","Output":"=== RUN   TestCostInvalidInputs/precision-high\n"}
{"Time":"2026-09-05T22:30:22.36862+09:00","Action":"output","Package":"waiting-room/internal/installplan","Test":"TestCostInvalidInputs/precision-high","Output":"--- PASS: TestCostInvalidInputs/precision-high (0.00s)\n"}
{"Time":"2026-09-05T22:30:22.368625+09:00","Action":"pass","Package":"waiting-room/internal/installplan","Test":"TestCostInvalidInputs/precision-high","Elapsed":0}
{"Time":"2026-09-05T22:30:22.368642+09:00","Action":"run","Package":"waiting-room/internal/installplan","Test":"TestCostInvalidInputs/provider"}
{"Time":"2026-09-05T22:30:22.368645+09:00","Action":"output","Package":"waiting-room/internal/installplan","Test":"TestCostInvalidInputs/provider","Output":"=== RUN   TestCostInvalidInputs/provider\n"}
{"Time":"2026-09-05T22:30:22.368998+09:00","Action":"output","Package":"waiting-room/internal/installplan","Test":"TestCostInvalidInputs/provider","Output":"--- PASS: TestCostInvalidInputs/provider (0.00s)\n"}
{"Time":"2026-09-05T22:30:22.369013+09:00","Action":"pass","Package":"waiting-room/internal/installplan","Test":"TestCostInvalidInputs/provider","Elapsed":0}
{"Time":"2026-09-05T22:30:22.369017+09:00","Action":"run","Package":"waiting-room/internal/installplan","Test":"TestCostInvalidInputs/host/"}
{"Time":"2026-09-05T22:30:22.369023+09:00","Action":"output","Package":"waiting-room/internal/installplan","Test":"TestCostInvalidInputs/host/","Output":"=== RUN   TestCostInvalidInputs/host/\n"}
{"Time":"2026-09-05T22:30:22.369438+09:00","Action":"output","Package":"waiting-room/internal/installplan","Test":"TestCostInvalidInputs/host/","Output":"--- PASS: TestCostInvalidInputs/host/ (0.00s)\n"}
{"Time":"2026-09-05T22:30:22.369449+09:00","Action":"pass","Package":"waiting-room/internal/installplan","Test":"TestCostInvalidInputs/host/","Elapsed":0}
{"Time":"2026-09-05T22:30:22.36947+09:00","Action":"run","Package":"waiting-room/internal/installplan","Test":"TestCostInvalidInputs/worker/"}
{"Time":"2026-09-05T22:30:22.369474+09:00","Action":"output","Package":"waiting-room/internal/installplan","Test":"TestCostInvalidInputs/worker/","Output":"=== RUN   TestCostInvalidInputs/worker/\n"}
{"Time":"2026-09-05T22:30:22.369767+09:00","Action":"output","Package":"waiting-room/internal/installplan","Test":"TestCostInvalidInputs/worker/","Output":"--- PASS: TestCostInvalidInputs/worker/ (0.00s)\n"}
{"Time":"2026-09-05T22:30:22.369771+09:00","Action":"pass","Package":"waiting-room/internal/installplan","Test":"TestCostInvalidInputs/worker/","Elapsed":0}
{"Time":"2026-09-05T22:30:22.369782+09:00","Action":"run","Package":"waiting-room/internal/installplan","Test":"TestCostInvalidInputs/volume/"}
{"Time":"2026-09-05T22:30:22.369784+09:00","Action":"output","Package":"waiting-room/internal/installplan","Test":"TestCostInvalidInputs/volume/","Output":"=== RUN   TestCostInvalidInputs/volume/\n"}
{"Time":"2026-09-05T22:30:22.369983+09:00","Action":"output","Package":"waiting-room/internal/installplan","Test":"TestCostInvalidInputs/volume/","Output":"--- PASS: TestCostInvalidInputs/volume/ (0.00s)\n"}
{"Time":"2026-09-05T22:30:22.369987+09:00","Action":"pass","Package":"waiting-room/internal/installplan","Test":"TestCostInvalidInputs/volume/","Elapsed":0}
{"Time":"2026-09-05T22:30:22.370005+09:00","Action":"run","Package":"waiting-room/internal/installplan","Test":"TestCostInvalidInputs/host/-1"}
{"Time":"2026-09-05T22:30:22.370007+09:00","Action":"output","Package":"waiting-room/internal/installplan","Test":"TestCostInvalidInputs/host/-1","Output":"=== RUN   TestCostInvalidInputs/host/-1\n"}
{"Time":"2026-09-05T22:30:22.370205+09:00","Action":"output","Package":"waiting-room/internal/installplan","Test":"TestCostInvalidInputs/host/-1","Output":"--- PASS: TestCostInvalidInputs/host/-1 (0.00s)\n"}
{"Time":"2026-09-05T22:30:22.370209+09:00","Action":"pass","Package":"waiting-room/internal/installplan","Test":"TestCostInvalidInputs/host/-1","Elapsed":0}
{"Time":"2026-09-05T22:30:22.37022+09:00","Action":"run","Package":"waiting-room/internal/installplan","Test":"TestCostInvalidInputs/worker/-1"}
{"Time":"2026-09-05T22:30:22.370223+09:00","Action":"output","Package":"waiting-room/internal/installplan","Test":"TestCostInvalidInputs/worker/-1","Output":"=== RUN   TestCostInvalidInputs/worker/-1\n"}
{"Time":"2026-09-05T22:30:22.370591+09:00","Action":"output","Package":"waiting-room/internal/installplan","Test":"TestCostInvalidInputs/worker/-1","Output":"--- PASS: TestCostInvalidInputs/worker/-1 (0.00s)\n"}
{"Time":"2026-09-05T22:30:22.370599+09:00","Action":"pass","Package":"waiting-room/internal/installplan","Test":"TestCostInvalidInputs/worker/-1","Elapsed":0}
{"Time":"2026-09-05T22:30:22.370616+09:00","Action":"run","Package":"waiting-room/internal/installplan","Test":"TestCostInvalidInputs/volume/-1"}
{"Time":"2026-09-05T22:30:22.37062+09:00","Action":"output","Package":"waiting-room/internal/installplan","Test":"TestCostInvalidInputs/volume/-1","Output":"=== RUN   TestCostInvalidInputs/volume/-1\n"}
{"Time":"2026-09-05T22:30:22.370935+09:00","Action":"output","Package":"waiting-room/internal/installplan","Test":"TestCostInvalidInputs/volume/-1","Output":"--- PASS: TestCostInvalidInputs/volume/-1 (0.00s)\n"}
{"Time":"2026-09-05T22:30:22.370943+09:00","Action":"pass","Package":"waiting-room/internal/installplan","Test":"TestCostInvalidInputs/volume/-1","Elapsed":0}
{"Time":"2026-09-05T22:30:22.370962+09:00","Action":"run","Package":"waiting-room/internal/installplan","Test":"TestCostInvalidInputs/host/+1"}
{"Time":"2026-09-05T22:30:22.370965+09:00","Action":"output","Package":"waiting-room/internal/installplan","Test":"TestCostInvalidInputs/host/+1","Output":"=== RUN   TestCostInvalidInputs/host/+1\n"}
{"Time":"2026-09-05T22:30:22.371272+09:00","Action":"output","Package":"waiting-room/internal/installplan","Test":"TestCostInvalidInputs/host/+1","Output":"--- PASS: TestCostInvalidInputs/host/+1 (0.00s)\n"}
{"Time":"2026-09-05T22:30:22.371277+09:00","Action":"pass","Package":"waiting-room/internal/installplan","Test":"TestCostInvalidInputs/host/+1","Elapsed":0}
{"Time":"2026-09-05T22:30:22.371295+09:00","Action":"run","Package":"waiting-room/internal/installplan","Test":"TestCostInvalidInputs/worker/+1"}
{"Time":"2026-09-05T22:30:22.371298+09:00","Action":"output","Package":"waiting-room/internal/installplan","Test":"TestCostInvalidInputs/worker/+1","Output":"=== RUN   TestCostInvalidInputs/worker/+1\n"}
{"Time":"2026-09-05T22:30:22.371619+09:00","Action":"output","Package":"waiting-room/internal/installplan","Test":"TestCostInvalidInputs/worker/+1","Output":"--- PASS: TestCostInvalidInputs/worker/+1 (0.00s)\n"}
{"Time":"2026-09-05T22:30:22.371624+09:00","Action":"pass","Package":"waiting-room/internal/installplan","Test":"TestCostInvalidInputs/worker/+1","Elapsed":0}
{"Time":"2026-09-05T22:30:22.371638+09:00","Action":"run","Package":"waiting-room/internal/installplan","Test":"TestCostInvalidInputs/volume/+1"}
{"Time":"2026-09-05T22:30:22.371641+09:00","Action":"output","Package":"waiting-room/internal/installplan","Test":"TestCostInvalidInputs/volume/+1","Output":"=== RUN   TestCostInvalidInputs/volume/+1\n"}
{"Time":"2026-09-05T22:30:22.371951+09:00","Action":"output","Package":"waiting-room/internal/installplan","Test":"TestCostInvalidInputs/volume/+1","Output":"--- PASS: TestCostInvalidInputs/volume/+1 (0.00s)\n"}
{"Time":"2026-09-05T22:30:22.371957+09:00","Action":"pass","Package":"waiting-room/internal/installplan","Test":"TestCostInvalidInputs/volume/+1","Elapsed":0}
{"Time":"2026-09-05T22:30:22.371973+09:00","Action":"run","Package":"waiting-room/internal/installplan","Test":"TestCostInvalidInputs/host/1e3"}
{"Time":"2026-09-05T22:30:22.371976+09:00","Action":"output","Package":"waiting-room/internal/installplan","Test":"TestCostInvalidInputs/host/1e3","Output":"=== RUN   TestCostInvalidInputs/host/1e3\n"}
{"Time":"2026-09-05T22:30:22.372287+09:00","Action":"output","Package":"waiting-room/internal/installplan","Test":"TestCostInvalidInputs/host/1e3","Output":"--- PASS: TestCostInvalidInputs/host/1e3 (0.00s)\n"}
{"Time":"2026-09-05T22:30:22.372307+09:00","Action":"pass","Package":"waiting-room/internal/installplan","Test":"TestCostInvalidInputs/host/1e3","Elapsed":0}
{"Time":"2026-09-05T22:30:22.37231+09:00","Action":"run","Package":"waiting-room/internal/installplan","Test":"TestCostInvalidInputs/worker/1e3"}
{"Time":"2026-09-05T22:30:22.372312+09:00","Action":"output","Package":"waiting-room/internal/installplan","Test":"TestCostInvalidInputs/worker/1e3","Output":"=== RUN   TestCostInvalidInputs/worker/1e3\n"}
{"Time":"2026-09-05T22:30:22.372625+09:00","Action":"output","Package":"waiting-room/internal/installplan","Test":"TestCostInvalidInputs/worker/1e3","Output":"--- PASS: TestCostInvalidInputs/worker/1e3 (0.00s)\n"}
{"Time":"2026-09-05T22:30:22.37263+09:00","Action":"pass","Package":"waiting-room/internal/installplan","Test":"TestCostInvalidInputs/worker/1e3","Elapsed":0}
{"Time":"2026-09-05T22:30:22.372647+09:00","Action":"run","Package":"waiting-room/internal/installplan","Test":"TestCostInvalidInputs/volume/1e3"}
{"Time":"2026-09-05T22:30:22.37265+09:00","Action":"output","Package":"waiting-room/internal/installplan","Test":"TestCostInvalidInputs/volume/1e3","Output":"=== RUN   TestCostInvalidInputs/volume/1e3\n"}
{"Time":"2026-09-05T22:30:22.372967+09:00","Action":"output","Package":"waiting-room/internal/installplan","Test":"TestCostInvalidInputs/volume/1e3","Output":"--- PASS: TestCostInvalidInputs/volume/1e3 (0.00s)\n"}
{"Time":"2026-09-05T22:30:22.372972+09:00","Action":"pass","Package":"waiting-room/internal/installplan","Test":"TestCostInvalidInputs/volume/1e3","Elapsed":0}
{"Time":"2026-09-05T22:30:22.372988+09:00","Action":"run","Package":"waiting-room/internal/installplan","Test":"TestCostInvalidInputs/host/NaN"}
{"Time":"2026-09-05T22:30:22.37299+09:00","Action":"output","Package":"waiting-room/internal/installplan","Test":"TestCostInvalidInputs/host/NaN","Output":"=== RUN   TestCostInvalidInputs/host/NaN\n"}
{"Time":"2026-09-05T22:30:22.373301+09:00","Action":"output","Package":"waiting-room/internal/installplan","Test":"TestCostInvalidInputs/host/NaN","Output":"--- PASS: TestCostInvalidInputs/host/NaN (0.00s)\n"}
{"Time":"2026-09-05T22:30:22.373307+09:00","Action":"pass","Package":"waiting-room/internal/installplan","Test":"TestCostInvalidInputs/host/NaN","Elapsed":0}
{"Time":"2026-09-05T22:30:22.373325+09:00","Action":"run","Package":"waiting-room/internal/installplan","Test":"TestCostInvalidInputs/worker/NaN"}
{"Time":"2026-09-05T22:30:22.373328+09:00","Action":"output","Package":"waiting-room/internal/installplan","Test":"TestCostInvalidInputs/worker/NaN","Output":"=== RUN   TestCostInvalidInputs/worker/NaN\n"}
{"Time":"2026-09-05T22:30:22.373646+09:00","Action":"output","Package":"waiting-room/internal/installplan","Test":"TestCostInvalidInputs/worker/NaN","Output":"--- PASS: TestCostInvalidInputs/worker/NaN (0.00s)\n"}
{"Time":"2026-09-05T22:30:22.373651+09:00","Action":"pass","Package":"waiting-room/internal/installplan","Test":"TestCostInvalidInputs/worker/NaN","Elapsed":0}
{"Time":"2026-09-05T22:30:22.373667+09:00","Action":"run","Package":"waiting-room/internal/installplan","Test":"TestCostInvalidInputs/volume/NaN"}
{"Time":"2026-09-05T22:30:22.373669+09:00","Action":"output","Package":"waiting-room/internal/installplan","Test":"TestCostInvalidInputs/volume/NaN","Output":"=== RUN   TestCostInvalidInputs/volume/NaN\n"}
{"Time":"2026-09-05T22:30:22.373987+09:00","Action":"output","Package":"waiting-room/internal/installplan","Test":"TestCostInvalidInputs/volume/NaN","Output":"--- PASS: TestCostInvalidInputs/volume/NaN (0.00s)\n"}
{"Time":"2026-09-05T22:30:22.373992+09:00","Action":"pass","Package":"waiting-room/internal/installplan","Test":"TestCostInvalidInputs/volume/NaN","Elapsed":0}
{"Time":"2026-09-05T22:30:22.374008+09:00","Action":"run","Package":"waiting-room/internal/installplan","Test":"TestCostInvalidInputs/host/Inf"}
{"Time":"2026-09-05T22:30:22.37401+09:00","Action":"output","Package":"waiting-room/internal/installplan","Test":"TestCostInvalidInputs/host/Inf","Output":"=== RUN   TestCostInvalidInputs/host/Inf\n"}
{"Time":"2026-09-05T22:30:22.374318+09:00","Action":"output","Package":"waiting-room/internal/installplan","Test":"TestCostInvalidInputs/host/Inf","Output":"--- PASS: TestCostInvalidInputs/host/Inf (0.00s)\n"}
{"Time":"2026-09-05T22:30:22.374331+09:00","Action":"pass","Package":"waiting-room/internal/installplan","Test":"TestCostInvalidInputs/host/Inf","Elapsed":0}
{"Time":"2026-09-05T22:30:22.374335+09:00","Action":"run","Package":"waiting-room/internal/installplan","Test":"TestCostInvalidInputs/worker/Inf"}
{"Time":"2026-09-05T22:30:22.374337+09:00","Action":"output","Package":"waiting-room/internal/installplan","Test":"TestCostInvalidInputs/worker/Inf","Output":"=== RUN   TestCostInvalidInputs/worker/Inf\n"}
{"Time":"2026-09-05T22:30:22.374646+09:00","Action":"output","Package":"waiting-room/internal/installplan","Test":"TestCostInvalidInputs/worker/Inf","Output":"--- PASS: TestCostInvalidInputs/worker/Inf (0.00s)\n"}
{"Time":"2026-09-05T22:30:22.374652+09:00","Action":"pass","Package":"waiting-room/internal/installplan","Test":"TestCostInvalidInputs/worker/Inf","Elapsed":0}
{"Time":"2026-09-05T22:30:22.374668+09:00","Action":"run","Package":"waiting-room/internal/installplan","Test":"TestCostInvalidInputs/volume/Inf"}
{"Time":"2026-09-05T22:30:22.374674+09:00","Action":"output","Package":"waiting-room/internal/installplan","Test":"TestCostInvalidInputs/volume/Inf","Output":"=== RUN   TestCostInvalidInputs/volume/Inf\n"}
{"Time":"2026-09-05T22:30:22.374978+09:00","Action":"output","Package":"waiting-room/internal/installplan","Test":"TestCostInvalidInputs/volume/Inf","Output":"--- PASS: TestCostInvalidInputs/volume/Inf (0.00s)\n"}
{"Time":"2026-09-05T22:30:22.374984+09:00","Action":"pass","Package":"waiting-room/internal/installplan","Test":"TestCostInvalidInputs/volume/Inf","Elapsed":0}
{"Time":"2026-09-05T22:30:22.375001+09:00","Action":"run","Package":"waiting-room/internal/installplan","Test":"TestCostInvalidInputs/host/1.0000001"}
{"Time":"2026-09-05T22:30:22.375004+09:00","Action":"output","Package":"waiting-room/internal/installplan","Test":"TestCostInvalidInputs/host/1.0000001","Output":"=== RUN   TestCostInvalidInputs/host/1.0000001\n"}
{"Time":"2026-09-05T22:30:22.375295+09:00","Action":"output","Package":"waiting-room/internal/installplan","Test":"TestCostInvalidInputs/host/1.0000001","Output":"--- PASS: TestCostInvalidInputs/host/1.0000001 (0.00s)\n"}
{"Time":"2026-09-05T22:30:22.3753+09:00","Action":"pass","Package":"waiting-room/internal/installplan","Test":"TestCostInvalidInputs/host/1.0000001","Elapsed":0}
{"Time":"2026-09-05T22:30:22.375313+09:00","Action":"run","Package":"waiting-room/internal/installplan","Test":"TestCostInvalidInputs/worker/1.0000001"}
{"Time":"2026-09-05T22:30:22.375315+09:00","Action":"output","Package":"waiting-room/internal/installplan","Test":"TestCostInvalidInputs/worker/1.0000001","Output":"=== RUN   TestCostInvalidInputs/worker/1.0000001\n"}
{"Time":"2026-09-05T22:30:22.375587+09:00","Action":"output","Package":"waiting-room/internal/installplan","Test":"TestCostInvalidInputs/worker/1.0000001","Output":"--- PASS: TestCostInvalidInputs/worker/1.0000001 (0.00s)\n"}
{"Time":"2026-09-05T22:30:22.375594+09:00","Action":"pass","Package":"waiting-room/internal/installplan","Test":"TestCostInvalidInputs/worker/1.0000001","Elapsed":0}
{"Time":"2026-09-05T22:30:22.375608+09:00","Action":"run","Package":"waiting-room/internal/installplan","Test":"TestCostInvalidInputs/volume/1.0000001"}
{"Time":"2026-09-05T22:30:22.37561+09:00","Action":"output","Package":"waiting-room/internal/installplan","Test":"TestCostInvalidInputs/volume/1.0000001","Output":"=== RUN   TestCostInvalidInputs/volume/1.0000001\n"}
{"Time":"2026-09-05T22:30:22.375892+09:00","Action":"output","Package":"waiting-room/internal/installplan","Test":"TestCostInvalidInputs/volume/1.0000001","Output":"--- PASS: TestCostInvalidInputs/volume/1.0000001 (0.00s)\n"}
{"Time":"2026-09-05T22:30:22.375912+09:00","Action":"pass","Package":"waiting-room/internal/installplan","Test":"TestCostInvalidInputs/volume/1.0000001","Elapsed":0}
{"Time":"2026-09-05T22:30:22.375921+09:00","Action":"run","Package":"waiting-room/internal/installplan","Test":"TestCostInvalidInputs/host/01"}
{"Time":"2026-09-05T22:30:22.375924+09:00","Action":"output","Package":"waiting-room/internal/installplan","Test":"TestCostInvalidInputs/host/01","Output":"=== RUN   TestCostInvalidInputs/host/01\n"}
{"Time":"2026-09-05T22:30:22.376194+09:00","Action":"output","Package":"waiting-room/internal/installplan","Test":"TestCostInvalidInputs/host/01","Output":"--- PASS: TestCostInvalidInputs/host/01 (0.00s)\n"}
{"Time":"2026-09-05T22:30:22.376201+09:00","Action":"pass","Package":"waiting-room/internal/installplan","Test":"TestCostInvalidInputs/host/01","Elapsed":0}
{"Time":"2026-09-05T22:30:22.37621+09:00","Action":"run","Package":"waiting-room/internal/installplan","Test":"TestCostInvalidInputs/worker/01"}
{"Time":"2026-09-05T22:30:22.376214+09:00","Action":"output","Package":"waiting-room/internal/installplan","Test":"TestCostInvalidInputs/worker/01","Output":"=== RUN   TestCostInvalidInputs/worker/01\n"}
{"Time":"2026-09-05T22:30:22.376498+09:00","Action":"output","Package":"waiting-room/internal/installplan","Test":"TestCostInvalidInputs/worker/01","Output":"--- PASS: TestCostInvalidInputs/worker/01 (0.00s)\n"}
{"Time":"2026-09-05T22:30:22.376503+09:00","Action":"pass","Package":"waiting-room/internal/installplan","Test":"TestCostInvalidInputs/worker/01","Elapsed":0}
{"Time":"2026-09-05T22:30:22.376518+09:00","Action":"run","Package":"waiting-room/internal/installplan","Test":"TestCostInvalidInputs/volume/01"}
{"Time":"2026-09-05T22:30:22.37652+09:00","Action":"output","Package":"waiting-room/internal/installplan","Test":"TestCostInvalidInputs/volume/01","Output":"=== RUN   TestCostInvalidInputs/volume/01\n"}
{"Time":"2026-09-05T22:30:22.376981+09:00","Action":"output","Package":"waiting-room/internal/installplan","Test":"TestCostInvalidInputs/volume/01","Output":"--- PASS: TestCostInvalidInputs/volume/01 (0.00s)\n"}
{"Time":"2026-09-05T22:30:22.376994+09:00","Action":"pass","Package":"waiting-room/internal/installplan","Test":"TestCostInvalidInputs/volume/01","Elapsed":0}
{"Time":"2026-09-05T22:30:22.377013+09:00","Action":"run","Package":"waiting-room/internal/installplan","Test":"TestCostInvalidInputs/host/.1"}
{"Time":"2026-09-05T22:30:22.377016+09:00","Action":"output","Package":"waiting-room/internal/installplan","Test":"TestCostInvalidInputs/host/.1","Output":"=== RUN   TestCostInvalidInputs/host/.1\n"}
{"Time":"2026-09-05T22:30:22.377357+09:00","Action":"output","Package":"waiting-room/internal/installplan","Test":"TestCostInvalidInputs/host/.1","Output":"--- PASS: TestCostInvalidInputs/host/.1 (0.00s)\n"}
{"Time":"2026-09-05T22:30:22.37737+09:00","Action":"pass","Package":"waiting-room/internal/installplan","Test":"TestCostInvalidInputs/host/.1","Elapsed":0}
{"Time":"2026-09-05T22:30:22.377383+09:00","Action":"run","Package":"waiting-room/internal/installplan","Test":"TestCostInvalidInputs/worker/.1"}
{"Time":"2026-09-05T22:30:22.377386+09:00","Action":"output","Package":"waiting-room/internal/installplan","Test":"TestCostInvalidInputs/worker/.1","Output":"=== RUN   TestCostInvalidInputs/worker/.1\n"}
{"Time":"2026-09-05T22:30:22.377686+09:00","Action":"output","Package":"waiting-room/internal/installplan","Test":"TestCostInvalidInputs/worker/.1","Output":"--- PASS: TestCostInvalidInputs/worker/.1 (0.00s)\n"}
{"Time":"2026-09-05T22:30:22.377693+09:00","Action":"pass","Package":"waiting-room/internal/installplan","Test":"TestCostInvalidInputs/worker/.1","Elapsed":0}
{"Time":"2026-09-05T22:30:22.377711+09:00","Action":"run","Package":"waiting-room/internal/installplan","Test":"TestCostInvalidInputs/volume/.1"}
{"Time":"2026-09-05T22:30:22.377724+09:00","Action":"output","Package":"waiting-room/internal/installplan","Test":"TestCostInvalidInputs/volume/.1","Output":"=== RUN   TestCostInvalidInputs/volume/.1\n"}
{"Time":"2026-09-05T22:30:22.378014+09:00","Action":"output","Package":"waiting-room/internal/installplan","Test":"TestCostInvalidInputs/volume/.1","Output":"--- PASS: TestCostInvalidInputs/volume/.1 (0.00s)\n"}
{"Time":"2026-09-05T22:30:22.378028+09:00","Action":"pass","Package":"waiting-room/internal/installplan","Test":"TestCostInvalidInputs/volume/.1","Elapsed":0}
{"Time":"2026-09-05T22:30:22.37803+09:00","Action":"run","Package":"waiting-room/internal/installplan","Test":"TestCostInvalidInputs/host/1."}
{"Time":"2026-09-05T22:30:22.378032+09:00","Action":"output","Package":"waiting-room/internal/installplan","Test":"TestCostInvalidInputs/host/1.","Output":"=== RUN   TestCostInvalidInputs/host/1.\n"}
{"Time":"2026-09-05T22:30:22.378328+09:00","Action":"output","Package":"waiting-room/internal/installplan","Test":"TestCostInvalidInputs/host/1.","Output":"--- PASS: TestCostInvalidInputs/host/1. (0.00s)\n"}
{"Time":"2026-09-05T22:30:22.378333+09:00","Action":"pass","Package":"waiting-room/internal/installplan","Test":"TestCostInvalidInputs/host/1.","Elapsed":0}
{"Time":"2026-09-05T22:30:22.378346+09:00","Action":"run","Package":"waiting-room/internal/installplan","Test":"TestCostInvalidInputs/worker/1."}
{"Time":"2026-09-05T22:30:22.378348+09:00","Action":"output","Package":"waiting-room/internal/installplan","Test":"TestCostInvalidInputs/worker/1.","Output":"=== RUN   TestCostInvalidInputs/worker/1.\n"}
{"Time":"2026-09-05T22:30:22.37863+09:00","Action":"output","Package":"waiting-room/internal/installplan","Test":"TestCostInvalidInputs/worker/1.","Output":"--- PASS: TestCostInvalidInputs/worker/1. (0.00s)\n"}
{"Time":"2026-09-05T22:30:22.378644+09:00","Action":"pass","Package":"waiting-room/internal/installplan","Test":"TestCostInvalidInputs/worker/1.","Elapsed":0}
{"Time":"2026-09-05T22:30:22.378655+09:00","Action":"run","Package":"waiting-room/internal/installplan","Test":"TestCostInvalidInputs/volume/1."}
{"Time":"2026-09-05T22:30:22.378657+09:00","Action":"output","Package":"waiting-room/internal/installplan","Test":"TestCostInvalidInputs/volume/1.","Output":"=== RUN   TestCostInvalidInputs/volume/1.\n"}
{"Time":"2026-09-05T22:30:22.378939+09:00","Action":"output","Package":"waiting-room/internal/installplan","Test":"TestCostInvalidInputs/volume/1.","Output":"--- PASS: TestCostInvalidInputs/volume/1. (0.00s)\n"}
{"Time":"2026-09-05T22:30:22.378944+09:00","Action":"pass","Package":"waiting-room/internal/installplan","Test":"TestCostInvalidInputs/volume/1.","Elapsed":0}
{"Time":"2026-09-05T22:30:22.37896+09:00","Action":"run","Package":"waiting-room/internal/installplan","Test":"TestCostInvalidInputs/host/1000000000"}
{"Time":"2026-09-05T22:30:22.378962+09:00","Action":"output","Package":"waiting-room/internal/installplan","Test":"TestCostInvalidInputs/host/1000000000","Output":"=== RUN   TestCostInvalidInputs/host/1000000000\n"}
{"Time":"2026-09-05T22:30:22.379246+09:00","Action":"output","Package":"waiting-room/internal/installplan","Test":"TestCostInvalidInputs/host/1000000000","Output":"--- PASS: TestCostInvalidInputs/host/1000000000 (0.00s)\n"}
{"Time":"2026-09-05T22:30:22.379251+09:00","Action":"pass","Package":"waiting-room/internal/installplan","Test":"TestCostInvalidInputs/host/1000000000","Elapsed":0}
{"Time":"2026-09-05T22:30:22.379268+09:00","Action":"run","Package":"waiting-room/internal/installplan","Test":"TestCostInvalidInputs/worker/1000000000"}
{"Time":"2026-09-05T22:30:22.37927+09:00","Action":"output","Package":"waiting-room/internal/installplan","Test":"TestCostInvalidInputs/worker/1000000000","Output":"=== RUN   TestCostInvalidInputs/worker/1000000000\n"}
{"Time":"2026-09-05T22:30:22.379554+09:00","Action":"output","Package":"waiting-room/internal/installplan","Test":"TestCostInvalidInputs/worker/1000000000","Output":"--- PASS: TestCostInvalidInputs/worker/1000000000 (0.00s)\n"}
{"Time":"2026-09-05T22:30:22.379563+09:00","Action":"pass","Package":"waiting-room/internal/installplan","Test":"TestCostInvalidInputs/worker/1000000000","Elapsed":0}
{"Time":"2026-09-05T22:30:22.379578+09:00","Action":"run","Package":"waiting-room/internal/installplan","Test":"TestCostInvalidInputs/volume/1000000000"}
{"Time":"2026-09-05T22:30:22.379581+09:00","Action":"output","Package":"waiting-room/internal/installplan","Test":"TestCostInvalidInputs/volume/1000000000","Output":"=== RUN   TestCostInvalidInputs/volume/1000000000\n"}
{"Time":"2026-09-05T22:30:22.379862+09:00","Action":"output","Package":"waiting-room/internal/installplan","Test":"TestCostInvalidInputs/volume/1000000000","Output":"--- PASS: TestCostInvalidInputs/volume/1000000000 (0.00s)\n"}
{"Time":"2026-09-05T22:30:22.379868+09:00","Action":"pass","Package":"waiting-room/internal/installplan","Test":"TestCostInvalidInputs/volume/1000000000","Elapsed":0}
{"Time":"2026-09-05T22:30:22.379881+09:00","Action":"run","Package":"waiting-room/internal/installplan","Test":"TestCostInvalidInputs/host/0_"}
{"Time":"2026-09-05T22:30:22.379883+09:00","Action":"output","Package":"waiting-room/internal/installplan","Test":"TestCostInvalidInputs/host/0_","Output":"=== RUN   TestCostInvalidInputs/host/0_\n"}
{"Time":"2026-09-05T22:30:22.380165+09:00","Action":"output","Package":"waiting-room/internal/installplan","Test":"TestCostInvalidInputs/host/0_","Output":"--- PASS: TestCostInvalidInputs/host/0_ (0.00s)\n"}
{"Time":"2026-09-05T22:30:22.38017+09:00","Action":"pass","Package":"waiting-room/internal/installplan","Test":"TestCostInvalidInputs/host/0_","Elapsed":0}
{"Time":"2026-09-05T22:30:22.380183+09:00","Action":"run","Package":"waiting-room/internal/installplan","Test":"TestCostInvalidInputs/worker/0_"}
{"Time":"2026-09-05T22:30:22.380185+09:00","Action":"output","Package":"waiting-room/internal/installplan","Test":"TestCostInvalidInputs/worker/0_","Output":"=== RUN   TestCostInvalidInputs/worker/0_\n"}
{"Time":"2026-09-05T22:30:22.380462+09:00","Action":"output","Package":"waiting-room/internal/installplan","Test":"TestCostInvalidInputs/worker/0_","Output":"--- PASS: TestCostInvalidInputs/worker/0_ (0.00s)\n"}
{"Time":"2026-09-05T22:30:22.380479+09:00","Action":"pass","Package":"waiting-room/internal/installplan","Test":"TestCostInvalidInputs/worker/0_","Elapsed":0}
{"Time":"2026-09-05T22:30:22.380483+09:00","Action":"run","Package":"waiting-room/internal/installplan","Test":"TestCostInvalidInputs/volume/0_"}
{"Time":"2026-09-05T22:30:22.380484+09:00","Action":"output","Package":"waiting-room/internal/installplan","Test":"TestCostInvalidInputs/volume/0_","Output":"=== RUN   TestCostInvalidInputs/volume/0_\n"}
{"Time":"2026-09-05T22:30:22.380768+09:00","Action":"output","Package":"waiting-room/internal/installplan","Test":"TestCostInvalidInputs/volume/0_","Output":"--- PASS: TestCostInvalidInputs/volume/0_ (0.00s)\n"}
{"Time":"2026-09-05T22:30:22.380776+09:00","Action":"pass","Package":"waiting-room/internal/installplan","Test":"TestCostInvalidInputs/volume/0_","Elapsed":0}
{"Time":"2026-09-05T22:30:22.380788+09:00","Action":"run","Package":"waiting-room/internal/installplan","Test":"TestCostInvalidInputs/host/DO-NOT-ECHO"}
{"Time":"2026-09-05T22:30:22.380791+09:00","Action":"output","Package":"waiting-room/internal/installplan","Test":"TestCostInvalidInputs/host/DO-NOT-ECHO","Output":"=== RUN   TestCostInvalidInputs/host/DO-NOT-ECHO\n"}
{"Time":"2026-09-05T22:30:22.381077+09:00","Action":"output","Package":"waiting-room/internal/installplan","Test":"TestCostInvalidInputs/host/DO-NOT-ECHO","Output":"--- PASS: TestCostInvalidInputs/host/DO-NOT-ECHO (0.00s)\n"}
{"Time":"2026-09-05T22:30:22.381082+09:00","Action":"pass","Package":"waiting-room/internal/installplan","Test":"TestCostInvalidInputs/host/DO-NOT-ECHO","Elapsed":0}
{"Time":"2026-09-05T22:30:22.381099+09:00","Action":"run","Package":"waiting-room/internal/installplan","Test":"TestCostInvalidInputs/worker/DO-NOT-ECHO"}
{"Time":"2026-09-05T22:30:22.381101+09:00","Action":"output","Package":"waiting-room/internal/installplan","Test":"TestCostInvalidInputs/worker/DO-NOT-ECHO","Output":"=== RUN   TestCostInvalidInputs/worker/DO-NOT-ECHO\n"}
{"Time":"2026-09-05T22:30:22.381384+09:00","Action":"output","Package":"waiting-room/internal/installplan","Test":"TestCostInvalidInputs/worker/DO-NOT-ECHO","Output":"--- PASS: TestCostInvalidInputs/worker/DO-NOT-ECHO (0.00s)\n"}
{"Time":"2026-09-05T22:30:22.381388+09:00","Action":"pass","Package":"waiting-room/internal/installplan","Test":"TestCostInvalidInputs/worker/DO-NOT-ECHO","Elapsed":0}
{"Time":"2026-09-05T22:30:22.381402+09:00","Action":"run","Package":"waiting-room/internal/installplan","Test":"TestCostInvalidInputs/volume/DO-NOT-ECHO"}
{"Time":"2026-09-05T22:30:22.381405+09:00","Action":"output","Package":"waiting-room/internal/installplan","Test":"TestCostInvalidInputs/volume/DO-NOT-ECHO","Output":"=== RUN   TestCostInvalidInputs/volume/DO-NOT-ECHO\n"}
{"Time":"2026-09-05T22:30:22.38169+09:00","Action":"output","Package":"waiting-room/internal/installplan","Test":"TestCostInvalidInputs/volume/DO-NOT-ECHO","Output":"--- PASS: TestCostInvalidInputs/volume/DO-NOT-ECHO (0.00s)\n"}
{"Time":"2026-09-05T22:30:22.381695+09:00","Action":"pass","Package":"waiting-room/internal/installplan","Test":"TestCostInvalidInputs/volume/DO-NOT-ECHO","Elapsed":0}
{"Time":"2026-09-05T22:30:22.381727+09:00","Action":"output","Package":"waiting-room/internal/installplan","Test":"TestCostInvalidInputs","Output":"--- PASS: TestCostInvalidInputs (0.02s)\n"}
{"Time":"2026-09-05T22:30:22.381737+09:00","Action":"pass","Package":"waiting-room/internal/installplan","Test":"TestCostInvalidInputs","Elapsed":0.02}
{"Time":"2026-09-05T22:30:22.381744+09:00","Action":"run","Package":"waiting-room/internal/installplan","Test":"TestCostStrictDecode"}
{"Time":"2026-09-05T22:30:22.381745+09:00","Action":"output","Package":"waiting-room/internal/installplan","Test":"TestCostStrictDecode","Output":"=== RUN   TestCostStrictDecode\n"}
{"Time":"2026-09-05T22:30:22.38181+09:00","Action":"run","Package":"waiting-room/internal/installplan","Test":"TestCostStrictDecode/array"}
{"Time":"2026-09-05T22:30:22.381812+09:00","Action":"output","Package":"waiting-room/internal/installplan","Test":"TestCostStrictDecode/array","Output":"=== RUN   TestCostStrictDecode/array\n"}
{"Time":"2026-09-05T22:30:22.381838+09:00","Action":"output","Package":"waiting-room/internal/installplan","Test":"TestCostStrictDecode/array","Output":"--- PASS: TestCostStrictDecode/array (0.00s)\n"}
{"Time":"2026-09-05T22:30:22.381842+09:00","Action":"pass","Package":"waiting-room/internal/installplan","Test":"TestCostStrictDecode/array","Elapsed":0}
{"Time":"2026-09-05T22:30:22.381854+09:00","Action":"run","Package":"waiting-room/internal/installplan","Test":"TestCostStrictDecode/null"}
{"Time":"2026-09-05T22:30:22.381856+09:00","Action":"output","Package":"waiting-room/internal/installplan","Test":"TestCostStrictDecode/null","Output":"=== RUN   TestCostStrictDecode/null\n"}
{"Time":"2026-09-05T22:30:22.381912+09:00","Action":"output","Package":"waiting-room/internal/installplan","Test":"TestCostStrictDecode/null","Output":"--- PASS: TestCostStrictDecode/null (0.00s)\n"}
{"Time":"2026-09-05T22:30:22.381915+09:00","Action":"pass","Package":"waiting-room/internal/installplan","Test":"TestCostStrictDecode/null","Elapsed":0}
{"Time":"2026-09-05T22:30:22.381927+09:00","Action":"run","Package":"waiting-room/internal/installplan","Test":"TestCostStrictDecode/number-price"}
{"Time":"2026-09-05T22:30:22.381928+09:00","Action":"output","Package":"waiting-room/internal/installplan","Test":"TestCostStrictDecode/number-price","Output":"=== RUN   TestCostStrictDecode/number-price\n"}
{"Time":"2026-09-05T22:30:22.382039+09:00","Action":"output","Package":"waiting-room/internal/installplan","Test":"TestCostStrictDecode/number-price","Output":"--- PASS: TestCostStrictDecode/number-price (0.00s)\n"}
{"Time":"2026-09-05T22:30:22.382046+09:00","Action":"pass","Package":"waiting-room/internal/installplan","Test":"TestCostStrictDecode/number-price","Elapsed":0}
{"Time":"2026-09-05T22:30:22.382049+09:00","Action":"run","Package":"waiting-room/internal/installplan","Test":"TestCostStrictDecode/wrong-case"}
{"Time":"2026-09-05T22:30:22.38205+09:00","Action":"output","Package":"waiting-room/internal/installplan","Test":"TestCostStrictDecode/wrong-case","Output":"=== RUN   TestCostStrictDecode/wrong-case\n"}
{"Time":"2026-09-05T22:30:22.382133+09:00","Action":"output","Package":"waiting-room/internal/installplan","Test":"TestCostStrictDecode/wrong-case","Output":"--- PASS: TestCostStrictDecode/wrong-case (0.00s)\n"}
{"Time":"2026-09-05T22:30:22.382136+09:00","Action":"pass","Package":"waiting-room/internal/installplan","Test":"TestCostStrictDecode/wrong-case","Elapsed":0}
{"Time":"2026-09-05T22:30:22.38215+09:00","Action":"run","Package":"waiting-room/internal/installplan","Test":"TestCostStrictDecode/oversized"}
{"Time":"2026-09-05T22:30:22.382151+09:00","Action":"output","Package":"waiting-room/internal/installplan","Test":"TestCostStrictDecode/oversized","Output":"=== RUN   TestCostStrictDecode/oversized\n"}
{"Time":"2026-09-05T22:30:22.382256+09:00","Action":"output","Package":"waiting-room/internal/installplan","Test":"TestCostStrictDecode/oversized","Output":"--- PASS: TestCostStrictDecode/oversized (0.00s)\n"}
{"Time":"2026-09-05T22:30:22.382259+09:00","Action":"pass","Package":"waiting-room/internal/installplan","Test":"TestCostStrictDecode/oversized","Elapsed":0}
{"Time":"2026-09-05T22:30:22.38226+09:00","Action":"run","Package":"waiting-room/internal/installplan","Test":"TestCostStrictDecode/duplicate"}
{"Time":"2026-09-05T22:30:22.382262+09:00","Action":"output","Package":"waiting-room/internal/installplan","Test":"TestCostStrictDecode/duplicate","Output":"=== RUN   TestCostStrictDecode/duplicate\n"}
{"Time":"2026-09-05T22:30:22.382342+09:00","Action":"output","Package":"waiting-room/internal/installplan","Test":"TestCostStrictDecode/duplicate","Output":"--- PASS: TestCostStrictDecode/duplicate (0.00s)\n"}
{"Time":"2026-09-05T22:30:22.382347+09:00","Action":"pass","Package":"waiting-room/internal/installplan","Test":"TestCostStrictDecode/duplicate","Elapsed":0}
{"Time":"2026-09-05T22:30:22.382358+09:00","Action":"run","Package":"waiting-room/internal/installplan","Test":"TestCostStrictDecode/missing"}
{"Time":"2026-09-05T22:30:22.38236+09:00","Action":"output","Package":"waiting-room/internal/installplan","Test":"TestCostStrictDecode/missing","Output":"=== RUN   TestCostStrictDecode/missing\n"}
{"Time":"2026-09-05T22:30:22.382464+09:00","Action":"output","Package":"waiting-room/internal/installplan","Test":"TestCostStrictDecode/missing","Output":"--- PASS: TestCostStrictDecode/missing (0.00s)\n"}
{"Time":"2026-09-05T22:30:22.382469+09:00","Action":"pass","Package":"waiting-room/internal/installplan","Test":"TestCostStrictDecode/missing","Elapsed":0}
{"Time":"2026-09-05T22:30:22.382483+09:00","Action":"run","Package":"waiting-room/internal/installplan","Test":"TestCostStrictDecode/secret"}
{"Time":"2026-09-05T22:30:22.382485+09:00","Action":"output","Package":"waiting-room/internal/installplan","Test":"TestCostStrictDecode/secret","Output":"=== RUN   TestCostStrictDecode/secret\n"}
{"Time":"2026-09-05T22:30:22.382617+09:00","Action":"output","Package":"waiting-room/internal/installplan","Test":"TestCostStrictDecode/secret","Output":"--- PASS: TestCostStrictDecode/secret (0.00s)\n"}
{"Time":"2026-09-05T22:30:22.382626+09:00","Action":"pass","Package":"waiting-room/internal/installplan","Test":"TestCostStrictDecode/secret","Elapsed":0}
{"Time":"2026-09-05T22:30:22.382631+09:00","Action":"run","Package":"waiting-room/internal/installplan","Test":"TestCostStrictDecode/trailing"}
{"Time":"2026-09-05T22:30:22.382633+09:00","Action":"output","Package":"waiting-room/internal/installplan","Test":"TestCostStrictDecode/trailing","Output":"=== RUN   TestCostStrictDecode/trailing\n"}
{"Time":"2026-09-05T22:30:22.382744+09:00","Action":"output","Package":"waiting-room/internal/installplan","Test":"TestCostStrictDecode/trailing","Output":"--- PASS: TestCostStrictDecode/trailing (0.00s)\n"}
{"Time":"2026-09-05T22:30:22.382749+09:00","Action":"pass","Package":"waiting-room/internal/installplan","Test":"TestCostStrictDecode/trailing","Elapsed":0}
{"Time":"2026-09-05T22:30:22.38278+09:00","Action":"output","Package":"waiting-room/internal/installplan","Test":"TestCostStrictDecode","Output":"--- PASS: TestCostStrictDecode (0.00s)\n"}
{"Time":"2026-09-05T22:30:22.382785+09:00","Action":"pass","Package":"waiting-room/internal/installplan","Test":"TestCostStrictDecode","Elapsed":0}
{"Time":"2026-09-05T22:30:22.382803+09:00","Action":"run","Package":"waiting-room/internal/installplan","Test":"TestCostMaximumAndDeterminism"}
{"Time":"2026-09-05T22:30:22.382805+09:00","Action":"output","Package":"waiting-room/internal/installplan","Test":"TestCostMaximumAndDeterminism","Output":"=== RUN   TestCostMaximumAndDeterminism\n"}
{"Time":"2026-09-05T22:30:22.38345+09:00","Action":"run","Package":"waiting-room/internal/installplan","Test":"TestCostMaximumAndDeterminism/repeat"}
{"Time":"2026-09-05T22:30:22.383454+09:00","Action":"output","Package":"waiting-room/internal/installplan","Test":"TestCostMaximumAndDeterminism/repeat","Output":"=== RUN   TestCostMaximumAndDeterminism/repeat\n"}
{"Time":"2026-09-05T22:30:22.383466+09:00","Action":"output","Package":"waiting-room/internal/installplan","Test":"TestCostMaximumAndDeterminism/repeat","Output":"=== PAUSE TestCostMaximumAndDeterminism/repeat\n"}
{"Time":"2026-09-05T22:30:22.383468+09:00","Action":"pause","Package":"waiting-room/internal/installplan","Test":"TestCostMaximumAndDeterminism/repeat"}
{"Time":"2026-09-05T22:30:22.383485+09:00","Action":"run","Package":"waiting-room/internal/installplan","Test":"TestCostMaximumAndDeterminism/repeat#01"}
{"Time":"2026-09-05T22:30:22.383487+09:00","Action":"output","Package":"waiting-room/internal/installplan","Test":"TestCostMaximumAndDeterminism/repeat#01","Output":"=== RUN   TestCostMaximumAndDeterminism/repeat#01\n"}
{"Time":"2026-09-05T22:30:22.383502+09:00","Action":"output","Package":"waiting-room/internal/installplan","Test":"TestCostMaximumAndDeterminism/repeat#01","Output":"=== PAUSE TestCostMaximumAndDeterminism/repeat#01\n"}
{"Time":"2026-09-05T22:30:22.383504+09:00","Action":"pause","Package":"waiting-room/internal/installplan","Test":"TestCostMaximumAndDeterminism/repeat#01"}
{"Time":"2026-09-05T22:30:22.383521+09:00","Action":"run","Package":"waiting-room/internal/installplan","Test":"TestCostMaximumAndDeterminism/repeat#02"}
{"Time":"2026-09-05T22:30:22.383523+09:00","Action":"output","Package":"waiting-room/internal/installplan","Test":"TestCostMaximumAndDeterminism/repeat#02","Output":"=== RUN   TestCostMaximumAndDeterminism/repeat#02\n"}
{"Time":"2026-09-05T22:30:22.383537+09:00","Action":"output","Package":"waiting-room/internal/installplan","Test":"TestCostMaximumAndDeterminism/repeat#02","Output":"=== PAUSE TestCostMaximumAndDeterminism/repeat#02\n"}
{"Time":"2026-09-05T22:30:22.383539+09:00","Action":"pause","Package":"waiting-room/internal/installplan","Test":"TestCostMaximumAndDeterminism/repeat#02"}
{"Time":"2026-09-05T22:30:22.383555+09:00","Action":"run","Package":"waiting-room/internal/installplan","Test":"TestCostMaximumAndDeterminism/repeat#03"}
{"Time":"2026-09-05T22:30:22.383557+09:00","Action":"output","Package":"waiting-room/internal/installplan","Test":"TestCostMaximumAndDeterminism/repeat#03","Output":"=== RUN   TestCostMaximumAndDeterminism/repeat#03\n"}
{"Time":"2026-09-05T22:30:22.383572+09:00","Action":"output","Package":"waiting-room/internal/installplan","Test":"TestCostMaximumAndDeterminism/repeat#03","Output":"=== PAUSE TestCostMaximumAndDeterminism/repeat#03\n"}
{"Time":"2026-09-05T22:30:22.383574+09:00","Action":"pause","Package":"waiting-room/internal/installplan","Test":"TestCostMaximumAndDeterminism/repeat#03"}
{"Time":"2026-09-05T22:30:22.383594+09:00","Action":"run","Package":"waiting-room/internal/installplan","Test":"TestCostMaximumAndDeterminism/repeat#04"}
{"Time":"2026-09-05T22:30:22.383596+09:00","Action":"output","Package":"waiting-room/internal/installplan","Test":"TestCostMaximumAndDeterminism/repeat#04","Output":"=== RUN   TestCostMaximumAndDeterminism/repeat#04\n"}
{"Time":"2026-09-05T22:30:22.383611+09:00","Action":"output","Package":"waiting-room/internal/installplan","Test":"TestCostMaximumAndDeterminism/repeat#04","Output":"=== PAUSE TestCostMaximumAndDeterminism/repeat#04\n"}
{"Time":"2026-09-05T22:30:22.383615+09:00","Action":"pause","Package":"waiting-room/internal/installplan","Test":"TestCostMaximumAndDeterminism/repeat#04"}
{"Time":"2026-09-05T22:30:22.383632+09:00","Action":"run","Package":"waiting-room/internal/installplan","Test":"TestCostMaximumAndDeterminism/repeat#05"}
{"Time":"2026-09-05T22:30:22.383634+09:00","Action":"output","Package":"waiting-room/internal/installplan","Test":"TestCostMaximumAndDeterminism/repeat#05","Output":"=== RUN   TestCostMaximumAndDeterminism/repeat#05\n"}
{"Time":"2026-09-05T22:30:22.383649+09:00","Action":"output","Package":"waiting-room/internal/installplan","Test":"TestCostMaximumAndDeterminism/repeat#05","Output":"=== PAUSE TestCostMaximumAndDeterminism/repeat#05\n"}
{"Time":"2026-09-05T22:30:22.383651+09:00","Action":"pause","Package":"waiting-room/internal/installplan","Test":"TestCostMaximumAndDeterminism/repeat#05"}
{"Time":"2026-09-05T22:30:22.383668+09:00","Action":"run","Package":"waiting-room/internal/installplan","Test":"TestCostMaximumAndDeterminism/repeat#06"}
{"Time":"2026-09-05T22:30:22.383672+09:00","Action":"output","Package":"waiting-room/internal/installplan","Test":"TestCostMaximumAndDeterminism/repeat#06","Output":"=== RUN   TestCostMaximumAndDeterminism/repeat#06\n"}
{"Time":"2026-09-05T22:30:22.383684+09:00","Action":"output","Package":"waiting-room/internal/installplan","Test":"TestCostMaximumAndDeterminism/repeat#06","Output":"=== PAUSE TestCostMaximumAndDeterminism/repeat#06\n"}
{"Time":"2026-09-05T22:30:22.383691+09:00","Action":"pause","Package":"waiting-room/internal/installplan","Test":"TestCostMaximumAndDeterminism/repeat#06"}
{"Time":"2026-09-05T22:30:22.383702+09:00","Action":"run","Package":"waiting-room/internal/installplan","Test":"TestCostMaximumAndDeterminism/repeat#07"}
{"Time":"2026-09-05T22:30:22.383705+09:00","Action":"output","Package":"waiting-room/internal/installplan","Test":"TestCostMaximumAndDeterminism/repeat#07","Output":"=== RUN   TestCostMaximumAndDeterminism/repeat#07\n"}
{"Time":"2026-09-05T22:30:22.383715+09:00","Action":"output","Package":"waiting-room/internal/installplan","Test":"TestCostMaximumAndDeterminism/repeat#07","Output":"=== PAUSE TestCostMaximumAndDeterminism/repeat#07\n"}
{"Time":"2026-09-05T22:30:22.383718+09:00","Action":"pause","Package":"waiting-room/internal/installplan","Test":"TestCostMaximumAndDeterminism/repeat#07"}
{"Time":"2026-09-05T22:30:22.383736+09:00","Action":"run","Package":"waiting-room/internal/installplan","Test":"TestCostMaximumAndDeterminism/repeat#08"}
{"Time":"2026-09-05T22:30:22.383738+09:00","Action":"output","Package":"waiting-room/internal/installplan","Test":"TestCostMaximumAndDeterminism/repeat#08","Output":"=== RUN   TestCostMaximumAndDeterminism/repeat#08\n"}
{"Time":"2026-09-05T22:30:22.383753+09:00","Action":"output","Package":"waiting-room/internal/installplan","Test":"TestCostMaximumAndDeterminism/repeat#08","Output":"=== PAUSE TestCostMaximumAndDeterminism/repeat#08\n"}
{"Time":"2026-09-05T22:30:22.383755+09:00","Action":"pause","Package":"waiting-room/internal/installplan","Test":"TestCostMaximumAndDeterminism/repeat#08"}
{"Time":"2026-09-05T22:30:22.383769+09:00","Action":"run","Package":"waiting-room/internal/installplan","Test":"TestCostMaximumAndDeterminism/repeat#09"}
{"Time":"2026-09-05T22:30:22.38377+09:00","Action":"output","Package":"waiting-room/internal/installplan","Test":"TestCostMaximumAndDeterminism/repeat#09","Output":"=== RUN   TestCostMaximumAndDeterminism/repeat#09\n"}
{"Time":"2026-09-05T22:30:22.383787+09:00","Action":"output","Package":"waiting-room/internal/installplan","Test":"TestCostMaximumAndDeterminism/repeat#09","Output":"=== PAUSE TestCostMaximumAndDeterminism/repeat#09\n"}
{"Time":"2026-09-05T22:30:22.383789+09:00","Action":"pause","Package":"waiting-room/internal/installplan","Test":"TestCostMaximumAndDeterminism/repeat#09"}
{"Time":"2026-09-05T22:30:22.383807+09:00","Action":"run","Package":"waiting-room/internal/installplan","Test":"TestCostMaximumAndDeterminism/repeat#10"}
{"Time":"2026-09-05T22:30:22.383809+09:00","Action":"output","Package":"waiting-room/internal/installplan","Test":"TestCostMaximumAndDeterminism/repeat#10","Output":"=== RUN   TestCostMaximumAndDeterminism/repeat#10\n"}
{"Time":"2026-09-05T22:30:22.383822+09:00","Action":"output","Package":"waiting-room/internal/installplan","Test":"TestCostMaximumAndDeterminism/repeat#10","Output":"=== PAUSE TestCostMaximumAndDeterminism/repeat#10\n"}
{"Time":"2026-09-05T22:30:22.383824+09:00","Action":"pause","Package":"waiting-room/internal/installplan","Test":"TestCostMaximumAndDeterminism/repeat#10"}
{"Time":"2026-09-05T22:30:22.383837+09:00","Action":"run","Package":"waiting-room/internal/installplan","Test":"TestCostMaximumAndDeterminism/repeat#11"}
{"Time":"2026-09-05T22:30:22.38384+09:00","Action":"output","Package":"waiting-room/internal/installplan","Test":"TestCostMaximumAndDeterminism/repeat#11","Output":"=== RUN   TestCostMaximumAndDeterminism/repeat#11\n"}
{"Time":"2026-09-05T22:30:22.383851+09:00","Action":"output","Package":"waiting-room/internal/installplan","Test":"TestCostMaximumAndDeterminism/repeat#11","Output":"=== PAUSE TestCostMaximumAndDeterminism/repeat#11\n"}
{"Time":"2026-09-05T22:30:22.383853+09:00","Action":"pause","Package":"waiting-room/internal/installplan","Test":"TestCostMaximumAndDeterminism/repeat#11"}
{"Time":"2026-09-05T22:30:22.383867+09:00","Action":"run","Package":"waiting-room/internal/installplan","Test":"TestCostMaximumAndDeterminism/repeat#12"}
{"Time":"2026-09-05T22:30:22.38387+09:00","Action":"output","Package":"waiting-room/internal/installplan","Test":"TestCostMaximumAndDeterminism/repeat#12","Output":"=== RUN   TestCostMaximumAndDeterminism/repeat#12\n"}
{"Time":"2026-09-05T22:30:22.383882+09:00","Action":"output","Package":"waiting-room/internal/installplan","Test":"TestCostMaximumAndDeterminism/repeat#12","Output":"=== PAUSE TestCostMaximumAndDeterminism/repeat#12\n"}
{"Time":"2026-09-05T22:30:22.383884+09:00","Action":"pause","Package":"waiting-room/internal/installplan","Test":"TestCostMaximumAndDeterminism/repeat#12"}
{"Time":"2026-09-05T22:30:22.3839+09:00","Action":"run","Package":"waiting-room/internal/installplan","Test":"TestCostMaximumAndDeterminism/repeat#13"}
{"Time":"2026-09-05T22:30:22.383903+09:00","Action":"output","Package":"waiting-room/internal/installplan","Test":"TestCostMaximumAndDeterminism/repeat#13","Output":"=== RUN   TestCostMaximumAndDeterminism/repeat#13\n"}
{"Time":"2026-09-05T22:30:22.383919+09:00","Action":"output","Package":"waiting-room/internal/installplan","Test":"TestCostMaximumAndDeterminism/repeat#13","Output":"=== PAUSE TestCostMaximumAndDeterminism/repeat#13\n"}
{"Time":"2026-09-05T22:30:22.383922+09:00","Action":"pause","Package":"waiting-room/internal/installplan","Test":"TestCostMaximumAndDeterminism/repeat#13"}
{"Time":"2026-09-05T22:30:22.383934+09:00","Action":"run","Package":"waiting-room/internal/installplan","Test":"TestCostMaximumAndDeterminism/repeat#14"}
{"Time":"2026-09-05T22:30:22.383936+09:00","Action":"output","Package":"waiting-room/internal/installplan","Test":"TestCostMaximumAndDeterminism/repeat#14","Output":"=== RUN   TestCostMaximumAndDeterminism/repeat#14\n"}
{"Time":"2026-09-05T22:30:22.383947+09:00","Action":"output","Package":"waiting-room/internal/installplan","Test":"TestCostMaximumAndDeterminism/repeat#14","Output":"=== PAUSE TestCostMaximumAndDeterminism/repeat#14\n"}
{"Time":"2026-09-05T22:30:22.383949+09:00","Action":"pause","Package":"waiting-room/internal/installplan","Test":"TestCostMaximumAndDeterminism/repeat#14"}
{"Time":"2026-09-05T22:30:22.383964+09:00","Action":"run","Package":"waiting-room/internal/installplan","Test":"TestCostMaximumAndDeterminism/repeat#15"}
{"Time":"2026-09-05T22:30:22.383968+09:00","Action":"output","Package":"waiting-room/internal/installplan","Test":"TestCostMaximumAndDeterminism/repeat#15","Output":"=== RUN   TestCostMaximumAndDeterminism/repeat#15\n"}
{"Time":"2026-09-05T22:30:22.38398+09:00","Action":"output","Package":"waiting-room/internal/installplan","Test":"TestCostMaximumAndDeterminism/repeat#15","Output":"=== PAUSE TestCostMaximumAndDeterminism/repeat#15\n"}
{"Time":"2026-09-05T22:30:22.383984+09:00","Action":"pause","Package":"waiting-room/internal/installplan","Test":"TestCostMaximumAndDeterminism/repeat#15"}
{"Time":"2026-09-05T22:30:22.38402+09:00","Action":"run","Package":"waiting-room/internal/installplan","Test":"TestCostMaximumAndDeterminism/repeat#16"}
{"Time":"2026-09-05T22:30:22.384023+09:00","Action":"output","Package":"waiting-room/internal/installplan","Test":"TestCostMaximumAndDeterminism/repeat#16","Output":"=== RUN   TestCostMaximumAndDeterminism/repeat#16\n"}
{"Time":"2026-09-05T22:30:22.384038+09:00","Action":"output","Package":"waiting-room/internal/installplan","Test":"TestCostMaximumAndDeterminism/repeat#16","Output":"=== PAUSE TestCostMaximumAndDeterminism/repeat#16\n"}
{"Time":"2026-09-05T22:30:22.38404+09:00","Action":"pause","Package":"waiting-room/internal/installplan","Test":"TestCostMaximumAndDeterminism/repeat#16"}
{"Time":"2026-09-05T22:30:22.384057+09:00","Action":"run","Package":"waiting-room/internal/installplan","Test":"TestCostMaximumAndDeterminism/repeat#17"}
{"Time":"2026-09-05T22:30:22.38406+09:00","Action":"output","Package":"waiting-room/internal/installplan","Test":"TestCostMaximumAndDeterminism/repeat#17","Output":"=== RUN   TestCostMaximumAndDeterminism/repeat#17\n"}
{"Time":"2026-09-05T22:30:22.384073+09:00","Action":"output","Package":"waiting-room/internal/installplan","Test":"TestCostMaximumAndDeterminism/repeat#17","Output":"=== PAUSE TestCostMaximumAndDeterminism/repeat#17\n"}
{"Time":"2026-09-05T22:30:22.384075+09:00","Action":"pause","Package":"waiting-room/internal/installplan","Test":"TestCostMaximumAndDeterminism/repeat#17"}
{"Time":"2026-09-05T22:30:22.384092+09:00","Action":"run","Package":"waiting-room/internal/installplan","Test":"TestCostMaximumAndDeterminism/repeat#18"}
{"Time":"2026-09-05T22:30:22.384094+09:00","Action":"output","Package":"waiting-room/internal/installplan","Test":"TestCostMaximumAndDeterminism/repeat#18","Output":"=== RUN   TestCostMaximumAndDeterminism/repeat#18\n"}
{"Time":"2026-09-05T22:30:22.384106+09:00","Action":"output","Package":"waiting-room/internal/installplan","Test":"TestCostMaximumAndDeterminism/repeat#18","Output":"=== PAUSE TestCostMaximumAndDeterminism/repeat#18\n"}
{"Time":"2026-09-05T22:30:22.384108+09:00","Action":"pause","Package":"waiting-room/internal/installplan","Test":"TestCostMaximumAndDeterminism/repeat#18"}
{"Time":"2026-09-05T22:30:22.384123+09:00","Action":"run","Package":"waiting-room/internal/installplan","Test":"TestCostMaximumAndDeterminism/repeat#19"}
{"Time":"2026-09-05T22:30:22.384125+09:00","Action":"output","Package":"waiting-room/internal/installplan","Test":"TestCostMaximumAndDeterminism/repeat#19","Output":"=== RUN   TestCostMaximumAndDeterminism/repeat#19\n"}
{"Time":"2026-09-05T22:30:22.384141+09:00","Action":"output","Package":"waiting-room/internal/installplan","Test":"TestCostMaximumAndDeterminism/repeat#19","Output":"=== PAUSE TestCostMaximumAndDeterminism/repeat#19\n"}
{"Time":"2026-09-05T22:30:22.384143+09:00","Action":"pause","Package":"waiting-room/internal/installplan","Test":"TestCostMaximumAndDeterminism/repeat#19"}
{"Time":"2026-09-05T22:30:22.384165+09:00","Action":"run","Package":"waiting-room/internal/installplan","Test":"TestCostMaximumAndDeterminism/repeat#20"}
{"Time":"2026-09-05T22:30:22.384167+09:00","Action":"output","Package":"waiting-room/internal/installplan","Test":"TestCostMaximumAndDeterminism/repeat#20","Output":"=== RUN   TestCostMaximumAndDeterminism/repeat#20\n"}
{"Time":"2026-09-05T22:30:22.384183+09:00","Action":"output","Package":"waiting-room/internal/installplan","Test":"TestCostMaximumAndDeterminism/repeat#20","Output":"=== PAUSE TestCostMaximumAndDeterminism/repeat#20\n"}
{"Time":"2026-09-05T22:30:22.384187+09:00","Action":"pause","Package":"waiting-room/internal/installplan","Test":"TestCostMaximumAndDeterminism/repeat#20"}
{"Time":"2026-09-05T22:30:22.384204+09:00","Action":"run","Package":"waiting-room/internal/installplan","Test":"TestCostMaximumAndDeterminism/repeat#21"}
{"Time":"2026-09-05T22:30:22.384206+09:00","Action":"output","Package":"waiting-room/internal/installplan","Test":"TestCostMaximumAndDeterminism/repeat#21","Output":"=== RUN   TestCostMaximumAndDeterminism/repeat#21\n"}
{"Time":"2026-09-05T22:30:22.384222+09:00","Action":"output","Package":"waiting-room/internal/installplan","Test":"TestCostMaximumAndDeterminism/repeat#21","Output":"=== PAUSE TestCostMaximumAndDeterminism/repeat#21\n"}
{"Time":"2026-09-05T22:30:22.384225+09:00","Action":"pause","Package":"waiting-room/internal/installplan","Test":"TestCostMaximumAndDeterminism/repeat#21"}
{"Time":"2026-09-05T22:30:22.384267+09:00","Action":"run","Package":"waiting-room/internal/installplan","Test":"TestCostMaximumAndDeterminism/repeat#22"}
{"Time":"2026-09-05T22:30:22.384271+09:00","Action":"output","Package":"waiting-room/internal/installplan","Test":"TestCostMaximumAndDeterminism/repeat#22","Output":"=== RUN   TestCostMaximumAndDeterminism/repeat#22\n"}
{"Time":"2026-09-05T22:30:22.384284+09:00","Action":"output","Package":"waiting-room/internal/installplan","Test":"TestCostMaximumAndDeterminism/repeat#22","Output":"=== PAUSE TestCostMaximumAndDeterminism/repeat#22\n"}
{"Time":"2026-09-05T22:30:22.384286+09:00","Action":"pause","Package":"waiting-room/internal/installplan","Test":"TestCostMaximumAndDeterminism/repeat#22"}
{"Time":"2026-09-05T22:30:22.384302+09:00","Action":"run","Package":"waiting-room/internal/installplan","Test":"TestCostMaximumAndDeterminism/repeat#23"}
{"Time":"2026-09-05T22:30:22.384305+09:00","Action":"output","Package":"waiting-room/internal/installplan","Test":"TestCostMaximumAndDeterminism/repeat#23","Output":"=== RUN   TestCostMaximumAndDeterminism/repeat#23\n"}
{"Time":"2026-09-05T22:30:22.384318+09:00","Action":"output","Package":"waiting-room/internal/installplan","Test":"TestCostMaximumAndDeterminism/repeat#23","Output":"=== PAUSE TestCostMaximumAndDeterminism/repeat#23\n"}
{"Time":"2026-09-05T22:30:22.38432+09:00","Action":"pause","Package":"waiting-room/internal/installplan","Test":"TestCostMaximumAndDeterminism/repeat#23"}
{"Time":"2026-09-05T22:30:22.384334+09:00","Action":"run","Package":"waiting-room/internal/installplan","Test":"TestCostMaximumAndDeterminism/repeat#24"}
{"Time":"2026-09-05T22:30:22.384336+09:00","Action":"output","Package":"waiting-room/internal/installplan","Test":"TestCostMaximumAndDeterminism/repeat#24","Output":"=== RUN   TestCostMaximumAndDeterminism/repeat#24\n"}
{"Time":"2026-09-05T22:30:22.384352+09:00","Action":"output","Package":"waiting-room/internal/installplan","Test":"TestCostMaximumAndDeterminism/repeat#24","Output":"=== PAUSE TestCostMaximumAndDeterminism/repeat#24\n"}
{"Time":"2026-09-05T22:30:22.384354+09:00","Action":"pause","Package":"waiting-room/internal/installplan","Test":"TestCostMaximumAndDeterminism/repeat#24"}
{"Time":"2026-09-05T22:30:22.384373+09:00","Action":"run","Package":"waiting-room/internal/installplan","Test":"TestCostMaximumAndDeterminism/repeat#25"}
{"Time":"2026-09-05T22:30:22.384375+09:00","Action":"output","Package":"waiting-room/internal/installplan","Test":"TestCostMaximumAndDeterminism/repeat#25","Output":"=== RUN   TestCostMaximumAndDeterminism/repeat#25\n"}
{"Time":"2026-09-05T22:30:22.384395+09:00","Action":"output","Package":"waiting-room/internal/installplan","Test":"TestCostMaximumAndDeterminism/repeat#25","Output":"=== PAUSE TestCostMaximumAndDeterminism/repeat#25\n"}
{"Time":"2026-09-05T22:30:22.384398+09:00","Action":"pause","Package":"waiting-room/internal/installplan","Test":"TestCostMaximumAndDeterminism/repeat#25"}
{"Time":"2026-09-05T22:30:22.384409+09:00","Action":"run","Package":"waiting-room/internal/installplan","Test":"TestCostMaximumAndDeterminism/repeat#26"}
{"Time":"2026-09-05T22:30:22.384411+09:00","Action":"output","Package":"waiting-room/internal/installplan","Test":"TestCostMaximumAndDeterminism/repeat#26","Output":"=== RUN   TestCostMaximumAndDeterminism/repeat#26\n"}
{"Time":"2026-09-05T22:30:22.384438+09:00","Action":"output","Package":"waiting-room/internal/installplan","Test":"TestCostMaximumAndDeterminism/repeat#26","Output":"=== PAUSE TestCostMaximumAndDeterminism/repeat#26\n"}
{"Time":"2026-09-05T22:30:22.384441+09:00","Action":"pause","Package":"waiting-room/internal/installplan","Test":"TestCostMaximumAndDeterminism/repeat#26"}
{"Time":"2026-09-05T22:30:22.384454+09:00","Action":"run","Package":"waiting-room/internal/installplan","Test":"TestCostMaximumAndDeterminism/repeat#27"}
{"Time":"2026-09-05T22:30:22.384456+09:00","Action":"output","Package":"waiting-room/internal/installplan","Test":"TestCostMaximumAndDeterminism/repeat#27","Output":"=== RUN   TestCostMaximumAndDeterminism/repeat#27\n"}
{"Time":"2026-09-05T22:30:22.38447+09:00","Action":"output","Package":"waiting-room/internal/installplan","Test":"TestCostMaximumAndDeterminism/repeat#27","Output":"=== PAUSE TestCostMaximumAndDeterminism/repeat#27\n"}
{"Time":"2026-09-05T22:30:22.384488+09:00","Action":"pause","Package":"waiting-room/internal/installplan","Test":"TestCostMaximumAndDeterminism/repeat#27"}
{"Time":"2026-09-05T22:30:22.384491+09:00","Action":"run","Package":"waiting-room/internal/installplan","Test":"TestCostMaximumAndDeterminism/repeat#28"}
{"Time":"2026-09-05T22:30:22.384493+09:00","Action":"output","Package":"waiting-room/internal/installplan","Test":"TestCostMaximumAndDeterminism/repeat#28","Output":"=== RUN   TestCostMaximumAndDeterminism/repeat#28\n"}
{"Time":"2026-09-05T22:30:22.384499+09:00","Action":"output","Package":"waiting-room/internal/installplan","Test":"TestCostMaximumAndDeterminism/repeat#28","Output":"=== PAUSE TestCostMaximumAndDeterminism/repeat#28\n"}
{"Time":"2026-09-05T22:30:22.384502+09:00","Action":"pause","Package":"waiting-room/internal/installplan","Test":"TestCostMaximumAndDeterminism/repeat#28"}
{"Time":"2026-09-05T22:30:22.384549+09:00","Action":"run","Package":"waiting-room/internal/installplan","Test":"TestCostMaximumAndDeterminism/repeat#29"}
{"Time":"2026-09-05T22:30:22.384563+09:00","Action":"output","Package":"waiting-room/internal/installplan","Test":"TestCostMaximumAndDeterminism/repeat#29","Output":"=== RUN   TestCostMaximumAndDeterminism/repeat#29\n"}
{"Time":"2026-09-05T22:30:22.384567+09:00","Action":"output","Package":"waiting-room/internal/installplan","Test":"TestCostMaximumAndDeterminism/repeat#29","Output":"=== PAUSE TestCostMaximumAndDeterminism/repeat#29\n"}
{"Time":"2026-09-05T22:30:22.384568+09:00","Action":"pause","Package":"waiting-room/internal/installplan","Test":"TestCostMaximumAndDeterminism/repeat#29"}
{"Time":"2026-09-05T22:30:22.384572+09:00","Action":"run","Package":"waiting-room/internal/installplan","Test":"TestCostMaximumAndDeterminism/repeat#30"}
{"Time":"2026-09-05T22:30:22.384584+09:00","Action":"output","Package":"waiting-room/internal/installplan","Test":"TestCostMaximumAndDeterminism/repeat#30","Output":"=== RUN   TestCostMaximumAndDeterminism/repeat#30\n"}
{"Time":"2026-09-05T22:30:22.384589+09:00","Action":"output","Package":"waiting-room/internal/installplan","Test":"TestCostMaximumAndDeterminism/repeat#30","Output":"=== PAUSE TestCostMaximumAndDeterminism/repeat#30\n"}
{"Time":"2026-09-05T22:30:22.384591+09:00","Action":"pause","Package":"waiting-room/internal/installplan","Test":"TestCostMaximumAndDeterminism/repeat#30"}
{"Time":"2026-09-05T22:30:22.384594+09:00","Action":"run","Package":"waiting-room/internal/installplan","Test":"TestCostMaximumAndDeterminism/repeat#31"}
{"Time":"2026-09-05T22:30:22.384596+09:00","Action":"output","Package":"waiting-room/internal/installplan","Test":"TestCostMaximumAndDeterminism/repeat#31","Output":"=== RUN   TestCostMaximumAndDeterminism/repeat#31\n"}
{"Time":"2026-09-05T22:30:22.3846+09:00","Action":"output","Package":"waiting-room/internal/installplan","Test":"TestCostMaximumAndDeterminism/repeat#31","Output":"=== PAUSE TestCostMaximumAndDeterminism/repeat#31\n"}
{"Time":"2026-09-05T22:30:22.384601+09:00","Action":"pause","Package":"waiting-room/internal/installplan","Test":"TestCostMaximumAndDeterminism/repeat#31"}
{"Time":"2026-09-05T22:30:22.384624+09:00","Action":"run","Package":"waiting-room/internal/installplan","Test":"TestCostMaximumAndDeterminism/repeat#32"}
{"Time":"2026-09-05T22:30:22.384628+09:00","Action":"output","Package":"waiting-room/internal/installplan","Test":"TestCostMaximumAndDeterminism/repeat#32","Output":"=== RUN   TestCostMaximumAndDeterminism/repeat#32\n"}
{"Time":"2026-09-05T22:30:22.384664+09:00","Action":"output","Package":"waiting-room/internal/installplan","Test":"TestCostMaximumAndDeterminism/repeat#32","Output":"=== PAUSE TestCostMaximumAndDeterminism/repeat#32\n"}
{"Time":"2026-09-05T22:30:22.384667+09:00","Action":"pause","Package":"waiting-room/internal/installplan","Test":"TestCostMaximumAndDeterminism/repeat#32"}
{"Time":"2026-09-05T22:30:22.384681+09:00","Action":"run","Package":"waiting-room/internal/installplan","Test":"TestCostMaximumAndDeterminism/repeat#33"}
{"Time":"2026-09-05T22:30:22.384683+09:00","Action":"output","Package":"waiting-room/internal/installplan","Test":"TestCostMaximumAndDeterminism/repeat#33","Output":"=== RUN   TestCostMaximumAndDeterminism/repeat#33\n"}
{"Time":"2026-09-05T22:30:22.384695+09:00","Action":"output","Package":"waiting-room/internal/installplan","Test":"TestCostMaximumAndDeterminism/repeat#33","Output":"=== PAUSE TestCostMaximumAndDeterminism/repeat#33\n"}
{"Time":"2026-09-05T22:30:22.384699+09:00","Action":"pause","Package":"waiting-room/internal/installplan","Test":"TestCostMaximumAndDeterminism/repeat#33"}
{"Time":"2026-09-05T22:30:22.384709+09:00","Action":"run","Package":"waiting-room/internal/installplan","Test":"TestCostMaximumAndDeterminism/repeat#34"}
{"Time":"2026-09-05T22:30:22.384712+09:00","Action":"output","Package":"waiting-room/internal/installplan","Test":"TestCostMaximumAndDeterminism/repeat#34","Output":"=== RUN   TestCostMaximumAndDeterminism/repeat#34\n"}
{"Time":"2026-09-05T22:30:22.384736+09:00","Action":"output","Package":"waiting-room/internal/installplan","Test":"TestCostMaximumAndDeterminism/repeat#34","Output":"=== PAUSE TestCostMaximumAndDeterminism/repeat#34\n"}
{"Time":"2026-09-05T22:30:22.38474+09:00","Action":"pause","Package":"waiting-room/internal/installplan","Test":"TestCostMaximumAndDeterminism/repeat#34"}
{"Time":"2026-09-05T22:30:22.384743+09:00","Action":"run","Package":"waiting-room/internal/installplan","Test":"TestCostMaximumAndDeterminism/repeat#35"}
{"Time":"2026-09-05T22:30:22.384744+09:00","Action":"output","Package":"waiting-room/internal/installplan","Test":"TestCostMaximumAndDeterminism/repeat#35","Output":"=== RUN   TestCostMaximumAndDeterminism/repeat#35\n"}
{"Time":"2026-09-05T22:30:22.384756+09:00","Action":"output","Package":"waiting-room/internal/installplan","Test":"TestCostMaximumAndDeterminism/repeat#35","Output":"=== PAUSE TestCostMaximumAndDeterminism/repeat#35\n"}
{"Time":"2026-09-05T22:30:22.38476+09:00","Action":"pause","Package":"waiting-room/internal/installplan","Test":"TestCostMaximumAndDeterminism/repeat#35"}
{"Time":"2026-09-05T22:30:22.384778+09:00","Action":"run","Package":"waiting-room/internal/installplan","Test":"TestCostMaximumAndDeterminism/repeat#36"}
{"Time":"2026-09-05T22:30:22.384781+09:00","Action":"output","Package":"waiting-room/internal/installplan","Test":"TestCostMaximumAndDeterminism/repeat#36","Output":"=== RUN   TestCostMaximumAndDeterminism/repeat#36\n"}
{"Time":"2026-09-05T22:30:22.384795+09:00","Action":"output","Package":"waiting-room/internal/installplan","Test":"TestCostMaximumAndDeterminism/repeat#36","Output":"=== PAUSE TestCostMaximumAndDeterminism/repeat#36\n"}
{"Time":"2026-09-05T22:30:22.384799+09:00","Action":"pause","Package":"waiting-room/internal/installplan","Test":"TestCostMaximumAndDeterminism/repeat#36"}
{"Time":"2026-09-05T22:30:22.384813+09:00","Action":"run","Package":"waiting-room/internal/installplan","Test":"TestCostMaximumAndDeterminism/repeat#37"}
{"Time":"2026-09-05T22:30:22.384817+09:00","Action":"output","Package":"waiting-room/internal/installplan","Test":"TestCostMaximumAndDeterminism/repeat#37","Output":"=== RUN   TestCostMaximumAndDeterminism/repeat#37\n"}
{"Time":"2026-09-05T22:30:22.38483+09:00","Action":"output","Package":"waiting-room/internal/installplan","Test":"TestCostMaximumAndDeterminism/repeat#37","Output":"=== PAUSE TestCostMaximumAndDeterminism/repeat#37\n"}
{"Time":"2026-09-05T22:30:22.384832+09:00","Action":"pause","Package":"waiting-room/internal/installplan","Test":"TestCostMaximumAndDeterminism/repeat#37"}
{"Time":"2026-09-05T22:30:22.384848+09:00","Action":"run","Package":"waiting-room/internal/installplan","Test":"TestCostMaximumAndDeterminism/repeat#38"}
{"Time":"2026-09-05T22:30:22.384852+09:00","Action":"output","Package":"waiting-room/internal/installplan","Test":"TestCostMaximumAndDeterminism/repeat#38","Output":"=== RUN   TestCostMaximumAndDeterminism/repeat#38\n"}
{"Time":"2026-09-05T22:30:22.384864+09:00","Action":"output","Package":"waiting-room/internal/installplan","Test":"TestCostMaximumAndDeterminism/repeat#38","Output":"=== PAUSE TestCostMaximumAndDeterminism/repeat#38\n"}
{"Time":"2026-09-05T22:30:22.384866+09:00","Action":"pause","Package":"waiting-room/internal/installplan","Test":"TestCostMaximumAndDeterminism/repeat#38"}
{"Time":"2026-09-05T22:30:22.384884+09:00","Action":"run","Package":"waiting-room/internal/installplan","Test":"TestCostMaximumAndDeterminism/repeat#39"}
{"Time":"2026-09-05T22:30:22.384888+09:00","Action":"output","Package":"waiting-room/internal/installplan","Test":"TestCostMaximumAndDeterminism/repeat#39","Output":"=== RUN   TestCostMaximumAndDeterminism/repeat#39\n"}
{"Time":"2026-09-05T22:30:22.38489+09:00","Action":"output","Package":"waiting-room/internal/installplan","Test":"TestCostMaximumAndDeterminism/repeat#39","Output":"=== PAUSE TestCostMaximumAndDeterminism/repeat#39\n"}
{"Time":"2026-09-05T22:30:22.384891+09:00","Action":"pause","Package":"waiting-room/internal/installplan","Test":"TestCostMaximumAndDeterminism/repeat#39"}
{"Time":"2026-09-05T22:30:22.38491+09:00","Action":"run","Package":"waiting-room/internal/installplan","Test":"TestCostMaximumAndDeterminism/repeat#40"}
{"Time":"2026-09-05T22:30:22.384913+09:00","Action":"output","Package":"waiting-room/internal/installplan","Test":"TestCostMaximumAndDeterminism/repeat#40","Output":"=== RUN   TestCostMaximumAndDeterminism/repeat#40\n"}
{"Time":"2026-09-05T22:30:22.384927+09:00","Action":"output","Package":"waiting-room/internal/installplan","Test":"TestCostMaximumAndDeterminism/repeat#40","Output":"=== PAUSE TestCostMaximumAndDeterminism/repeat#40\n"}
{"Time":"2026-09-05T22:30:22.38493+09:00","Action":"pause","Package":"waiting-room/internal/installplan","Test":"TestCostMaximumAndDeterminism/repeat#40"}
{"Time":"2026-09-05T22:30:22.384945+09:00","Action":"run","Package":"waiting-room/internal/installplan","Test":"TestCostMaximumAndDeterminism/repeat#41"}
{"Time":"2026-09-05T22:30:22.384946+09:00","Action":"output","Package":"waiting-room/internal/installplan","Test":"TestCostMaximumAndDeterminism/repeat#41","Output":"=== RUN   TestCostMaximumAndDeterminism/repeat#41\n"}
{"Time":"2026-09-05T22:30:22.384966+09:00","Action":"output","Package":"waiting-room/internal/installplan","Test":"TestCostMaximumAndDeterminism/repeat#41","Output":"=== PAUSE TestCostMaximumAndDeterminism/repeat#41\n"}
{"Time":"2026-09-05T22:30:22.384969+09:00","Action":"pause","Package":"waiting-room/internal/installplan","Test":"TestCostMaximumAndDeterminism/repeat#41"}
{"Time":"2026-09-05T22:30:22.384977+09:00","Action":"run","Package":"waiting-room/internal/installplan","Test":"TestCostMaximumAndDeterminism/repeat#42"}
{"Time":"2026-09-05T22:30:22.384979+09:00","Action":"output","Package":"waiting-room/internal/installplan","Test":"TestCostMaximumAndDeterminism/repeat#42","Output":"=== RUN   TestCostMaximumAndDeterminism/repeat#42\n"}
{"Time":"2026-09-05T22:30:22.38499+09:00","Action":"output","Package":"waiting-room/internal/installplan","Test":"TestCostMaximumAndDeterminism/repeat#42","Output":"=== PAUSE TestCostMaximumAndDeterminism/repeat#42\n"}
{"Time":"2026-09-05T22:30:22.384993+09:00","Action":"pause","Package":"waiting-room/internal/installplan","Test":"TestCostMaximumAndDeterminism/repeat#42"}
{"Time":"2026-09-05T22:30:22.385013+09:00","Action":"run","Package":"waiting-room/internal/installplan","Test":"TestCostMaximumAndDeterminism/repeat#43"}
{"Time":"2026-09-05T22:30:22.385027+09:00","Action":"output","Package":"waiting-room/internal/installplan","Test":"TestCostMaximumAndDeterminism/repeat#43","Output":"=== RUN   TestCostMaximumAndDeterminism/repeat#43\n"}
{"Time":"2026-09-05T22:30:22.38503+09:00","Action":"output","Package":"waiting-room/internal/installplan","Test":"TestCostMaximumAndDeterminism/repeat#43","Output":"=== PAUSE TestCostMaximumAndDeterminism/repeat#43\n"}
{"Time":"2026-09-05T22:30:22.385032+09:00","Action":"pause","Package":"waiting-room/internal/installplan","Test":"TestCostMaximumAndDeterminism/repeat#43"}
{"Time":"2026-09-05T22:30:22.385035+09:00","Action":"run","Package":"waiting-room/internal/installplan","Test":"TestCostMaximumAndDeterminism/repeat#44"}
{"Time":"2026-09-05T22:30:22.385038+09:00","Action":"output","Package":"waiting-room/internal/installplan","Test":"TestCostMaximumAndDeterminism/repeat#44","Output":"=== RUN   TestCostMaximumAndDeterminism/repeat#44\n"}
{"Time":"2026-09-05T22:30:22.385059+09:00","Action":"output","Package":"waiting-room/internal/installplan","Test":"TestCostMaximumAndDeterminism/repeat#44","Output":"=== PAUSE TestCostMaximumAndDeterminism/repeat#44\n"}
{"Time":"2026-09-05T22:30:22.385062+09:00","Action":"pause","Package":"waiting-room/internal/installplan","Test":"TestCostMaximumAndDeterminism/repeat#44"}
{"Time":"2026-09-05T22:30:22.385072+09:00","Action":"run","Package":"waiting-room/internal/installplan","Test":"TestCostMaximumAndDeterminism/repeat#45"}
{"Time":"2026-09-05T22:30:22.385074+09:00","Action":"output","Package":"waiting-room/internal/installplan","Test":"TestCostMaximumAndDeterminism/repeat#45","Output":"=== RUN   TestCostMaximumAndDeterminism/repeat#45\n"}
{"Time":"2026-09-05T22:30:22.385086+09:00","Action":"output","Package":"waiting-room/internal/installplan","Test":"TestCostMaximumAndDeterminism/repeat#45","Output":"=== PAUSE TestCostMaximumAndDeterminism/repeat#45\n"}
{"Time":"2026-09-05T22:30:22.385089+09:00","Action":"pause","Package":"waiting-room/internal/installplan","Test":"TestCostMaximumAndDeterminism/repeat#45"}
{"Time":"2026-09-05T22:30:22.385108+09:00","Action":"run","Package":"waiting-room/internal/installplan","Test":"TestCostMaximumAndDeterminism/repeat#46"}
{"Time":"2026-09-05T22:30:22.38511+09:00","Action":"output","Package":"waiting-room/internal/installplan","Test":"TestCostMaximumAndDeterminism/repeat#46","Output":"=== RUN   TestCostMaximumAndDeterminism/repeat#46\n"}
{"Time":"2026-09-05T22:30:22.385123+09:00","Action":"output","Package":"waiting-room/internal/installplan","Test":"TestCostMaximumAndDeterminism/repeat#46","Output":"=== PAUSE TestCostMaximumAndDeterminism/repeat#46\n"}
{"Time":"2026-09-05T22:30:22.385126+09:00","Action":"pause","Package":"waiting-room/internal/installplan","Test":"TestCostMaximumAndDeterminism/repeat#46"}
{"Time":"2026-09-05T22:30:22.385139+09:00","Action":"run","Package":"waiting-room/internal/installplan","Test":"TestCostMaximumAndDeterminism/repeat#47"}
{"Time":"2026-09-05T22:30:22.385141+09:00","Action":"output","Package":"waiting-room/internal/installplan","Test":"TestCostMaximumAndDeterminism/repeat#47","Output":"=== RUN   TestCostMaximumAndDeterminism/repeat#47\n"}
{"Time":"2026-09-05T22:30:22.385151+09:00","Action":"output","Package":"waiting-room/internal/installplan","Test":"TestCostMaximumAndDeterminism/repeat#47","Output":"=== PAUSE TestCostMaximumAndDeterminism/repeat#47\n"}
{"Time":"2026-09-05T22:30:22.385153+09:00","Action":"pause","Package":"waiting-room/internal/installplan","Test":"TestCostMaximumAndDeterminism/repeat#47"}
{"Time":"2026-09-05T22:30:22.385168+09:00","Action":"run","Package":"waiting-room/internal/installplan","Test":"TestCostMaximumAndDeterminism/repeat#48"}
{"Time":"2026-09-05T22:30:22.385171+09:00","Action":"output","Package":"waiting-room/internal/installplan","Test":"TestCostMaximumAndDeterminism/repeat#48","Output":"=== RUN   TestCostMaximumAndDeterminism/repeat#48\n"}
{"Time":"2026-09-05T22:30:22.385185+09:00","Action":"output","Package":"waiting-room/internal/installplan","Test":"TestCostMaximumAndDeterminism/repeat#48","Output":"=== PAUSE TestCostMaximumAndDeterminism/repeat#48\n"}
{"Time":"2026-09-05T22:30:22.385187+09:00","Action":"pause","Package":"waiting-room/internal/installplan","Test":"TestCostMaximumAndDeterminism/repeat#48"}
{"Time":"2026-09-05T22:30:22.385204+09:00","Action":"run","Package":"waiting-room/internal/installplan","Test":"TestCostMaximumAndDeterminism/repeat#49"}
{"Time":"2026-09-05T22:30:22.385206+09:00","Action":"output","Package":"waiting-room/internal/installplan","Test":"TestCostMaximumAndDeterminism/repeat#49","Output":"=== RUN   TestCostMaximumAndDeterminism/repeat#49\n"}
{"Time":"2026-09-05T22:30:22.385222+09:00","Action":"output","Package":"waiting-room/internal/installplan","Test":"TestCostMaximumAndDeterminism/repeat#49","Output":"=== PAUSE TestCostMaximumAndDeterminism/repeat#49\n"}
{"Time":"2026-09-05T22:30:22.385225+09:00","Action":"pause","Package":"waiting-room/internal/installplan","Test":"TestCostMaximumAndDeterminism/repeat#49"}
{"Time":"2026-09-05T22:30:22.385258+09:00","Action":"cont","Package":"waiting-room/internal/installplan","Test":"TestCostMaximumAndDeterminism/repeat"}
{"Time":"2026-09-05T22:30:22.385262+09:00","Action":"output","Package":"waiting-room/internal/installplan","Test":"TestCostMaximumAndDeterminism/repeat","Output":"=== CONT  TestCostMaximumAndDeterminism/repeat\n"}
{"Time":"2026-09-05T22:30:22.38528+09:00","Action":"cont","Package":"waiting-room/internal/installplan","Test":"TestCostMaximumAndDeterminism/repeat#41"}
{"Time":"2026-09-05T22:30:22.385282+09:00","Action":"output","Package":"waiting-room/internal/installplan","Test":"TestCostMaximumAndDeterminism/repeat#41","Output":"=== CONT  TestCostMaximumAndDeterminism/repeat#41\n"}
{"Time":"2026-09-05T22:30:22.385337+09:00","Action":"cont","Package":"waiting-room/internal/installplan","Test":"TestCostMaximumAndDeterminism/repeat#25"}
{"Time":"2026-09-05T22:30:22.385341+09:00","Action":"output","Package":"waiting-room/internal/installplan","Test":"TestCostMaximumAndDeterminism/repeat#25","Output":"=== CONT  TestCostMaximumAndDeterminism/repeat#25\n"}
{"Time":"2026-09-05T22:30:22.385413+09:00","Action":"cont","Package":"waiting-room/internal/installplan","Test":"TestCostMaximumAndDeterminism/repeat#30"}
{"Time":"2026-09-05T22:30:22.385429+09:00","Action":"output","Package":"waiting-room/internal/installplan","Test":"TestCostMaximumAndDeterminism/repeat#30","Output":"=== CONT  TestCostMaximumAndDeterminism/repeat#30\n"}
{"Time":"2026-09-05T22:30:22.385435+09:00","Action":"cont","Package":"waiting-room/internal/installplan","Test":"TestCostMaximumAndDeterminism/repeat#31"}
{"Time":"2026-09-05T22:30:22.385438+09:00","Action":"output","Package":"waiting-room/internal/installplan","Test":"TestCostMaximumAndDeterminism/repeat#31","Output":"=== CONT  TestCostMaximumAndDeterminism/repeat#31\n"}
{"Time":"2026-09-05T22:30:22.385492+09:00","Action":"output","Package":"waiting-room/internal/installplan","Test":"TestCostMaximumAndDeterminism/repeat","Output":"--- PASS: TestCostMaximumAndDeterminism/repeat (0.00s)\n"}
{"Time":"2026-09-05T22:30:22.385502+09:00","Action":"pass","Package":"waiting-room/internal/installplan","Test":"TestCostMaximumAndDeterminism/repeat","Elapsed":0}
{"Time":"2026-09-05T22:30:22.385507+09:00","Action":"cont","Package":"waiting-room/internal/installplan","Test":"TestCostMaximumAndDeterminism/repeat#48"}
{"Time":"2026-09-05T22:30:22.38551+09:00","Action":"output","Package":"waiting-room/internal/installplan","Test":"TestCostMaximumAndDeterminism/repeat#48","Output":"=== CONT  TestCostMaximumAndDeterminism/repeat#48\n"}
{"Time":"2026-09-05T22:30:22.385586+09:00","Action":"cont","Package":"waiting-room/internal/installplan","Test":"TestCostMaximumAndDeterminism/repeat#29"}
{"Time":"2026-09-05T22:30:22.385592+09:00","Action":"output","Package":"waiting-room/internal/installplan","Test":"TestCostMaximumAndDeterminism/repeat#29","Output":"=== CONT  TestCostMaximumAndDeterminism/repeat#29\n"}
{"Time":"2026-09-05T22:30:22.385627+09:00","Action":"cont","Package":"waiting-room/internal/installplan","Test":"TestCostMaximumAndDeterminism/repeat#45"}
{"Time":"2026-09-05T22:30:22.385648+09:00","Action":"output","Package":"waiting-room/internal/installplan","Test":"TestCostMaximumAndDeterminism/repeat#45","Output":"=== CONT  TestCostMaximumAndDeterminism/repeat#45\n"}
{"Time":"2026-09-05T22:30:22.385705+09:00","Action":"cont","Package":"waiting-room/internal/installplan","Test":"TestCostMaximumAndDeterminism/repeat#28"}
{"Time":"2026-09-05T22:30:22.385726+09:00","Action":"output","Package":"waiting-room/internal/installplan","Test":"TestCostMaximumAndDeterminism/repeat#28","Output":"=== CONT  TestCostMaximumAndDeterminism/repeat#28\n"}
{"Time":"2026-09-05T22:30:22.385731+09:00","Action":"cont","Package":"waiting-room/internal/installplan","Test":"TestCostMaximumAndDeterminism/repeat#12"}
{"Time":"2026-09-05T22:30:22.385732+09:00","Action":"output","Package":"waiting-room/internal/installplan","Test":"TestCostMaximumAndDeterminism/repeat#12","Output":"=== CONT  TestCostMaximumAndDeterminism/repeat#12\n"}
{"Time":"2026-09-05T22:30:22.385778+09:00","Action":"cont","Package":"waiting-room/internal/installplan","Test":"TestCostMaximumAndDeterminism/repeat#27"}
{"Time":"2026-09-05T22:30:22.385782+09:00","Action":"output","Package":"waiting-room/internal/installplan","Test":"TestCostMaximumAndDeterminism/repeat#27","Output":"=== CONT  TestCostMaximumAndDeterminism/repeat#27\n"}
{"Time":"2026-09-05T22:30:22.385808+09:00","Action":"cont","Package":"waiting-room/internal/installplan","Test":"TestCostMaximumAndDeterminism/repeat#26"}
{"Time":"2026-09-05T22:30:22.385811+09:00","Action":"output","Package":"waiting-room/internal/installplan","Test":"TestCostMaximumAndDeterminism/repeat#26","Output":"=== CONT  TestCostMaximumAndDeterminism/repeat#26\n"}
{"Time":"2026-09-05T22:30:22.385851+09:00","Action":"cont","Package":"waiting-room/internal/installplan","Test":"TestCostMaximumAndDeterminism/repeat#22"}
{"Time":"2026-09-05T22:30:22.38586+09:00","Action":"output","Package":"waiting-room/internal/installplan","Test":"TestCostMaximumAndDeterminism/repeat#22","Output":"=== CONT  TestCostMaximumAndDeterminism/repeat#22\n"}
{"Time":"2026-09-05T22:30:22.385884+09:00","Action":"cont","Package":"waiting-room/internal/installplan","Test":"TestCostMaximumAndDeterminism/repeat#34"}
{"Time":"2026-09-05T22:30:22.385892+09:00","Action":"output","Package":"waiting-room/internal/installplan","Test":"TestCostMaximumAndDeterminism/repeat#34","Output":"=== CONT  TestCostMaximumAndDeterminism/repeat#34\n"}
{"Time":"2026-09-05T22:30:22.38602+09:00","Action":"cont","Package":"waiting-room/internal/installplan","Test":"TestCostMaximumAndDeterminism/repeat#36"}
{"Time":"2026-09-05T22:30:22.386025+09:00","Action":"output","Package":"waiting-room/internal/installplan","Test":"TestCostMaximumAndDeterminism/repeat#36","Output":"=== CONT  TestCostMaximumAndDeterminism/repeat#36\n"}
{"Time":"2026-09-05T22:30:22.386098+09:00","Action":"cont","Package":"waiting-room/internal/installplan","Test":"TestCostMaximumAndDeterminism/repeat#37"}
{"Time":"2026-09-05T22:30:22.386102+09:00","Action":"output","Package":"waiting-room/internal/installplan","Test":"TestCostMaximumAndDeterminism/repeat#37","Output":"=== CONT  TestCostMaximumAndDeterminism/repeat#37\n"}
{"Time":"2026-09-05T22:30:22.386105+09:00","Action":"cont","Package":"waiting-room/internal/installplan","Test":"TestCostMaximumAndDeterminism/repeat#44"}
{"Time":"2026-09-05T22:30:22.386109+09:00","Action":"output","Package":"waiting-room/internal/installplan","Test":"TestCostMaximumAndDeterminism/repeat#44","Output":"=== CONT  TestCostMaximumAndDeterminism/repeat#44\n"}
{"Time":"2026-09-05T22:30:22.386112+09:00","Action":"cont","Package":"waiting-room/internal/installplan","Test":"TestCostMaximumAndDeterminism/repeat#49"}
{"Time":"2026-09-05T22:30:22.386114+09:00","Action":"output","Package":"waiting-room/internal/installplan","Test":"TestCostMaximumAndDeterminism/repeat#49","Output":"=== CONT  TestCostMaximumAndDeterminism/repeat#49\n"}
{"Time":"2026-09-05T22:30:22.386117+09:00","Action":"output","Package":"waiting-room/internal/installplan","Test":"TestCostMaximumAndDeterminism/repeat#41","Output":"--- PASS: TestCostMaximumAndDeterminism/repeat#41 (0.00s)\n"}
{"Time":"2026-09-05T22:30:22.386119+09:00","Action":"pass","Package":"waiting-room/internal/installplan","Test":"TestCostMaximumAndDeterminism/repeat#41","Elapsed":0}
{"Time":"2026-09-05T22:30:22.386122+09:00","Action":"output","Package":"waiting-room/internal/installplan","Test":"TestCostMaximumAndDeterminism/repeat#22","Output":"--- PASS: TestCostMaximumAndDeterminism/repeat#22 (0.00s)\n"}
{"Time":"2026-09-05T22:30:22.386125+09:00","Action":"pass","Package":"waiting-room/internal/installplan","Test":"TestCostMaximumAndDeterminism/repeat#22","Elapsed":0}
{"Time":"2026-09-05T22:30:22.386127+09:00","Action":"cont","Package":"waiting-room/internal/installplan","Test":"TestCostMaximumAndDeterminism/repeat#20"}
{"Time":"2026-09-05T22:30:22.386131+09:00","Action":"output","Package":"waiting-room/internal/installplan","Test":"TestCostMaximumAndDeterminism/repeat#20","Output":"=== CONT  TestCostMaximumAndDeterminism/repeat#20\n"}
{"Time":"2026-09-05T22:30:22.386136+09:00","Action":"cont","Package":"waiting-room/internal/installplan","Test":"TestCostMaximumAndDeterminism/repeat#47"}
{"Time":"2026-09-05T22:30:22.386139+09:00","Action":"output","Package":"waiting-room/internal/installplan","Test":"TestCostMaximumAndDeterminism/repeat#47","Output":"=== CONT  TestCostMaximumAndDeterminism/repeat#47\n"}
{"Time":"2026-09-05T22:30:22.386144+09:00","Action":"output","Package":"waiting-room/internal/installplan","Test":"TestCostMaximumAndDeterminism/repeat#30","Output":"--- PASS: TestCostMaximumAndDeterminism/repeat#30 (0.00s)\n"}
{"Time":"2026-09-05T22:30:22.386147+09:00","Action":"pass","Package":"waiting-room/internal/installplan","Test":"TestCostMaximumAndDeterminism/repeat#30","Elapsed":0}
{"Time":"2026-09-05T22:30:22.386148+09:00","Action":"cont","Package":"waiting-room/internal/installplan","Test":"TestCostMaximumAndDeterminism/repeat#46"}
{"Time":"2026-09-05T22:30:22.386151+09:00","Action":"output","Package":"waiting-room/internal/installplan","Test":"TestCostMaximumAndDeterminism/repeat#46","Output":"=== CONT  TestCostMaximumAndDeterminism/repeat#46\n"}
{"Time":"2026-09-05T22:30:22.386156+09:00","Action":"cont","Package":"waiting-room/internal/installplan","Test":"TestCostMaximumAndDeterminism/repeat#23"}
{"Time":"2026-09-05T22:30:22.386158+09:00","Action":"output","Package":"waiting-room/internal/installplan","Test":"TestCostMaximumAndDeterminism/repeat#23","Output":"=== CONT  TestCostMaximumAndDeterminism/repeat#23\n"}
{"Time":"2026-09-05T22:30:22.38616+09:00","Action":"output","Package":"waiting-room/internal/installplan","Test":"TestCostMaximumAndDeterminism/repeat#25","Output":"--- PASS: TestCostMaximumAndDeterminism/repeat#25 (0.00s)\n"}
{"Time":"2026-09-05T22:30:22.386187+09:00","Action":"pass","Package":"waiting-room/internal/installplan","Test":"TestCostMaximumAndDeterminism/repeat#25","Elapsed":0}
{"Time":"2026-09-05T22:30:22.386192+09:00","Action":"output","Package":"waiting-room/internal/installplan","Test":"TestCostMaximumAndDeterminism/repeat#31","Output":"--- PASS: TestCostMaximumAndDeterminism/repeat#31 (0.00s)\n"}
{"Time":"2026-09-05T22:30:22.386194+09:00","Action":"pass","Package":"waiting-room/internal/installplan","Test":"TestCostMaximumAndDeterminism/repeat#31","Elapsed":0}
{"Time":"2026-09-05T22:30:22.386195+09:00","Action":"cont","Package":"waiting-room/internal/installplan","Test":"TestCostMaximumAndDeterminism/repeat#24"}
{"Time":"2026-09-05T22:30:22.386197+09:00","Action":"output","Package":"waiting-room/internal/installplan","Test":"TestCostMaximumAndDeterminism/repeat#24","Output":"=== CONT  TestCostMaximumAndDeterminism/repeat#24\n"}
{"Time":"2026-09-05T22:30:22.386199+09:00","Action":"cont","Package":"waiting-room/internal/installplan","Test":"TestCostMaximumAndDeterminism/repeat#19"}
{"Time":"2026-09-05T22:30:22.386201+09:00","Action":"output","Package":"waiting-room/internal/installplan","Test":"TestCostMaximumAndDeterminism/repeat#19","Output":"=== CONT  TestCostMaximumAndDeterminism/repeat#19\n"}
{"Time":"2026-09-05T22:30:22.386292+09:00","Action":"output","Package":"waiting-room/internal/installplan","Test":"TestCostMaximumAndDeterminism/repeat#12","Output":"--- PASS: TestCostMaximumAndDeterminism/repeat#12 (0.00s)\n"}
{"Time":"2026-09-05T22:30:22.386538+09:00","Action":"pass","Package":"waiting-room/internal/installplan","Test":"TestCostMaximumAndDeterminism/repeat#12","Elapsed":0}
{"Time":"2026-09-05T22:30:22.386543+09:00","Action":"output","Package":"waiting-room/internal/installplan","Test":"TestCostMaximumAndDeterminism/repeat#45","Output":"--- PASS: TestCostMaximumAndDeterminism/repeat#45 (0.00s)\n"}
{"Time":"2026-09-05T22:30:22.386544+09:00","Action":"pass","Package":"waiting-room/internal/installplan","Test":"TestCostMaximumAndDeterminism/repeat#45","Elapsed":0}
{"Time":"2026-09-05T22:30:22.386564+09:00","Action":"cont","Package":"waiting-room/internal/installplan","Test":"TestCostMaximumAndDeterminism/repeat#21"}
{"Time":"2026-09-05T22:30:22.386568+09:00","Action":"output","Package":"waiting-room/internal/installplan","Test":"TestCostMaximumAndDeterminism/repeat#21","Output":"=== CONT  TestCostMaximumAndDeterminism/repeat#21\n"}
{"Time":"2026-09-05T22:30:22.386572+09:00","Action":"output","Package":"waiting-room/internal/installplan","Test":"TestCostMaximumAndDeterminism/repeat#48","Output":"--- PASS: TestCostMaximumAndDeterminism/repeat#48 (0.00s)\n"}
{"Time":"2026-09-05T22:30:22.386575+09:00","Action":"pass","Package":"waiting-room/internal/installplan","Test":"TestCostMaximumAndDeterminism/repeat#48","Elapsed":0}
{"Time":"2026-09-05T22:30:22.386578+09:00","Action":"output","Package":"waiting-room/internal/installplan","Test":"TestCostMaximumAndDeterminism/repeat#26","Output":"--- PASS: TestCostMaximumAndDeterminism/repeat#26 (0.00s)\n"}
{"Time":"2026-09-05T22:30:22.386583+09:00","Action":"pass","Package":"waiting-room/internal/installplan","Test":"TestCostMaximumAndDeterminism/repeat#26","Elapsed":0}
{"Time":"2026-09-05T22:30:22.386585+09:00","Action":"output","Package":"waiting-room/internal/installplan","Test":"TestCostMaximumAndDeterminism/repeat#29","Output":"--- PASS: TestCostMaximumAndDeterminism/repeat#29 (0.00s)\n"}
{"Time":"2026-09-05T22:30:22.386587+09:00","Action":"pass","Package":"waiting-room/internal/installplan","Test":"TestCostMaximumAndDeterminism/repeat#29","Elapsed":0}
{"Time":"2026-09-05T22:30:22.386589+09:00","Action":"cont","Package":"waiting-room/internal/installplan","Test":"TestCostMaximumAndDeterminism/repeat#17"}
{"Time":"2026-09-05T22:30:22.386591+09:00","Action":"output","Package":"waiting-room/internal/installplan","Test":"TestCostMaximumAndDeterminism/repeat#17","Output":"=== CONT  TestCostMaximumAndDeterminism/repeat#17\n"}
{"Time":"2026-09-05T22:30:22.386694+09:00","Action":"output","Package":"waiting-room/internal/installplan","Test":"TestCostMaximumAndDeterminism/repeat#27","Output":"--- PASS: TestCostMaximumAndDeterminism/repeat#27 (0.00s)\n"}
{"Time":"2026-09-05T22:30:22.386722+09:00","Action":"pass","Package":"waiting-room/internal/installplan","Test":"TestCostMaximumAndDeterminism/repeat#27","Elapsed":0}
{"Time":"2026-09-05T22:30:22.386727+09:00","Action":"output","Package":"waiting-room/internal/installplan","Test":"TestCostMaximumAndDeterminism/repeat#34","Output":"--- PASS: TestCostMaximumAndDeterminism/repeat#34 (0.00s)\n"}
{"Time":"2026-09-05T22:30:22.386732+09:00","Action":"pass","Package":"waiting-room/internal/installplan","Test":"TestCostMaximumAndDeterminism/repeat#34","Elapsed":0}
{"Time":"2026-09-05T22:30:22.386734+09:00","Action":"output","Package":"waiting-room/internal/installplan","Test":"TestCostMaximumAndDeterminism/repeat#28","Output":"--- PASS: TestCostMaximumAndDeterminism/repeat#28 (0.00s)\n"}
{"Time":"2026-09-05T22:30:22.386896+09:00","Action":"pass","Package":"waiting-room/internal/installplan","Test":"TestCostMaximumAndDeterminism/repeat#28","Elapsed":0}
{"Time":"2026-09-05T22:30:22.386904+09:00","Action":"output","Package":"waiting-room/internal/installplan","Test":"TestCostMaximumAndDeterminism/repeat#37","Output":"--- PASS: TestCostMaximumAndDeterminism/repeat#37 (0.00s)\n"}
{"Time":"2026-09-05T22:30:22.386908+09:00","Action":"pass","Package":"waiting-room/internal/installplan","Test":"TestCostMaximumAndDeterminism/repeat#37","Elapsed":0}
{"Time":"2026-09-05T22:30:22.38691+09:00","Action":"cont","Package":"waiting-room/internal/installplan","Test":"TestCostMaximumAndDeterminism/repeat#16"}
{"Time":"2026-09-05T22:30:22.386912+09:00","Action":"output","Package":"waiting-room/internal/installplan","Test":"TestCostMaximumAndDeterminism/repeat#16","Output":"=== CONT  TestCostMaximumAndDeterminism/repeat#16\n"}
{"Time":"2026-09-05T22:30:22.38703+09:00","Action":"output","Package":"waiting-room/internal/installplan","Test":"TestCostMaximumAndDeterminism/repeat#20","Output":"--- PASS: TestCostMaximumAndDeterminism/repeat#20 (0.00s)\n"}
{"Time":"2026-09-05T22:30:22.387054+09:00","Action":"pass","Package":"waiting-room/internal/installplan","Test":"TestCostMaximumAndDeterminism/repeat#20","Elapsed":0}
{"Time":"2026-09-05T22:30:22.387057+09:00","Action":"output","Package":"waiting-room/internal/installplan","Test":"TestCostMaximumAndDeterminism/repeat#44","Output":"--- PASS: TestCostMaximumAndDeterminism/repeat#44 (0.00s)\n"}
{"Time":"2026-09-05T22:30:22.387129+09:00","Action":"pass","Package":"waiting-room/internal/installplan","Test":"TestCostMaximumAndDeterminism/repeat#44","Elapsed":0}
{"Time":"2026-09-05T22:30:22.387134+09:00","Action":"output","Package":"waiting-room/internal/installplan","Test":"TestCostMaximumAndDeterminism/repeat#21","Output":"--- PASS: TestCostMaximumAndDeterminism/repeat#21 (0.00s)\n"}
{"Time":"2026-09-05T22:30:22.38737+09:00","Action":"pass","Package":"waiting-room/internal/installplan","Test":"TestCostMaximumAndDeterminism/repeat#21","Elapsed":0}
{"Time":"2026-09-05T22:30:22.387388+09:00","Action":"cont","Package":"waiting-room/internal/installplan","Test":"TestCostMaximumAndDeterminism/repeat#43"}
{"Time":"2026-09-05T22:30:22.38739+09:00","Action":"output","Package":"waiting-room/internal/installplan","Test":"TestCostMaximumAndDeterminism/repeat#43","Output":"=== CONT  TestCostMaximumAndDeterminism/repeat#43\n"}
{"Time":"2026-09-05T22:30:22.387401+09:00","Action":"cont","Package":"waiting-room/internal/installplan","Test":"TestCostMaximumAndDeterminism/repeat#15"}
{"Time":"2026-09-05T22:30:22.387405+09:00","Action":"output","Package":"waiting-room/internal/installplan","Test":"TestCostMaximumAndDeterminism/repeat#15","Output":"=== CONT  TestCostMaximumAndDeterminism/repeat#15\n"}
{"Time":"2026-09-05T22:30:22.387408+09:00","Action":"output","Package":"waiting-room/internal/installplan","Test":"TestCostMaximumAndDeterminism/repeat#49","Output":"--- PASS: TestCostMaximumAndDeterminism/repeat#49 (0.00s)\n"}
{"Time":"2026-09-05T22:30:22.387411+09:00","Action":"pass","Package":"waiting-room/internal/installplan","Test":"TestCostMaximumAndDeterminism/repeat#49","Elapsed":0}
{"Time":"2026-09-05T22:30:22.387412+09:00","Action":"cont","Package":"waiting-room/internal/installplan","Test":"TestCostMaximumAndDeterminism/repeat#14"}
{"Time":"2026-09-05T22:30:22.387414+09:00","Action":"output","Package":"waiting-room/internal/installplan","Test":"TestCostMaximumAndDeterminism/repeat#14","Output":"=== CONT  TestCostMaximumAndDeterminism/repeat#14\n"}
{"Time":"2026-09-05T22:30:22.387417+09:00","Action":"output","Package":"waiting-room/internal/installplan","Test":"TestCostMaximumAndDeterminism/repeat#47","Output":"--- PASS: TestCostMaximumAndDeterminism/repeat#47 (0.00s)\n"}
{"Time":"2026-09-05T22:30:22.387444+09:00","Action":"pass","Package":"waiting-room/internal/installplan","Test":"TestCostMaximumAndDeterminism/repeat#47","Elapsed":0}
{"Time":"2026-09-05T22:30:22.387451+09:00","Action":"cont","Package":"waiting-room/internal/installplan","Test":"TestCostMaximumAndDeterminism/repeat#33"}
{"Time":"2026-09-05T22:30:22.387454+09:00","Action":"output","Package":"waiting-room/internal/installplan","Test":"TestCostMaximumAndDeterminism/repeat#33","Output":"=== CONT  TestCostMaximumAndDeterminism/repeat#33\n"}
{"Time":"2026-09-05T22:30:22.387458+09:00","Action":"cont","Package":"waiting-room/internal/installplan","Test":"TestCostMaximumAndDeterminism/repeat#40"}
{"Time":"2026-09-05T22:30:22.387461+09:00","Action":"output","Package":"waiting-room/internal/installplan","Test":"TestCostMaximumAndDeterminism/repeat#40","Output":"=== CONT  TestCostMaximumAndDeterminism/repeat#40\n"}
{"Time":"2026-09-05T22:30:22.387494+09:00","Action":"output","Package":"waiting-room/internal/installplan","Test":"TestCostMaximumAndDeterminism/repeat#17","Output":"--- PASS: TestCostMaximumAndDeterminism/repeat#17 (0.00s)\n"}
{"Time":"2026-09-05T22:30:22.3875+09:00","Action":"pass","Package":"waiting-room/internal/installplan","Test":"TestCostMaximumAndDeterminism/repeat#17","Elapsed":0}
{"Time":"2026-09-05T22:30:22.387503+09:00","Action":"cont","Package":"waiting-room/internal/installplan","Test":"TestCostMaximumAndDeterminism/repeat#39"}
{"Time":"2026-09-05T22:30:22.387505+09:00","Action":"output","Package":"waiting-room/internal/installplan","Test":"TestCostMaximumAndDeterminism/repeat#39","Output":"=== CONT  TestCostMaximumAndDeterminism/repeat#39\n"}
{"Time":"2026-09-05T22:30:22.387644+09:00","Action":"output","Package":"waiting-room/internal/installplan","Test":"TestCostMaximumAndDeterminism/repeat#46","Output":"--- PASS: TestCostMaximumAndDeterminism/repeat#46 (0.00s)\n"}
{"Time":"2026-09-05T22:30:22.387654+09:00","Action":"pass","Package":"waiting-room/internal/installplan","Test":"TestCostMaximumAndDeterminism/repeat#46","Elapsed":0}
{"Time":"2026-09-05T22:30:22.387656+09:00","Action":"cont","Package":"waiting-room/internal/installplan","Test":"TestCostMaximumAndDeterminism/repeat#35"}
{"Time":"2026-09-05T22:30:22.387658+09:00","Action":"output","Package":"waiting-room/internal/installplan","Test":"TestCostMaximumAndDeterminism/repeat#35","Output":"=== CONT  TestCostMaximumAndDeterminism/repeat#35\n"}
{"Time":"2026-09-05T22:30:22.38766+09:00","Action":"output","Package":"waiting-room/internal/installplan","Test":"TestCostMaximumAndDeterminism/repeat#24","Output":"--- PASS: TestCostMaximumAndDeterminism/repeat#24 (0.00s)\n"}
{"Time":"2026-09-05T22:30:22.387662+09:00","Action":"pass","Package":"waiting-room/internal/installplan","Test":"TestCostMaximumAndDeterminism/repeat#24","Elapsed":0}
{"Time":"2026-09-05T22:30:22.387663+09:00","Action":"cont","Package":"waiting-room/internal/installplan","Test":"TestCostMaximumAndDeterminism/repeat#38"}
{"Time":"2026-09-05T22:30:22.387664+09:00","Action":"output","Package":"waiting-room/internal/installplan","Test":"TestCostMaximumAndDeterminism/repeat#38","Output":"=== CONT  TestCostMaximumAndDeterminism/repeat#38\n"}
{"Time":"2026-09-05T22:30:22.387667+09:00","Action":"output","Package":"waiting-room/internal/installplan","Test":"TestCostMaximumAndDeterminism/repeat#19","Output":"--- PASS: TestCostMaximumAndDeterminism/repeat#19 (0.00s)\n"}
{"Time":"2026-09-05T22:30:22.387687+09:00","Action":"pass","Package":"waiting-room/internal/installplan","Test":"TestCostMaximumAndDeterminism/repeat#19","Elapsed":0}
{"Time":"2026-09-05T22:30:22.387695+09:00","Action":"cont","Package":"waiting-room/internal/installplan","Test":"TestCostMaximumAndDeterminism/repeat#08"}
{"Time":"2026-09-05T22:30:22.387698+09:00","Action":"output","Package":"waiting-room/internal/installplan","Test":"TestCostMaximumAndDeterminism/repeat#08","Output":"=== CONT  TestCostMaximumAndDeterminism/repeat#08\n"}
{"Time":"2026-09-05T22:30:22.387722+09:00","Action":"cont","Package":"waiting-room/internal/installplan","Test":"TestCostMaximumAndDeterminism/repeat#42"}
{"Time":"2026-09-05T22:30:22.387727+09:00","Action":"output","Package":"waiting-room/internal/installplan","Test":"TestCostMaximumAndDeterminism/repeat#42","Output":"=== CONT  TestCostMaximumAndDeterminism/repeat#42\n"}
{"Time":"2026-09-05T22:30:22.38773+09:00","Action":"output","Package":"waiting-room/internal/installplan","Test":"TestCostMaximumAndDeterminism/repeat#23","Output":"--- PASS: TestCostMaximumAndDeterminism/repeat#23 (0.00s)\n"}
{"Time":"2026-09-05T22:30:22.387753+09:00","Action":"pass","Package":"waiting-room/internal/installplan","Test":"TestCostMaximumAndDeterminism/repeat#23","Elapsed":0}
{"Time":"2026-09-05T22:30:22.387757+09:00","Action":"output","Package":"waiting-room/internal/installplan","Test":"TestCostMaximumAndDeterminism/repeat#33","Output":"--- PASS: TestCostMaximumAndDeterminism/repeat#33 (0.00s)\n"}
{"Time":"2026-09-05T22:30:22.387759+09:00","Action":"pass","Package":"waiting-room/internal/installplan","Test":"TestCostMaximumAndDeterminism/repeat#33","Elapsed":0}
{"Time":"2026-09-05T22:30:22.38776+09:00","Action":"cont","Package":"waiting-room/internal/installplan","Test":"TestCostMaximumAndDeterminism/repeat#10"}
{"Time":"2026-09-05T22:30:22.387761+09:00","Action":"output","Package":"waiting-room/internal/installplan","Test":"TestCostMaximumAndDeterminism/repeat#10","Output":"=== CONT  TestCostMaximumAndDeterminism/repeat#10\n"}
{"Time":"2026-09-05T22:30:22.387811+09:00","Action":"cont","Package":"waiting-room/internal/installplan","Test":"TestCostMaximumAndDeterminism/repeat#11"}
{"Time":"2026-09-05T22:30:22.387816+09:00","Action":"output","Package":"waiting-room/internal/installplan","Test":"TestCostMaximumAndDeterminism/repeat#11","Output":"=== CONT  TestCostMaximumAndDeterminism/repeat#11\n"}
{"Time":"2026-09-05T22:30:22.387817+09:00","Action":"cont","Package":"waiting-room/internal/installplan","Test":"TestCostMaximumAndDeterminism/repeat#13"}
{"Time":"2026-09-05T22:30:22.387819+09:00","Action":"output","Package":"waiting-room/internal/installplan","Test":"TestCostMaximumAndDeterminism/repeat#13","Output":"=== CONT  TestCostMaximumAndDeterminism/repeat#13\n"}
{"Time":"2026-09-05T22:30:22.387839+09:00","Action":"output","Package":"waiting-room/internal/installplan","Test":"TestCostMaximumAndDeterminism/repeat#36","Output":"--- PASS: TestCostMaximumAndDeterminism/repeat#36 (0.00s)\n"}
{"Time":"2026-09-05T22:30:22.387873+09:00","Action":"pass","Package":"waiting-room/internal/installplan","Test":"TestCostMaximumAndDeterminism/repeat#36","Elapsed":0}
{"Time":"2026-09-05T22:30:22.387888+09:00","Action":"cont","Package":"waiting-room/internal/installplan","Test":"TestCostMaximumAndDeterminism/repeat#09"}
{"Time":"2026-09-05T22:30:22.387891+09:00","Action":"output","Package":"waiting-room/internal/installplan","Test":"TestCostMaximumAndDeterminism/repeat#09","Output":"=== CONT  TestCostMaximumAndDeterminism/repeat#09\n"}
{"Time":"2026-09-05T22:30:22.387896+09:00","Action":"cont","Package":"waiting-room/internal/installplan","Test":"TestCostMaximumAndDeterminism/repeat#03"}
{"Time":"2026-09-05T22:30:22.387898+09:00","Action":"output","Package":"waiting-room/internal/installplan","Test":"TestCostMaximumAndDeterminism/repeat#03","Output":"=== CONT  TestCostMaximumAndDeterminism/repeat#03\n"}
{"Time":"2026-09-05T22:30:22.387901+09:00","Action":"cont","Package":"waiting-room/internal/installplan","Test":"TestCostMaximumAndDeterminism/repeat#18"}
{"Time":"2026-09-05T22:30:22.387903+09:00","Action":"output","Package":"waiting-room/internal/installplan","Test":"TestCostMaximumAndDeterminism/repeat#18","Output":"=== CONT  TestCostMaximumAndDeterminism/repeat#18\n"}
{"Time":"2026-09-05T22:30:22.387922+09:00","Action":"cont","Package":"waiting-room/internal/installplan","Test":"TestCostMaximumAndDeterminism/repeat#05"}
{"Time":"2026-09-05T22:30:22.387925+09:00","Action":"output","Package":"waiting-room/internal/installplan","Test":"TestCostMaximumAndDeterminism/repeat#05","Output":"=== CONT  TestCostMaximumAndDeterminism/repeat#05\n"}
{"Time":"2026-09-05T22:30:22.388004+09:00","Action":"cont","Package":"waiting-room/internal/installplan","Test":"TestCostMaximumAndDeterminism/repeat#07"}
{"Time":"2026-09-05T22:30:22.388008+09:00","Action":"output","Package":"waiting-room/internal/installplan","Test":"TestCostMaximumAndDeterminism/repeat#07","Output":"=== CONT  TestCostMaximumAndDeterminism/repeat#07\n"}
{"Time":"2026-09-05T22:30:22.388084+09:00","Action":"cont","Package":"waiting-room/internal/installplan","Test":"TestCostMaximumAndDeterminism/repeat#01"}
{"Time":"2026-09-05T22:30:22.388088+09:00","Action":"output","Package":"waiting-room/internal/installplan","Test":"TestCostMaximumAndDeterminism/repeat#01","Output":"=== CONT  TestCostMaximumAndDeterminism/repeat#01\n"}
{"Time":"2026-09-05T22:30:22.388209+09:00","Action":"cont","Package":"waiting-room/internal/installplan","Test":"TestCostMaximumAndDeterminism/repeat#06"}
{"Time":"2026-09-05T22:30:22.388212+09:00","Action":"output","Package":"waiting-room/internal/installplan","Test":"TestCostMaximumAndDeterminism/repeat#06","Output":"=== CONT  TestCostMaximumAndDeterminism/repeat#06\n"}
{"Time":"2026-09-05T22:30:22.38823+09:00","Action":"cont","Package":"waiting-room/internal/installplan","Test":"TestCostMaximumAndDeterminism/repeat#04"}
{"Time":"2026-09-05T22:30:22.388233+09:00","Action":"output","Package":"waiting-room/internal/installplan","Test":"TestCostMaximumAndDeterminism/repeat#04","Output":"=== CONT  TestCostMaximumAndDeterminism/repeat#04\n"}
{"Time":"2026-09-05T22:30:22.388297+09:00","Action":"cont","Package":"waiting-room/internal/installplan","Test":"TestCostMaximumAndDeterminism/repeat#02"}
{"Time":"2026-09-05T22:30:22.388301+09:00","Action":"output","Package":"waiting-room/internal/installplan","Test":"TestCostMaximumAndDeterminism/repeat#02","Output":"=== CONT  TestCostMaximumAndDeterminism/repeat#02\n"}
{"Time":"2026-09-05T22:30:22.388321+09:00","Action":"cont","Package":"waiting-room/internal/installplan","Test":"TestCostMaximumAndDeterminism/repeat#32"}
{"Time":"2026-09-05T22:30:22.388325+09:00","Action":"output","Package":"waiting-room/internal/installplan","Test":"TestCostMaximumAndDeterminism/repeat#32","Output":"=== CONT  TestCostMaximumAndDeterminism/repeat#32\n"}
{"Time":"2026-09-05T22:30:22.388362+09:00","Action":"output","Package":"waiting-room/internal/installplan","Test":"TestCostMaximumAndDeterminism/repeat#35","Output":"--- PASS: TestCostMaximumAndDeterminism/repeat#35 (0.00s)\n"}
{"Time":"2026-09-05T22:30:22.388372+09:00","Action":"pass","Package":"waiting-room/internal/installplan","Test":"TestCostMaximumAndDeterminism/repeat#35","Elapsed":0}
{"Time":"2026-09-05T22:30:22.388374+09:00","Action":"output","Package":"waiting-room/internal/installplan","Test":"TestCostMaximumAndDeterminism/repeat#40","Output":"--- PASS: TestCostMaximumAndDeterminism/repeat#40 (0.00s)\n"}
{"Time":"2026-09-05T22:30:22.388397+09:00","Action":"pass","Package":"waiting-room/internal/installplan","Test":"TestCostMaximumAndDeterminism/repeat#40","Elapsed":0}
{"Time":"2026-09-05T22:30:22.388403+09:00","Action":"output","Package":"waiting-room/internal/installplan","Test":"TestCostMaximumAndDeterminism/repeat#18","Output":"--- PASS: TestCostMaximumAndDeterminism/repeat#18 (0.00s)\n"}
{"Time":"2026-09-05T22:30:22.388406+09:00","Action":"pass","Package":"waiting-room/internal/installplan","Test":"TestCostMaximumAndDeterminism/repeat#18","Elapsed":0}
{"Time":"2026-09-05T22:30:22.388407+09:00","Action":"output","Package":"waiting-room/internal/installplan","Test":"TestCostMaximumAndDeterminism/repeat#07","Output":"--- PASS: TestCostMaximumAndDeterminism/repeat#07 (0.00s)\n"}
{"Time":"2026-09-05T22:30:22.388429+09:00","Action":"pass","Package":"waiting-room/internal/installplan","Test":"TestCostMaximumAndDeterminism/repeat#07","Elapsed":0}
{"Time":"2026-09-05T22:30:22.388438+09:00","Action":"output","Package":"waiting-room/internal/installplan","Test":"TestCostMaximumAndDeterminism/repeat#39","Output":"--- PASS: TestCostMaximumAndDeterminism/repeat#39 (0.00s)\n"}
{"Time":"2026-09-05T22:30:22.388454+09:00","Action":"pass","Package":"waiting-room/internal/installplan","Test":"TestCostMaximumAndDeterminism/repeat#39","Elapsed":0}
{"Time":"2026-09-05T22:30:22.388459+09:00","Action":"output","Package":"waiting-room/internal/installplan","Test":"TestCostMaximumAndDeterminism/repeat#14","Output":"--- PASS: TestCostMaximumAndDeterminism/repeat#14 (0.00s)\n"}
{"Time":"2026-09-05T22:30:22.388462+09:00","Action":"pass","Package":"waiting-room/internal/installplan","Test":"TestCostMaximumAndDeterminism/repeat#14","Elapsed":0}
{"Time":"2026-09-05T22:30:22.388471+09:00","Action":"output","Package":"waiting-room/internal/installplan","Test":"TestCostMaximumAndDeterminism/repeat#06","Output":"--- PASS: TestCostMaximumAndDeterminism/repeat#06 (0.00s)\n"}
{"Time":"2026-09-05T22:30:22.388496+09:00","Action":"pass","Package":"waiting-room/internal/installplan","Test":"TestCostMaximumAndDeterminism/repeat#06","Elapsed":0}
{"Time":"2026-09-05T22:30:22.3885+09:00","Action":"output","Package":"waiting-room/internal/installplan","Test":"TestCostMaximumAndDeterminism/repeat#43","Output":"--- PASS: TestCostMaximumAndDeterminism/repeat#43 (0.00s)\n"}
{"Time":"2026-09-05T22:30:22.388503+09:00","Action":"pass","Package":"waiting-room/internal/installplan","Test":"TestCostMaximumAndDeterminism/repeat#43","Elapsed":0}
{"Time":"2026-09-05T22:30:22.388505+09:00","Action":"output","Package":"waiting-room/internal/installplan","Test":"TestCostMaximumAndDeterminism/repeat#15","Output":"--- PASS: TestCostMaximumAndDeterminism/repeat#15 (0.00s)\n"}
{"Time":"2026-09-05T22:30:22.388549+09:00","Action":"pass","Package":"waiting-room/internal/installplan","Test":"TestCostMaximumAndDeterminism/repeat#15","Elapsed":0}
{"Time":"2026-09-05T22:30:22.388554+09:00","Action":"output","Package":"waiting-room/internal/installplan","Test":"TestCostMaximumAndDeterminism/repeat#11","Output":"--- PASS: TestCostMaximumAndDeterminism/repeat#11 (0.00s)\n"}
{"Time":"2026-09-05T22:30:22.388576+09:00","Action":"pass","Package":"waiting-room/internal/installplan","Test":"TestCostMaximumAndDeterminism/repeat#11","Elapsed":0}
{"Time":"2026-09-05T22:30:22.38858+09:00","Action":"output","Package":"waiting-room/internal/installplan","Test":"TestCostMaximumAndDeterminism/repeat#02","Output":"--- PASS: TestCostMaximumAndDeterminism/repeat#02 (0.00s)\n"}
{"Time":"2026-09-05T22:30:22.388598+09:00","Action":"pass","Package":"waiting-room/internal/installplan","Test":"TestCostMaximumAndDeterminism/repeat#02","Elapsed":0}
{"Time":"2026-09-05T22:30:22.3886+09:00","Action":"output","Package":"waiting-room/internal/installplan","Test":"TestCostMaximumAndDeterminism/repeat#10","Output":"--- PASS: TestCostMaximumAndDeterminism/repeat#10 (0.00s)\n"}
{"Time":"2026-09-05T22:30:22.388613+09:00","Action":"pass","Package":"waiting-room/internal/installplan","Test":"TestCostMaximumAndDeterminism/repeat#10","Elapsed":0}
{"Time":"2026-09-05T22:30:22.388616+09:00","Action":"output","Package":"waiting-room/internal/installplan","Test":"TestCostMaximumAndDeterminism/repeat#03","Output":"--- PASS: TestCostMaximumAndDeterminism/repeat#03 (0.00s)\n"}
{"Time":"2026-09-05T22:30:22.388618+09:00","Action":"pass","Package":"waiting-room/internal/installplan","Test":"TestCostMaximumAndDeterminism/repeat#03","Elapsed":0}
{"Time":"2026-09-05T22:30:22.388619+09:00","Action":"output","Package":"waiting-room/internal/installplan","Test":"TestCostMaximumAndDeterminism/repeat#09","Output":"--- PASS: TestCostMaximumAndDeterminism/repeat#09 (0.00s)\n"}
{"Time":"2026-09-05T22:30:22.388637+09:00","Action":"pass","Package":"waiting-room/internal/installplan","Test":"TestCostMaximumAndDeterminism/repeat#09","Elapsed":0}
{"Time":"2026-09-05T22:30:22.388639+09:00","Action":"output","Package":"waiting-room/internal/installplan","Test":"TestCostMaximumAndDeterminism/repeat#05","Output":"--- PASS: TestCostMaximumAndDeterminism/repeat#05 (0.00s)\n"}
{"Time":"2026-09-05T22:30:22.38865+09:00","Action":"pass","Package":"waiting-room/internal/installplan","Test":"TestCostMaximumAndDeterminism/repeat#05","Elapsed":0}
{"Time":"2026-09-05T22:30:22.388653+09:00","Action":"output","Package":"waiting-room/internal/installplan","Test":"TestCostMaximumAndDeterminism/repeat#01","Output":"--- PASS: TestCostMaximumAndDeterminism/repeat#01 (0.00s)\n"}
{"Time":"2026-09-05T22:30:22.38867+09:00","Action":"pass","Package":"waiting-room/internal/installplan","Test":"TestCostMaximumAndDeterminism/repeat#01","Elapsed":0}
{"Time":"2026-09-05T22:30:22.388673+09:00","Action":"output","Package":"waiting-room/internal/installplan","Test":"TestCostMaximumAndDeterminism/repeat#38","Output":"--- PASS: TestCostMaximumAndDeterminism/repeat#38 (0.00s)\n"}
{"Time":"2026-09-05T22:30:22.388691+09:00","Action":"pass","Package":"waiting-room/internal/installplan","Test":"TestCostMaximumAndDeterminism/repeat#38","Elapsed":0}
{"Time":"2026-09-05T22:30:22.388696+09:00","Action":"output","Package":"waiting-room/internal/installplan","Test":"TestCostMaximumAndDeterminism/repeat#42","Output":"--- PASS: TestCostMaximumAndDeterminism/repeat#42 (0.00s)\n"}
{"Time":"2026-09-05T22:30:22.388707+09:00","Action":"pass","Package":"waiting-room/internal/installplan","Test":"TestCostMaximumAndDeterminism/repeat#42","Elapsed":0}
{"Time":"2026-09-05T22:30:22.38871+09:00","Action":"output","Package":"waiting-room/internal/installplan","Test":"TestCostMaximumAndDeterminism/repeat#08","Output":"--- PASS: TestCostMaximumAndDeterminism/repeat#08 (0.00s)\n"}
{"Time":"2026-09-05T22:30:22.388723+09:00","Action":"pass","Package":"waiting-room/internal/installplan","Test":"TestCostMaximumAndDeterminism/repeat#08","Elapsed":0}
{"Time":"2026-09-05T22:30:22.388727+09:00","Action":"output","Package":"waiting-room/internal/installplan","Test":"TestCostMaximumAndDeterminism/repeat#16","Output":"--- PASS: TestCostMaximumAndDeterminism/repeat#16 (0.00s)\n"}
{"Time":"2026-09-05T22:30:22.388746+09:00","Action":"pass","Package":"waiting-room/internal/installplan","Test":"TestCostMaximumAndDeterminism/repeat#16","Elapsed":0}
{"Time":"2026-09-05T22:30:22.38875+09:00","Action":"output","Package":"waiting-room/internal/installplan","Test":"TestCostMaximumAndDeterminism/repeat#13","Output":"--- PASS: TestCostMaximumAndDeterminism/repeat#13 (0.00s)\n"}
{"Time":"2026-09-05T22:30:22.388773+09:00","Action":"pass","Package":"waiting-room/internal/installplan","Test":"TestCostMaximumAndDeterminism/repeat#13","Elapsed":0}
{"Time":"2026-09-05T22:30:22.388781+09:00","Action":"output","Package":"waiting-room/internal/installplan","Test":"TestCostMaximumAndDeterminism/repeat#04","Output":"--- PASS: TestCostMaximumAndDeterminism/repeat#04 (0.00s)\n"}
{"Time":"2026-09-05T22:30:22.388785+09:00","Action":"pass","Package":"waiting-room/internal/installplan","Test":"TestCostMaximumAndDeterminism/repeat#04","Elapsed":0}
{"Time":"2026-09-05T22:30:22.388787+09:00","Action":"output","Package":"waiting-room/internal/installplan","Test":"TestCostMaximumAndDeterminism/repeat#32","Output":"--- PASS: TestCostMaximumAndDeterminism/repeat#32 (0.00s)\n"}
{"Time":"2026-09-05T22:30:22.388819+09:00","Action":"pass","Package":"waiting-room/internal/installplan","Test":"TestCostMaximumAndDeterminism/repeat#32","Elapsed":0}
{"Time":"2026-09-05T22:30:22.388822+09:00","Action":"output","Package":"waiting-room/internal/installplan","Test":"TestCostMaximumAndDeterminism","Output":"--- PASS: TestCostMaximumAndDeterminism (0.00s)\n"}
{"Time":"2026-09-05T22:30:22.388824+09:00","Action":"pass","Package":"waiting-room/internal/installplan","Test":"TestCostMaximumAndDeterminism","Elapsed":0}
{"Time":"2026-09-05T22:30:22.38884+09:00","Action":"run","Package":"waiting-room/internal/installplan","Test":"TestDigestBindsCanonicalPlan"}
{"Time":"2026-09-05T22:30:22.388842+09:00","Action":"output","Package":"waiting-room/internal/installplan","Test":"TestDigestBindsCanonicalPlan","Output":"=== RUN   TestDigestBindsCanonicalPlan\n"}
{"Time":"2026-09-05T22:30:22.389878+09:00","Action":"output","Package":"waiting-room/internal/installplan","Test":"TestDigestBindsCanonicalPlan","Output":"--- PASS: TestDigestBindsCanonicalPlan (0.00s)\n"}
{"Time":"2026-09-05T22:30:22.389884+09:00","Action":"pass","Package":"waiting-room/internal/installplan","Test":"TestDigestBindsCanonicalPlan","Elapsed":0}
{"Time":"2026-09-05T22:30:22.3899+09:00","Action":"run","Package":"waiting-room/internal/installplan","Test":"TestProfiles"}
{"Time":"2026-09-05T22:30:22.389905+09:00","Action":"output","Package":"waiting-room/internal/installplan","Test":"TestProfiles","Output":"=== RUN   TestProfiles\n"}
{"Time":"2026-09-05T22:30:22.389914+09:00","Action":"run","Package":"waiting-room/internal/installplan","Test":"TestProfiles/standard"}
{"Time":"2026-09-05T22:30:22.389917+09:00","Action":"output","Package":"waiting-room/internal/installplan","Test":"TestProfiles/standard","Output":"=== RUN   TestProfiles/standard\n"}
{"Time":"2026-09-05T22:30:22.390112+09:00","Action":"output","Package":"waiting-room/internal/installplan","Test":"TestProfiles/standard","Output":"--- PASS: TestProfiles/standard (0.00s)\n"}
{"Time":"2026-09-05T22:30:22.390116+09:00","Action":"pass","Package":"waiting-room/internal/installplan","Test":"TestProfiles/standard","Elapsed":0}
{"Time":"2026-09-05T22:30:22.39013+09:00","Action":"run","Package":"waiting-room/internal/installplan","Test":"TestProfiles/high-scale"}
{"Time":"2026-09-05T22:30:22.390132+09:00","Action":"output","Package":"waiting-room/internal/installplan","Test":"TestProfiles/high-scale","Output":"=== RUN   TestProfiles/high-scale\n"}
{"Time":"2026-09-05T22:30:22.390322+09:00","Action":"output","Package":"waiting-room/internal/installplan","Test":"TestProfiles/high-scale","Output":"--- PASS: TestProfiles/high-scale (0.00s)\n"}
{"Time":"2026-09-05T22:30:22.390326+09:00","Action":"pass","Package":"waiting-room/internal/installplan","Test":"TestProfiles/high-scale","Elapsed":0}
{"Time":"2026-09-05T22:30:22.390349+09:00","Action":"output","Package":"waiting-room/internal/installplan","Test":"TestProfiles","Output":"--- PASS: TestProfiles (0.00s)\n"}
{"Time":"2026-09-05T22:30:22.39036+09:00","Action":"pass","Package":"waiting-room/internal/installplan","Test":"TestProfiles","Elapsed":0}
{"Time":"2026-09-05T22:30:22.390364+09:00","Action":"run","Package":"waiting-room/internal/installplan","Test":"TestValidationBoundaries"}
{"Time":"2026-09-05T22:30:22.390366+09:00","Action":"output","Package":"waiting-room/internal/installplan","Test":"TestValidationBoundaries","Output":"=== RUN   TestValidationBoundaries\n"}
{"Time":"2026-09-05T22:30:22.391051+09:00","Action":"run","Package":"waiting-room/internal/installplan","Test":"TestValidationBoundaries/standard/peak-zero"}
{"Time":"2026-09-05T22:30:22.391055+09:00","Action":"output","Package":"waiting-room/internal/installplan","Test":"TestValidationBoundaries/standard/peak-zero","Output":"=== RUN   TestValidationBoundaries/standard/peak-zero\n"}
{"Time":"2026-09-05T22:30:22.391092+09:00","Action":"output","Package":"waiting-room/internal/installplan","Test":"TestValidationBoundaries/standard/peak-zero","Output":"--- PASS: TestValidationBoundaries/standard/peak-zero (0.00s)\n"}
{"Time":"2026-09-05T22:30:22.391103+09:00","Action":"pass","Package":"waiting-room/internal/installplan","Test":"TestValidationBoundaries/standard/peak-zero","Elapsed":0}
{"Time":"2026-09-05T22:30:22.391112+09:00","Action":"run","Package":"waiting-room/internal/installplan","Test":"TestValidationBoundaries/standard/peak-over"}
{"Time":"2026-09-05T22:30:22.391114+09:00","Action":"output","Package":"waiting-room/internal/installplan","Test":"TestValidationBoundaries/standard/peak-over","Output":"=== RUN   TestValidationBoundaries/standard/peak-over\n"}
{"Time":"2026-09-05T22:30:22.391148+09:00","Action":"output","Package":"waiting-room/internal/installplan","Test":"TestValidationBoundaries/standard/peak-over","Output":"--- PASS: TestValidationBoundaries/standard/peak-over (0.00s)\n"}
{"Time":"2026-09-05T22:30:22.391152+09:00","Action":"pass","Package":"waiting-room/internal/installplan","Test":"TestValidationBoundaries/standard/peak-over","Elapsed":0}
{"Time":"2026-09-05T22:30:22.391166+09:00","Action":"run","Package":"waiting-room/internal/installplan","Test":"TestValidationBoundaries/standard/lease-zero"}
{"Time":"2026-09-05T22:30:22.391168+09:00","Action":"output","Package":"waiting-room/internal/installplan","Test":"TestValidationBoundaries/standard/lease-zero","Output":"=== RUN   TestValidationBoundaries/standard/lease-zero\n"}
{"Time":"2026-09-05T22:30:22.3912+09:00","Action":"output","Package":"waiting-room/internal/installplan","Test":"TestValidationBoundaries/standard/lease-zero","Output":"--- PASS: TestValidationBoundaries/standard/lease-zero (0.00s)\n"}
{"Time":"2026-09-05T22:30:22.391204+09:00","Action":"pass","Package":"waiting-room/internal/installplan","Test":"TestValidationBoundaries/standard/lease-zero","Elapsed":0}
{"Time":"2026-09-05T22:30:22.391215+09:00","Action":"run","Package":"waiting-room/internal/installplan","Test":"TestValidationBoundaries/standard/lease-over"}
{"Time":"2026-09-05T22:30:22.39122+09:00","Action":"output","Package":"waiting-room/internal/installplan","Test":"TestValidationBoundaries/standard/lease-over","Output":"=== RUN   TestValidationBoundaries/standard/lease-over\n"}
{"Time":"2026-09-05T22:30:22.391249+09:00","Action":"output","Package":"waiting-room/internal/installplan","Test":"TestValidationBoundaries/standard/lease-over","Output":"--- PASS: TestValidationBoundaries/standard/lease-over (0.00s)\n"}
{"Time":"2026-09-05T22:30:22.391254+09:00","Action":"pass","Package":"waiting-room/internal/installplan","Test":"TestValidationBoundaries/standard/lease-over","Elapsed":0}
{"Time":"2026-09-05T22:30:22.391268+09:00","Action":"run","Package":"waiting-room/internal/installplan","Test":"TestValidationBoundaries/standard/rate-zero"}
{"Time":"2026-09-05T22:30:22.391271+09:00","Action":"output","Package":"waiting-room/internal/installplan","Test":"TestValidationBoundaries/standard/rate-zero","Output":"=== RUN   TestValidationBoundaries/standard/rate-zero\n"}
{"Time":"2026-09-05T22:30:22.391295+09:00","Action":"output","Package":"waiting-room/internal/installplan","Test":"TestValidationBoundaries/standard/rate-zero","Output":"--- PASS: TestValidationBoundaries/standard/rate-zero (0.00s)\n"}
{"Time":"2026-09-05T22:30:22.391306+09:00","Action":"pass","Package":"waiting-room/internal/installplan","Test":"TestValidationBoundaries/standard/rate-zero","Elapsed":0}
{"Time":"2026-09-05T22:30:22.391312+09:00","Action":"run","Package":"waiting-room/internal/installplan","Test":"TestValidationBoundaries/standard/rate-over"}
{"Time":"2026-09-05T22:30:22.391314+09:00","Action":"output","Package":"waiting-room/internal/installplan","Test":"TestValidationBoundaries/standard/rate-over","Output":"=== RUN   TestValidationBoundaries/standard/rate-over\n"}
{"Time":"2026-09-05T22:30:22.391347+09:00","Action":"output","Package":"waiting-room/internal/installplan","Test":"TestValidationBoundaries/standard/rate-over","Output":"--- PASS: TestValidationBoundaries/standard/rate-over (0.00s)\n"}
{"Time":"2026-09-05T22:30:22.391351+09:00","Action":"pass","Package":"waiting-room/internal/installplan","Test":"TestValidationBoundaries/standard/rate-over","Elapsed":0}
{"Time":"2026-09-05T22:30:22.391363+09:00","Action":"run","Package":"waiting-room/internal/installplan","Test":"TestValidationBoundaries/standard/ttl-low"}
{"Time":"2026-09-05T22:30:22.391365+09:00","Action":"output","Package":"waiting-room/internal/installplan","Test":"TestValidationBoundaries/standard/ttl-low","Output":"=== RUN   TestValidationBoundaries/standard/ttl-low\n"}
{"Time":"2026-09-05T22:30:22.391391+09:00","Action":"output","Package":"waiting-room/internal/installplan","Test":"TestValidationBoundaries/standard/ttl-low","Output":"--- PASS: TestValidationBoundaries/standard/ttl-low (0.00s)\n"}
{"Time":"2026-09-05T22:30:22.391403+09:00","Action":"pass","Package":"waiting-room/internal/installplan","Test":"TestValidationBoundaries/standard/ttl-low","Elapsed":0}
{"Time":"2026-09-05T22:30:22.391416+09:00","Action":"run","Package":"waiting-room/internal/installplan","Test":"TestValidationBoundaries/standard/ttl-high"}
{"Time":"2026-09-05T22:30:22.391419+09:00","Action":"output","Package":"waiting-room/internal/installplan","Test":"TestValidationBoundaries/standard/ttl-high","Output":"=== RUN   TestValidationBoundaries/standard/ttl-high\n"}
{"Time":"2026-09-05T22:30:22.391443+09:00","Action":"output","Package":"waiting-room/internal/installplan","Test":"TestValidationBoundaries/standard/ttl-high","Output":"--- PASS: TestValidationBoundaries/standard/ttl-high (0.00s)\n"}
{"Time":"2026-09-05T22:30:22.391458+09:00","Action":"pass","Package":"waiting-room/internal/installplan","Test":"TestValidationBoundaries/standard/ttl-high","Elapsed":0}
{"Time":"2026-09-05T22:30:22.391468+09:00","Action":"run","Package":"waiting-room/internal/installplan","Test":"TestValidationBoundaries/standard/forced-off"}
{"Time":"2026-09-05T22:30:22.391471+09:00","Action":"output","Package":"waiting-room/internal/installplan","Test":"TestValidationBoundaries/standard/forced-off","Output":"=== RUN   TestValidationBoundaries/standard/forced-off\n"}
{"Time":"2026-09-05T22:30:22.391501+09:00","Action":"output","Package":"waiting-room/internal/installplan","Test":"TestValidationBoundaries/standard/forced-off","Output":"--- PASS: TestValidationBoundaries/standard/forced-off (0.00s)\n"}
{"Time":"2026-09-05T22:30:22.391514+09:00","Action":"pass","Package":"waiting-room/internal/installplan","Test":"TestValidationBoundaries/standard/forced-off","Elapsed":0}
{"Time":"2026-09-05T22:30:22.391523+09:00","Action":"run","Package":"waiting-room/internal/installplan","Test":"TestValidationBoundaries/standard/unknown-policy"}
{"Time":"2026-09-05T22:30:22.391525+09:00","Action":"output","Package":"waiting-room/internal/installplan","Test":"TestValidationBoundaries/standard/unknown-policy","Output":"=== RUN   TestValidationBoundaries/standard/unknown-policy\n"}
{"Time":"2026-09-05T22:30:22.391552+09:00","Action":"output","Package":"waiting-room/internal/installplan","Test":"TestValidationBoundaries/standard/unknown-policy","Output":"--- PASS: TestValidationBoundaries/standard/unknown-policy (0.00s)\n"}
{"Time":"2026-09-05T22:30:22.39156+09:00","Action":"pass","Package":"waiting-room/internal/installplan","Test":"TestValidationBoundaries/standard/unknown-policy","Elapsed":0}
{"Time":"2026-09-05T22:30:22.391571+09:00","Action":"run","Package":"waiting-room/internal/installplan","Test":"TestValidationBoundaries/standard/multi-region"}
{"Time":"2026-09-05T22:30:22.391574+09:00","Action":"output","Package":"waiting-room/internal/installplan","Test":"TestValidationBoundaries/standard/multi-region","Output":"=== RUN   TestValidationBoundaries/standard/multi-region\n"}
{"Time":"2026-09-05T22:30:22.3916+09:00","Action":"output","Package":"waiting-room/internal/installplan","Test":"TestValidationBoundaries/standard/multi-region","Output":"--- PASS: TestValidationBoundaries/standard/multi-region (0.00s)\n"}
{"Time":"2026-09-05T22:30:22.391603+09:00","Action":"pass","Package":"waiting-room/internal/installplan","Test":"TestValidationBoundaries/standard/multi-region","Elapsed":0}
{"Time":"2026-09-05T22:30:22.391618+09:00","Action":"run","Package":"waiting-room/internal/installplan","Test":"TestValidationBoundaries/standard/unknown-profile"}
{"Time":"2026-09-05T22:30:22.391619+09:00","Action":"output","Package":"waiting-room/internal/installplan","Test":"TestValidationBoundaries/standard/unknown-profile","Output":"=== RUN   TestValidationBoundaries/standard/unknown-profile\n"}
{"Time":"2026-09-05T22:30:22.391636+09:00","Action":"output","Package":"waiting-room/internal/installplan","Test":"TestValidationBoundaries/standard/unknown-profile","Output":"--- PASS: TestValidationBoundaries/standard/unknown-profile (0.00s)\n"}
{"Time":"2026-09-05T22:30:22.391648+09:00","Action":"pass","Package":"waiting-room/internal/installplan","Test":"TestValidationBoundaries/standard/unknown-profile","Elapsed":0}
{"Time":"2026-09-05T22:30:22.391657+09:00","Action":"run","Package":"waiting-room/internal/installplan","Test":"TestValidationBoundaries/standard/version"}
{"Time":"2026-09-05T22:30:22.391659+09:00","Action":"output","Package":"waiting-room/internal/installplan","Test":"TestValidationBoundaries/standard/version","Output":"=== RUN   TestValidationBoundaries/standard/version\n"}
{"Time":"2026-09-05T22:30:22.391687+09:00","Action":"output","Package":"waiting-room/internal/installplan","Test":"TestValidationBoundaries/standard/version","Output":"--- PASS: TestValidationBoundaries/standard/version (0.00s)\n"}
{"Time":"2026-09-05T22:30:22.391692+09:00","Action":"pass","Package":"waiting-room/internal/installplan","Test":"TestValidationBoundaries/standard/version","Elapsed":0}
{"Time":"2026-09-05T22:30:22.391705+09:00","Action":"run","Package":"waiting-room/internal/installplan","Test":"TestValidationBoundaries/standard/totp-mode"}
{"Time":"2026-09-05T22:30:22.391706+09:00","Action":"output","Package":"waiting-room/internal/installplan","Test":"TestValidationBoundaries/standard/totp-mode","Output":"=== RUN   TestValidationBoundaries/standard/totp-mode\n"}
{"Time":"2026-09-05T22:30:22.391737+09:00","Action":"output","Package":"waiting-room/internal/installplan","Test":"TestValidationBoundaries/standard/totp-mode","Output":"--- PASS: TestValidationBoundaries/standard/totp-mode (0.00s)\n"}
{"Time":"2026-09-05T22:30:22.391741+09:00","Action":"pass","Package":"waiting-room/internal/installplan","Test":"TestValidationBoundaries/standard/totp-mode","Elapsed":0}
{"Time":"2026-09-05T22:30:22.391751+09:00","Action":"run","Package":"waiting-room/internal/installplan","Test":"TestValidationBoundaries/standard/region-empty"}
{"Time":"2026-09-05T22:30:22.391757+09:00","Action":"output","Package":"waiting-room/internal/installplan","Test":"TestValidationBoundaries/standard/region-empty","Output":"=== RUN   TestValidationBoundaries/standard/region-empty\n"}
{"Time":"2026-09-05T22:30:22.391773+09:00","Action":"output","Package":"waiting-room/internal/installplan","Test":"TestValidationBoundaries/standard/region-empty","Output":"--- PASS: TestValidationBoundaries/standard/region-empty (0.00s)\n"}
{"Time":"2026-09-05T22:30:22.391783+09:00","Action":"pass","Package":"waiting-room/internal/installplan","Test":"TestValidationBoundaries/standard/region-empty","Elapsed":0}
{"Time":"2026-09-05T22:30:22.391791+09:00","Action":"run","Package":"waiting-room/internal/installplan","Test":"TestValidationBoundaries/standard/region-long"}
{"Time":"2026-09-05T22:30:22.391793+09:00","Action":"output","Package":"waiting-room/internal/installplan","Test":"TestValidationBoundaries/standard/region-long","Output":"=== RUN   TestValidationBoundaries/standard/region-long\n"}
{"Time":"2026-09-05T22:30:22.391836+09:00","Action":"output","Package":"waiting-room/internal/installplan","Test":"TestValidationBoundaries/standard/region-long","Output":"--- PASS: TestValidationBoundaries/standard/region-long (0.00s)\n"}
{"Time":"2026-09-05T22:30:22.391848+09:00","Action":"pass","Package":"waiting-room/internal/installplan","Test":"TestValidationBoundaries/standard/region-long","Elapsed":0}
{"Time":"2026-09-05T22:30:22.392039+09:00","Action":"run","Package":"waiting-room/internal/installplan","Test":"TestValidationBoundaries/high-scale/peak-zero"}
{"Time":"2026-09-05T22:30:22.392042+09:00","Action":"output","Package":"waiting-room/internal/installplan","Test":"TestValidationBoundaries/high-scale/peak-zero","Output":"=== RUN   TestValidationBoundaries/high-scale/peak-zero\n"}
{"Time":"2026-09-05T22:30:22.39207+09:00","Action":"output","Package":"waiting-room/internal/installplan","Test":"TestValidationBoundaries/high-scale/peak-zero","Output":"--- PASS: TestValidationBoundaries/high-scale/peak-zero (0.00s)\n"}
{"Time":"2026-09-05T22:30:22.392075+09:00","Action":"pass","Package":"waiting-room/internal/installplan","Test":"TestValidationBoundaries/high-scale/peak-zero","Elapsed":0}
{"Time":"2026-09-05T22:30:22.392088+09:00","Action":"run","Package":"waiting-room/internal/installplan","Test":"TestValidationBoundaries/high-scale/peak-over"}
{"Time":"2026-09-05T22:30:22.39209+09:00","Action":"output","Package":"waiting-room/internal/installplan","Test":"TestValidationBoundaries/high-scale/peak-over","Output":"=== RUN   TestValidationBoundaries/high-scale/peak-over\n"}
{"Time":"2026-09-05T22:30:22.392121+09:00","Action":"output","Package":"waiting-room/internal/installplan","Test":"TestValidationBoundaries/high-scale/peak-over","Output":"--- PASS: TestValidationBoundaries/high-scale/peak-over (0.00s)\n"}
{"Time":"2026-09-05T22:30:22.392133+09:00","Action":"pass","Package":"waiting-room/internal/installplan","Test":"TestValidationBoundaries/high-scale/peak-over","Elapsed":0}
{"Time":"2026-09-05T22:30:22.392144+09:00","Action":"run","Package":"waiting-room/internal/installplan","Test":"TestValidationBoundaries/high-scale/lease-zero"}
{"Time":"2026-09-05T22:30:22.392146+09:00","Action":"output","Package":"waiting-room/internal/installplan","Test":"TestValidationBoundaries/high-scale/lease-zero","Output":"=== RUN   TestValidationBoundaries/high-scale/lease-zero\n"}
{"Time":"2026-09-05T22:30:22.392178+09:00","Action":"output","Package":"waiting-room/internal/installplan","Test":"TestValidationBoundaries/high-scale/lease-zero","Output":"--- PASS: TestValidationBoundaries/high-scale/lease-zero (0.00s)\n"}
{"Time":"2026-09-05T22:30:22.392183+09:00","Action":"pass","Package":"waiting-room/internal/installplan","Test":"TestValidationBoundaries/high-scale/lease-zero","Elapsed":0}
{"Time":"2026-09-05T22:30:22.392192+09:00","Action":"run","Package":"waiting-room/internal/installplan","Test":"TestValidationBoundaries/high-scale/lease-over"}
{"Time":"2026-09-05T22:30:22.392194+09:00","Action":"output","Package":"waiting-room/internal/installplan","Test":"TestValidationBoundaries/high-scale/lease-over","Output":"=== RUN   TestValidationBoundaries/high-scale/lease-over\n"}
{"Time":"2026-09-05T22:30:22.392224+09:00","Action":"output","Package":"waiting-room/internal/installplan","Test":"TestValidationBoundaries/high-scale/lease-over","Output":"--- PASS: TestValidationBoundaries/high-scale/lease-over (0.00s)\n"}
{"Time":"2026-09-05T22:30:22.392228+09:00","Action":"pass","Package":"waiting-room/internal/installplan","Test":"TestValidationBoundaries/high-scale/lease-over","Elapsed":0}
{"Time":"2026-09-05T22:30:22.392239+09:00","Action":"run","Package":"waiting-room/internal/installplan","Test":"TestValidationBoundaries/high-scale/rate-zero"}
{"Time":"2026-09-05T22:30:22.392241+09:00","Action":"output","Package":"waiting-room/internal/installplan","Test":"TestValidationBoundaries/high-scale/rate-zero","Output":"=== RUN   TestValidationBoundaries/high-scale/rate-zero\n"}
{"Time":"2026-09-05T22:30:22.392271+09:00","Action":"output","Package":"waiting-room/internal/installplan","Test":"TestValidationBoundaries/high-scale/rate-zero","Output":"--- PASS: TestValidationBoundaries/high-scale/rate-zero (0.00s)\n"}
{"Time":"2026-09-05T22:30:22.392275+09:00","Action":"pass","Package":"waiting-room/internal/installplan","Test":"TestValidationBoundaries/high-scale/rate-zero","Elapsed":0}
{"Time":"2026-09-05T22:30:22.392286+09:00","Action":"run","Package":"waiting-room/internal/installplan","Test":"TestValidationBoundaries/high-scale/rate-over"}
{"Time":"2026-09-05T22:30:22.392287+09:00","Action":"output","Package":"waiting-room/internal/installplan","Test":"TestValidationBoundaries/high-scale/rate-over","Output":"=== RUN   TestValidationBoundaries/high-scale/rate-over\n"}
{"Time":"2026-09-05T22:30:22.392317+09:00","Action":"output","Package":"waiting-room/internal/installplan","Test":"TestValidationBoundaries/high-scale/rate-over","Output":"--- PASS: TestValidationBoundaries/high-scale/rate-over (0.00s)\n"}
{"Time":"2026-09-05T22:30:22.392321+09:00","Action":"pass","Package":"waiting-room/internal/installplan","Test":"TestValidationBoundaries/high-scale/rate-over","Elapsed":0}
{"Time":"2026-09-05T22:30:22.39234+09:00","Action":"run","Package":"waiting-room/internal/installplan","Test":"TestValidationBoundaries/high-scale/ttl-low"}
{"Time":"2026-09-05T22:30:22.392342+09:00","Action":"output","Package":"waiting-room/internal/installplan","Test":"TestValidationBoundaries/high-scale/ttl-low","Output":"=== RUN   TestValidationBoundaries/high-scale/ttl-low\n"}
{"Time":"2026-09-05T22:30:22.392359+09:00","Action":"output","Package":"waiting-room/internal/installplan","Test":"TestValidationBoundaries/high-scale/ttl-low","Output":"--- PASS: TestValidationBoundaries/high-scale/ttl-low (0.00s)\n"}
{"Time":"2026-09-05T22:30:22.392368+09:00","Action":"pass","Package":"waiting-room/internal/installplan","Test":"TestValidationBoundaries/high-scale/ttl-low","Elapsed":0}
{"Time":"2026-09-05T22:30:22.392373+09:00","Action":"run","Package":"waiting-room/internal/installplan","Test":"TestValidationBoundaries/high-scale/ttl-high"}
{"Time":"2026-09-05T22:30:22.392374+09:00","Action":"output","Package":"waiting-room/internal/installplan","Test":"TestValidationBoundaries/high-scale/ttl-high","Output":"=== RUN   TestValidationBoundaries/high-scale/ttl-high\n"}
{"Time":"2026-09-05T22:30:22.392403+09:00","Action":"output","Package":"waiting-room/internal/installplan","Test":"TestValidationBoundaries/high-scale/ttl-high","Output":"--- PASS: TestValidationBoundaries/high-scale/ttl-high (0.00s)\n"}
{"Time":"2026-09-05T22:30:22.392407+09:00","Action":"pass","Package":"waiting-room/internal/installplan","Test":"TestValidationBoundaries/high-scale/ttl-high","Elapsed":0}
{"Time":"2026-09-05T22:30:22.392416+09:00","Action":"run","Package":"waiting-room/internal/installplan","Test":"TestValidationBoundaries/high-scale/forced-off"}
{"Time":"2026-09-05T22:30:22.392417+09:00","Action":"output","Package":"waiting-room/internal/installplan","Test":"TestValidationBoundaries/high-scale/forced-off","Output":"=== RUN   TestValidationBoundaries/high-scale/forced-off\n"}
{"Time":"2026-09-05T22:30:22.392445+09:00","Action":"output","Package":"waiting-room/internal/installplan","Test":"TestValidationBoundaries/high-scale/forced-off","Output":"--- PASS: TestValidationBoundaries/high-scale/forced-off (0.00s)\n"}
{"Time":"2026-09-05T22:30:22.39245+09:00","Action":"pass","Package":"waiting-room/internal/installplan","Test":"TestValidationBoundaries/high-scale/forced-off","Elapsed":0}
{"Time":"2026-09-05T22:30:22.392465+09:00","Action":"run","Package":"waiting-room/internal/installplan","Test":"TestValidationBoundaries/high-scale/unknown-policy"}
{"Time":"2026-09-05T22:30:22.392467+09:00","Action":"output","Package":"waiting-room/internal/installplan","Test":"TestValidationBoundaries/high-scale/unknown-policy","Output":"=== RUN   TestValidationBoundaries/high-scale/unknown-policy\n"}
{"Time":"2026-09-05T22:30:22.392495+09:00","Action":"output","Package":"waiting-room/internal/installplan","Test":"TestValidationBoundaries/high-scale/unknown-policy","Output":"--- PASS: TestValidationBoundaries/high-scale/unknown-policy (0.00s)\n"}
{"Time":"2026-09-05T22:30:22.392499+09:00","Action":"pass","Package":"waiting-room/internal/installplan","Test":"TestValidationBoundaries/high-scale/unknown-policy","Elapsed":0}
{"Time":"2026-09-05T22:30:22.392514+09:00","Action":"run","Package":"waiting-room/internal/installplan","Test":"TestValidationBoundaries/high-scale/multi-region"}
{"Time":"2026-09-05T22:30:22.392516+09:00","Action":"output","Package":"waiting-room/internal/installplan","Test":"TestValidationBoundaries/high-scale/multi-region","Output":"=== RUN   TestValidationBoundaries/high-scale/multi-region\n"}
{"Time":"2026-09-05T22:30:22.392542+09:00","Action":"output","Package":"waiting-room/internal/installplan","Test":"TestValidationBoundaries/high-scale/multi-region","Output":"--- PASS: TestValidationBoundaries/high-scale/multi-region (0.00s)\n"}
{"Time":"2026-09-05T22:30:22.392547+09:00","Action":"pass","Package":"waiting-room/internal/installplan","Test":"TestValidationBoundaries/high-scale/multi-region","Elapsed":0}
{"Time":"2026-09-05T22:30:22.392559+09:00","Action":"run","Package":"waiting-room/internal/installplan","Test":"TestValidationBoundaries/high-scale/unknown-profile"}
{"Time":"2026-09-05T22:30:22.392562+09:00","Action":"output","Package":"waiting-room/internal/installplan","Test":"TestValidationBoundaries/high-scale/unknown-profile","Output":"=== RUN   TestValidationBoundaries/high-scale/unknown-profile\n"}
{"Time":"2026-09-05T22:30:22.392577+09:00","Action":"output","Package":"waiting-room/internal/installplan","Test":"TestValidationBoundaries/high-scale/unknown-profile","Output":"--- PASS: TestValidationBoundaries/high-scale/unknown-profile (0.00s)\n"}
{"Time":"2026-09-05T22:30:22.392586+09:00","Action":"pass","Package":"waiting-room/internal/installplan","Test":"TestValidationBoundaries/high-scale/unknown-profile","Elapsed":0}
{"Time":"2026-09-05T22:30:22.392594+09:00","Action":"run","Package":"waiting-room/internal/installplan","Test":"TestValidationBoundaries/high-scale/version"}
{"Time":"2026-09-05T22:30:22.392596+09:00","Action":"output","Package":"waiting-room/internal/installplan","Test":"TestValidationBoundaries/high-scale/version","Output":"=== RUN   TestValidationBoundaries/high-scale/version\n"}
{"Time":"2026-09-05T22:30:22.392614+09:00","Action":"output","Package":"waiting-room/internal/installplan","Test":"TestValidationBoundaries/high-scale/version","Output":"--- PASS: TestValidationBoundaries/high-scale/version (0.00s)\n"}
{"Time":"2026-09-05T22:30:22.392625+09:00","Action":"pass","Package":"waiting-room/internal/installplan","Test":"TestValidationBoundaries/high-scale/version","Elapsed":0}
{"Time":"2026-09-05T22:30:22.39263+09:00","Action":"run","Package":"waiting-room/internal/installplan","Test":"TestValidationBoundaries/high-scale/totp-mode"}
{"Time":"2026-09-05T22:30:22.392631+09:00","Action":"output","Package":"waiting-room/internal/installplan","Test":"TestValidationBoundaries/high-scale/totp-mode","Output":"=== RUN   TestValidationBoundaries/high-scale/totp-mode\n"}
{"Time":"2026-09-05T22:30:22.392662+09:00","Action":"output","Package":"waiting-room/internal/installplan","Test":"TestValidationBoundaries/high-scale/totp-mode","Output":"--- PASS: TestValidationBoundaries/high-scale/totp-mode (0.00s)\n"}
{"Time":"2026-09-05T22:30:22.392669+09:00","Action":"pass","Package":"waiting-room/internal/installplan","Test":"TestValidationBoundaries/high-scale/totp-mode","Elapsed":0}
{"Time":"2026-09-05T22:30:22.392676+09:00","Action":"run","Package":"waiting-room/internal/installplan","Test":"TestValidationBoundaries/high-scale/region-empty"}
{"Time":"2026-09-05T22:30:22.392678+09:00","Action":"output","Package":"waiting-room/internal/installplan","Test":"TestValidationBoundaries/high-scale/region-empty","Output":"=== RUN   TestValidationBoundaries/high-scale/region-empty\n"}
{"Time":"2026-09-05T22:30:22.392694+09:00","Action":"output","Package":"waiting-room/internal/installplan","Test":"TestValidationBoundaries/high-scale/region-empty","Output":"--- PASS: TestValidationBoundaries/high-scale/region-empty (0.00s)\n"}
{"Time":"2026-09-05T22:30:22.392706+09:00","Action":"pass","Package":"waiting-room/internal/installplan","Test":"TestValidationBoundaries/high-scale/region-empty","Elapsed":0}
{"Time":"2026-09-05T22:30:22.392713+09:00","Action":"run","Package":"waiting-room/internal/installplan","Test":"TestValidationBoundaries/high-scale/region-long"}
{"Time":"2026-09-05T22:30:22.392715+09:00","Action":"output","Package":"waiting-room/internal/installplan","Test":"TestValidationBoundaries/high-scale/region-long","Output":"=== RUN   TestValidationBoundaries/high-scale/region-long\n"}
{"Time":"2026-09-05T22:30:22.392768+09:00","Action":"output","Package":"waiting-room/internal/installplan","Test":"TestValidationBoundaries/high-scale/region-long","Output":"--- PASS: TestValidationBoundaries/high-scale/region-long (0.00s)\n"}
{"Time":"2026-09-05T22:30:22.392773+09:00","Action":"pass","Package":"waiting-room/internal/installplan","Test":"TestValidationBoundaries/high-scale/region-long","Elapsed":0}
{"Time":"2026-09-05T22:30:22.39282+09:00","Action":"output","Package":"waiting-room/internal/installplan","Test":"TestValidationBoundaries","Output":"--- PASS: TestValidationBoundaries (0.00s)\n"}
{"Time":"2026-09-05T22:30:22.392824+09:00","Action":"pass","Package":"waiting-room/internal/installplan","Test":"TestValidationBoundaries","Elapsed":0}
{"Time":"2026-09-05T22:30:22.392837+09:00","Action":"run","Package":"waiting-room/internal/installplan","Test":"TestStrictDecodeAndNoErrorEcho"}
{"Time":"2026-09-05T22:30:22.392839+09:00","Action":"output","Package":"waiting-room/internal/installplan","Test":"TestStrictDecodeAndNoErrorEcho","Output":"=== RUN   TestStrictDecodeAndNoErrorEcho\n"}
{"Time":"2026-09-05T22:30:22.392908+09:00","Action":"run","Package":"waiting-room/internal/installplan","Test":"TestStrictDecodeAndNoErrorEcho/array"}
{"Time":"2026-09-05T22:30:22.392912+09:00","Action":"output","Package":"waiting-room/internal/installplan","Test":"TestStrictDecodeAndNoErrorEcho/array","Output":"=== RUN   TestStrictDecodeAndNoErrorEcho/array\n"}
{"Time":"2026-09-05T22:30:22.392931+09:00","Action":"output","Package":"waiting-room/internal/installplan","Test":"TestStrictDecodeAndNoErrorEcho/array","Output":"--- PASS: TestStrictDecodeAndNoErrorEcho/array (0.00s)\n"}
{"Time":"2026-09-05T22:30:22.392944+09:00","Action":"pass","Package":"waiting-room/internal/installplan","Test":"TestStrictDecodeAndNoErrorEcho/array","Elapsed":0}
{"Time":"2026-09-05T22:30:22.392954+09:00","Action":"run","Package":"waiting-room/internal/installplan","Test":"TestStrictDecodeAndNoErrorEcho/malformed"}
{"Time":"2026-09-05T22:30:22.392957+09:00","Action":"output","Package":"waiting-room/internal/installplan","Test":"TestStrictDecodeAndNoErrorEcho/malformed","Output":"=== RUN   TestStrictDecodeAndNoErrorEcho/malformed\n"}
{"Time":"2026-09-05T22:30:22.392986+09:00","Action":"output","Package":"waiting-room/internal/installplan","Test":"TestStrictDecodeAndNoErrorEcho/malformed","Output":"--- PASS: TestStrictDecodeAndNoErrorEcho/malformed (0.00s)\n"}
{"Time":"2026-09-05T22:30:22.392989+09:00","Action":"pass","Package":"waiting-room/internal/installplan","Test":"TestStrictDecodeAndNoErrorEcho/malformed","Elapsed":0}
{"Time":"2026-09-05T22:30:22.392997+09:00","Action":"run","Package":"waiting-room/internal/installplan","Test":"TestStrictDecodeAndNoErrorEcho/duplicate"}
{"Time":"2026-09-05T22:30:22.393002+09:00","Action":"output","Package":"waiting-room/internal/installplan","Test":"TestStrictDecodeAndNoErrorEcho/duplicate","Output":"=== RUN   TestStrictDecodeAndNoErrorEcho/duplicate\n"}
{"Time":"2026-09-05T22:30:22.393093+09:00","Action":"output","Package":"waiting-room/internal/installplan","Test":"TestStrictDecodeAndNoErrorEcho/duplicate","Output":"--- PASS: TestStrictDecodeAndNoErrorEcho/duplicate (0.00s)\n"}
{"Time":"2026-09-05T22:30:22.393097+09:00","Action":"pass","Package":"waiting-room/internal/installplan","Test":"TestStrictDecodeAndNoErrorEcho/duplicate","Elapsed":0}
{"Time":"2026-09-05T22:30:22.393129+09:00","Action":"run","Package":"waiting-room/internal/installplan","Test":"TestStrictDecodeAndNoErrorEcho/duplicate-escaped"}
{"Time":"2026-09-05T22:30:22.39314+09:00","Action":"output","Package":"waiting-room/internal/installplan","Test":"TestStrictDecodeAndNoErrorEcho/duplicate-escaped","Output":"=== RUN   TestStrictDecodeAndNoErrorEcho/duplicate-escaped\n"}
{"Time":"2026-09-05T22:30:22.393278+09:00","Action":"output","Package":"waiting-room/internal/installplan","Test":"TestStrictDecodeAndNoErrorEcho/duplicate-escaped","Output":"--- PASS: TestStrictDecodeAndNoErrorEcho/duplicate-escaped (0.00s)\n"}
{"Time":"2026-09-05T22:30:22.393284+09:00","Action":"pass","Package":"waiting-room/internal/installplan","Test":"TestStrictDecodeAndNoErrorEcho/duplicate-escaped","Elapsed":0}
{"Time":"2026-09-05T22:30:22.393302+09:00","Action":"run","Package":"waiting-room/internal/installplan","Test":"TestStrictDecodeAndNoErrorEcho/wrong-case"}
{"Time":"2026-09-05T22:30:22.393304+09:00","Action":"output","Package":"waiting-room/internal/installplan","Test":"TestStrictDecodeAndNoErrorEcho/wrong-case","Output":"=== RUN   TestStrictDecodeAndNoErrorEcho/wrong-case\n"}
{"Time":"2026-09-05T22:30:22.393404+09:00","Action":"output","Package":"waiting-room/internal/installplan","Test":"TestStrictDecodeAndNoErrorEcho/wrong-case","Output":"--- PASS: TestStrictDecodeAndNoErrorEcho/wrong-case (0.00s)\n"}
{"Time":"2026-09-05T22:30:22.39341+09:00","Action":"pass","Package":"waiting-room/internal/installplan","Test":"TestStrictDecodeAndNoErrorEcho/wrong-case","Elapsed":0}
{"Time":"2026-09-05T22:30:22.393425+09:00","Action":"run","Package":"waiting-room/internal/installplan","Test":"TestStrictDecodeAndNoErrorEcho/null"}
{"Time":"2026-09-05T22:30:22.393428+09:00","Action":"output","Package":"waiting-room/internal/installplan","Test":"TestStrictDecodeAndNoErrorEcho/null","Output":"=== RUN   TestStrictDecodeAndNoErrorEcho/null\n"}
{"Time":"2026-09-05T22:30:22.393522+09:00","Action":"output","Package":"waiting-room/internal/installplan","Test":"TestStrictDecodeAndNoErrorEcho/null","Output":"--- PASS: TestStrictDecodeAndNoErrorEcho/null (0.00s)\n"}
{"Time":"2026-09-05T22:30:22.393527+09:00","Action":"pass","Package":"waiting-room/internal/installplan","Test":"TestStrictDecodeAndNoErrorEcho/null","Elapsed":0}
{"Time":"2026-09-05T22:30:22.393543+09:00","Action":"run","Package":"waiting-room/internal/installplan","Test":"TestStrictDecodeAndNoErrorEcho/wrong-type"}
{"Time":"2026-09-05T22:30:22.393546+09:00","Action":"output","Package":"waiting-room/internal/installplan","Test":"TestStrictDecodeAndNoErrorEcho/wrong-type","Output":"=== RUN   TestStrictDecodeAndNoErrorEcho/wrong-type\n"}
{"Time":"2026-09-05T22:30:22.393705+09:00","Action":"output","Package":"waiting-room/internal/installplan","Test":"TestStrictDecodeAndNoErrorEcho/wrong-type","Output":"--- PASS: TestStrictDecodeAndNoErrorEcho/wrong-type (0.00s)\n"}
{"Time":"2026-09-05T22:30:22.393709+09:00","Action":"pass","Package":"waiting-room/internal/installplan","Test":"TestStrictDecodeAndNoErrorEcho/wrong-type","Elapsed":0}
{"Time":"2026-09-05T22:30:22.393722+09:00","Action":"run","Package":"waiting-room/internal/installplan","Test":"TestStrictDecodeAndNoErrorEcho/oversize"}
{"Time":"2026-09-05T22:30:22.393725+09:00","Action":"output","Package":"waiting-room/internal/installplan","Test":"TestStrictDecodeAndNoErrorEcho/oversize","Output":"=== RUN   TestStrictDecodeAndNoErrorEcho/oversize\n"}
{"Time":"2026-09-05T22:30:22.393791+09:00","Action":"output","Package":"waiting-room/internal/installplan","Test":"TestStrictDecodeAndNoErrorEcho/oversize","Output":"--- PASS: TestStrictDecodeAndNoErrorEcho/oversize (0.00s)\n"}
{"Time":"2026-09-05T22:30:22.393796+09:00","Action":"pass","Package":"waiting-room/internal/installplan","Test":"TestStrictDecodeAndNoErrorEcho/oversize","Elapsed":0}
{"Time":"2026-09-05T22:30:22.39381+09:00","Action":"run","Package":"waiting-room/internal/installplan","Test":"TestStrictDecodeAndNoErrorEcho/unknown-secret"}
{"Time":"2026-09-05T22:30:22.393813+09:00","Action":"output","Package":"waiting-room/internal/installplan","Test":"TestStrictDecodeAndNoErrorEcho/unknown-secret","Output":"=== RUN   TestStrictDecodeAndNoErrorEcho/unknown-secret\n"}
{"Time":"2026-09-05T22:30:22.393918+09:00","Action":"output","Package":"waiting-room/internal/installplan","Test":"TestStrictDecodeAndNoErrorEcho/unknown-secret","Output":"--- PASS: TestStrictDecodeAndNoErrorEcho/unknown-secret (0.00s)\n"}
{"Time":"2026-09-05T22:30:22.39393+09:00","Action":"pass","Package":"waiting-room/internal/installplan","Test":"TestStrictDecodeAndNoErrorEcho/unknown-secret","Elapsed":0}
{"Time":"2026-09-05T22:30:22.393949+09:00","Action":"run","Package":"waiting-room/internal/installplan","Test":"TestStrictDecodeAndNoErrorEcho/nested-secret"}
{"Time":"2026-09-05T22:30:22.393952+09:00","Action":"output","Package":"waiting-room/internal/installplan","Test":"TestStrictDecodeAndNoErrorEcho/nested-secret","Output":"=== RUN   TestStrictDecodeAndNoErrorEcho/nested-secret\n"}
{"Time":"2026-09-05T22:30:22.394079+09:00","Action":"output","Package":"waiting-room/internal/installplan","Test":"TestStrictDecodeAndNoErrorEcho/nested-secret","Output":"--- PASS: TestStrictDecodeAndNoErrorEcho/nested-secret (0.00s)\n"}
{"Time":"2026-09-05T22:30:22.394083+09:00","Action":"pass","Package":"waiting-room/internal/installplan","Test":"TestStrictDecodeAndNoErrorEcho/nested-secret","Elapsed":0}
{"Time":"2026-09-05T22:30:22.394098+09:00","Action":"run","Package":"waiting-room/internal/installplan","Test":"TestStrictDecodeAndNoErrorEcho/missing-bool"}
{"Time":"2026-09-05T22:30:22.3941+09:00","Action":"output","Package":"waiting-room/internal/installplan","Test":"TestStrictDecodeAndNoErrorEcho/missing-bool","Output":"=== RUN   TestStrictDecodeAndNoErrorEcho/missing-bool\n"}
{"Time":"2026-09-05T22:30:22.394195+09:00","Action":"output","Package":"waiting-room/internal/installplan","Test":"TestStrictDecodeAndNoErrorEcho/missing-bool","Output":"--- PASS: TestStrictDecodeAndNoErrorEcho/missing-bool (0.00s)\n"}
{"Time":"2026-09-05T22:30:22.3942+09:00","Action":"pass","Package":"waiting-room/internal/installplan","Test":"TestStrictDecodeAndNoErrorEcho/missing-bool","Elapsed":0}
{"Time":"2026-09-05T22:30:22.394213+09:00","Action":"run","Package":"waiting-room/internal/installplan","Test":"TestStrictDecodeAndNoErrorEcho/multiple"}
{"Time":"2026-09-05T22:30:22.394214+09:00","Action":"output","Package":"waiting-room/internal/installplan","Test":"TestStrictDecodeAndNoErrorEcho/multiple","Output":"=== RUN   TestStrictDecodeAndNoErrorEcho/multiple\n"}
{"Time":"2026-09-05T22:30:22.394315+09:00","Action":"output","Package":"waiting-room/internal/installplan","Test":"TestStrictDecodeAndNoErrorEcho/multiple","Output":"--- PASS: TestStrictDecodeAndNoErrorEcho/multiple (0.00s)\n"}
{"Time":"2026-09-05T22:30:22.394323+09:00","Action":"pass","Package":"waiting-room/internal/installplan","Test":"TestStrictDecodeAndNoErrorEcho/multiple","Elapsed":0}
{"Time":"2026-09-05T22:30:22.394332+09:00","Action":"run","Package":"waiting-room/internal/installplan","Test":"TestStrictDecodeAndNoErrorEcho/regions"}
{"Time":"2026-09-05T22:30:22.394334+09:00","Action":"output","Package":"waiting-room/internal/installplan","Test":"TestStrictDecodeAndNoErrorEcho/regions","Output":"=== RUN   TestStrictDecodeAndNoErrorEcho/regions\n"}
{"Time":"2026-09-05T22:30:22.394381+09:00","Action":"output","Package":"waiting-room/internal/installplan","Test":"TestStrictDecodeAndNoErrorEcho/regions","Output":"--- PASS: TestStrictDecodeAndNoErrorEcho/regions (0.00s)\n"}
{"Time":"2026-09-05T22:30:22.394392+09:00","Action":"pass","Package":"waiting-room/internal/installplan","Test":"TestStrictDecodeAndNoErrorEcho/regions","Elapsed":0}
{"Time":"2026-09-05T22:30:22.394396+09:00","Action":"run","Package":"waiting-room/internal/installplan","Test":"TestStrictDecodeAndNoErrorEcho/nested-case"}
{"Time":"2026-09-05T22:30:22.394397+09:00","Action":"output","Package":"waiting-room/internal/installplan","Test":"TestStrictDecodeAndNoErrorEcho/nested-case","Output":"=== RUN   TestStrictDecodeAndNoErrorEcho/nested-case\n"}
{"Time":"2026-09-05T22:30:22.394493+09:00","Action":"output","Package":"waiting-room/internal/installplan","Test":"TestStrictDecodeAndNoErrorEcho/nested-case","Output":"--- PASS: TestStrictDecodeAndNoErrorEcho/nested-case (0.00s)\n"}
{"Time":"2026-09-05T22:30:22.394497+09:00","Action":"pass","Package":"waiting-room/internal/installplan","Test":"TestStrictDecodeAndNoErrorEcho/nested-case","Elapsed":0}
{"Time":"2026-09-05T22:30:22.394526+09:00","Action":"output","Package":"waiting-room/internal/installplan","Test":"TestStrictDecodeAndNoErrorEcho","Output":"--- PASS: TestStrictDecodeAndNoErrorEcho (0.00s)\n"}
{"Time":"2026-09-05T22:30:22.394533+09:00","Action":"pass","Package":"waiting-room/internal/installplan","Test":"TestStrictDecodeAndNoErrorEcho","Elapsed":0}
{"Time":"2026-09-05T22:30:22.394541+09:00","Action":"run","Package":"waiting-room/internal/installplan","Test":"TestDeterministicPlanAndOwnedSlices"}
{"Time":"2026-09-05T22:30:22.394543+09:00","Action":"output","Package":"waiting-room/internal/installplan","Test":"TestDeterministicPlanAndOwnedSlices","Output":"=== RUN   TestDeterministicPlanAndOwnedSlices\n"}
{"Time":"2026-09-05T22:30:22.394944+09:00","Action":"run","Package":"waiting-room/internal/installplan","Test":"TestDeterministicPlanAndOwnedSlices/repeat"}
{"Time":"2026-09-05T22:30:22.394947+09:00","Action":"output","Package":"waiting-room/internal/installplan","Test":"TestDeterministicPlanAndOwnedSlices/repeat","Output":"=== RUN   TestDeterministicPlanAndOwnedSlices/repeat\n"}
{"Time":"2026-09-05T22:30:22.394959+09:00","Action":"output","Package":"waiting-room/internal/installplan","Test":"TestDeterministicPlanAndOwnedSlices/repeat","Output":"=== PAUSE TestDeterministicPlanAndOwnedSlices/repeat\n"}
{"Time":"2026-09-05T22:30:22.394961+09:00","Action":"pause","Package":"waiting-room/internal/installplan","Test":"TestDeterministicPlanAndOwnedSlices/repeat"}
{"Time":"2026-09-05T22:30:22.394982+09:00","Action":"run","Package":"waiting-room/internal/installplan","Test":"TestDeterministicPlanAndOwnedSlices/repeat#01"}
{"Time":"2026-09-05T22:30:22.394984+09:00","Action":"output","Package":"waiting-room/internal/installplan","Test":"TestDeterministicPlanAndOwnedSlices/repeat#01","Output":"=== RUN   TestDeterministicPlanAndOwnedSlices/repeat#01\n"}
{"Time":"2026-09-05T22:30:22.394994+09:00","Action":"output","Package":"waiting-room/internal/installplan","Test":"TestDeterministicPlanAndOwnedSlices/repeat#01","Output":"=== PAUSE TestDeterministicPlanAndOwnedSlices/repeat#01\n"}
{"Time":"2026-09-05T22:30:22.394996+09:00","Action":"pause","Package":"waiting-room/internal/installplan","Test":"TestDeterministicPlanAndOwnedSlices/repeat#01"}
{"Time":"2026-09-05T22:30:22.395014+09:00","Action":"run","Package":"waiting-room/internal/installplan","Test":"TestDeterministicPlanAndOwnedSlices/repeat#02"}
{"Time":"2026-09-05T22:30:22.395016+09:00","Action":"output","Package":"waiting-room/internal/installplan","Test":"TestDeterministicPlanAndOwnedSlices/repeat#02","Output":"=== RUN   TestDeterministicPlanAndOwnedSlices/repeat#02\n"}
{"Time":"2026-09-05T22:30:22.395029+09:00","Action":"output","Package":"waiting-room/internal/installplan","Test":"TestDeterministicPlanAndOwnedSlices/repeat#02","Output":"=== PAUSE TestDeterministicPlanAndOwnedSlices/repeat#02\n"}
{"Time":"2026-09-05T22:30:22.395031+09:00","Action":"pause","Package":"waiting-room/internal/installplan","Test":"TestDeterministicPlanAndOwnedSlices/repeat#02"}
{"Time":"2026-09-05T22:30:22.395048+09:00","Action":"run","Package":"waiting-room/internal/installplan","Test":"TestDeterministicPlanAndOwnedSlices/repeat#03"}
{"Time":"2026-09-05T22:30:22.395049+09:00","Action":"output","Package":"waiting-room/internal/installplan","Test":"TestDeterministicPlanAndOwnedSlices/repeat#03","Output":"=== RUN   TestDeterministicPlanAndOwnedSlices/repeat#03\n"}
{"Time":"2026-09-05T22:30:22.395068+09:00","Action":"output","Package":"waiting-room/internal/installplan","Test":"TestDeterministicPlanAndOwnedSlices/repeat#03","Output":"=== PAUSE TestDeterministicPlanAndOwnedSlices/repeat#03\n"}
{"Time":"2026-09-05T22:30:22.39507+09:00","Action":"pause","Package":"waiting-room/internal/installplan","Test":"TestDeterministicPlanAndOwnedSlices/repeat#03"}
{"Time":"2026-09-05T22:30:22.395083+09:00","Action":"run","Package":"waiting-room/internal/installplan","Test":"TestDeterministicPlanAndOwnedSlices/repeat#04"}
{"Time":"2026-09-05T22:30:22.395085+09:00","Action":"output","Package":"waiting-room/internal/installplan","Test":"TestDeterministicPlanAndOwnedSlices/repeat#04","Output":"=== RUN   TestDeterministicPlanAndOwnedSlices/repeat#04\n"}
{"Time":"2026-09-05T22:30:22.395096+09:00","Action":"output","Package":"waiting-room/internal/installplan","Test":"TestDeterministicPlanAndOwnedSlices/repeat#04","Output":"=== PAUSE TestDeterministicPlanAndOwnedSlices/repeat#04\n"}
{"Time":"2026-09-05T22:30:22.395099+09:00","Action":"pause","Package":"waiting-room/internal/installplan","Test":"TestDeterministicPlanAndOwnedSlices/repeat#04"}
{"Time":"2026-09-05T22:30:22.395119+09:00","Action":"run","Package":"waiting-room/internal/installplan","Test":"TestDeterministicPlanAndOwnedSlices/repeat#05"}
{"Time":"2026-09-05T22:30:22.395123+09:00","Action":"output","Package":"waiting-room/internal/installplan","Test":"TestDeterministicPlanAndOwnedSlices/repeat#05","Output":"=== RUN   TestDeterministicPlanAndOwnedSlices/repeat#05\n"}
{"Time":"2026-09-05T22:30:22.395147+09:00","Action":"output","Package":"waiting-room/internal/installplan","Test":"TestDeterministicPlanAndOwnedSlices/repeat#05","Output":"=== PAUSE TestDeterministicPlanAndOwnedSlices/repeat#05\n"}
{"Time":"2026-09-05T22:30:22.395171+09:00","Action":"pause","Package":"waiting-room/internal/installplan","Test":"TestDeterministicPlanAndOwnedSlices/repeat#05"}
{"Time":"2026-09-05T22:30:22.395179+09:00","Action":"run","Package":"waiting-room/internal/installplan","Test":"TestDeterministicPlanAndOwnedSlices/repeat#06"}
{"Time":"2026-09-05T22:30:22.395186+09:00","Action":"output","Package":"waiting-room/internal/installplan","Test":"TestDeterministicPlanAndOwnedSlices/repeat#06","Output":"=== RUN   TestDeterministicPlanAndOwnedSlices/repeat#06\n"}
{"Time":"2026-09-05T22:30:22.395189+09:00","Action":"output","Package":"waiting-room/internal/installplan","Test":"TestDeterministicPlanAndOwnedSlices/repeat#06","Output":"=== PAUSE TestDeterministicPlanAndOwnedSlices/repeat#06\n"}
{"Time":"2026-09-05T22:30:22.395195+09:00","Action":"pause","Package":"waiting-room/internal/installplan","Test":"TestDeterministicPlanAndOwnedSlices/repeat#06"}
{"Time":"2026-09-05T22:30:22.395196+09:00","Action":"run","Package":"waiting-room/internal/installplan","Test":"TestDeterministicPlanAndOwnedSlices/repeat#07"}
{"Time":"2026-09-05T22:30:22.395197+09:00","Action":"output","Package":"waiting-room/internal/installplan","Test":"TestDeterministicPlanAndOwnedSlices/repeat#07","Output":"=== RUN   TestDeterministicPlanAndOwnedSlices/repeat#07\n"}
{"Time":"2026-09-05T22:30:22.3952+09:00","Action":"output","Package":"waiting-room/internal/installplan","Test":"TestDeterministicPlanAndOwnedSlices/repeat#07","Output":"=== PAUSE TestDeterministicPlanAndOwnedSlices/repeat#07\n"}
{"Time":"2026-09-05T22:30:22.395203+09:00","Action":"pause","Package":"waiting-room/internal/installplan","Test":"TestDeterministicPlanAndOwnedSlices/repeat#07"}
{"Time":"2026-09-05T22:30:22.395222+09:00","Action":"run","Package":"waiting-room/internal/installplan","Test":"TestDeterministicPlanAndOwnedSlices/repeat#08"}
{"Time":"2026-09-05T22:30:22.395226+09:00","Action":"output","Package":"waiting-room/internal/installplan","Test":"TestDeterministicPlanAndOwnedSlices/repeat#08","Output":"=== RUN   TestDeterministicPlanAndOwnedSlices/repeat#08\n"}
{"Time":"2026-09-05T22:30:22.395228+09:00","Action":"output","Package":"waiting-room/internal/installplan","Test":"TestDeterministicPlanAndOwnedSlices/repeat#08","Output":"=== PAUSE TestDeterministicPlanAndOwnedSlices/repeat#08\n"}
{"Time":"2026-09-05T22:30:22.395229+09:00","Action":"pause","Package":"waiting-room/internal/installplan","Test":"TestDeterministicPlanAndOwnedSlices/repeat#08"}
{"Time":"2026-09-05T22:30:22.395243+09:00","Action":"run","Package":"waiting-room/internal/installplan","Test":"TestDeterministicPlanAndOwnedSlices/repeat#09"}
{"Time":"2026-09-05T22:30:22.395245+09:00","Action":"output","Package":"waiting-room/internal/installplan","Test":"TestDeterministicPlanAndOwnedSlices/repeat#09","Output":"=== RUN   TestDeterministicPlanAndOwnedSlices/repeat#09\n"}
{"Time":"2026-09-05T22:30:22.395254+09:00","Action":"output","Package":"waiting-room/internal/installplan","Test":"TestDeterministicPlanAndOwnedSlices/repeat#09","Output":"=== PAUSE TestDeterministicPlanAndOwnedSlices/repeat#09\n"}
{"Time":"2026-09-05T22:30:22.395256+09:00","Action":"pause","Package":"waiting-room/internal/installplan","Test":"TestDeterministicPlanAndOwnedSlices/repeat#09"}
{"Time":"2026-09-05T22:30:22.395272+09:00","Action":"run","Package":"waiting-room/internal/installplan","Test":"TestDeterministicPlanAndOwnedSlices/repeat#10"}
{"Time":"2026-09-05T22:30:22.395275+09:00","Action":"output","Package":"waiting-room/internal/installplan","Test":"TestDeterministicPlanAndOwnedSlices/repeat#10","Output":"=== RUN   TestDeterministicPlanAndOwnedSlices/repeat#10\n"}
{"Time":"2026-09-05T22:30:22.395283+09:00","Action":"output","Package":"waiting-room/internal/installplan","Test":"TestDeterministicPlanAndOwnedSlices/repeat#10","Output":"=== PAUSE TestDeterministicPlanAndOwnedSlices/repeat#10\n"}
{"Time":"2026-09-05T22:30:22.395286+09:00","Action":"pause","Package":"waiting-room/internal/installplan","Test":"TestDeterministicPlanAndOwnedSlices/repeat#10"}
{"Time":"2026-09-05T22:30:22.395299+09:00","Action":"run","Package":"waiting-room/internal/installplan","Test":"TestDeterministicPlanAndOwnedSlices/repeat#11"}
{"Time":"2026-09-05T22:30:22.395301+09:00","Action":"output","Package":"waiting-room/internal/installplan","Test":"TestDeterministicPlanAndOwnedSlices/repeat#11","Output":"=== RUN   TestDeterministicPlanAndOwnedSlices/repeat#11\n"}
{"Time":"2026-09-05T22:30:22.395311+09:00","Action":"output","Package":"waiting-room/internal/installplan","Test":"TestDeterministicPlanAndOwnedSlices/repeat#11","Output":"=== PAUSE TestDeterministicPlanAndOwnedSlices/repeat#11\n"}
{"Time":"2026-09-05T22:30:22.395314+09:00","Action":"pause","Package":"waiting-room/internal/installplan","Test":"TestDeterministicPlanAndOwnedSlices/repeat#11"}
{"Time":"2026-09-05T22:30:22.395326+09:00","Action":"run","Package":"waiting-room/internal/installplan","Test":"TestDeterministicPlanAndOwnedSlices/repeat#12"}
{"Time":"2026-09-05T22:30:22.395328+09:00","Action":"output","Package":"waiting-room/internal/installplan","Test":"TestDeterministicPlanAndOwnedSlices/repeat#12","Output":"=== RUN   TestDeterministicPlanAndOwnedSlices/repeat#12\n"}
{"Time":"2026-09-05T22:30:22.395338+09:00","Action":"output","Package":"waiting-room/internal/installplan","Test":"TestDeterministicPlanAndOwnedSlices/repeat#12","Output":"=== PAUSE TestDeterministicPlanAndOwnedSlices/repeat#12\n"}
{"Time":"2026-09-05T22:30:22.395341+09:00","Action":"pause","Package":"waiting-room/internal/installplan","Test":"TestDeterministicPlanAndOwnedSlices/repeat#12"}
{"Time":"2026-09-05T22:30:22.395356+09:00","Action":"run","Package":"waiting-room/internal/installplan","Test":"TestDeterministicPlanAndOwnedSlices/repeat#13"}
{"Time":"2026-09-05T22:30:22.395358+09:00","Action":"output","Package":"waiting-room/internal/installplan","Test":"TestDeterministicPlanAndOwnedSlices/repeat#13","Output":"=== RUN   TestDeterministicPlanAndOwnedSlices/repeat#13\n"}
{"Time":"2026-09-05T22:30:22.395367+09:00","Action":"output","Package":"waiting-room/internal/installplan","Test":"TestDeterministicPlanAndOwnedSlices/repeat#13","Output":"=== PAUSE TestDeterministicPlanAndOwnedSlices/repeat#13\n"}
{"Time":"2026-09-05T22:30:22.395369+09:00","Action":"pause","Package":"waiting-room/internal/installplan","Test":"TestDeterministicPlanAndOwnedSlices/repeat#13"}
{"Time":"2026-09-05T22:30:22.395383+09:00","Action":"run","Package":"waiting-room/internal/installplan","Test":"TestDeterministicPlanAndOwnedSlices/repeat#14"}
{"Time":"2026-09-05T22:30:22.395385+09:00","Action":"output","Package":"waiting-room/internal/installplan","Test":"TestDeterministicPlanAndOwnedSlices/repeat#14","Output":"=== RUN   TestDeterministicPlanAndOwnedSlices/repeat#14\n"}
{"Time":"2026-09-05T22:30:22.395394+09:00","Action":"output","Package":"waiting-room/internal/installplan","Test":"TestDeterministicPlanAndOwnedSlices/repeat#14","Output":"=== PAUSE TestDeterministicPlanAndOwnedSlices/repeat#14\n"}
{"Time":"2026-09-05T22:30:22.395397+09:00","Action":"pause","Package":"waiting-room/internal/installplan","Test":"TestDeterministicPlanAndOwnedSlices/repeat#14"}
{"Time":"2026-09-05T22:30:22.395408+09:00","Action":"run","Package":"waiting-room/internal/installplan","Test":"TestDeterministicPlanAndOwnedSlices/repeat#15"}
{"Time":"2026-09-05T22:30:22.39541+09:00","Action":"output","Package":"waiting-room/internal/installplan","Test":"TestDeterministicPlanAndOwnedSlices/repeat#15","Output":"=== RUN   TestDeterministicPlanAndOwnedSlices/repeat#15\n"}
{"Time":"2026-09-05T22:30:22.39542+09:00","Action":"output","Package":"waiting-room/internal/installplan","Test":"TestDeterministicPlanAndOwnedSlices/repeat#15","Output":"=== PAUSE TestDeterministicPlanAndOwnedSlices/repeat#15\n"}
{"Time":"2026-09-05T22:30:22.395422+09:00","Action":"pause","Package":"waiting-room/internal/installplan","Test":"TestDeterministicPlanAndOwnedSlices/repeat#15"}
{"Time":"2026-09-05T22:30:22.395443+09:00","Action":"run","Package":"waiting-room/internal/installplan","Test":"TestDeterministicPlanAndOwnedSlices/repeat#16"}
{"Time":"2026-09-05T22:30:22.395446+09:00","Action":"output","Package":"waiting-room/internal/installplan","Test":"TestDeterministicPlanAndOwnedSlices/repeat#16","Output":"=== RUN   TestDeterministicPlanAndOwnedSlices/repeat#16\n"}
{"Time":"2026-09-05T22:30:22.395448+09:00","Action":"output","Package":"waiting-room/internal/installplan","Test":"TestDeterministicPlanAndOwnedSlices/repeat#16","Output":"=== PAUSE TestDeterministicPlanAndOwnedSlices/repeat#16\n"}
{"Time":"2026-09-05T22:30:22.39545+09:00","Action":"pause","Package":"waiting-room/internal/installplan","Test":"TestDeterministicPlanAndOwnedSlices/repeat#16"}
{"Time":"2026-09-05T22:30:22.395466+09:00","Action":"run","Package":"waiting-room/internal/installplan","Test":"TestDeterministicPlanAndOwnedSlices/repeat#17"}
{"Time":"2026-09-05T22:30:22.395468+09:00","Action":"output","Package":"waiting-room/internal/installplan","Test":"TestDeterministicPlanAndOwnedSlices/repeat#17","Output":"=== RUN   TestDeterministicPlanAndOwnedSlices/repeat#17\n"}
{"Time":"2026-09-05T22:30:22.39548+09:00","Action":"output","Package":"waiting-room/internal/installplan","Test":"TestDeterministicPlanAndOwnedSlices/repeat#17","Output":"=== PAUSE TestDeterministicPlanAndOwnedSlices/repeat#17\n"}
{"Time":"2026-09-05T22:30:22.395484+09:00","Action":"pause","Package":"waiting-room/internal/installplan","Test":"TestDeterministicPlanAndOwnedSlices/repeat#17"}
{"Time":"2026-09-05T22:30:22.395495+09:00","Action":"run","Package":"waiting-room/internal/installplan","Test":"TestDeterministicPlanAndOwnedSlices/repeat#18"}
{"Time":"2026-09-05T22:30:22.395497+09:00","Action":"output","Package":"waiting-room/internal/installplan","Test":"TestDeterministicPlanAndOwnedSlices/repeat#18","Output":"=== RUN   TestDeterministicPlanAndOwnedSlices/repeat#18\n"}
{"Time":"2026-09-05T22:30:22.395507+09:00","Action":"output","Package":"waiting-room/internal/installplan","Test":"TestDeterministicPlanAndOwnedSlices/repeat#18","Output":"=== PAUSE TestDeterministicPlanAndOwnedSlices/repeat#18\n"}
{"Time":"2026-09-05T22:30:22.395509+09:00","Action":"pause","Package":"waiting-room/internal/installplan","Test":"TestDeterministicPlanAndOwnedSlices/repeat#18"}
{"Time":"2026-09-05T22:30:22.395522+09:00","Action":"run","Package":"waiting-room/internal/installplan","Test":"TestDeterministicPlanAndOwnedSlices/repeat#19"}
{"Time":"2026-09-05T22:30:22.395524+09:00","Action":"output","Package":"waiting-room/internal/installplan","Test":"TestDeterministicPlanAndOwnedSlices/repeat#19","Output":"=== RUN   TestDeterministicPlanAndOwnedSlices/repeat#19\n"}
{"Time":"2026-09-05T22:30:22.395538+09:00","Action":"output","Package":"waiting-room/internal/installplan","Test":"TestDeterministicPlanAndOwnedSlices/repeat#19","Output":"=== PAUSE TestDeterministicPlanAndOwnedSlices/repeat#19\n"}
{"Time":"2026-09-05T22:30:22.39554+09:00","Action":"pause","Package":"waiting-room/internal/installplan","Test":"TestDeterministicPlanAndOwnedSlices/repeat#19"}
{"Time":"2026-09-05T22:30:22.395554+09:00","Action":"run","Package":"waiting-room/internal/installplan","Test":"TestDeterministicPlanAndOwnedSlices/repeat#20"}
{"Time":"2026-09-05T22:30:22.395555+09:00","Action":"output","Package":"waiting-room/internal/installplan","Test":"TestDeterministicPlanAndOwnedSlices/repeat#20","Output":"=== RUN   TestDeterministicPlanAndOwnedSlices/repeat#20\n"}
{"Time":"2026-09-05T22:30:22.395565+09:00","Action":"output","Package":"waiting-room/internal/installplan","Test":"TestDeterministicPlanAndOwnedSlices/repeat#20","Output":"=== PAUSE TestDeterministicPlanAndOwnedSlices/repeat#20\n"}
{"Time":"2026-09-05T22:30:22.395567+09:00","Action":"pause","Package":"waiting-room/internal/installplan","Test":"TestDeterministicPlanAndOwnedSlices/repeat#20"}
{"Time":"2026-09-05T22:30:22.395579+09:00","Action":"run","Package":"waiting-room/internal/installplan","Test":"TestDeterministicPlanAndOwnedSlices/repeat#21"}
{"Time":"2026-09-05T22:30:22.395581+09:00","Action":"output","Package":"waiting-room/internal/installplan","Test":"TestDeterministicPlanAndOwnedSlices/repeat#21","Output":"=== RUN   TestDeterministicPlanAndOwnedSlices/repeat#21\n"}
{"Time":"2026-09-05T22:30:22.395595+09:00","Action":"output","Package":"waiting-room/internal/installplan","Test":"TestDeterministicPlanAndOwnedSlices/repeat#21","Output":"=== PAUSE TestDeterministicPlanAndOwnedSlices/repeat#21\n"}
{"Time":"2026-09-05T22:30:22.395597+09:00","Action":"pause","Package":"waiting-room/internal/installplan","Test":"TestDeterministicPlanAndOwnedSlices/repeat#21"}
{"Time":"2026-09-05T22:30:22.39561+09:00","Action":"run","Package":"waiting-room/internal/installplan","Test":"TestDeterministicPlanAndOwnedSlices/repeat#22"}
{"Time":"2026-09-05T22:30:22.395611+09:00","Action":"output","Package":"waiting-room/internal/installplan","Test":"TestDeterministicPlanAndOwnedSlices/repeat#22","Output":"=== RUN   TestDeterministicPlanAndOwnedSlices/repeat#22\n"}
{"Time":"2026-09-05T22:30:22.395627+09:00","Action":"output","Package":"waiting-room/internal/installplan","Test":"TestDeterministicPlanAndOwnedSlices/repeat#22","Output":"=== PAUSE TestDeterministicPlanAndOwnedSlices/repeat#22\n"}
{"Time":"2026-09-05T22:30:22.395629+09:00","Action":"pause","Package":"waiting-room/internal/installplan","Test":"TestDeterministicPlanAndOwnedSlices/repeat#22"}
{"Time":"2026-09-05T22:30:22.395642+09:00","Action":"run","Package":"waiting-room/internal/installplan","Test":"TestDeterministicPlanAndOwnedSlices/repeat#23"}
{"Time":"2026-09-05T22:30:22.395643+09:00","Action":"output","Package":"waiting-room/internal/installplan","Test":"TestDeterministicPlanAndOwnedSlices/repeat#23","Output":"=== RUN   TestDeterministicPlanAndOwnedSlices/repeat#23\n"}
{"Time":"2026-09-05T22:30:22.395653+09:00","Action":"output","Package":"waiting-room/internal/installplan","Test":"TestDeterministicPlanAndOwnedSlices/repeat#23","Output":"=== PAUSE TestDeterministicPlanAndOwnedSlices/repeat#23\n"}
{"Time":"2026-09-05T22:30:22.395654+09:00","Action":"pause","Package":"waiting-room/internal/installplan","Test":"TestDeterministicPlanAndOwnedSlices/repeat#23"}
{"Time":"2026-09-05T22:30:22.395667+09:00","Action":"run","Package":"waiting-room/internal/installplan","Test":"TestDeterministicPlanAndOwnedSlices/repeat#24"}
{"Time":"2026-09-05T22:30:22.39567+09:00","Action":"output","Package":"waiting-room/internal/installplan","Test":"TestDeterministicPlanAndOwnedSlices/repeat#24","Output":"=== RUN   TestDeterministicPlanAndOwnedSlices/repeat#24\n"}
{"Time":"2026-09-05T22:30:22.395679+09:00","Action":"output","Package":"waiting-room/internal/installplan","Test":"TestDeterministicPlanAndOwnedSlices/repeat#24","Output":"=== PAUSE TestDeterministicPlanAndOwnedSlices/repeat#24\n"}
{"Time":"2026-09-05T22:30:22.395681+09:00","Action":"pause","Package":"waiting-room/internal/installplan","Test":"TestDeterministicPlanAndOwnedSlices/repeat#24"}
{"Time":"2026-09-05T22:30:22.395694+09:00","Action":"run","Package":"waiting-room/internal/installplan","Test":"TestDeterministicPlanAndOwnedSlices/repeat#25"}
{"Time":"2026-09-05T22:30:22.395696+09:00","Action":"output","Package":"waiting-room/internal/installplan","Test":"TestDeterministicPlanAndOwnedSlices/repeat#25","Output":"=== RUN   TestDeterministicPlanAndOwnedSlices/repeat#25\n"}
{"Time":"2026-09-05T22:30:22.395707+09:00","Action":"output","Package":"waiting-room/internal/installplan","Test":"TestDeterministicPlanAndOwnedSlices/repeat#25","Output":"=== PAUSE TestDeterministicPlanAndOwnedSlices/repeat#25\n"}
{"Time":"2026-09-05T22:30:22.395709+09:00","Action":"pause","Package":"waiting-room/internal/installplan","Test":"TestDeterministicPlanAndOwnedSlices/repeat#25"}
{"Time":"2026-09-05T22:30:22.395723+09:00","Action":"run","Package":"waiting-room/internal/installplan","Test":"TestDeterministicPlanAndOwnedSlices/repeat#26"}
{"Time":"2026-09-05T22:30:22.395726+09:00","Action":"output","Package":"waiting-room/internal/installplan","Test":"TestDeterministicPlanAndOwnedSlices/repeat#26","Output":"=== RUN   TestDeterministicPlanAndOwnedSlices/repeat#26\n"}
{"Time":"2026-09-05T22:30:22.395737+09:00","Action":"output","Package":"waiting-room/internal/installplan","Test":"TestDeterministicPlanAndOwnedSlices/repeat#26","Output":"=== PAUSE TestDeterministicPlanAndOwnedSlices/repeat#26\n"}
{"Time":"2026-09-05T22:30:22.395739+09:00","Action":"pause","Package":"waiting-room/internal/installplan","Test":"TestDeterministicPlanAndOwnedSlices/repeat#26"}
{"Time":"2026-09-05T22:30:22.395754+09:00","Action":"run","Package":"waiting-room/internal/installplan","Test":"TestDeterministicPlanAndOwnedSlices/repeat#27"}
{"Time":"2026-09-05T22:30:22.395756+09:00","Action":"output","Package":"waiting-room/internal/installplan","Test":"TestDeterministicPlanAndOwnedSlices/repeat#27","Output":"=== RUN   TestDeterministicPlanAndOwnedSlices/repeat#27\n"}
{"Time":"2026-09-05T22:30:22.395769+09:00","Action":"output","Package":"waiting-room/internal/installplan","Test":"TestDeterministicPlanAndOwnedSlices/repeat#27","Output":"=== PAUSE TestDeterministicPlanAndOwnedSlices/repeat#27\n"}
{"Time":"2026-09-05T22:30:22.395771+09:00","Action":"pause","Package":"waiting-room/internal/installplan","Test":"TestDeterministicPlanAndOwnedSlices/repeat#27"}
{"Time":"2026-09-05T22:30:22.395783+09:00","Action":"run","Package":"waiting-room/internal/installplan","Test":"TestDeterministicPlanAndOwnedSlices/repeat#28"}
{"Time":"2026-09-05T22:30:22.395785+09:00","Action":"output","Package":"waiting-room/internal/installplan","Test":"TestDeterministicPlanAndOwnedSlices/repeat#28","Output":"=== RUN   TestDeterministicPlanAndOwnedSlices/repeat#28\n"}
{"Time":"2026-09-05T22:30:22.395796+09:00","Action":"output","Package":"waiting-room/internal/installplan","Test":"TestDeterministicPlanAndOwnedSlices/repeat#28","Output":"=== PAUSE TestDeterministicPlanAndOwnedSlices/repeat#28\n"}
{"Time":"2026-09-05T22:30:22.395799+09:00","Action":"pause","Package":"waiting-room/internal/installplan","Test":"TestDeterministicPlanAndOwnedSlices/repeat#28"}
{"Time":"2026-09-05T22:30:22.395811+09:00","Action":"run","Package":"waiting-room/internal/installplan","Test":"TestDeterministicPlanAndOwnedSlices/repeat#29"}
{"Time":"2026-09-05T22:30:22.395813+09:00","Action":"output","Package":"waiting-room/internal/installplan","Test":"TestDeterministicPlanAndOwnedSlices/repeat#29","Output":"=== RUN   TestDeterministicPlanAndOwnedSlices/repeat#29\n"}
{"Time":"2026-09-05T22:30:22.395823+09:00","Action":"output","Package":"waiting-room/internal/installplan","Test":"TestDeterministicPlanAndOwnedSlices/repeat#29","Output":"=== PAUSE TestDeterministicPlanAndOwnedSlices/repeat#29\n"}
{"Time":"2026-09-05T22:30:22.395825+09:00","Action":"pause","Package":"waiting-room/internal/installplan","Test":"TestDeterministicPlanAndOwnedSlices/repeat#29"}
{"Time":"2026-09-05T22:30:22.395836+09:00","Action":"run","Package":"waiting-room/internal/installplan","Test":"TestDeterministicPlanAndOwnedSlices/repeat#30"}
{"Time":"2026-09-05T22:30:22.395839+09:00","Action":"output","Package":"waiting-room/internal/installplan","Test":"TestDeterministicPlanAndOwnedSlices/repeat#30","Output":"=== RUN   TestDeterministicPlanAndOwnedSlices/repeat#30\n"}
{"Time":"2026-09-05T22:30:22.395849+09:00","Action":"output","Package":"waiting-room/internal/installplan","Test":"TestDeterministicPlanAndOwnedSlices/repeat#30","Output":"=== PAUSE TestDeterministicPlanAndOwnedSlices/repeat#30\n"}
{"Time":"2026-09-05T22:30:22.395851+09:00","Action":"pause","Package":"waiting-room/internal/installplan","Test":"TestDeterministicPlanAndOwnedSlices/repeat#30"}
{"Time":"2026-09-05T22:30:22.395863+09:00","Action":"run","Package":"waiting-room/internal/installplan","Test":"TestDeterministicPlanAndOwnedSlices/repeat#31"}
{"Time":"2026-09-05T22:30:22.395866+09:00","Action":"output","Package":"waiting-room/internal/installplan","Test":"TestDeterministicPlanAndOwnedSlices/repeat#31","Output":"=== RUN   TestDeterministicPlanAndOwnedSlices/repeat#31\n"}
{"Time":"2026-09-05T22:30:22.395876+09:00","Action":"output","Package":"waiting-room/internal/installplan","Test":"TestDeterministicPlanAndOwnedSlices/repeat#31","Output":"=== PAUSE TestDeterministicPlanAndOwnedSlices/repeat#31\n"}
{"Time":"2026-09-05T22:30:22.395878+09:00","Action":"pause","Package":"waiting-room/internal/installplan","Test":"TestDeterministicPlanAndOwnedSlices/repeat#31"}
{"Time":"2026-09-05T22:30:22.395893+09:00","Action":"run","Package":"waiting-room/internal/installplan","Test":"TestDeterministicPlanAndOwnedSlices/repeat#32"}
{"Time":"2026-09-05T22:30:22.395895+09:00","Action":"output","Package":"waiting-room/internal/installplan","Test":"TestDeterministicPlanAndOwnedSlices/repeat#32","Output":"=== RUN   TestDeterministicPlanAndOwnedSlices/repeat#32\n"}
{"Time":"2026-09-05T22:30:22.395908+09:00","Action":"output","Package":"waiting-room/internal/installplan","Test":"TestDeterministicPlanAndOwnedSlices/repeat#32","Output":"=== PAUSE TestDeterministicPlanAndOwnedSlices/repeat#32\n"}
{"Time":"2026-09-05T22:30:22.39591+09:00","Action":"pause","Package":"waiting-room/internal/installplan","Test":"TestDeterministicPlanAndOwnedSlices/repeat#32"}
{"Time":"2026-09-05T22:30:22.395925+09:00","Action":"run","Package":"waiting-room/internal/installplan","Test":"TestDeterministicPlanAndOwnedSlices/repeat#33"}
{"Time":"2026-09-05T22:30:22.395926+09:00","Action":"output","Package":"waiting-room/internal/installplan","Test":"TestDeterministicPlanAndOwnedSlices/repeat#33","Output":"=== RUN   TestDeterministicPlanAndOwnedSlices/repeat#33\n"}
{"Time":"2026-09-05T22:30:22.395935+09:00","Action":"output","Package":"waiting-room/internal/installplan","Test":"TestDeterministicPlanAndOwnedSlices/repeat#33","Output":"=== PAUSE TestDeterministicPlanAndOwnedSlices/repeat#33\n"}
{"Time":"2026-09-05T22:30:22.395937+09:00","Action":"pause","Package":"waiting-room/internal/installplan","Test":"TestDeterministicPlanAndOwnedSlices/repeat#33"}
{"Time":"2026-09-05T22:30:22.395951+09:00","Action":"run","Package":"waiting-room/internal/installplan","Test":"TestDeterministicPlanAndOwnedSlices/repeat#34"}
{"Time":"2026-09-05T22:30:22.395954+09:00","Action":"output","Package":"waiting-room/internal/installplan","Test":"TestDeterministicPlanAndOwnedSlices/repeat#34","Output":"=== RUN   TestDeterministicPlanAndOwnedSlices/repeat#34\n"}
{"Time":"2026-09-05T22:30:22.395966+09:00","Action":"output","Package":"waiting-room/internal/installplan","Test":"TestDeterministicPlanAndOwnedSlices/repeat#34","Output":"=== PAUSE TestDeterministicPlanAndOwnedSlices/repeat#34\n"}
{"Time":"2026-09-05T22:30:22.395968+09:00","Action":"pause","Package":"waiting-room/internal/installplan","Test":"TestDeterministicPlanAndOwnedSlices/repeat#34"}
{"Time":"2026-09-05T22:30:22.395981+09:00","Action":"run","Package":"waiting-room/internal/installplan","Test":"TestDeterministicPlanAndOwnedSlices/repeat#35"}
{"Time":"2026-09-05T22:30:22.395982+09:00","Action":"output","Package":"waiting-room/internal/installplan","Test":"TestDeterministicPlanAndOwnedSlices/repeat#35","Output":"=== RUN   TestDeterministicPlanAndOwnedSlices/repeat#35\n"}
{"Time":"2026-09-05T22:30:22.395994+09:00","Action":"output","Package":"waiting-room/internal/installplan","Test":"TestDeterministicPlanAndOwnedSlices/repeat#35","Output":"=== PAUSE TestDeterministicPlanAndOwnedSlices/repeat#35\n"}
{"Time":"2026-09-05T22:30:22.395996+09:00","Action":"pause","Package":"waiting-room/internal/installplan","Test":"TestDeterministicPlanAndOwnedSlices/repeat#35"}
{"Time":"2026-09-05T22:30:22.396011+09:00","Action":"run","Package":"waiting-room/internal/installplan","Test":"TestDeterministicPlanAndOwnedSlices/repeat#36"}
{"Time":"2026-09-05T22:30:22.396013+09:00","Action":"output","Package":"waiting-room/internal/installplan","Test":"TestDeterministicPlanAndOwnedSlices/repeat#36","Output":"=== RUN   TestDeterministicPlanAndOwnedSlices/repeat#36\n"}
{"Time":"2026-09-05T22:30:22.396024+09:00","Action":"output","Package":"waiting-room/internal/installplan","Test":"TestDeterministicPlanAndOwnedSlices/repeat#36","Output":"=== PAUSE TestDeterministicPlanAndOwnedSlices/repeat#36\n"}
{"Time":"2026-09-05T22:30:22.396026+09:00","Action":"pause","Package":"waiting-room/internal/installplan","Test":"TestDeterministicPlanAndOwnedSlices/repeat#36"}
{"Time":"2026-09-05T22:30:22.396044+09:00","Action":"run","Package":"waiting-room/internal/installplan","Test":"TestDeterministicPlanAndOwnedSlices/repeat#37"}
{"Time":"2026-09-05T22:30:22.396046+09:00","Action":"output","Package":"waiting-room/internal/installplan","Test":"TestDeterministicPlanAndOwnedSlices/repeat#37","Output":"=== RUN   TestDeterministicPlanAndOwnedSlices/repeat#37\n"}
{"Time":"2026-09-05T22:30:22.396058+09:00","Action":"output","Package":"waiting-room/internal/installplan","Test":"TestDeterministicPlanAndOwnedSlices/repeat#37","Output":"=== PAUSE TestDeterministicPlanAndOwnedSlices/repeat#37\n"}
{"Time":"2026-09-05T22:30:22.396061+09:00","Action":"pause","Package":"waiting-room/internal/installplan","Test":"TestDeterministicPlanAndOwnedSlices/repeat#37"}
{"Time":"2026-09-05T22:30:22.396072+09:00","Action":"run","Package":"waiting-room/internal/installplan","Test":"TestDeterministicPlanAndOwnedSlices/repeat#38"}
{"Time":"2026-09-05T22:30:22.396074+09:00","Action":"output","Package":"waiting-room/internal/installplan","Test":"TestDeterministicPlanAndOwnedSlices/repeat#38","Output":"=== RUN   TestDeterministicPlanAndOwnedSlices/repeat#38\n"}
{"Time":"2026-09-05T22:30:22.396083+09:00","Action":"output","Package":"waiting-room/internal/installplan","Test":"TestDeterministicPlanAndOwnedSlices/repeat#38","Output":"=== PAUSE TestDeterministicPlanAndOwnedSlices/repeat#38\n"}
{"Time":"2026-09-05T22:30:22.396085+09:00","Action":"pause","Package":"waiting-room/internal/installplan","Test":"TestDeterministicPlanAndOwnedSlices/repeat#38"}
{"Time":"2026-09-05T22:30:22.396099+09:00","Action":"run","Package":"waiting-room/internal/installplan","Test":"TestDeterministicPlanAndOwnedSlices/repeat#39"}
{"Time":"2026-09-05T22:30:22.396101+09:00","Action":"output","Package":"waiting-room/internal/installplan","Test":"TestDeterministicPlanAndOwnedSlices/repeat#39","Output":"=== RUN   TestDeterministicPlanAndOwnedSlices/repeat#39\n"}
{"Time":"2026-09-05T22:30:22.396112+09:00","Action":"output","Package":"waiting-room/internal/installplan","Test":"TestDeterministicPlanAndOwnedSlices/repeat#39","Output":"=== PAUSE TestDeterministicPlanAndOwnedSlices/repeat#39\n"}
{"Time":"2026-09-05T22:30:22.396115+09:00","Action":"pause","Package":"waiting-room/internal/installplan","Test":"TestDeterministicPlanAndOwnedSlices/repeat#39"}
{"Time":"2026-09-05T22:30:22.39613+09:00","Action":"run","Package":"waiting-room/internal/installplan","Test":"TestDeterministicPlanAndOwnedSlices/repeat#40"}
{"Time":"2026-09-05T22:30:22.396132+09:00","Action":"output","Package":"waiting-room/internal/installplan","Test":"TestDeterministicPlanAndOwnedSlices/repeat#40","Output":"=== RUN   TestDeterministicPlanAndOwnedSlices/repeat#40\n"}
{"Time":"2026-09-05T22:30:22.396141+09:00","Action":"output","Package":"waiting-room/internal/installplan","Test":"TestDeterministicPlanAndOwnedSlices/repeat#40","Output":"=== PAUSE TestDeterministicPlanAndOwnedSlices/repeat#40\n"}
{"Time":"2026-09-05T22:30:22.396143+09:00","Action":"pause","Package":"waiting-room/internal/installplan","Test":"TestDeterministicPlanAndOwnedSlices/repeat#40"}
{"Time":"2026-09-05T22:30:22.396155+09:00","Action":"run","Package":"waiting-room/internal/installplan","Test":"TestDeterministicPlanAndOwnedSlices/repeat#41"}
{"Time":"2026-09-05T22:30:22.396157+09:00","Action":"output","Package":"waiting-room/internal/installplan","Test":"TestDeterministicPlanAndOwnedSlices/repeat#41","Output":"=== RUN   TestDeterministicPlanAndOwnedSlices/repeat#41\n"}
{"Time":"2026-09-05T22:30:22.396166+09:00","Action":"output","Package":"waiting-room/internal/installplan","Test":"TestDeterministicPlanAndOwnedSlices/repeat#41","Output":"=== PAUSE TestDeterministicPlanAndOwnedSlices/repeat#41\n"}
{"Time":"2026-09-05T22:30:22.396167+09:00","Action":"pause","Package":"waiting-room/internal/installplan","Test":"TestDeterministicPlanAndOwnedSlices/repeat#41"}
{"Time":"2026-09-05T22:30:22.396184+09:00","Action":"run","Package":"waiting-room/internal/installplan","Test":"TestDeterministicPlanAndOwnedSlices/repeat#42"}
{"Time":"2026-09-05T22:30:22.396187+09:00","Action":"output","Package":"waiting-room/internal/installplan","Test":"TestDeterministicPlanAndOwnedSlices/repeat#42","Output":"=== RUN   TestDeterministicPlanAndOwnedSlices/repeat#42\n"}
{"Time":"2026-09-05T22:30:22.396197+09:00","Action":"output","Package":"waiting-room/internal/installplan","Test":"TestDeterministicPlanAndOwnedSlices/repeat#42","Output":"=== PAUSE TestDeterministicPlanAndOwnedSlices/repeat#42\n"}
{"Time":"2026-09-05T22:30:22.396199+09:00","Action":"pause","Package":"waiting-room/internal/installplan","Test":"TestDeterministicPlanAndOwnedSlices/repeat#42"}
{"Time":"2026-09-05T22:30:22.396211+09:00","Action":"run","Package":"waiting-room/internal/installplan","Test":"TestDeterministicPlanAndOwnedSlices/repeat#43"}
{"Time":"2026-09-05T22:30:22.396213+09:00","Action":"output","Package":"waiting-room/internal/installplan","Test":"TestDeterministicPlanAndOwnedSlices/repeat#43","Output":"=== RUN   TestDeterministicPlanAndOwnedSlices/repeat#43\n"}
{"Time":"2026-09-05T22:30:22.396224+09:00","Action":"output","Package":"waiting-room/internal/installplan","Test":"TestDeterministicPlanAndOwnedSlices/repeat#43","Output":"=== PAUSE TestDeterministicPlanAndOwnedSlices/repeat#43\n"}
{"Time":"2026-09-05T22:30:22.396226+09:00","Action":"pause","Package":"waiting-room/internal/installplan","Test":"TestDeterministicPlanAndOwnedSlices/repeat#43"}
{"Time":"2026-09-05T22:30:22.396241+09:00","Action":"run","Package":"waiting-room/internal/installplan","Test":"TestDeterministicPlanAndOwnedSlices/repeat#44"}
{"Time":"2026-09-05T22:30:22.396242+09:00","Action":"output","Package":"waiting-room/internal/installplan","Test":"TestDeterministicPlanAndOwnedSlices/repeat#44","Output":"=== RUN   TestDeterministicPlanAndOwnedSlices/repeat#44\n"}
{"Time":"2026-09-05T22:30:22.396252+09:00","Action":"output","Package":"waiting-room/internal/installplan","Test":"TestDeterministicPlanAndOwnedSlices/repeat#44","Output":"=== PAUSE TestDeterministicPlanAndOwnedSlices/repeat#44\n"}
{"Time":"2026-09-05T22:30:22.396254+09:00","Action":"pause","Package":"waiting-room/internal/installplan","Test":"TestDeterministicPlanAndOwnedSlices/repeat#44"}
{"Time":"2026-09-05T22:30:22.39627+09:00","Action":"run","Package":"waiting-room/internal/installplan","Test":"TestDeterministicPlanAndOwnedSlices/repeat#45"}
{"Time":"2026-09-05T22:30:22.396272+09:00","Action":"output","Package":"waiting-room/internal/installplan","Test":"TestDeterministicPlanAndOwnedSlices/repeat#45","Output":"=== RUN   TestDeterministicPlanAndOwnedSlices/repeat#45\n"}
{"Time":"2026-09-05T22:30:22.396281+09:00","Action":"output","Package":"waiting-room/internal/installplan","Test":"TestDeterministicPlanAndOwnedSlices/repeat#45","Output":"=== PAUSE TestDeterministicPlanAndOwnedSlices/repeat#45\n"}
{"Time":"2026-09-05T22:30:22.396283+09:00","Action":"pause","Package":"waiting-room/internal/installplan","Test":"TestDeterministicPlanAndOwnedSlices/repeat#45"}
{"Time":"2026-09-05T22:30:22.396298+09:00","Action":"run","Package":"waiting-room/internal/installplan","Test":"TestDeterministicPlanAndOwnedSlices/repeat#46"}
{"Time":"2026-09-05T22:30:22.3963+09:00","Action":"output","Package":"waiting-room/internal/installplan","Test":"TestDeterministicPlanAndOwnedSlices/repeat#46","Output":"=== RUN   TestDeterministicPlanAndOwnedSlices/repeat#46\n"}
{"Time":"2026-09-05T22:30:22.396311+09:00","Action":"output","Package":"waiting-room/internal/installplan","Test":"TestDeterministicPlanAndOwnedSlices/repeat#46","Output":"=== PAUSE TestDeterministicPlanAndOwnedSlices/repeat#46\n"}
{"Time":"2026-09-05T22:30:22.396313+09:00","Action":"pause","Package":"waiting-room/internal/installplan","Test":"TestDeterministicPlanAndOwnedSlices/repeat#46"}
{"Time":"2026-09-05T22:30:22.396327+09:00","Action":"run","Package":"waiting-room/internal/installplan","Test":"TestDeterministicPlanAndOwnedSlices/repeat#47"}
{"Time":"2026-09-05T22:30:22.396329+09:00","Action":"output","Package":"waiting-room/internal/installplan","Test":"TestDeterministicPlanAndOwnedSlices/repeat#47","Output":"=== RUN   TestDeterministicPlanAndOwnedSlices/repeat#47\n"}
{"Time":"2026-09-05T22:30:22.396338+09:00","Action":"output","Package":"waiting-room/internal/installplan","Test":"TestDeterministicPlanAndOwnedSlices/repeat#47","Output":"=== PAUSE TestDeterministicPlanAndOwnedSlices/repeat#47\n"}
{"Time":"2026-09-05T22:30:22.39634+09:00","Action":"pause","Package":"waiting-room/internal/installplan","Test":"TestDeterministicPlanAndOwnedSlices/repeat#47"}
{"Time":"2026-09-05T22:30:22.396354+09:00","Action":"run","Package":"waiting-room/internal/installplan","Test":"TestDeterministicPlanAndOwnedSlices/repeat#48"}
{"Time":"2026-09-05T22:30:22.396356+09:00","Action":"output","Package":"waiting-room/internal/installplan","Test":"TestDeterministicPlanAndOwnedSlices/repeat#48","Output":"=== RUN   TestDeterministicPlanAndOwnedSlices/repeat#48\n"}
{"Time":"2026-09-05T22:30:22.396363+09:00","Action":"output","Package":"waiting-room/internal/installplan","Test":"TestDeterministicPlanAndOwnedSlices/repeat#48","Output":"=== PAUSE TestDeterministicPlanAndOwnedSlices/repeat#48\n"}
{"Time":"2026-09-05T22:30:22.396366+09:00","Action":"pause","Package":"waiting-room/internal/installplan","Test":"TestDeterministicPlanAndOwnedSlices/repeat#48"}
{"Time":"2026-09-05T22:30:22.396381+09:00","Action":"run","Package":"waiting-room/internal/installplan","Test":"TestDeterministicPlanAndOwnedSlices/repeat#49"}
{"Time":"2026-09-05T22:30:22.396383+09:00","Action":"output","Package":"waiting-room/internal/installplan","Test":"TestDeterministicPlanAndOwnedSlices/repeat#49","Output":"=== RUN   TestDeterministicPlanAndOwnedSlices/repeat#49\n"}
{"Time":"2026-09-05T22:30:22.396391+09:00","Action":"output","Package":"waiting-room/internal/installplan","Test":"TestDeterministicPlanAndOwnedSlices/repeat#49","Output":"=== PAUSE TestDeterministicPlanAndOwnedSlices/repeat#49\n"}
{"Time":"2026-09-05T22:30:22.396393+09:00","Action":"pause","Package":"waiting-room/internal/installplan","Test":"TestDeterministicPlanAndOwnedSlices/repeat#49"}
{"Time":"2026-09-05T22:30:22.396408+09:00","Action":"run","Package":"waiting-room/internal/installplan","Test":"TestDeterministicPlanAndOwnedSlices/repeat#50"}
{"Time":"2026-09-05T22:30:22.39641+09:00","Action":"output","Package":"waiting-room/internal/installplan","Test":"TestDeterministicPlanAndOwnedSlices/repeat#50","Output":"=== RUN   TestDeterministicPlanAndOwnedSlices/repeat#50\n"}
{"Time":"2026-09-05T22:30:22.396417+09:00","Action":"output","Package":"waiting-room/internal/installplan","Test":"TestDeterministicPlanAndOwnedSlices/repeat#50","Output":"=== PAUSE TestDeterministicPlanAndOwnedSlices/repeat#50\n"}
{"Time":"2026-09-05T22:30:22.396419+09:00","Action":"pause","Package":"waiting-room/internal/installplan","Test":"TestDeterministicPlanAndOwnedSlices/repeat#50"}
{"Time":"2026-09-05T22:30:22.396431+09:00","Action":"run","Package":"waiting-room/internal/installplan","Test":"TestDeterministicPlanAndOwnedSlices/repeat#51"}
{"Time":"2026-09-05T22:30:22.396433+09:00","Action":"output","Package":"waiting-room/internal/installplan","Test":"TestDeterministicPlanAndOwnedSlices/repeat#51","Output":"=== RUN   TestDeterministicPlanAndOwnedSlices/repeat#51\n"}
{"Time":"2026-09-05T22:30:22.396449+09:00","Action":"output","Package":"waiting-room/internal/installplan","Test":"TestDeterministicPlanAndOwnedSlices/repeat#51","Output":"=== PAUSE TestDeterministicPlanAndOwnedSlices/repeat#51\n"}
{"Time":"2026-09-05T22:30:22.39645+09:00","Action":"pause","Package":"waiting-room/internal/installplan","Test":"TestDeterministicPlanAndOwnedSlices/repeat#51"}
{"Time":"2026-09-05T22:30:22.396463+09:00","Action":"run","Package":"waiting-room/internal/installplan","Test":"TestDeterministicPlanAndOwnedSlices/repeat#52"}
{"Time":"2026-09-05T22:30:22.396465+09:00","Action":"output","Package":"waiting-room/internal/installplan","Test":"TestDeterministicPlanAndOwnedSlices/repeat#52","Output":"=== RUN   TestDeterministicPlanAndOwnedSlices/repeat#52\n"}
{"Time":"2026-09-05T22:30:22.396477+09:00","Action":"output","Package":"waiting-room/internal/installplan","Test":"TestDeterministicPlanAndOwnedSlices/repeat#52","Output":"=== PAUSE TestDeterministicPlanAndOwnedSlices/repeat#52\n"}
{"Time":"2026-09-05T22:30:22.39648+09:00","Action":"pause","Package":"waiting-room/internal/installplan","Test":"TestDeterministicPlanAndOwnedSlices/repeat#52"}
{"Time":"2026-09-05T22:30:22.396491+09:00","Action":"run","Package":"waiting-room/internal/installplan","Test":"TestDeterministicPlanAndOwnedSlices/repeat#53"}
{"Time":"2026-09-05T22:30:22.396493+09:00","Action":"output","Package":"waiting-room/internal/installplan","Test":"TestDeterministicPlanAndOwnedSlices/repeat#53","Output":"=== RUN   TestDeterministicPlanAndOwnedSlices/repeat#53\n"}
{"Time":"2026-09-05T22:30:22.396505+09:00","Action":"output","Package":"waiting-room/internal/installplan","Test":"TestDeterministicPlanAndOwnedSlices/repeat#53","Output":"=== PAUSE TestDeterministicPlanAndOwnedSlices/repeat#53\n"}
{"Time":"2026-09-05T22:30:22.396507+09:00","Action":"pause","Package":"waiting-room/internal/installplan","Test":"TestDeterministicPlanAndOwnedSlices/repeat#53"}
{"Time":"2026-09-05T22:30:22.39652+09:00","Action":"run","Package":"waiting-room/internal/installplan","Test":"TestDeterministicPlanAndOwnedSlices/repeat#54"}
{"Time":"2026-09-05T22:30:22.396528+09:00","Action":"output","Package":"waiting-room/internal/installplan","Test":"TestDeterministicPlanAndOwnedSlices/repeat#54","Output":"=== RUN   TestDeterministicPlanAndOwnedSlices/repeat#54\n"}
{"Time":"2026-09-05T22:30:22.396534+09:00","Action":"output","Package":"waiting-room/internal/installplan","Test":"TestDeterministicPlanAndOwnedSlices/repeat#54","Output":"=== PAUSE TestDeterministicPlanAndOwnedSlices/repeat#54\n"}
{"Time":"2026-09-05T22:30:22.396536+09:00","Action":"pause","Package":"waiting-room/internal/installplan","Test":"TestDeterministicPlanAndOwnedSlices/repeat#54"}
{"Time":"2026-09-05T22:30:22.396552+09:00","Action":"run","Package":"waiting-room/internal/installplan","Test":"TestDeterministicPlanAndOwnedSlices/repeat#55"}
{"Time":"2026-09-05T22:30:22.396554+09:00","Action":"output","Package":"waiting-room/internal/installplan","Test":"TestDeterministicPlanAndOwnedSlices/repeat#55","Output":"=== RUN   TestDeterministicPlanAndOwnedSlices/repeat#55\n"}
{"Time":"2026-09-05T22:30:22.396569+09:00","Action":"output","Package":"waiting-room/internal/installplan","Test":"TestDeterministicPlanAndOwnedSlices/repeat#55","Output":"=== PAUSE TestDeterministicPlanAndOwnedSlices/repeat#55\n"}
{"Time":"2026-09-05T22:30:22.396571+09:00","Action":"pause","Package":"waiting-room/internal/installplan","Test":"TestDeterministicPlanAndOwnedSlices/repeat#55"}
{"Time":"2026-09-05T22:30:22.396591+09:00","Action":"run","Package":"waiting-room/internal/installplan","Test":"TestDeterministicPlanAndOwnedSlices/repeat#56"}
{"Time":"2026-09-05T22:30:22.396593+09:00","Action":"output","Package":"waiting-room/internal/installplan","Test":"TestDeterministicPlanAndOwnedSlices/repeat#56","Output":"=== RUN   TestDeterministicPlanAndOwnedSlices/repeat#56\n"}
{"Time":"2026-09-05T22:30:22.396608+09:00","Action":"output","Package":"waiting-room/internal/installplan","Test":"TestDeterministicPlanAndOwnedSlices/repeat#56","Output":"=== PAUSE TestDeterministicPlanAndOwnedSlices/repeat#56\n"}
{"Time":"2026-09-05T22:30:22.39661+09:00","Action":"pause","Package":"waiting-room/internal/installplan","Test":"TestDeterministicPlanAndOwnedSlices/repeat#56"}
{"Time":"2026-09-05T22:30:22.396626+09:00","Action":"run","Package":"waiting-room/internal/installplan","Test":"TestDeterministicPlanAndOwnedSlices/repeat#57"}
{"Time":"2026-09-05T22:30:22.396628+09:00","Action":"output","Package":"waiting-room/internal/installplan","Test":"TestDeterministicPlanAndOwnedSlices/repeat#57","Output":"=== RUN   TestDeterministicPlanAndOwnedSlices/repeat#57\n"}
{"Time":"2026-09-05T22:30:22.396644+09:00","Action":"output","Package":"waiting-room/internal/installplan","Test":"TestDeterministicPlanAndOwnedSlices/repeat#57","Output":"=== PAUSE TestDeterministicPlanAndOwnedSlices/repeat#57\n"}
{"Time":"2026-09-05T22:30:22.396646+09:00","Action":"pause","Package":"waiting-room/internal/installplan","Test":"TestDeterministicPlanAndOwnedSlices/repeat#57"}
{"Time":"2026-09-05T22:30:22.39666+09:00","Action":"run","Package":"waiting-room/internal/installplan","Test":"TestDeterministicPlanAndOwnedSlices/repeat#58"}
{"Time":"2026-09-05T22:30:22.396662+09:00","Action":"output","Package":"waiting-room/internal/installplan","Test":"TestDeterministicPlanAndOwnedSlices/repeat#58","Output":"=== RUN   TestDeterministicPlanAndOwnedSlices/repeat#58\n"}
{"Time":"2026-09-05T22:30:22.396679+09:00","Action":"output","Package":"waiting-room/internal/installplan","Test":"TestDeterministicPlanAndOwnedSlices/repeat#58","Output":"=== PAUSE TestDeterministicPlanAndOwnedSlices/repeat#58\n"}
{"Time":"2026-09-05T22:30:22.39668+09:00","Action":"pause","Package":"waiting-room/internal/installplan","Test":"TestDeterministicPlanAndOwnedSlices/repeat#58"}
{"Time":"2026-09-05T22:30:22.396698+09:00","Action":"run","Package":"waiting-room/internal/installplan","Test":"TestDeterministicPlanAndOwnedSlices/repeat#59"}
{"Time":"2026-09-05T22:30:22.3967+09:00","Action":"output","Package":"waiting-room/internal/installplan","Test":"TestDeterministicPlanAndOwnedSlices/repeat#59","Output":"=== RUN   TestDeterministicPlanAndOwnedSlices/repeat#59\n"}
{"Time":"2026-09-05T22:30:22.396713+09:00","Action":"output","Package":"waiting-room/internal/installplan","Test":"TestDeterministicPlanAndOwnedSlices/repeat#59","Output":"=== PAUSE TestDeterministicPlanAndOwnedSlices/repeat#59\n"}
{"Time":"2026-09-05T22:30:22.396715+09:00","Action":"pause","Package":"waiting-room/internal/installplan","Test":"TestDeterministicPlanAndOwnedSlices/repeat#59"}
{"Time":"2026-09-05T22:30:22.396731+09:00","Action":"run","Package":"waiting-room/internal/installplan","Test":"TestDeterministicPlanAndOwnedSlices/repeat#60"}
{"Time":"2026-09-05T22:30:22.396734+09:00","Action":"output","Package":"waiting-room/internal/installplan","Test":"TestDeterministicPlanAndOwnedSlices/repeat#60","Output":"=== RUN   TestDeterministicPlanAndOwnedSlices/repeat#60\n"}
{"Time":"2026-09-05T22:30:22.39675+09:00","Action":"output","Package":"waiting-room/internal/installplan","Test":"TestDeterministicPlanAndOwnedSlices/repeat#60","Output":"=== PAUSE TestDeterministicPlanAndOwnedSlices/repeat#60\n"}
{"Time":"2026-09-05T22:30:22.396752+09:00","Action":"pause","Package":"waiting-room/internal/installplan","Test":"TestDeterministicPlanAndOwnedSlices/repeat#60"}
{"Time":"2026-09-05T22:30:22.396773+09:00","Action":"run","Package":"waiting-room/internal/installplan","Test":"TestDeterministicPlanAndOwnedSlices/repeat#61"}
{"Time":"2026-09-05T22:30:22.396775+09:00","Action":"output","Package":"waiting-room/internal/installplan","Test":"TestDeterministicPlanAndOwnedSlices/repeat#61","Output":"=== RUN   TestDeterministicPlanAndOwnedSlices/repeat#61\n"}
{"Time":"2026-09-05T22:30:22.396789+09:00","Action":"output","Package":"waiting-room/internal/installplan","Test":"TestDeterministicPlanAndOwnedSlices/repeat#61","Output":"=== PAUSE TestDeterministicPlanAndOwnedSlices/repeat#61\n"}
{"Time":"2026-09-05T22:30:22.396791+09:00","Action":"pause","Package":"waiting-room/internal/installplan","Test":"TestDeterministicPlanAndOwnedSlices/repeat#61"}
{"Time":"2026-09-05T22:30:22.396808+09:00","Action":"run","Package":"waiting-room/internal/installplan","Test":"TestDeterministicPlanAndOwnedSlices/repeat#62"}
{"Time":"2026-09-05T22:30:22.39681+09:00","Action":"output","Package":"waiting-room/internal/installplan","Test":"TestDeterministicPlanAndOwnedSlices/repeat#62","Output":"=== RUN   TestDeterministicPlanAndOwnedSlices/repeat#62\n"}
{"Time":"2026-09-05T22:30:22.396825+09:00","Action":"output","Package":"waiting-room/internal/installplan","Test":"TestDeterministicPlanAndOwnedSlices/repeat#62","Output":"=== PAUSE TestDeterministicPlanAndOwnedSlices/repeat#62\n"}
{"Time":"2026-09-05T22:30:22.396827+09:00","Action":"pause","Package":"waiting-room/internal/installplan","Test":"TestDeterministicPlanAndOwnedSlices/repeat#62"}
{"Time":"2026-09-05T22:30:22.396845+09:00","Action":"run","Package":"waiting-room/internal/installplan","Test":"TestDeterministicPlanAndOwnedSlices/repeat#63"}
{"Time":"2026-09-05T22:30:22.396847+09:00","Action":"output","Package":"waiting-room/internal/installplan","Test":"TestDeterministicPlanAndOwnedSlices/repeat#63","Output":"=== RUN   TestDeterministicPlanAndOwnedSlices/repeat#63\n"}
{"Time":"2026-09-05T22:30:22.396863+09:00","Action":"output","Package":"waiting-room/internal/installplan","Test":"TestDeterministicPlanAndOwnedSlices/repeat#63","Output":"=== PAUSE TestDeterministicPlanAndOwnedSlices/repeat#63\n"}
{"Time":"2026-09-05T22:30:22.396865+09:00","Action":"pause","Package":"waiting-room/internal/installplan","Test":"TestDeterministicPlanAndOwnedSlices/repeat#63"}
{"Time":"2026-09-05T22:30:22.396881+09:00","Action":"run","Package":"waiting-room/internal/installplan","Test":"TestDeterministicPlanAndOwnedSlices/repeat#64"}
{"Time":"2026-09-05T22:30:22.396883+09:00","Action":"output","Package":"waiting-room/internal/installplan","Test":"TestDeterministicPlanAndOwnedSlices/repeat#64","Output":"=== RUN   TestDeterministicPlanAndOwnedSlices/repeat#64\n"}
{"Time":"2026-09-05T22:30:22.396897+09:00","Action":"output","Package":"waiting-room/internal/installplan","Test":"TestDeterministicPlanAndOwnedSlices/repeat#64","Output":"=== PAUSE TestDeterministicPlanAndOwnedSlices/repeat#64\n"}
{"Time":"2026-09-05T22:30:22.396898+09:00","Action":"pause","Package":"waiting-room/internal/installplan","Test":"TestDeterministicPlanAndOwnedSlices/repeat#64"}
{"Time":"2026-09-05T22:30:22.396916+09:00","Action":"run","Package":"waiting-room/internal/installplan","Test":"TestDeterministicPlanAndOwnedSlices/repeat#65"}
{"Time":"2026-09-05T22:30:22.396918+09:00","Action":"output","Package":"waiting-room/internal/installplan","Test":"TestDeterministicPlanAndOwnedSlices/repeat#65","Output":"=== RUN   TestDeterministicPlanAndOwnedSlices/repeat#65\n"}
{"Time":"2026-09-05T22:30:22.396932+09:00","Action":"output","Package":"waiting-room/internal/installplan","Test":"TestDeterministicPlanAndOwnedSlices/repeat#65","Output":"=== PAUSE TestDeterministicPlanAndOwnedSlices/repeat#65\n"}
{"Time":"2026-09-05T22:30:22.396934+09:00","Action":"pause","Package":"waiting-room/internal/installplan","Test":"TestDeterministicPlanAndOwnedSlices/repeat#65"}
{"Time":"2026-09-05T22:30:22.396948+09:00","Action":"run","Package":"waiting-room/internal/installplan","Test":"TestDeterministicPlanAndOwnedSlices/repeat#66"}
{"Time":"2026-09-05T22:30:22.39695+09:00","Action":"output","Package":"waiting-room/internal/installplan","Test":"TestDeterministicPlanAndOwnedSlices/repeat#66","Output":"=== RUN   TestDeterministicPlanAndOwnedSlices/repeat#66\n"}
{"Time":"2026-09-05T22:30:22.396964+09:00","Action":"output","Package":"waiting-room/internal/installplan","Test":"TestDeterministicPlanAndOwnedSlices/repeat#66","Output":"=== PAUSE TestDeterministicPlanAndOwnedSlices/repeat#66\n"}
{"Time":"2026-09-05T22:30:22.396966+09:00","Action":"pause","Package":"waiting-room/internal/installplan","Test":"TestDeterministicPlanAndOwnedSlices/repeat#66"}
{"Time":"2026-09-05T22:30:22.39698+09:00","Action":"run","Package":"waiting-room/internal/installplan","Test":"TestDeterministicPlanAndOwnedSlices/repeat#67"}
{"Time":"2026-09-05T22:30:22.396982+09:00","Action":"output","Package":"waiting-room/internal/installplan","Test":"TestDeterministicPlanAndOwnedSlices/repeat#67","Output":"=== RUN   TestDeterministicPlanAndOwnedSlices/repeat#67\n"}
{"Time":"2026-09-05T22:30:22.396995+09:00","Action":"output","Package":"waiting-room/internal/installplan","Test":"TestDeterministicPlanAndOwnedSlices/repeat#67","Output":"=== PAUSE TestDeterministicPlanAndOwnedSlices/repeat#67\n"}
{"Time":"2026-09-05T22:30:22.396997+09:00","Action":"pause","Package":"waiting-room/internal/installplan","Test":"TestDeterministicPlanAndOwnedSlices/repeat#67"}
{"Time":"2026-09-05T22:30:22.397012+09:00","Action":"run","Package":"waiting-room/internal/installplan","Test":"TestDeterministicPlanAndOwnedSlices/repeat#68"}
{"Time":"2026-09-05T22:30:22.397015+09:00","Action":"output","Package":"waiting-room/internal/installplan","Test":"TestDeterministicPlanAndOwnedSlices/repeat#68","Output":"=== RUN   TestDeterministicPlanAndOwnedSlices/repeat#68\n"}
{"Time":"2026-09-05T22:30:22.397026+09:00","Action":"output","Package":"waiting-room/internal/installplan","Test":"TestDeterministicPlanAndOwnedSlices/repeat#68","Output":"=== PAUSE TestDeterministicPlanAndOwnedSlices/repeat#68\n"}
{"Time":"2026-09-05T22:30:22.397028+09:00","Action":"pause","Package":"waiting-room/internal/installplan","Test":"TestDeterministicPlanAndOwnedSlices/repeat#68"}
{"Time":"2026-09-05T22:30:22.397042+09:00","Action":"run","Package":"waiting-room/internal/installplan","Test":"TestDeterministicPlanAndOwnedSlices/repeat#69"}
{"Time":"2026-09-05T22:30:22.397044+09:00","Action":"output","Package":"waiting-room/internal/installplan","Test":"TestDeterministicPlanAndOwnedSlices/repeat#69","Output":"=== RUN   TestDeterministicPlanAndOwnedSlices/repeat#69\n"}
{"Time":"2026-09-05T22:30:22.397058+09:00","Action":"output","Package":"waiting-room/internal/installplan","Test":"TestDeterministicPlanAndOwnedSlices/repeat#69","Output":"=== PAUSE TestDeterministicPlanAndOwnedSlices/repeat#69\n"}
{"Time":"2026-09-05T22:30:22.39706+09:00","Action":"pause","Package":"waiting-room/internal/installplan","Test":"TestDeterministicPlanAndOwnedSlices/repeat#69"}
{"Time":"2026-09-05T22:30:22.397074+09:00","Action":"run","Package":"waiting-room/internal/installplan","Test":"TestDeterministicPlanAndOwnedSlices/repeat#70"}
{"Time":"2026-09-05T22:30:22.397076+09:00","Action":"output","Package":"waiting-room/internal/installplan","Test":"TestDeterministicPlanAndOwnedSlices/repeat#70","Output":"=== RUN   TestDeterministicPlanAndOwnedSlices/repeat#70\n"}
{"Time":"2026-09-05T22:30:22.397087+09:00","Action":"output","Package":"waiting-room/internal/installplan","Test":"TestDeterministicPlanAndOwnedSlices/repeat#70","Output":"=== PAUSE TestDeterministicPlanAndOwnedSlices/repeat#70\n"}
{"Time":"2026-09-05T22:30:22.39709+09:00","Action":"pause","Package":"waiting-room/internal/installplan","Test":"TestDeterministicPlanAndOwnedSlices/repeat#70"}
{"Time":"2026-09-05T22:30:22.397103+09:00","Action":"run","Package":"waiting-room/internal/installplan","Test":"TestDeterministicPlanAndOwnedSlices/repeat#71"}
{"Time":"2026-09-05T22:30:22.397105+09:00","Action":"output","Package":"waiting-room/internal/installplan","Test":"TestDeterministicPlanAndOwnedSlices/repeat#71","Output":"=== RUN   TestDeterministicPlanAndOwnedSlices/repeat#71\n"}
{"Time":"2026-09-05T22:30:22.397118+09:00","Action":"output","Package":"waiting-room/internal/installplan","Test":"TestDeterministicPlanAndOwnedSlices/repeat#71","Output":"=== PAUSE TestDeterministicPlanAndOwnedSlices/repeat#71\n"}
{"Time":"2026-09-05T22:30:22.397311+09:00","Action":"pause","Package":"waiting-room/internal/installplan","Test":"TestDeterministicPlanAndOwnedSlices/repeat#71"}
{"Time":"2026-09-05T22:30:22.397337+09:00","Action":"run","Package":"waiting-room/internal/installplan","Test":"TestDeterministicPlanAndOwnedSlices/repeat#72"}
{"Time":"2026-09-05T22:30:22.397339+09:00","Action":"output","Package":"waiting-room/internal/installplan","Test":"TestDeterministicPlanAndOwnedSlices/repeat#72","Output":"=== RUN   TestDeterministicPlanAndOwnedSlices/repeat#72\n"}
{"Time":"2026-09-05T22:30:22.397341+09:00","Action":"output","Package":"waiting-room/internal/installplan","Test":"TestDeterministicPlanAndOwnedSlices/repeat#72","Output":"=== PAUSE TestDeterministicPlanAndOwnedSlices/repeat#72\n"}
{"Time":"2026-09-05T22:30:22.397342+09:00","Action":"pause","Package":"waiting-room/internal/installplan","Test":"TestDeterministicPlanAndOwnedSlices/repeat#72"}
{"Time":"2026-09-05T22:30:22.397344+09:00","Action":"run","Package":"waiting-room/internal/installplan","Test":"TestDeterministicPlanAndOwnedSlices/repeat#73"}
{"Time":"2026-09-05T22:30:22.397346+09:00","Action":"output","Package":"waiting-room/internal/installplan","Test":"TestDeterministicPlanAndOwnedSlices/repeat#73","Output":"=== RUN   TestDeterministicPlanAndOwnedSlices/repeat#73\n"}
{"Time":"2026-09-05T22:30:22.397348+09:00","Action":"output","Package":"waiting-room/internal/installplan","Test":"TestDeterministicPlanAndOwnedSlices/repeat#73","Output":"=== PAUSE TestDeterministicPlanAndOwnedSlices/repeat#73\n"}
{"Time":"2026-09-05T22:30:22.39735+09:00","Action":"pause","Package":"waiting-room/internal/installplan","Test":"TestDeterministicPlanAndOwnedSlices/repeat#73"}
{"Time":"2026-09-05T22:30:22.397352+09:00","Action":"run","Package":"waiting-room/internal/installplan","Test":"TestDeterministicPlanAndOwnedSlices/repeat#74"}
{"Time":"2026-09-05T22:30:22.397357+09:00","Action":"output","Package":"waiting-room/internal/installplan","Test":"TestDeterministicPlanAndOwnedSlices/repeat#74","Output":"=== RUN   TestDeterministicPlanAndOwnedSlices/repeat#74\n"}
{"Time":"2026-09-05T22:30:22.397358+09:00","Action":"output","Package":"waiting-room/internal/installplan","Test":"TestDeterministicPlanAndOwnedSlices/repeat#74","Output":"=== PAUSE TestDeterministicPlanAndOwnedSlices/repeat#74\n"}
{"Time":"2026-09-05T22:30:22.397359+09:00","Action":"pause","Package":"waiting-room/internal/installplan","Test":"TestDeterministicPlanAndOwnedSlices/repeat#74"}
{"Time":"2026-09-05T22:30:22.397427+09:00","Action":"run","Package":"waiting-room/internal/installplan","Test":"TestDeterministicPlanAndOwnedSlices/repeat#75"}
{"Time":"2026-09-05T22:30:22.397465+09:00","Action":"output","Package":"waiting-room/internal/installplan","Test":"TestDeterministicPlanAndOwnedSlices/repeat#75","Output":"=== RUN   TestDeterministicPlanAndOwnedSlices/repeat#75\n"}
{"Time":"2026-09-05T22:30:22.397476+09:00","Action":"output","Package":"waiting-room/internal/installplan","Test":"TestDeterministicPlanAndOwnedSlices/repeat#75","Output":"=== PAUSE TestDeterministicPlanAndOwnedSlices/repeat#75\n"}
{"Time":"2026-09-05T22:30:22.397478+09:00","Action":"pause","Package":"waiting-room/internal/installplan","Test":"TestDeterministicPlanAndOwnedSlices/repeat#75"}
{"Time":"2026-09-05T22:30:22.397482+09:00","Action":"run","Package":"waiting-room/internal/installplan","Test":"TestDeterministicPlanAndOwnedSlices/repeat#76"}
{"Time":"2026-09-05T22:30:22.397483+09:00","Action":"output","Package":"waiting-room/internal/installplan","Test":"TestDeterministicPlanAndOwnedSlices/repeat#76","Output":"=== RUN   TestDeterministicPlanAndOwnedSlices/repeat#76\n"}
{"Time":"2026-09-05T22:30:22.397486+09:00","Action":"output","Package":"waiting-room/internal/installplan","Test":"TestDeterministicPlanAndOwnedSlices/repeat#76","Output":"=== PAUSE TestDeterministicPlanAndOwnedSlices/repeat#76\n"}
{"Time":"2026-09-05T22:30:22.397487+09:00","Action":"pause","Package":"waiting-room/internal/installplan","Test":"TestDeterministicPlanAndOwnedSlices/repeat#76"}
{"Time":"2026-09-05T22:30:22.397489+09:00","Action":"run","Package":"waiting-room/internal/installplan","Test":"TestDeterministicPlanAndOwnedSlices/repeat#77"}
{"Time":"2026-09-05T22:30:22.397491+09:00","Action":"output","Package":"waiting-room/internal/installplan","Test":"TestDeterministicPlanAndOwnedSlices/repeat#77","Output":"=== RUN   TestDeterministicPlanAndOwnedSlices/repeat#77\n"}
{"Time":"2026-09-05T22:30:22.397492+09:00","Action":"output","Package":"waiting-room/internal/installplan","Test":"TestDeterministicPlanAndOwnedSlices/repeat#77","Output":"=== PAUSE TestDeterministicPlanAndOwnedSlices/repeat#77\n"}
{"Time":"2026-09-05T22:30:22.397496+09:00","Action":"pause","Package":"waiting-room/internal/installplan","Test":"TestDeterministicPlanAndOwnedSlices/repeat#77"}
{"Time":"2026-09-05T22:30:22.397498+09:00","Action":"run","Package":"waiting-room/internal/installplan","Test":"TestDeterministicPlanAndOwnedSlices/repeat#78"}
{"Time":"2026-09-05T22:30:22.397499+09:00","Action":"output","Package":"waiting-room/internal/installplan","Test":"TestDeterministicPlanAndOwnedSlices/repeat#78","Output":"=== RUN   TestDeterministicPlanAndOwnedSlices/repeat#78\n"}
{"Time":"2026-09-05T22:30:22.397501+09:00","Action":"output","Package":"waiting-room/internal/installplan","Test":"TestDeterministicPlanAndOwnedSlices/repeat#78","Output":"=== PAUSE TestDeterministicPlanAndOwnedSlices/repeat#78\n"}
{"Time":"2026-09-05T22:30:22.397503+09:00","Action":"pause","Package":"waiting-room/internal/installplan","Test":"TestDeterministicPlanAndOwnedSlices/repeat#78"}
{"Time":"2026-09-05T22:30:22.397507+09:00","Action":"run","Package":"waiting-room/internal/installplan","Test":"TestDeterministicPlanAndOwnedSlices/repeat#79"}
{"Time":"2026-09-05T22:30:22.397511+09:00","Action":"output","Package":"waiting-room/internal/installplan","Test":"TestDeterministicPlanAndOwnedSlices/repeat#79","Output":"=== RUN   TestDeterministicPlanAndOwnedSlices/repeat#79\n"}
{"Time":"2026-09-05T22:30:22.397512+09:00","Action":"output","Package":"waiting-room/internal/installplan","Test":"TestDeterministicPlanAndOwnedSlices/repeat#79","Output":"=== PAUSE TestDeterministicPlanAndOwnedSlices/repeat#79\n"}
{"Time":"2026-09-05T22:30:22.397516+09:00","Action":"pause","Package":"waiting-room/internal/installplan","Test":"TestDeterministicPlanAndOwnedSlices/repeat#79"}
{"Time":"2026-09-05T22:30:22.397517+09:00","Action":"run","Package":"waiting-room/internal/installplan","Test":"TestDeterministicPlanAndOwnedSlices/repeat#80"}
{"Time":"2026-09-05T22:30:22.397519+09:00","Action":"output","Package":"waiting-room/internal/installplan","Test":"TestDeterministicPlanAndOwnedSlices/repeat#80","Output":"=== RUN   TestDeterministicPlanAndOwnedSlices/repeat#80\n"}
{"Time":"2026-09-05T22:30:22.39752+09:00","Action":"output","Package":"waiting-room/internal/installplan","Test":"TestDeterministicPlanAndOwnedSlices/repeat#80","Output":"=== PAUSE TestDeterministicPlanAndOwnedSlices/repeat#80\n"}
{"Time":"2026-09-05T22:30:22.397522+09:00","Action":"pause","Package":"waiting-room/internal/installplan","Test":"TestDeterministicPlanAndOwnedSlices/repeat#80"}
{"Time":"2026-09-05T22:30:22.397524+09:00","Action":"run","Package":"waiting-room/internal/installplan","Test":"TestDeterministicPlanAndOwnedSlices/repeat#81"}
{"Time":"2026-09-05T22:30:22.397527+09:00","Action":"output","Package":"waiting-room/internal/installplan","Test":"TestDeterministicPlanAndOwnedSlices/repeat#81","Output":"=== RUN   TestDeterministicPlanAndOwnedSlices/repeat#81\n"}
{"Time":"2026-09-05T22:30:22.397529+09:00","Action":"output","Package":"waiting-room/internal/installplan","Test":"TestDeterministicPlanAndOwnedSlices/repeat#81","Output":"=== PAUSE TestDeterministicPlanAndOwnedSlices/repeat#81\n"}
{"Time":"2026-09-05T22:30:22.397531+09:00","Action":"pause","Package":"waiting-room/internal/installplan","Test":"TestDeterministicPlanAndOwnedSlices/repeat#81"}
{"Time":"2026-09-05T22:30:22.397534+09:00","Action":"run","Package":"waiting-room/internal/installplan","Test":"TestDeterministicPlanAndOwnedSlices/repeat#82"}
{"Time":"2026-09-05T22:30:22.397536+09:00","Action":"output","Package":"waiting-room/internal/installplan","Test":"TestDeterministicPlanAndOwnedSlices/repeat#82","Output":"=== RUN   TestDeterministicPlanAndOwnedSlices/repeat#82\n"}
{"Time":"2026-09-05T22:30:22.397539+09:00","Action":"output","Package":"waiting-room/internal/installplan","Test":"TestDeterministicPlanAndOwnedSlices/repeat#82","Output":"=== PAUSE TestDeterministicPlanAndOwnedSlices/repeat#82\n"}
{"Time":"2026-09-05T22:30:22.397541+09:00","Action":"pause","Package":"waiting-room/internal/installplan","Test":"TestDeterministicPlanAndOwnedSlices/repeat#82"}
{"Time":"2026-09-05T22:30:22.397545+09:00","Action":"run","Package":"waiting-room/internal/installplan","Test":"TestDeterministicPlanAndOwnedSlices/repeat#83"}
{"Time":"2026-09-05T22:30:22.397549+09:00","Action":"output","Package":"waiting-room/internal/installplan","Test":"TestDeterministicPlanAndOwnedSlices/repeat#83","Output":"=== RUN   TestDeterministicPlanAndOwnedSlices/repeat#83\n"}
{"Time":"2026-09-05T22:30:22.39755+09:00","Action":"output","Package":"waiting-room/internal/installplan","Test":"TestDeterministicPlanAndOwnedSlices/repeat#83","Output":"=== PAUSE TestDeterministicPlanAndOwnedSlices/repeat#83\n"}
{"Time":"2026-09-05T22:30:22.397551+09:00","Action":"pause","Package":"waiting-room/internal/installplan","Test":"TestDeterministicPlanAndOwnedSlices/repeat#83"}
{"Time":"2026-09-05T22:30:22.397552+09:00","Action":"run","Package":"waiting-room/internal/installplan","Test":"TestDeterministicPlanAndOwnedSlices/repeat#84"}
{"Time":"2026-09-05T22:30:22.397554+09:00","Action":"output","Package":"waiting-room/internal/installplan","Test":"TestDeterministicPlanAndOwnedSlices/repeat#84","Output":"=== RUN   TestDeterministicPlanAndOwnedSlices/repeat#84\n"}
{"Time":"2026-09-05T22:30:22.397557+09:00","Action":"output","Package":"waiting-room/internal/installplan","Test":"TestDeterministicPlanAndOwnedSlices/repeat#84","Output":"=== PAUSE TestDeterministicPlanAndOwnedSlices/repeat#84\n"}
{"Time":"2026-09-05T22:30:22.397561+09:00","Action":"pause","Package":"waiting-room/internal/installplan","Test":"TestDeterministicPlanAndOwnedSlices/repeat#84"}
{"Time":"2026-09-05T22:30:22.397563+09:00","Action":"run","Package":"waiting-room/internal/installplan","Test":"TestDeterministicPlanAndOwnedSlices/repeat#85"}
{"Time":"2026-09-05T22:30:22.397564+09:00","Action":"output","Package":"waiting-room/internal/installplan","Test":"TestDeterministicPlanAndOwnedSlices/repeat#85","Output":"=== RUN   TestDeterministicPlanAndOwnedSlices/repeat#85\n"}
{"Time":"2026-09-05T22:30:22.397565+09:00","Action":"output","Package":"waiting-room/internal/installplan","Test":"TestDeterministicPlanAndOwnedSlices/repeat#85","Output":"=== PAUSE TestDeterministicPlanAndOwnedSlices/repeat#85\n"}
{"Time":"2026-09-05T22:30:22.397567+09:00","Action":"pause","Package":"waiting-room/internal/installplan","Test":"TestDeterministicPlanAndOwnedSlices/repeat#85"}
{"Time":"2026-09-05T22:30:22.39757+09:00","Action":"run","Package":"waiting-room/internal/installplan","Test":"TestDeterministicPlanAndOwnedSlices/repeat#86"}
{"Time":"2026-09-05T22:30:22.397573+09:00","Action":"output","Package":"waiting-room/internal/installplan","Test":"TestDeterministicPlanAndOwnedSlices/repeat#86","Output":"=== RUN   TestDeterministicPlanAndOwnedSlices/repeat#86\n"}
{"Time":"2026-09-05T22:30:22.397576+09:00","Action":"output","Package":"waiting-room/internal/installplan","Test":"TestDeterministicPlanAndOwnedSlices/repeat#86","Output":"=== PAUSE TestDeterministicPlanAndOwnedSlices/repeat#86\n"}
{"Time":"2026-09-05T22:30:22.39758+09:00","Action":"pause","Package":"waiting-room/internal/installplan","Test":"TestDeterministicPlanAndOwnedSlices/repeat#86"}
{"Time":"2026-09-05T22:30:22.397587+09:00","Action":"run","Package":"waiting-room/internal/installplan","Test":"TestDeterministicPlanAndOwnedSlices/repeat#87"}
{"Time":"2026-09-05T22:30:22.397589+09:00","Action":"output","Package":"waiting-room/internal/installplan","Test":"TestDeterministicPlanAndOwnedSlices/repeat#87","Output":"=== RUN   TestDeterministicPlanAndOwnedSlices/repeat#87\n"}
{"Time":"2026-09-05T22:30:22.397608+09:00","Action":"output","Package":"waiting-room/internal/installplan","Test":"TestDeterministicPlanAndOwnedSlices/repeat#87","Output":"=== PAUSE TestDeterministicPlanAndOwnedSlices/repeat#87\n"}
{"Time":"2026-09-05T22:30:22.397623+09:00","Action":"pause","Package":"waiting-room/internal/installplan","Test":"TestDeterministicPlanAndOwnedSlices/repeat#87"}
{"Time":"2026-09-05T22:30:22.397628+09:00","Action":"run","Package":"waiting-room/internal/installplan","Test":"TestDeterministicPlanAndOwnedSlices/repeat#88"}
{"Time":"2026-09-05T22:30:22.397634+09:00","Action":"output","Package":"waiting-room/internal/installplan","Test":"TestDeterministicPlanAndOwnedSlices/repeat#88","Output":"=== RUN   TestDeterministicPlanAndOwnedSlices/repeat#88\n"}
{"Time":"2026-09-05T22:30:22.397665+09:00","Action":"output","Package":"waiting-room/internal/installplan","Test":"TestDeterministicPlanAndOwnedSlices/repeat#88","Output":"=== PAUSE TestDeterministicPlanAndOwnedSlices/repeat#88\n"}
{"Time":"2026-09-05T22:30:22.397682+09:00","Action":"pause","Package":"waiting-room/internal/installplan","Test":"TestDeterministicPlanAndOwnedSlices/repeat#88"}
{"Time":"2026-09-05T22:30:22.397686+09:00","Action":"run","Package":"waiting-room/internal/installplan","Test":"TestDeterministicPlanAndOwnedSlices/repeat#89"}
{"Time":"2026-09-05T22:30:22.397688+09:00","Action":"output","Package":"waiting-room/internal/installplan","Test":"TestDeterministicPlanAndOwnedSlices/repeat#89","Output":"=== RUN   TestDeterministicPlanAndOwnedSlices/repeat#89\n"}
{"Time":"2026-09-05T22:30:22.397691+09:00","Action":"output","Package":"waiting-room/internal/installplan","Test":"TestDeterministicPlanAndOwnedSlices/repeat#89","Output":"=== PAUSE TestDeterministicPlanAndOwnedSlices/repeat#89\n"}
{"Time":"2026-09-05T22:30:22.397693+09:00","Action":"pause","Package":"waiting-room/internal/installplan","Test":"TestDeterministicPlanAndOwnedSlices/repeat#89"}
{"Time":"2026-09-05T22:30:22.39774+09:00","Action":"run","Package":"waiting-room/internal/installplan","Test":"TestDeterministicPlanAndOwnedSlices/repeat#90"}
{"Time":"2026-09-05T22:30:22.397754+09:00","Action":"output","Package":"waiting-room/internal/installplan","Test":"TestDeterministicPlanAndOwnedSlices/repeat#90","Output":"=== RUN   TestDeterministicPlanAndOwnedSlices/repeat#90\n"}
{"Time":"2026-09-05T22:30:22.397763+09:00","Action":"output","Package":"waiting-room/internal/installplan","Test":"TestDeterministicPlanAndOwnedSlices/repeat#90","Output":"=== PAUSE TestDeterministicPlanAndOwnedSlices/repeat#90\n"}
{"Time":"2026-09-05T22:30:22.397768+09:00","Action":"pause","Package":"waiting-room/internal/installplan","Test":"TestDeterministicPlanAndOwnedSlices/repeat#90"}
{"Time":"2026-09-05T22:30:22.397773+09:00","Action":"run","Package":"waiting-room/internal/installplan","Test":"TestDeterministicPlanAndOwnedSlices/repeat#91"}
{"Time":"2026-09-05T22:30:22.397774+09:00","Action":"output","Package":"waiting-room/internal/installplan","Test":"TestDeterministicPlanAndOwnedSlices/repeat#91","Output":"=== RUN   TestDeterministicPlanAndOwnedSlices/repeat#91\n"}
{"Time":"2026-09-05T22:30:22.397779+09:00","Action":"output","Package":"waiting-room/internal/installplan","Test":"TestDeterministicPlanAndOwnedSlices/repeat#91","Output":"=== PAUSE TestDeterministicPlanAndOwnedSlices/repeat#91\n"}
{"Time":"2026-09-05T22:30:22.39778+09:00","Action":"pause","Package":"waiting-room/internal/installplan","Test":"TestDeterministicPlanAndOwnedSlices/repeat#91"}
{"Time":"2026-09-05T22:30:22.397788+09:00","Action":"run","Package":"waiting-room/internal/installplan","Test":"TestDeterministicPlanAndOwnedSlices/repeat#92"}
{"Time":"2026-09-05T22:30:22.397792+09:00","Action":"output","Package":"waiting-room/internal/installplan","Test":"TestDeterministicPlanAndOwnedSlices/repeat#92","Output":"=== RUN   TestDeterministicPlanAndOwnedSlices/repeat#92\n"}
{"Time":"2026-09-05T22:30:22.397793+09:00","Action":"output","Package":"waiting-room/internal/installplan","Test":"TestDeterministicPlanAndOwnedSlices/repeat#92","Output":"=== PAUSE TestDeterministicPlanAndOwnedSlices/repeat#92\n"}
{"Time":"2026-09-05T22:30:22.397794+09:00","Action":"pause","Package":"waiting-room/internal/installplan","Test":"TestDeterministicPlanAndOwnedSlices/repeat#92"}
{"Time":"2026-09-05T22:30:22.397803+09:00","Action":"run","Package":"waiting-room/internal/installplan","Test":"TestDeterministicPlanAndOwnedSlices/repeat#93"}
{"Time":"2026-09-05T22:30:22.397808+09:00","Action":"output","Package":"waiting-room/internal/installplan","Test":"TestDeterministicPlanAndOwnedSlices/repeat#93","Output":"=== RUN   TestDeterministicPlanAndOwnedSlices/repeat#93\n"}
{"Time":"2026-09-05T22:30:22.39782+09:00","Action":"output","Package":"waiting-room/internal/installplan","Test":"TestDeterministicPlanAndOwnedSlices/repeat#93","Output":"=== PAUSE TestDeterministicPlanAndOwnedSlices/repeat#93\n"}
{"Time":"2026-09-05T22:30:22.397823+09:00","Action":"pause","Package":"waiting-room/internal/installplan","Test":"TestDeterministicPlanAndOwnedSlices/repeat#93"}
{"Time":"2026-09-05T22:30:22.397836+09:00","Action":"run","Package":"waiting-room/internal/installplan","Test":"TestDeterministicPlanAndOwnedSlices/repeat#94"}
{"Time":"2026-09-05T22:30:22.397848+09:00","Action":"output","Package":"waiting-room/internal/installplan","Test":"TestDeterministicPlanAndOwnedSlices/repeat#94","Output":"=== RUN   TestDeterministicPlanAndOwnedSlices/repeat#94\n"}
{"Time":"2026-09-05T22:30:22.397868+09:00","Action":"output","Package":"waiting-room/internal/installplan","Test":"TestDeterministicPlanAndOwnedSlices/repeat#94","Output":"=== PAUSE TestDeterministicPlanAndOwnedSlices/repeat#94\n"}
{"Time":"2026-09-05T22:30:22.397875+09:00","Action":"pause","Package":"waiting-room/internal/installplan","Test":"TestDeterministicPlanAndOwnedSlices/repeat#94"}
{"Time":"2026-09-05T22:30:22.397981+09:00","Action":"run","Package":"waiting-room/internal/installplan","Test":"TestDeterministicPlanAndOwnedSlices/repeat#95"}
{"Time":"2026-09-05T22:30:22.397983+09:00","Action":"output","Package":"waiting-room/internal/installplan","Test":"TestDeterministicPlanAndOwnedSlices/repeat#95","Output":"=== RUN   TestDeterministicPlanAndOwnedSlices/repeat#95\n"}
{"Time":"2026-09-05T22:30:22.397985+09:00","Action":"output","Package":"waiting-room/internal/installplan","Test":"TestDeterministicPlanAndOwnedSlices/repeat#95","Output":"=== PAUSE TestDeterministicPlanAndOwnedSlices/repeat#95\n"}
{"Time":"2026-09-05T22:30:22.397986+09:00","Action":"pause","Package":"waiting-room/internal/installplan","Test":"TestDeterministicPlanAndOwnedSlices/repeat#95"}
{"Time":"2026-09-05T22:30:22.397988+09:00","Action":"run","Package":"waiting-room/internal/installplan","Test":"TestDeterministicPlanAndOwnedSlices/repeat#96"}
{"Time":"2026-09-05T22:30:22.397989+09:00","Action":"output","Package":"waiting-room/internal/installplan","Test":"TestDeterministicPlanAndOwnedSlices/repeat#96","Output":"=== RUN   TestDeterministicPlanAndOwnedSlices/repeat#96\n"}
{"Time":"2026-09-05T22:30:22.397992+09:00","Action":"output","Package":"waiting-room/internal/installplan","Test":"TestDeterministicPlanAndOwnedSlices/repeat#96","Output":"=== PAUSE TestDeterministicPlanAndOwnedSlices/repeat#96\n"}
{"Time":"2026-09-05T22:30:22.397993+09:00","Action":"pause","Package":"waiting-room/internal/installplan","Test":"TestDeterministicPlanAndOwnedSlices/repeat#96"}
{"Time":"2026-09-05T22:30:22.397994+09:00","Action":"run","Package":"waiting-room/internal/installplan","Test":"TestDeterministicPlanAndOwnedSlices/repeat#97"}
{"Time":"2026-09-05T22:30:22.397995+09:00","Action":"output","Package":"waiting-room/internal/installplan","Test":"TestDeterministicPlanAndOwnedSlices/repeat#97","Output":"=== RUN   TestDeterministicPlanAndOwnedSlices/repeat#97\n"}
{"Time":"2026-09-05T22:30:22.397996+09:00","Action":"output","Package":"waiting-room/internal/installplan","Test":"TestDeterministicPlanAndOwnedSlices/repeat#97","Output":"=== PAUSE TestDeterministicPlanAndOwnedSlices/repeat#97\n"}
{"Time":"2026-09-05T22:30:22.397998+09:00","Action":"pause","Package":"waiting-room/internal/installplan","Test":"TestDeterministicPlanAndOwnedSlices/repeat#97"}
{"Time":"2026-09-05T22:30:22.397999+09:00","Action":"run","Package":"waiting-room/internal/installplan","Test":"TestDeterministicPlanAndOwnedSlices/repeat#98"}
{"Time":"2026-09-05T22:30:22.398+09:00","Action":"output","Package":"waiting-room/internal/installplan","Test":"TestDeterministicPlanAndOwnedSlices/repeat#98","Output":"=== RUN   TestDeterministicPlanAndOwnedSlices/repeat#98\n"}
{"Time":"2026-09-05T22:30:22.398002+09:00","Action":"output","Package":"waiting-room/internal/installplan","Test":"TestDeterministicPlanAndOwnedSlices/repeat#98","Output":"=== PAUSE TestDeterministicPlanAndOwnedSlices/repeat#98\n"}
{"Time":"2026-09-05T22:30:22.398003+09:00","Action":"pause","Package":"waiting-room/internal/installplan","Test":"TestDeterministicPlanAndOwnedSlices/repeat#98"}
{"Time":"2026-09-05T22:30:22.398004+09:00","Action":"run","Package":"waiting-room/internal/installplan","Test":"TestDeterministicPlanAndOwnedSlices/repeat#99"}
{"Time":"2026-09-05T22:30:22.398006+09:00","Action":"output","Package":"waiting-room/internal/installplan","Test":"TestDeterministicPlanAndOwnedSlices/repeat#99","Output":"=== RUN   TestDeterministicPlanAndOwnedSlices/repeat#99\n"}
{"Time":"2026-09-05T22:30:22.398008+09:00","Action":"output","Package":"waiting-room/internal/installplan","Test":"TestDeterministicPlanAndOwnedSlices/repeat#99","Output":"=== PAUSE TestDeterministicPlanAndOwnedSlices/repeat#99\n"}
{"Time":"2026-09-05T22:30:22.39801+09:00","Action":"pause","Package":"waiting-room/internal/installplan","Test":"TestDeterministicPlanAndOwnedSlices/repeat#99"}
{"Time":"2026-09-05T22:30:22.398012+09:00","Action":"cont","Package":"waiting-room/internal/installplan","Test":"TestDeterministicPlanAndOwnedSlices/repeat#02"}
{"Time":"2026-09-05T22:30:22.398013+09:00","Action":"output","Package":"waiting-room/internal/installplan","Test":"TestDeterministicPlanAndOwnedSlices/repeat#02","Output":"=== CONT  TestDeterministicPlanAndOwnedSlices/repeat#02\n"}
{"Time":"2026-09-05T22:30:22.398036+09:00","Action":"cont","Package":"waiting-room/internal/installplan","Test":"TestDeterministicPlanAndOwnedSlices/repeat#55"}
{"Time":"2026-09-05T22:30:22.398042+09:00","Action":"output","Package":"waiting-room/internal/installplan","Test":"TestDeterministicPlanAndOwnedSlices/repeat#55","Output":"=== CONT  TestDeterministicPlanAndOwnedSlices/repeat#55\n"}
{"Time":"2026-09-05T22:30:22.398044+09:00","Action":"cont","Package":"waiting-room/internal/installplan","Test":"TestDeterministicPlanAndOwnedSlices/repeat#97"}
{"Time":"2026-09-05T22:30:22.398045+09:00","Action":"output","Package":"waiting-room/internal/installplan","Test":"TestDeterministicPlanAndOwnedSlices/repeat#97","Output":"=== CONT  TestDeterministicPlanAndOwnedSlices/repeat#97\n"}
{"Time":"2026-09-05T22:30:22.39808+09:00","Action":"cont","Package":"waiting-room/internal/installplan","Test":"TestDeterministicPlanAndOwnedSlices/repeat#77"}
{"Time":"2026-09-05T22:30:22.398082+09:00","Action":"output","Package":"waiting-room/internal/installplan","Test":"TestDeterministicPlanAndOwnedSlices/repeat#77","Output":"=== CONT  TestDeterministicPlanAndOwnedSlices/repeat#77\n"}
{"Time":"2026-09-05T22:30:22.398149+09:00","Action":"cont","Package":"waiting-room/internal/installplan","Test":"TestDeterministicPlanAndOwnedSlices/repeat#99"}
{"Time":"2026-09-05T22:30:22.398167+09:00","Action":"output","Package":"waiting-room/internal/installplan","Test":"TestDeterministicPlanAndOwnedSlices/repeat#99","Output":"=== CONT  TestDeterministicPlanAndOwnedSlices/repeat#99\n"}
{"Time":"2026-09-05T22:30:22.398189+09:00","Action":"cont","Package":"waiting-room/internal/installplan","Test":"TestDeterministicPlanAndOwnedSlices/repeat#98"}
{"Time":"2026-09-05T22:30:22.398196+09:00","Action":"output","Package":"waiting-room/internal/installplan","Test":"TestDeterministicPlanAndOwnedSlices/repeat#98","Output":"=== CONT  TestDeterministicPlanAndOwnedSlices/repeat#98\n"}
{"Time":"2026-09-05T22:30:22.398224+09:00","Action":"cont","Package":"waiting-room/internal/installplan","Test":"TestDeterministicPlanAndOwnedSlices/repeat#67"}
{"Time":"2026-09-05T22:30:22.398229+09:00","Action":"output","Package":"waiting-room/internal/installplan","Test":"TestDeterministicPlanAndOwnedSlices/repeat#67","Output":"=== CONT  TestDeterministicPlanAndOwnedSlices/repeat#67\n"}
{"Time":"2026-09-05T22:30:22.398263+09:00","Action":"cont","Package":"waiting-room/internal/installplan","Test":"TestDeterministicPlanAndOwnedSlices/repeat#96"}
{"Time":"2026-09-05T22:30:22.398268+09:00","Action":"output","Package":"waiting-room/internal/installplan","Test":"TestDeterministicPlanAndOwnedSlices/repeat#96","Output":"=== CONT  TestDeterministicPlanAndOwnedSlices/repeat#96\n"}
{"Time":"2026-09-05T22:30:22.398285+09:00","Action":"output","Package":"waiting-room/internal/installplan","Test":"TestDeterministicPlanAndOwnedSlices/repeat#02","Output":"--- PASS: TestDeterministicPlanAndOwnedSlices/repeat#02 (0.00s)\n"}
{"Time":"2026-09-05T22:30:22.398291+09:00","Action":"pass","Package":"waiting-room/internal/installplan","Test":"TestDeterministicPlanAndOwnedSlices/repeat#02","Elapsed":0}
{"Time":"2026-09-05T22:30:22.398293+09:00","Action":"cont","Package":"waiting-room/internal/installplan","Test":"TestDeterministicPlanAndOwnedSlices/repeat#66"}
{"Time":"2026-09-05T22:30:22.398295+09:00","Action":"output","Package":"waiting-room/internal/installplan","Test":"TestDeterministicPlanAndOwnedSlices/repeat#66","Output":"=== CONT  TestDeterministicPlanAndOwnedSlices/repeat#66\n"}
{"Time":"2026-09-05T22:30:22.398297+09:00","Action":"cont","Package":"waiting-room/internal/installplan","Test":"TestDeterministicPlanAndOwnedSlices/repeat#75"}
{"Time":"2026-09-05T22:30:22.398298+09:00","Action":"output","Package":"waiting-room/internal/installplan","Test":"TestDeterministicPlanAndOwnedSlices/repeat#75","Output":"=== CONT  TestDeterministicPlanAndOwnedSlices/repeat#75\n"}
{"Time":"2026-09-05T22:30:22.398335+09:00","Action":"output","Package":"waiting-room/internal/installplan","Test":"TestDeterministicPlanAndOwnedSlices/repeat#97","Output":"--- PASS: TestDeterministicPlanAndOwnedSlices/repeat#97 (0.00s)\n"}
{"Time":"2026-09-05T22:30:22.398346+09:00","Action":"pass","Package":"waiting-room/internal/installplan","Test":"TestDeterministicPlanAndOwnedSlices/repeat#97","Elapsed":0}
{"Time":"2026-09-05T22:30:22.39836+09:00","Action":"cont","Package":"waiting-room/internal/installplan","Test":"TestDeterministicPlanAndOwnedSlices/repeat#64"}
{"Time":"2026-09-05T22:30:22.398363+09:00","Action":"output","Package":"waiting-room/internal/installplan","Test":"TestDeterministicPlanAndOwnedSlices/repeat#64","Output":"=== CONT  TestDeterministicPlanAndOwnedSlices/repeat#64\n"}
{"Time":"2026-09-05T22:30:22.398366+09:00","Action":"output","Package":"waiting-room/internal/installplan","Test":"TestDeterministicPlanAndOwnedSlices/repeat#55","Output":"--- PASS: TestDeterministicPlanAndOwnedSlices/repeat#55 (0.00s)\n"}
{"Time":"2026-09-05T22:30:22.398369+09:00","Action":"pass","Package":"waiting-room/internal/installplan","Test":"TestDeterministicPlanAndOwnedSlices/repeat#55","Elapsed":0}
{"Time":"2026-09-05T22:30:22.398371+09:00","Action":"cont","Package":"waiting-room/internal/installplan","Test":"TestDeterministicPlanAndOwnedSlices/repeat#73"}
{"Time":"2026-09-05T22:30:22.398373+09:00","Action":"output","Package":"waiting-room/internal/installplan","Test":"TestDeterministicPlanAndOwnedSlices/repeat#73","Output":"=== CONT  TestDeterministicPlanAndOwnedSlices/repeat#73\n"}
{"Time":"2026-09-05T22:30:22.398379+09:00","Action":"output","Package":"waiting-room/internal/installplan","Test":"TestDeterministicPlanAndOwnedSlices/repeat#77","Output":"--- PASS: TestDeterministicPlanAndOwnedSlices/repeat#77 (0.00s)\n"}
{"Time":"2026-09-05T22:30:22.398382+09:00","Action":"pass","Package":"waiting-room/internal/installplan","Test":"TestDeterministicPlanAndOwnedSlices/repeat#77","Elapsed":0}
{"Time":"2026-09-05T22:30:22.398385+09:00","Action":"cont","Package":"waiting-room/internal/installplan","Test":"TestDeterministicPlanAndOwnedSlices/repeat#72"}
{"Time":"2026-09-05T22:30:22.398387+09:00","Action":"output","Package":"waiting-room/internal/installplan","Test":"TestDeterministicPlanAndOwnedSlices/repeat#72","Output":"=== CONT  TestDeterministicPlanAndOwnedSlices/repeat#72\n"}
{"Time":"2026-09-05T22:30:22.398389+09:00","Action":"cont","Package":"waiting-room/internal/installplan","Test":"TestDeterministicPlanAndOwnedSlices/repeat#71"}
{"Time":"2026-09-05T22:30:22.398392+09:00","Action":"output","Package":"waiting-room/internal/installplan","Test":"TestDeterministicPlanAndOwnedSlices/repeat#71","Output":"=== CONT  TestDeterministicPlanAndOwnedSlices/repeat#71\n"}
{"Time":"2026-09-05T22:30:22.398397+09:00","Action":"output","Package":"waiting-room/internal/installplan","Test":"TestDeterministicPlanAndOwnedSlices/repeat#99","Output":"--- PASS: TestDeterministicPlanAndOwnedSlices/repeat#99 (0.00s)\n"}
{"Time":"2026-09-05T22:30:22.398403+09:00","Action":"pass","Package":"waiting-room/internal/installplan","Test":"TestDeterministicPlanAndOwnedSlices/repeat#99","Elapsed":0}
{"Time":"2026-09-05T22:30:22.398406+09:00","Action":"cont","Package":"waiting-room/internal/installplan","Test":"TestDeterministicPlanAndOwnedSlices/repeat#76"}
{"Time":"2026-09-05T22:30:22.398409+09:00","Action":"output","Package":"waiting-room/internal/installplan","Test":"TestDeterministicPlanAndOwnedSlices/repeat#76","Output":"=== CONT  TestDeterministicPlanAndOwnedSlices/repeat#76\n"}
{"Time":"2026-09-05T22:30:22.398432+09:00","Action":"cont","Package":"waiting-room/internal/installplan","Test":"TestDeterministicPlanAndOwnedSlices/repeat#74"}
{"Time":"2026-09-05T22:30:22.398437+09:00","Action":"output","Package":"waiting-room/internal/installplan","Test":"TestDeterministicPlanAndOwnedSlices/repeat#74","Output":"=== CONT  TestDeterministicPlanAndOwnedSlices/repeat#74\n"}
{"Time":"2026-09-05T22:30:22.398484+09:00","Action":"output","Package":"waiting-room/internal/installplan","Test":"TestDeterministicPlanAndOwnedSlices/repeat#98","Output":"--- PASS: TestDeterministicPlanAndOwnedSlices/repeat#98 (0.00s)\n"}
{"Time":"2026-09-05T22:30:22.398491+09:00","Action":"pass","Package":"waiting-room/internal/installplan","Test":"TestDeterministicPlanAndOwnedSlices/repeat#98","Elapsed":0}
{"Time":"2026-09-05T22:30:22.398494+09:00","Action":"cont","Package":"waiting-room/internal/installplan","Test":"TestDeterministicPlanAndOwnedSlices/repeat#57"}
{"Time":"2026-09-05T22:30:22.398497+09:00","Action":"output","Package":"waiting-room/internal/installplan","Test":"TestDeterministicPlanAndOwnedSlices/repeat#57","Output":"=== CONT  TestDeterministicPlanAndOwnedSlices/repeat#57\n"}
{"Time":"2026-09-05T22:30:22.398501+09:00","Action":"output","Package":"waiting-room/internal/installplan","Test":"TestDeterministicPlanAndOwnedSlices/repeat#67","Output":"--- PASS: TestDeterministicPlanAndOwnedSlices/repeat#67 (0.00s)\n"}
{"Time":"2026-09-05T22:30:22.398518+09:00","Action":"pass","Package":"waiting-room/internal/installplan","Test":"TestDeterministicPlanAndOwnedSlices/repeat#67","Elapsed":0}
{"Time":"2026-09-05T22:30:22.398522+09:00","Action":"cont","Package":"waiting-room/internal/installplan","Test":"TestDeterministicPlanAndOwnedSlices/repeat#65"}
{"Time":"2026-09-05T22:30:22.398524+09:00","Action":"output","Package":"waiting-room/internal/installplan","Test":"TestDeterministicPlanAndOwnedSlices/repeat#65","Output":"=== CONT  TestDeterministicPlanAndOwnedSlices/repeat#65\n"}
{"Time":"2026-09-05T22:30:22.398779+09:00","Action":"output","Package":"waiting-room/internal/installplan","Test":"TestDeterministicPlanAndOwnedSlices/repeat#64","Output":"--- PASS: TestDeterministicPlanAndOwnedSlices/repeat#64 (0.00s)\n"}
{"Time":"2026-09-05T22:30:22.398801+09:00","Action":"pass","Package":"waiting-room/internal/installplan","Test":"TestDeterministicPlanAndOwnedSlices/repeat#64","Elapsed":0}
{"Time":"2026-09-05T22:30:22.398805+09:00","Action":"cont","Package":"waiting-room/internal/installplan","Test":"TestDeterministicPlanAndOwnedSlices/repeat#60"}
{"Time":"2026-09-05T22:30:22.398807+09:00","Action":"output","Package":"waiting-room/internal/installplan","Test":"TestDeterministicPlanAndOwnedSlices/repeat#60","Output":"=== CONT  TestDeterministicPlanAndOwnedSlices/repeat#60\n"}
{"Time":"2026-09-05T22:30:22.398825+09:00","Action":"cont","Package":"waiting-room/internal/installplan","Test":"TestDeterministicPlanAndOwnedSlices/repeat#63"}
{"Time":"2026-09-05T22:30:22.39883+09:00","Action":"output","Package":"waiting-room/internal/installplan","Test":"TestDeterministicPlanAndOwnedSlices/repeat#63","Output":"=== CONT  TestDeterministicPlanAndOwnedSlices/repeat#63\n"}
{"Time":"2026-09-05T22:30:22.398832+09:00","Action":"cont","Package":"waiting-room/internal/installplan","Test":"TestDeterministicPlanAndOwnedSlices/repeat#69"}
{"Time":"2026-09-05T22:30:22.398833+09:00","Action":"output","Package":"waiting-room/internal/installplan","Test":"TestDeterministicPlanAndOwnedSlices/repeat#69","Output":"=== CONT  TestDeterministicPlanAndOwnedSlices/repeat#69\n"}
{"Time":"2026-09-05T22:30:22.39894+09:00","Action":"cont","Package":"waiting-room/internal/installplan","Test":"TestDeterministicPlanAndOwnedSlices/repeat#41"}
{"Time":"2026-09-05T22:30:22.398945+09:00","Action":"output","Package":"waiting-room/internal/installplan","Test":"TestDeterministicPlanAndOwnedSlices/repeat#41","Output":"=== CONT  TestDeterministicPlanAndOwnedSlices/repeat#41\n"}
{"Time":"2026-09-05T22:30:22.399418+09:00","Action":"cont","Package":"waiting-room/internal/installplan","Test":"TestDeterministicPlanAndOwnedSlices/repeat#79"}
{"Time":"2026-09-05T22:30:22.399422+09:00","Action":"output","Package":"waiting-room/internal/installplan","Test":"TestDeterministicPlanAndOwnedSlices/repeat#79","Output":"=== CONT  TestDeterministicPlanAndOwnedSlices/repeat#79\n"}
{"Time":"2026-09-05T22:30:22.399423+09:00","Action":"cont","Package":"waiting-room/internal/installplan","Test":"TestDeterministicPlanAndOwnedSlices/repeat#50"}
{"Time":"2026-09-05T22:30:22.399425+09:00","Action":"output","Package":"waiting-room/internal/installplan","Test":"TestDeterministicPlanAndOwnedSlices/repeat#50","Output":"=== CONT  TestDeterministicPlanAndOwnedSlices/repeat#50\n"}
{"Time":"2026-09-05T22:30:22.399539+09:00","Action":"cont","Package":"waiting-room/internal/installplan","Test":"TestDeterministicPlanAndOwnedSlices/repeat#62"}
{"Time":"2026-09-05T22:30:22.399544+09:00","Action":"output","Package":"waiting-room/internal/installplan","Test":"TestDeterministicPlanAndOwnedSlices/repeat#62","Output":"=== CONT  TestDeterministicPlanAndOwnedSlices/repeat#62\n"}
{"Time":"2026-09-05T22:30:22.399546+09:00","Action":"cont","Package":"waiting-room/internal/installplan","Test":"TestDeterministicPlanAndOwnedSlices/repeat#48"}
{"Time":"2026-09-05T22:30:22.399547+09:00","Action":"output","Package":"waiting-room/internal/installplan","Test":"TestDeterministicPlanAndOwnedSlices/repeat#48","Output":"=== CONT  TestDeterministicPlanAndOwnedSlices/repeat#48\n"}
{"Time":"2026-09-05T22:30:22.399548+09:00","Action":"cont","Package":"waiting-room/internal/installplan","Test":"TestDeterministicPlanAndOwnedSlices/repeat#59"}
{"Time":"2026-09-05T22:30:22.399549+09:00","Action":"output","Package":"waiting-room/internal/installplan","Test":"TestDeterministicPlanAndOwnedSlices/repeat#59","Output":"=== CONT  TestDeterministicPlanAndOwnedSlices/repeat#59\n"}
{"Time":"2026-09-05T22:30:22.39955+09:00","Action":"cont","Package":"waiting-room/internal/installplan","Test":"TestDeterministicPlanAndOwnedSlices/repeat#70"}
{"Time":"2026-09-05T22:30:22.399551+09:00","Action":"output","Package":"waiting-room/internal/installplan","Test":"TestDeterministicPlanAndOwnedSlices/repeat#70","Output":"=== CONT  TestDeterministicPlanAndOwnedSlices/repeat#70\n"}
{"Time":"2026-09-05T22:30:22.399553+09:00","Action":"cont","Package":"waiting-room/internal/installplan","Test":"TestDeterministicPlanAndOwnedSlices/repeat#26"}
{"Time":"2026-09-05T22:30:22.399554+09:00","Action":"output","Package":"waiting-room/internal/installplan","Test":"TestDeterministicPlanAndOwnedSlices/repeat#26","Output":"=== CONT  TestDeterministicPlanAndOwnedSlices/repeat#26\n"}
{"Time":"2026-09-05T22:30:22.399555+09:00","Action":"cont","Package":"waiting-room/internal/installplan","Test":"TestDeterministicPlanAndOwnedSlices/repeat#52"}
{"Time":"2026-09-05T22:30:22.399556+09:00","Action":"output","Package":"waiting-room/internal/installplan","Test":"TestDeterministicPlanAndOwnedSlices/repeat#52","Output":"=== CONT  TestDeterministicPlanAndOwnedSlices/repeat#52\n"}
{"Time":"2026-09-05T22:30:22.399586+09:00","Action":"output","Package":"waiting-room/internal/installplan","Test":"TestDeterministicPlanAndOwnedSlices/repeat#66","Output":"--- PASS: TestDeterministicPlanAndOwnedSlices/repeat#66 (0.00s)\n"}
{"Time":"2026-09-05T22:30:22.3996+09:00","Action":"pass","Package":"waiting-room/internal/installplan","Test":"TestDeterministicPlanAndOwnedSlices/repeat#66","Elapsed":0}
{"Time":"2026-09-05T22:30:22.399603+09:00","Action":"cont","Package":"waiting-room/internal/installplan","Test":"TestDeterministicPlanAndOwnedSlices/repeat#61"}
{"Time":"2026-09-05T22:30:22.399604+09:00","Action":"output","Package":"waiting-room/internal/installplan","Test":"TestDeterministicPlanAndOwnedSlices/repeat#61","Output":"=== CONT  TestDeterministicPlanAndOwnedSlices/repeat#61\n"}
{"Time":"2026-09-05T22:30:22.399638+09:00","Action":"cont","Package":"waiting-room/internal/installplan","Test":"TestDeterministicPlanAndOwnedSlices/repeat#46"}
{"Time":"2026-09-05T22:30:22.399658+09:00","Action":"output","Package":"waiting-room/internal/installplan","Test":"TestDeterministicPlanAndOwnedSlices/repeat#46","Output":"=== CONT  TestDeterministicPlanAndOwnedSlices/repeat#46\n"}
{"Time":"2026-09-05T22:30:22.399667+09:00","Action":"cont","Package":"waiting-room/internal/installplan","Test":"TestDeterministicPlanAndOwnedSlices/repeat#84"}
{"Time":"2026-09-05T22:30:22.399671+09:00","Action":"output","Package":"waiting-room/internal/installplan","Test":"TestDeterministicPlanAndOwnedSlices/repeat#84","Output":"=== CONT  TestDeterministicPlanAndOwnedSlices/repeat#84\n"}
{"Time":"2026-09-05T22:30:22.399675+09:00","Action":"cont","Package":"waiting-room/internal/installplan","Test":"TestDeterministicPlanAndOwnedSlices/repeat#68"}
{"Time":"2026-09-05T22:30:22.399678+09:00","Action":"output","Package":"waiting-room/internal/installplan","Test":"TestDeterministicPlanAndOwnedSlices/repeat#68","Output":"=== CONT  TestDeterministicPlanAndOwnedSlices/repeat#68\n"}
{"Time":"2026-09-05T22:30:22.399703+09:00","Action":"cont","Package":"waiting-room/internal/installplan","Test":"TestDeterministicPlanAndOwnedSlices/repeat#80"}
{"Time":"2026-09-05T22:30:22.39971+09:00","Action":"output","Package":"waiting-room/internal/installplan","Test":"TestDeterministicPlanAndOwnedSlices/repeat#80","Output":"=== CONT  TestDeterministicPlanAndOwnedSlices/repeat#80\n"}
{"Time":"2026-09-05T22:30:22.399728+09:00","Action":"cont","Package":"waiting-room/internal/installplan","Test":"TestDeterministicPlanAndOwnedSlices/repeat#56"}
{"Time":"2026-09-05T22:30:22.399734+09:00","Action":"output","Package":"waiting-room/internal/installplan","Test":"TestDeterministicPlanAndOwnedSlices/repeat#56","Output":"=== CONT  TestDeterministicPlanAndOwnedSlices/repeat#56\n"}
{"Time":"2026-09-05T22:30:22.399746+09:00","Action":"cont","Package":"waiting-room/internal/installplan","Test":"TestDeterministicPlanAndOwnedSlices/repeat#38"}
{"Time":"2026-09-05T22:30:22.399748+09:00","Action":"output","Package":"waiting-room/internal/installplan","Test":"TestDeterministicPlanAndOwnedSlices/repeat#38","Output":"=== CONT  TestDeterministicPlanAndOwnedSlices/repeat#38\n"}
{"Time":"2026-09-05T22:30:22.39975+09:00","Action":"cont","Package":"waiting-room/internal/installplan","Test":"TestDeterministicPlanAndOwnedSlices/repeat#88"}
{"Time":"2026-09-05T22:30:22.399751+09:00","Action":"output","Package":"waiting-room/internal/installplan","Test":"TestDeterministicPlanAndOwnedSlices/repeat#88","Output":"=== CONT  TestDeterministicPlanAndOwnedSlices/repeat#88\n"}
{"Time":"2026-09-05T22:30:22.399771+09:00","Action":"cont","Package":"waiting-room/internal/installplan","Test":"TestDeterministicPlanAndOwnedSlices/repeat#58"}
{"Time":"2026-09-05T22:30:22.399773+09:00","Action":"output","Package":"waiting-room/internal/installplan","Test":"TestDeterministicPlanAndOwnedSlices/repeat#58","Output":"=== CONT  TestDeterministicPlanAndOwnedSlices/repeat#58\n"}
{"Time":"2026-09-05T22:30:22.399828+09:00","Action":"output","Package":"waiting-room/internal/installplan","Test":"TestDeterministicPlanAndOwnedSlices/repeat#96","Output":"--- PASS: TestDeterministicPlanAndOwnedSlices/repeat#96 (0.00s)\n"}
{"Time":"2026-09-05T22:30:22.399833+09:00","Action":"pass","Package":"waiting-room/internal/installplan","Test":"TestDeterministicPlanAndOwnedSlices/repeat#96","Elapsed":0}
{"Time":"2026-09-05T22:30:22.399834+09:00","Action":"output","Package":"waiting-room/internal/installplan","Test":"TestDeterministicPlanAndOwnedSlices/repeat#76","Output":"--- PASS: TestDeterministicPlanAndOwnedSlices/repeat#76 (0.00s)\n"}
{"Time":"2026-09-05T22:30:22.399836+09:00","Action":"pass","Package":"waiting-room/internal/installplan","Test":"TestDeterministicPlanAndOwnedSlices/repeat#76","Elapsed":0}
{"Time":"2026-09-05T22:30:22.399837+09:00","Action":"cont","Package":"waiting-room/internal/installplan","Test":"TestDeterministicPlanAndOwnedSlices/repeat#36"}
{"Time":"2026-09-05T22:30:22.399838+09:00","Action":"output","Package":"waiting-room/internal/installplan","Test":"TestDeterministicPlanAndOwnedSlices/repeat#36","Output":"=== CONT  TestDeterministicPlanAndOwnedSlices/repeat#36\n"}
{"Time":"2026-09-05T22:30:22.399855+09:00","Action":"cont","Package":"waiting-room/internal/installplan","Test":"TestDeterministicPlanAndOwnedSlices/repeat#45"}
{"Time":"2026-09-05T22:30:22.399857+09:00","Action":"output","Package":"waiting-room/internal/installplan","Test":"TestDeterministicPlanAndOwnedSlices/repeat#45","Output":"=== CONT  TestDeterministicPlanAndOwnedSlices/repeat#45\n"}
{"Time":"2026-09-05T22:30:22.399882+09:00","Action":"cont","Package":"waiting-room/internal/installplan","Test":"TestDeterministicPlanAndOwnedSlices/repeat#78"}
{"Time":"2026-09-05T22:30:22.399889+09:00","Action":"output","Package":"waiting-room/internal/installplan","Test":"TestDeterministicPlanAndOwnedSlices/repeat#78","Output":"=== CONT  TestDeterministicPlanAndOwnedSlices/repeat#78\n"}
{"Time":"2026-09-05T22:30:22.399906+09:00","Action":"cont","Package":"waiting-room/internal/installplan","Test":"TestDeterministicPlanAndOwnedSlices/repeat#49"}
{"Time":"2026-09-05T22:30:22.399909+09:00","Action":"output","Package":"waiting-room/internal/installplan","Test":"TestDeterministicPlanAndOwnedSlices/repeat#49","Output":"=== CONT  TestDeterministicPlanAndOwnedSlices/repeat#49\n"}
{"Time":"2026-09-05T22:30:22.399923+09:00","Action":"cont","Package":"waiting-room/internal/installplan","Test":"TestDeterministicPlanAndOwnedSlices/repeat#24"}
{"Time":"2026-09-05T22:30:22.399926+09:00","Action":"output","Package":"waiting-room/internal/installplan","Test":"TestDeterministicPlanAndOwnedSlices/repeat#24","Output":"=== CONT  TestDeterministicPlanAndOwnedSlices/repeat#24\n"}
{"Time":"2026-09-05T22:30:22.399927+09:00","Action":"cont","Package":"waiting-room/internal/installplan","Test":"TestDeterministicPlanAndOwnedSlices/repeat#30"}
{"Time":"2026-09-05T22:30:22.399928+09:00","Action":"output","Package":"waiting-room/internal/installplan","Test":"TestDeterministicPlanAndOwnedSlices/repeat#30","Output":"=== CONT  TestDeterministicPlanAndOwnedSlices/repeat#30\n"}
{"Time":"2026-09-05T22:30:22.399991+09:00","Action":"output","Package":"waiting-room/internal/installplan","Test":"TestDeterministicPlanAndOwnedSlices/repeat#72","Output":"--- PASS: TestDeterministicPlanAndOwnedSlices/repeat#72 (0.00s)\n"}
{"Time":"2026-09-05T22:30:22.399997+09:00","Action":"pass","Package":"waiting-room/internal/installplan","Test":"TestDeterministicPlanAndOwnedSlices/repeat#72","Elapsed":0}
{"Time":"2026-09-05T22:30:22.399998+09:00","Action":"output","Package":"waiting-room/internal/installplan","Test":"TestDeterministicPlanAndOwnedSlices/repeat#59","Output":"--- PASS: TestDeterministicPlanAndOwnedSlices/repeat#59 (0.00s)\n"}
{"Time":"2026-09-05T22:30:22.399999+09:00","Action":"pass","Package":"waiting-room/internal/installplan","Test":"TestDeterministicPlanAndOwnedSlices/repeat#59","Elapsed":0}
{"Time":"2026-09-05T22:30:22.4+09:00","Action":"cont","Package":"waiting-room/internal/installplan","Test":"TestDeterministicPlanAndOwnedSlices/repeat#15"}
{"Time":"2026-09-05T22:30:22.400001+09:00","Action":"output","Package":"waiting-room/internal/installplan","Test":"TestDeterministicPlanAndOwnedSlices/repeat#15","Output":"=== CONT  TestDeterministicPlanAndOwnedSlices/repeat#15\n"}
{"Time":"2026-09-05T22:30:22.400236+09:00","Action":"cont","Package":"waiting-room/internal/installplan","Test":"TestDeterministicPlanAndOwnedSlices/repeat#29"}
{"Time":"2026-09-05T22:30:22.400239+09:00","Action":"output","Package":"waiting-room/internal/installplan","Test":"TestDeterministicPlanAndOwnedSlices/repeat#29","Output":"=== CONT  TestDeterministicPlanAndOwnedSlices/repeat#29\n"}
{"Time":"2026-09-05T22:30:22.40024+09:00","Action":"cont","Package":"waiting-room/internal/installplan","Test":"TestDeterministicPlanAndOwnedSlices/repeat#85"}
{"Time":"2026-09-05T22:30:22.400241+09:00","Action":"output","Package":"waiting-room/internal/installplan","Test":"TestDeterministicPlanAndOwnedSlices/repeat#85","Output":"=== CONT  TestDeterministicPlanAndOwnedSlices/repeat#85\n"}
{"Time":"2026-09-05T22:30:22.400282+09:00","Action":"cont","Package":"waiting-room/internal/installplan","Test":"TestDeterministicPlanAndOwnedSlices/repeat#08"}
{"Time":"2026-09-05T22:30:22.400285+09:00","Action":"output","Package":"waiting-room/internal/installplan","Test":"TestDeterministicPlanAndOwnedSlices/repeat#08","Output":"=== CONT  TestDeterministicPlanAndOwnedSlices/repeat#08\n"}
{"Time":"2026-09-05T22:30:22.400863+09:00","Action":"output","Package":"waiting-room/internal/installplan","Test":"TestDeterministicPlanAndOwnedSlices/repeat#38","Output":"--- PASS: TestDeterministicPlanAndOwnedSlices/repeat#38 (0.00s)\n"}
{"Time":"2026-09-05T22:30:22.400868+09:00","Action":"pass","Package":"waiting-room/internal/installplan","Test":"TestDeterministicPlanAndOwnedSlices/repeat#38","Elapsed":0}
{"Time":"2026-09-05T22:30:22.400869+09:00","Action":"cont","Package":"waiting-room/internal/installplan","Test":"TestDeterministicPlanAndOwnedSlices/repeat#53"}
{"Time":"2026-09-05T22:30:22.400871+09:00","Action":"output","Package":"waiting-room/internal/installplan","Test":"TestDeterministicPlanAndOwnedSlices/repeat#53","Output":"=== CONT  TestDeterministicPlanAndOwnedSlices/repeat#53\n"}
{"Time":"2026-09-05T22:30:22.400873+09:00","Action":"cont","Package":"waiting-room/internal/installplan","Test":"TestDeterministicPlanAndOwnedSlices/repeat#51"}
{"Time":"2026-09-05T22:30:22.400874+09:00","Action":"output","Package":"waiting-room/internal/installplan","Test":"TestDeterministicPlanAndOwnedSlices/repeat#51","Output":"=== CONT  TestDeterministicPlanAndOwnedSlices/repeat#51\n"}
{"Time":"2026-09-05T22:30:22.400877+09:00","Action":"output","Package":"waiting-room/internal/installplan","Test":"TestDeterministicPlanAndOwnedSlices/repeat#71","Output":"--- PASS: TestDeterministicPlanAndOwnedSlices/repeat#71 (0.00s)\n"}
{"Time":"2026-09-05T22:30:22.400914+09:00","Action":"pass","Package":"waiting-room/internal/installplan","Test":"TestDeterministicPlanAndOwnedSlices/repeat#71","Elapsed":0}
{"Time":"2026-09-05T22:30:22.400918+09:00","Action":"output","Package":"waiting-room/internal/installplan","Test":"TestDeterministicPlanAndOwnedSlices/repeat#78","Output":"--- PASS: TestDeterministicPlanAndOwnedSlices/repeat#78 (0.00s)\n"}
{"Time":"2026-09-05T22:30:22.400919+09:00","Action":"pass","Package":"waiting-room/internal/installplan","Test":"TestDeterministicPlanAndOwnedSlices/repeat#78","Elapsed":0}
{"Time":"2026-09-05T22:30:22.40092+09:00","Action":"cont","Package":"waiting-room/internal/installplan","Test":"TestDeterministicPlanAndOwnedSlices/repeat#89"}
{"Time":"2026-09-05T22:30:22.400921+09:00","Action":"output","Package":"waiting-room/internal/installplan","Test":"TestDeterministicPlanAndOwnedSlices/repeat#89","Output":"=== CONT  TestDeterministicPlanAndOwnedSlices/repeat#89\n"}
{"Time":"2026-09-05T22:30:22.400925+09:00","Action":"cont","Package":"waiting-room/internal/installplan","Test":"TestDeterministicPlanAndOwnedSlices/repeat#91"}
{"Time":"2026-09-05T22:30:22.400927+09:00","Action":"output","Package":"waiting-room/internal/installplan","Test":"TestDeterministicPlanAndOwnedSlices/repeat#91","Output":"=== CONT  TestDeterministicPlanAndOwnedSlices/repeat#91\n"}
{"Time":"2026-09-05T22:30:22.400959+09:00","Action":"cont","Package":"waiting-room/internal/installplan","Test":"TestDeterministicPlanAndOwnedSlices/repeat#92"}
{"Time":"2026-09-05T22:30:22.400964+09:00","Action":"output","Package":"waiting-room/internal/installplan","Test":"TestDeterministicPlanAndOwnedSlices/repeat#92","Output":"=== CONT  TestDeterministicPlanAndOwnedSlices/repeat#92\n"}
{"Time":"2026-09-05T22:30:22.400998+09:00","Action":"cont","Package":"waiting-room/internal/installplan","Test":"TestDeterministicPlanAndOwnedSlices/repeat#54"}
{"Time":"2026-09-05T22:30:22.401003+09:00","Action":"output","Package":"waiting-room/internal/installplan","Test":"TestDeterministicPlanAndOwnedSlices/repeat#54","Output":"=== CONT  TestDeterministicPlanAndOwnedSlices/repeat#54\n"}
{"Time":"2026-09-05T22:30:22.401005+09:00","Action":"cont","Package":"waiting-room/internal/installplan","Test":"TestDeterministicPlanAndOwnedSlices/repeat#25"}
{"Time":"2026-09-05T22:30:22.401006+09:00","Action":"output","Package":"waiting-room/internal/installplan","Test":"TestDeterministicPlanAndOwnedSlices/repeat#25","Output":"=== CONT  TestDeterministicPlanAndOwnedSlices/repeat#25\n"}
{"Time":"2026-09-05T22:30:22.401009+09:00","Action":"cont","Package":"waiting-room/internal/installplan","Test":"TestDeterministicPlanAndOwnedSlices/repeat#86"}
{"Time":"2026-09-05T22:30:22.40101+09:00","Action":"output","Package":"waiting-room/internal/installplan","Test":"TestDeterministicPlanAndOwnedSlices/repeat#86","Output":"=== CONT  TestDeterministicPlanAndOwnedSlices/repeat#86\n"}
{"Time":"2026-09-05T22:30:22.401012+09:00","Action":"output","Package":"waiting-room/internal/installplan","Test":"TestDeterministicPlanAndOwnedSlices/repeat#65","Output":"--- PASS: TestDeterministicPlanAndOwnedSlices/repeat#65 (0.00s)\n"}
{"Time":"2026-09-05T22:30:22.401039+09:00","Action":"pass","Package":"waiting-room/internal/installplan","Test":"TestDeterministicPlanAndOwnedSlices/repeat#65","Elapsed":0}
{"Time":"2026-09-05T22:30:22.401053+09:00","Action":"output","Package":"waiting-room/internal/installplan","Test":"TestDeterministicPlanAndOwnedSlices/repeat#24","Output":"--- PASS: TestDeterministicPlanAndOwnedSlices/repeat#24 (0.00s)\n"}
{"Time":"2026-09-05T22:30:22.40106+09:00","Action":"pass","Package":"waiting-room/internal/installplan","Test":"TestDeterministicPlanAndOwnedSlices/repeat#24","Elapsed":0}
{"Time":"2026-09-05T22:30:22.401064+09:00","Action":"cont","Package":"waiting-room/internal/installplan","Test":"TestDeterministicPlanAndOwnedSlices/repeat#93"}
{"Time":"2026-09-05T22:30:22.401067+09:00","Action":"output","Package":"waiting-room/internal/installplan","Test":"TestDeterministicPlanAndOwnedSlices/repeat#93","Output":"=== CONT  TestDeterministicPlanAndOwnedSlices/repeat#93\n"}
{"Time":"2026-09-05T22:30:22.401072+09:00","Action":"output","Package":"waiting-room/internal/installplan","Test":"TestDeterministicPlanAndOwnedSlices/repeat#57","Output":"--- PASS: TestDeterministicPlanAndOwnedSlices/repeat#57 (0.00s)\n"}
{"Time":"2026-09-05T22:30:22.401076+09:00","Action":"pass","Package":"waiting-room/internal/installplan","Test":"TestDeterministicPlanAndOwnedSlices/repeat#57","Elapsed":0}
{"Time":"2026-09-05T22:30:22.401079+09:00","Action":"cont","Package":"waiting-room/internal/installplan","Test":"TestDeterministicPlanAndOwnedSlices/repeat#40"}
{"Time":"2026-09-05T22:30:22.401083+09:00","Action":"output","Package":"waiting-room/internal/installplan","Test":"TestDeterministicPlanAndOwnedSlices/repeat#40","Output":"=== CONT  TestDeterministicPlanAndOwnedSlices/repeat#40\n"}
{"Time":"2026-09-05T22:30:22.401086+09:00","Action":"cont","Package":"waiting-room/internal/installplan","Test":"TestDeterministicPlanAndOwnedSlices/repeat#90"}
{"Time":"2026-09-05T22:30:22.401093+09:00","Action":"output","Package":"waiting-room/internal/installplan","Test":"TestDeterministicPlanAndOwnedSlices/repeat#90","Output":"=== CONT  TestDeterministicPlanAndOwnedSlices/repeat#90\n"}
{"Time":"2026-09-05T22:30:22.401122+09:00","Action":"cont","Package":"waiting-room/internal/installplan","Test":"TestDeterministicPlanAndOwnedSlices/repeat#44"}
{"Time":"2026-09-05T22:30:22.401127+09:00","Action":"output","Package":"waiting-room/internal/installplan","Test":"TestDeterministicPlanAndOwnedSlices/repeat#44","Output":"=== CONT  TestDeterministicPlanAndOwnedSlices/repeat#44\n"}
{"Time":"2026-09-05T22:30:22.401163+09:00","Action":"cont","Package":"waiting-room/internal/installplan","Test":"TestDeterministicPlanAndOwnedSlices/repeat#94"}
{"Time":"2026-09-05T22:30:22.401167+09:00","Action":"output","Package":"waiting-room/internal/installplan","Test":"TestDeterministicPlanAndOwnedSlices/repeat#94","Output":"=== CONT  TestDeterministicPlanAndOwnedSlices/repeat#94\n"}
{"Time":"2026-09-05T22:30:22.401197+09:00","Action":"cont","Package":"waiting-room/internal/installplan","Test":"TestDeterministicPlanAndOwnedSlices/repeat#43"}
{"Time":"2026-09-05T22:30:22.401205+09:00","Action":"output","Package":"waiting-room/internal/installplan","Test":"TestDeterministicPlanAndOwnedSlices/repeat#43","Output":"=== CONT  TestDeterministicPlanAndOwnedSlices/repeat#43\n"}
{"Time":"2026-09-05T22:30:22.40123+09:00","Action":"output","Package":"waiting-room/internal/installplan","Test":"TestDeterministicPlanAndOwnedSlices/repeat#41","Output":"--- PASS: TestDeterministicPlanAndOwnedSlices/repeat#41 (0.00s)\n"}
{"Time":"2026-09-05T22:30:22.401235+09:00","Action":"pass","Package":"waiting-room/internal/installplan","Test":"TestDeterministicPlanAndOwnedSlices/repeat#41","Elapsed":0}
{"Time":"2026-09-05T22:30:22.401237+09:00","Action":"cont","Package":"waiting-room/internal/installplan","Test":"TestDeterministicPlanAndOwnedSlices/repeat#83"}
{"Time":"2026-09-05T22:30:22.40124+09:00","Action":"output","Package":"waiting-room/internal/installplan","Test":"TestDeterministicPlanAndOwnedSlices/repeat#83","Output":"=== CONT  TestDeterministicPlanAndOwnedSlices/repeat#83\n"}
{"Time":"2026-09-05T22:30:22.401322+09:00","Action":"cont","Package":"waiting-room/internal/installplan","Test":"TestDeterministicPlanAndOwnedSlices/repeat#87"}
{"Time":"2026-09-05T22:30:22.401328+09:00","Action":"output","Package":"waiting-room/internal/installplan","Test":"TestDeterministicPlanAndOwnedSlices/repeat#87","Output":"=== CONT  TestDeterministicPlanAndOwnedSlices/repeat#87\n"}
{"Time":"2026-09-05T22:30:22.401351+09:00","Action":"cont","Package":"waiting-room/internal/installplan","Test":"TestDeterministicPlanAndOwnedSlices/repeat#37"}
{"Time":"2026-09-05T22:30:22.401357+09:00","Action":"output","Package":"waiting-room/internal/installplan","Test":"TestDeterministicPlanAndOwnedSlices/repeat#37","Output":"=== CONT  TestDeterministicPlanAndOwnedSlices/repeat#37\n"}
{"Time":"2026-09-05T22:30:22.401458+09:00","Action":"cont","Package":"waiting-room/internal/installplan","Test":"TestDeterministicPlanAndOwnedSlices/repeat#82"}
{"Time":"2026-09-05T22:30:22.401461+09:00","Action":"output","Package":"waiting-room/internal/installplan","Test":"TestDeterministicPlanAndOwnedSlices/repeat#82","Output":"=== CONT  TestDeterministicPlanAndOwnedSlices/repeat#82\n"}
{"Time":"2026-09-05T22:30:22.401638+09:00","Action":"cont","Package":"waiting-room/internal/installplan","Test":"TestDeterministicPlanAndOwnedSlices/repeat#81"}
{"Time":"2026-09-05T22:30:22.401641+09:00","Action":"output","Package":"waiting-room/internal/installplan","Test":"TestDeterministicPlanAndOwnedSlices/repeat#81","Output":"=== CONT  TestDeterministicPlanAndOwnedSlices/repeat#81\n"}
{"Time":"2026-09-05T22:30:22.401664+09:00","Action":"cont","Package":"waiting-room/internal/installplan","Test":"TestDeterministicPlanAndOwnedSlices/repeat#47"}
{"Time":"2026-09-05T22:30:22.40167+09:00","Action":"output","Package":"waiting-room/internal/installplan","Test":"TestDeterministicPlanAndOwnedSlices/repeat#47","Output":"=== CONT  TestDeterministicPlanAndOwnedSlices/repeat#47\n"}
{"Time":"2026-09-05T22:30:22.401698+09:00","Action":"cont","Package":"waiting-room/internal/installplan","Test":"TestDeterministicPlanAndOwnedSlices/repeat#42"}
{"Time":"2026-09-05T22:30:22.401703+09:00","Action":"output","Package":"waiting-room/internal/installplan","Test":"TestDeterministicPlanAndOwnedSlices/repeat#42","Output":"=== CONT  TestDeterministicPlanAndOwnedSlices/repeat#42\n"}
{"Time":"2026-09-05T22:30:22.401727+09:00","Action":"cont","Package":"waiting-room/internal/installplan","Test":"TestDeterministicPlanAndOwnedSlices/repeat#34"}
{"Time":"2026-09-05T22:30:22.401732+09:00","Action":"output","Package":"waiting-room/internal/installplan","Test":"TestDeterministicPlanAndOwnedSlices/repeat#34","Output":"=== CONT  TestDeterministicPlanAndOwnedSlices/repeat#34\n"}
{"Time":"2026-09-05T22:30:22.401789+09:00","Action":"output","Package":"waiting-room/internal/installplan","Test":"TestDeterministicPlanAndOwnedSlices/repeat#88","Output":"--- PASS: TestDeterministicPlanAndOwnedSlices/repeat#88 (0.00s)\n"}
{"Time":"2026-09-05T22:30:22.401879+09:00","Action":"pass","Package":"waiting-room/internal/installplan","Test":"TestDeterministicPlanAndOwnedSlices/repeat#88","Elapsed":0}
{"Time":"2026-09-05T22:30:22.401885+09:00","Action":"cont","Package":"waiting-room/internal/installplan","Test":"TestDeterministicPlanAndOwnedSlices/repeat#33"}
{"Time":"2026-09-05T22:30:22.401887+09:00","Action":"output","Package":"waiting-room/internal/installplan","Test":"TestDeterministicPlanAndOwnedSlices/repeat#33","Output":"=== CONT  TestDeterministicPlanAndOwnedSlices/repeat#33\n"}
{"Time":"2026-09-05T22:30:22.402309+09:00","Action":"output","Package":"waiting-room/internal/installplan","Test":"TestDeterministicPlanAndOwnedSlices/repeat#49","Output":"--- PASS: TestDeterministicPlanAndOwnedSlices/repeat#49 (0.00s)\n"}
{"Time":"2026-09-05T22:30:22.402324+09:00","Action":"pass","Package":"waiting-room/internal/installplan","Test":"TestDeterministicPlanAndOwnedSlices/repeat#49","Elapsed":0}
{"Time":"2026-09-05T22:30:22.402328+09:00","Action":"output","Package":"waiting-room/internal/installplan","Test":"TestDeterministicPlanAndOwnedSlices/repeat#45","Output":"--- PASS: TestDeterministicPlanAndOwnedSlices/repeat#45 (0.00s)\n"}
{"Time":"2026-09-05T22:30:22.40233+09:00","Action":"pass","Package":"waiting-room/internal/installplan","Test":"TestDeterministicPlanAndOwnedSlices/repeat#45","Elapsed":0}
{"Time":"2026-09-05T22:30:22.402331+09:00","Action":"cont","Package":"waiting-room/internal/installplan","Test":"TestDeterministicPlanAndOwnedSlices/repeat#16"}
{"Time":"2026-09-05T22:30:22.402332+09:00","Action":"output","Package":"waiting-room/internal/installplan","Test":"TestDeterministicPlanAndOwnedSlices/repeat#16","Output":"=== CONT  TestDeterministicPlanAndOwnedSlices/repeat#16\n"}
{"Time":"2026-09-05T22:30:22.402335+09:00","Action":"cont","Package":"waiting-room/internal/installplan","Test":"TestDeterministicPlanAndOwnedSlices/repeat#35"}
{"Time":"2026-09-05T22:30:22.402337+09:00","Action":"output","Package":"waiting-room/internal/installplan","Test":"TestDeterministicPlanAndOwnedSlices/repeat#35","Output":"=== CONT  TestDeterministicPlanAndOwnedSlices/repeat#35\n"}
{"Time":"2026-09-05T22:30:22.402345+09:00","Action":"cont","Package":"waiting-room/internal/installplan","Test":"TestDeterministicPlanAndOwnedSlices/repeat#22"}
{"Time":"2026-09-05T22:30:22.402346+09:00","Action":"output","Package":"waiting-room/internal/installplan","Test":"TestDeterministicPlanAndOwnedSlices/repeat#22","Output":"=== CONT  TestDeterministicPlanAndOwnedSlices/repeat#22\n"}
{"Time":"2026-09-05T22:30:22.402372+09:00","Action":"cont","Package":"waiting-room/internal/installplan","Test":"TestDeterministicPlanAndOwnedSlices/repeat#10"}
{"Time":"2026-09-05T22:30:22.402379+09:00","Action":"output","Package":"waiting-room/internal/installplan","Test":"TestDeterministicPlanAndOwnedSlices/repeat#10","Output":"=== CONT  TestDeterministicPlanAndOwnedSlices/repeat#10\n"}
{"Time":"2026-09-05T22:30:22.402381+09:00","Action":"cont","Package":"waiting-room/internal/installplan","Test":"TestDeterministicPlanAndOwnedSlices/repeat#17"}
{"Time":"2026-09-05T22:30:22.402383+09:00","Action":"output","Package":"waiting-room/internal/installplan","Test":"TestDeterministicPlanAndOwnedSlices/repeat#17","Output":"=== CONT  TestDeterministicPlanAndOwnedSlices/repeat#17\n"}
{"Time":"2026-09-05T22:30:22.402403+09:00","Action":"cont","Package":"waiting-room/internal/installplan","Test":"TestDeterministicPlanAndOwnedSlices/repeat#04"}
{"Time":"2026-09-05T22:30:22.402407+09:00","Action":"output","Package":"waiting-room/internal/installplan","Test":"TestDeterministicPlanAndOwnedSlices/repeat#04","Output":"=== CONT  TestDeterministicPlanAndOwnedSlices/repeat#04\n"}
{"Time":"2026-09-05T22:30:22.40241+09:00","Action":"cont","Package":"waiting-room/internal/installplan","Test":"TestDeterministicPlanAndOwnedSlices/repeat#39"}
{"Time":"2026-09-05T22:30:22.402411+09:00","Action":"output","Package":"waiting-room/internal/installplan","Test":"TestDeterministicPlanAndOwnedSlices/repeat#39","Output":"=== CONT  TestDeterministicPlanAndOwnedSlices/repeat#39\n"}
{"Time":"2026-09-05T22:30:22.402412+09:00","Action":"cont","Package":"waiting-room/internal/installplan","Test":"TestDeterministicPlanAndOwnedSlices/repeat#12"}
{"Time":"2026-09-05T22:30:22.402413+09:00","Action":"output","Package":"waiting-room/internal/installplan","Test":"TestDeterministicPlanAndOwnedSlices/repeat#12","Output":"=== CONT  TestDeterministicPlanAndOwnedSlices/repeat#12\n"}
{"Time":"2026-09-05T22:30:22.402452+09:00","Action":"cont","Package":"waiting-room/internal/installplan","Test":"TestDeterministicPlanAndOwnedSlices/repeat#31"}
{"Time":"2026-09-05T22:30:22.402465+09:00","Action":"output","Package":"waiting-room/internal/installplan","Test":"TestDeterministicPlanAndOwnedSlices/repeat#31","Output":"=== CONT  TestDeterministicPlanAndOwnedSlices/repeat#31\n"}
{"Time":"2026-09-05T22:30:22.40247+09:00","Action":"cont","Package":"waiting-room/internal/installplan","Test":"TestDeterministicPlanAndOwnedSlices/repeat#32"}
{"Time":"2026-09-05T22:30:22.402472+09:00","Action":"output","Package":"waiting-room/internal/installplan","Test":"TestDeterministicPlanAndOwnedSlices/repeat#32","Output":"=== CONT  TestDeterministicPlanAndOwnedSlices/repeat#32\n"}
{"Time":"2026-09-05T22:30:22.402476+09:00","Action":"cont","Package":"waiting-room/internal/installplan","Test":"TestDeterministicPlanAndOwnedSlices/repeat#05"}
{"Time":"2026-09-05T22:30:22.402479+09:00","Action":"output","Package":"waiting-room/internal/installplan","Test":"TestDeterministicPlanAndOwnedSlices/repeat#05","Output":"=== CONT  TestDeterministicPlanAndOwnedSlices/repeat#05\n"}
{"Time":"2026-09-05T22:30:22.402507+09:00","Action":"cont","Package":"waiting-room/internal/installplan","Test":"TestDeterministicPlanAndOwnedSlices/repeat#11"}
{"Time":"2026-09-05T22:30:22.402512+09:00","Action":"output","Package":"waiting-room/internal/installplan","Test":"TestDeterministicPlanAndOwnedSlices/repeat#11","Output":"=== CONT  TestDeterministicPlanAndOwnedSlices/repeat#11\n"}
{"Time":"2026-09-05T22:30:22.402606+09:00","Action":"cont","Package":"waiting-room/internal/installplan","Test":"TestDeterministicPlanAndOwnedSlices/repeat#06"}
{"Time":"2026-09-05T22:30:22.402609+09:00","Action":"output","Package":"waiting-room/internal/installplan","Test":"TestDeterministicPlanAndOwnedSlices/repeat#06","Output":"=== CONT  TestDeterministicPlanAndOwnedSlices/repeat#06\n"}
{"Time":"2026-09-05T22:30:22.40263+09:00","Action":"cont","Package":"waiting-room/internal/installplan","Test":"TestDeterministicPlanAndOwnedSlices/repeat#28"}
{"Time":"2026-09-05T22:30:22.402651+09:00","Action":"output","Package":"waiting-room/internal/installplan","Test":"TestDeterministicPlanAndOwnedSlices/repeat#28","Output":"=== CONT  TestDeterministicPlanAndOwnedSlices/repeat#28\n"}
{"Time":"2026-09-05T22:30:22.402663+09:00","Action":"cont","Package":"waiting-room/internal/installplan","Test":"TestDeterministicPlanAndOwnedSlices/repeat#14"}
{"Time":"2026-09-05T22:30:22.402666+09:00","Action":"output","Package":"waiting-room/internal/installplan","Test":"TestDeterministicPlanAndOwnedSlices/repeat#14","Output":"=== CONT  TestDeterministicPlanAndOwnedSlices/repeat#14\n"}
{"Time":"2026-09-05T22:30:22.402669+09:00","Action":"cont","Package":"waiting-room/internal/installplan","Test":"TestDeterministicPlanAndOwnedSlices/repeat#95"}
{"Time":"2026-09-05T22:30:22.402677+09:00","Action":"output","Package":"waiting-room/internal/installplan","Test":"TestDeterministicPlanAndOwnedSlices/repeat#95","Output":"=== CONT  TestDeterministicPlanAndOwnedSlices/repeat#95\n"}
{"Time":"2026-09-05T22:30:22.402682+09:00","Action":"cont","Package":"waiting-room/internal/installplan","Test":"TestDeterministicPlanAndOwnedSlices/repeat#21"}
{"Time":"2026-09-05T22:30:22.402687+09:00","Action":"output","Package":"waiting-room/internal/installplan","Test":"TestDeterministicPlanAndOwnedSlices/repeat#21","Output":"=== CONT  TestDeterministicPlanAndOwnedSlices/repeat#21\n"}
{"Time":"2026-09-05T22:30:22.402708+09:00","Action":"cont","Package":"waiting-room/internal/installplan","Test":"TestDeterministicPlanAndOwnedSlices/repeat#13"}
{"Time":"2026-09-05T22:30:22.40271+09:00","Action":"output","Package":"waiting-room/internal/installplan","Test":"TestDeterministicPlanAndOwnedSlices/repeat#13","Output":"=== CONT  TestDeterministicPlanAndOwnedSlices/repeat#13\n"}
{"Time":"2026-09-05T22:30:22.402711+09:00","Action":"cont","Package":"waiting-room/internal/installplan","Test":"TestDeterministicPlanAndOwnedSlices/repeat#20"}
{"Time":"2026-09-05T22:30:22.402712+09:00","Action":"output","Package":"waiting-room/internal/installplan","Test":"TestDeterministicPlanAndOwnedSlices/repeat#20","Output":"=== CONT  TestDeterministicPlanAndOwnedSlices/repeat#20\n"}
{"Time":"2026-09-05T22:30:22.402715+09:00","Action":"cont","Package":"waiting-room/internal/installplan","Test":"TestDeterministicPlanAndOwnedSlices/repeat#01"}
{"Time":"2026-09-05T22:30:22.402718+09:00","Action":"output","Package":"waiting-room/internal/installplan","Test":"TestDeterministicPlanAndOwnedSlices/repeat#01","Output":"=== CONT  TestDeterministicPlanAndOwnedSlices/repeat#01\n"}
{"Time":"2026-09-05T22:30:22.402772+09:00","Action":"cont","Package":"waiting-room/internal/installplan","Test":"TestDeterministicPlanAndOwnedSlices/repeat"}
{"Time":"2026-09-05T22:30:22.402777+09:00","Action":"output","Package":"waiting-room/internal/installplan","Test":"TestDeterministicPlanAndOwnedSlices/repeat","Output":"=== CONT  TestDeterministicPlanAndOwnedSlices/repeat\n"}
{"Time":"2026-09-05T22:30:22.402779+09:00","Action":"cont","Package":"waiting-room/internal/installplan","Test":"TestDeterministicPlanAndOwnedSlices/repeat#18"}
{"Time":"2026-09-05T22:30:22.40278+09:00","Action":"output","Package":"waiting-room/internal/installplan","Test":"TestDeterministicPlanAndOwnedSlices/repeat#18","Output":"=== CONT  TestDeterministicPlanAndOwnedSlices/repeat#18\n"}
{"Time":"2026-09-05T22:30:22.402897+09:00","Action":"cont","Package":"waiting-room/internal/installplan","Test":"TestDeterministicPlanAndOwnedSlices/repeat#07"}
{"Time":"2026-09-05T22:30:22.4029+09:00","Action":"output","Package":"waiting-room/internal/installplan","Test":"TestDeterministicPlanAndOwnedSlices/repeat#07","Output":"=== CONT  TestDeterministicPlanAndOwnedSlices/repeat#07\n"}
{"Time":"2026-09-05T22:30:22.402902+09:00","Action":"cont","Package":"waiting-room/internal/installplan","Test":"TestDeterministicPlanAndOwnedSlices/repeat#09"}
{"Time":"2026-09-05T22:30:22.402903+09:00","Action":"output","Package":"waiting-room/internal/installplan","Test":"TestDeterministicPlanAndOwnedSlices/repeat#09","Output":"=== CONT  TestDeterministicPlanAndOwnedSlices/repeat#09\n"}
{"Time":"2026-09-05T22:30:22.402904+09:00","Action":"cont","Package":"waiting-room/internal/installplan","Test":"TestDeterministicPlanAndOwnedSlices/repeat#03"}
{"Time":"2026-09-05T22:30:22.402905+09:00","Action":"output","Package":"waiting-room/internal/installplan","Test":"TestDeterministicPlanAndOwnedSlices/repeat#03","Output":"=== CONT  TestDeterministicPlanAndOwnedSlices/repeat#03\n"}
{"Time":"2026-09-05T22:30:22.402906+09:00","Action":"cont","Package":"waiting-room/internal/installplan","Test":"TestDeterministicPlanAndOwnedSlices/repeat#23"}
{"Time":"2026-09-05T22:30:22.402907+09:00","Action":"output","Package":"waiting-room/internal/installplan","Test":"TestDeterministicPlanAndOwnedSlices/repeat#23","Output":"=== CONT  TestDeterministicPlanAndOwnedSlices/repeat#23\n"}
{"Time":"2026-09-05T22:30:22.402908+09:00","Action":"cont","Package":"waiting-room/internal/installplan","Test":"TestDeterministicPlanAndOwnedSlices/repeat#19"}
{"Time":"2026-09-05T22:30:22.402909+09:00","Action":"output","Package":"waiting-room/internal/installplan","Test":"TestDeterministicPlanAndOwnedSlices/repeat#19","Output":"=== CONT  TestDeterministicPlanAndOwnedSlices/repeat#19\n"}
{"Time":"2026-09-05T22:30:22.402964+09:00","Action":"output","Package":"waiting-room/internal/installplan","Test":"TestDeterministicPlanAndOwnedSlices/repeat#81","Output":"--- PASS: TestDeterministicPlanAndOwnedSlices/repeat#81 (0.00s)\n"}
{"Time":"2026-09-05T22:30:22.402968+09:00","Action":"pass","Package":"waiting-room/internal/installplan","Test":"TestDeterministicPlanAndOwnedSlices/repeat#81","Elapsed":0}
{"Time":"2026-09-05T22:30:22.40297+09:00","Action":"cont","Package":"waiting-room/internal/installplan","Test":"TestDeterministicPlanAndOwnedSlices/repeat#27"}
{"Time":"2026-09-05T22:30:22.402971+09:00","Action":"output","Package":"waiting-room/internal/installplan","Test":"TestDeterministicPlanAndOwnedSlices/repeat#27","Output":"=== CONT  TestDeterministicPlanAndOwnedSlices/repeat#27\n"}
{"Time":"2026-09-05T22:30:22.402973+09:00","Action":"output","Package":"waiting-room/internal/installplan","Test":"TestDeterministicPlanAndOwnedSlices/repeat#30","Output":"--- PASS: TestDeterministicPlanAndOwnedSlices/repeat#30 (0.00s)\n"}
{"Time":"2026-09-05T22:30:22.402974+09:00","Action":"pass","Package":"waiting-room/internal/installplan","Test":"TestDeterministicPlanAndOwnedSlices/repeat#30","Elapsed":0}
{"Time":"2026-09-05T22:30:22.402975+09:00","Action":"output","Package":"waiting-room/internal/installplan","Test":"TestDeterministicPlanAndOwnedSlices/repeat#68","Output":"--- PASS: TestDeterministicPlanAndOwnedSlices/repeat#68 (0.00s)\n"}
{"Time":"2026-09-05T22:30:22.402977+09:00","Action":"pass","Package":"waiting-room/internal/installplan","Test":"TestDeterministicPlanAndOwnedSlices/repeat#68","Elapsed":0}
{"Time":"2026-09-05T22:30:22.402979+09:00","Action":"output","Package":"waiting-room/internal/installplan","Test":"TestDeterministicPlanAndOwnedSlices/repeat#58","Output":"--- PASS: TestDeterministicPlanAndOwnedSlices/repeat#58 (0.00s)\n"}
{"Time":"2026-09-05T22:30:22.402998+09:00","Action":"pass","Package":"waiting-room/internal/installplan","Test":"TestDeterministicPlanAndOwnedSlices/repeat#58","Elapsed":0}
{"Time":"2026-09-05T22:30:22.403001+09:00","Action":"output","Package":"waiting-room/internal/installplan","Test":"TestDeterministicPlanAndOwnedSlices/repeat#20","Output":"--- PASS: TestDeterministicPlanAndOwnedSlices/repeat#20 (0.00s)\n"}
{"Time":"2026-09-05T22:30:22.403268+09:00","Action":"pass","Package":"waiting-room/internal/installplan","Test":"TestDeterministicPlanAndOwnedSlices/repeat#20","Elapsed":0}
{"Time":"2026-09-05T22:30:22.403274+09:00","Action":"output","Package":"waiting-room/internal/installplan","Test":"TestDeterministicPlanAndOwnedSlices/repeat","Output":"--- PASS: TestDeterministicPlanAndOwnedSlices/repeat (0.00s)\n"}
{"Time":"2026-09-05T22:30:22.403276+09:00","Action":"pass","Package":"waiting-room/internal/installplan","Test":"TestDeterministicPlanAndOwnedSlices/repeat","Elapsed":0}
{"Time":"2026-09-05T22:30:22.403279+09:00","Action":"output","Package":"waiting-room/internal/installplan","Test":"TestDeterministicPlanAndOwnedSlices/repeat#73","Output":"--- PASS: TestDeterministicPlanAndOwnedSlices/repeat#73 (0.00s)\n"}
{"Time":"2026-09-05T22:30:22.403284+09:00","Action":"pass","Package":"waiting-room/internal/installplan","Test":"TestDeterministicPlanAndOwnedSlices/repeat#73","Elapsed":0}
{"Time":"2026-09-05T22:30:22.403285+09:00","Action":"output","Package":"waiting-room/internal/installplan","Test":"TestDeterministicPlanAndOwnedSlices/repeat#75","Output":"--- PASS: TestDeterministicPlanAndOwnedSlices/repeat#75 (0.00s)\n"}
{"Time":"2026-09-05T22:30:22.403309+09:00","Action":"pass","Package":"waiting-room/internal/installplan","Test":"TestDeterministicPlanAndOwnedSlices/repeat#75","Elapsed":0}
{"Time":"2026-09-05T22:30:22.403314+09:00","Action":"output","Package":"waiting-room/internal/installplan","Test":"TestDeterministicPlanAndOwnedSlices/repeat#69","Output":"--- PASS: TestDeterministicPlanAndOwnedSlices/repeat#69 (0.00s)\n"}
{"Time":"2026-09-05T22:30:22.403812+09:00","Action":"pass","Package":"waiting-room/internal/installplan","Test":"TestDeterministicPlanAndOwnedSlices/repeat#69","Elapsed":0}
{"Time":"2026-09-05T22:30:22.403817+09:00","Action":"output","Package":"waiting-room/internal/installplan","Test":"TestDeterministicPlanAndOwnedSlices/repeat#63","Output":"--- PASS: TestDeterministicPlanAndOwnedSlices/repeat#63 (0.00s)\n"}
{"Time":"2026-09-05T22:30:22.403819+09:00","Action":"pass","Package":"waiting-room/internal/installplan","Test":"TestDeterministicPlanAndOwnedSlices/repeat#63","Elapsed":0}
{"Time":"2026-09-05T22:30:22.40382+09:00","Action":"output","Package":"waiting-room/internal/installplan","Test":"TestDeterministicPlanAndOwnedSlices/repeat#60","Output":"--- PASS: TestDeterministicPlanAndOwnedSlices/repeat#60 (0.00s)\n"}
{"Time":"2026-09-05T22:30:22.403822+09:00","Action":"pass","Package":"waiting-room/internal/installplan","Test":"TestDeterministicPlanAndOwnedSlices/repeat#60","Elapsed":0}
{"Time":"2026-09-05T22:30:22.403825+09:00","Action":"output","Package":"waiting-room/internal/installplan","Test":"TestDeterministicPlanAndOwnedSlices/repeat#79","Output":"--- PASS: TestDeterministicPlanAndOwnedSlices/repeat#79 (0.00s)\n"}
{"Time":"2026-09-05T22:30:22.403827+09:00","Action":"pass","Package":"waiting-room/internal/installplan","Test":"TestDeterministicPlanAndOwnedSlices/repeat#79","Elapsed":0}
{"Time":"2026-09-05T22:30:22.403828+09:00","Action":"output","Package":"waiting-room/internal/installplan","Test":"TestDeterministicPlanAndOwnedSlices/repeat#48","Output":"--- PASS: TestDeterministicPlanAndOwnedSlices/repeat#48 (0.00s)\n"}
{"Time":"2026-09-05T22:30:22.403842+09:00","Action":"pass","Package":"waiting-room/internal/installplan","Test":"TestDeterministicPlanAndOwnedSlices/repeat#48","Elapsed":0}
{"Time":"2026-09-05T22:30:22.403847+09:00","Action":"output","Package":"waiting-room/internal/installplan","Test":"TestDeterministicPlanAndOwnedSlices/repeat#50","Output":"--- PASS: TestDeterministicPlanAndOwnedSlices/repeat#50 (0.00s)\n"}
{"Time":"2026-09-05T22:30:22.40385+09:00","Action":"pass","Package":"waiting-room/internal/installplan","Test":"TestDeterministicPlanAndOwnedSlices/repeat#50","Elapsed":0}
{"Time":"2026-09-05T22:30:22.403851+09:00","Action":"output","Package":"waiting-room/internal/installplan","Test":"TestDeterministicPlanAndOwnedSlices/repeat#62","Output":"--- PASS: TestDeterministicPlanAndOwnedSlices/repeat#62 (0.00s)\n"}
{"Time":"2026-09-05T22:30:22.403853+09:00","Action":"pass","Package":"waiting-room/internal/installplan","Test":"TestDeterministicPlanAndOwnedSlices/repeat#62","Elapsed":0}
{"Time":"2026-09-05T22:30:22.403855+09:00","Action":"output","Package":"waiting-room/internal/installplan","Test":"TestDeterministicPlanAndOwnedSlices/repeat#26","Output":"--- PASS: TestDeterministicPlanAndOwnedSlices/repeat#26 (0.00s)\n"}
{"Time":"2026-09-05T22:30:22.40387+09:00","Action":"pass","Package":"waiting-room/internal/installplan","Test":"TestDeterministicPlanAndOwnedSlices/repeat#26","Elapsed":0}
{"Time":"2026-09-05T22:30:22.403874+09:00","Action":"output","Package":"waiting-room/internal/installplan","Test":"TestDeterministicPlanAndOwnedSlices/repeat#61","Output":"--- PASS: TestDeterministicPlanAndOwnedSlices/repeat#61 (0.00s)\n"}
{"Time":"2026-09-05T22:30:22.403877+09:00","Action":"pass","Package":"waiting-room/internal/installplan","Test":"TestDeterministicPlanAndOwnedSlices/repeat#61","Elapsed":0}
{"Time":"2026-09-05T22:30:22.403878+09:00","Action":"output","Package":"waiting-room/internal/installplan","Test":"TestDeterministicPlanAndOwnedSlices/repeat#46","Output":"--- PASS: TestDeterministicPlanAndOwnedSlices/repeat#46 (0.00s)\n"}
{"Time":"2026-09-05T22:30:22.40388+09:00","Action":"pass","Package":"waiting-room/internal/installplan","Test":"TestDeterministicPlanAndOwnedSlices/repeat#46","Elapsed":0}
{"Time":"2026-09-05T22:30:22.403882+09:00","Action":"output","Package":"waiting-room/internal/installplan","Test":"TestDeterministicPlanAndOwnedSlices/repeat#84","Output":"--- PASS: TestDeterministicPlanAndOwnedSlices/repeat#84 (0.00s)\n"}
{"Time":"2026-09-05T22:30:22.403884+09:00","Action":"pass","Package":"waiting-room/internal/installplan","Test":"TestDeterministicPlanAndOwnedSlices/repeat#84","Elapsed":0}
{"Time":"2026-09-05T22:30:22.403886+09:00","Action":"output","Package":"waiting-room/internal/installplan","Test":"TestDeterministicPlanAndOwnedSlices/repeat#70","Output":"--- PASS: TestDeterministicPlanAndOwnedSlices/repeat#70 (0.00s)\n"}
{"Time":"2026-09-05T22:30:22.403899+09:00","Action":"pass","Package":"waiting-room/internal/installplan","Test":"TestDeterministicPlanAndOwnedSlices/repeat#70","Elapsed":0}
{"Time":"2026-09-05T22:30:22.403903+09:00","Action":"output","Package":"waiting-room/internal/installplan","Test":"TestDeterministicPlanAndOwnedSlices/repeat#52","Output":"--- PASS: TestDeterministicPlanAndOwnedSlices/repeat#52 (0.00s)\n"}
{"Time":"2026-09-05T22:30:22.403905+09:00","Action":"pass","Package":"waiting-room/internal/installplan","Test":"TestDeterministicPlanAndOwnedSlices/repeat#52","Elapsed":0}
{"Time":"2026-09-05T22:30:22.403907+09:00","Action":"output","Package":"waiting-room/internal/installplan","Test":"TestDeterministicPlanAndOwnedSlices/repeat#86","Output":"--- PASS: TestDeterministicPlanAndOwnedSlices/repeat#86 (0.00s)\n"}
{"Time":"2026-09-05T22:30:22.403911+09:00","Action":"pass","Package":"waiting-room/internal/installplan","Test":"TestDeterministicPlanAndOwnedSlices/repeat#86","Elapsed":0}
{"Time":"2026-09-05T22:30:22.403916+09:00","Action":"output","Package":"waiting-room/internal/installplan","Test":"TestDeterministicPlanAndOwnedSlices/repeat#36","Output":"--- PASS: TestDeterministicPlanAndOwnedSlices/repeat#36 (0.00s)\n"}
{"Time":"2026-09-05T22:30:22.403919+09:00","Action":"pass","Package":"waiting-room/internal/installplan","Test":"TestDeterministicPlanAndOwnedSlices/repeat#36","Elapsed":0}
{"Time":"2026-09-05T22:30:22.403921+09:00","Action":"output","Package":"waiting-room/internal/installplan","Test":"TestDeterministicPlanAndOwnedSlices/repeat#80","Output":"--- PASS: TestDeterministicPlanAndOwnedSlices/repeat#80 (0.00s)\n"}
{"Time":"2026-09-05T22:30:22.403947+09:00","Action":"pass","Package":"waiting-room/internal/installplan","Test":"TestDeterministicPlanAndOwnedSlices/repeat#80","Elapsed":0}
{"Time":"2026-09-05T22:30:22.403952+09:00","Action":"output","Package":"waiting-room/internal/installplan","Test":"TestDeterministicPlanAndOwnedSlices/repeat#92","Output":"--- PASS: TestDeterministicPlanAndOwnedSlices/repeat#92 (0.00s)\n"}
{"Time":"2026-09-05T22:30:22.403956+09:00","Action":"pass","Package":"waiting-room/internal/installplan","Test":"TestDeterministicPlanAndOwnedSlices/repeat#92","Elapsed":0}
{"Time":"2026-09-05T22:30:22.403957+09:00","Action":"output","Package":"waiting-room/internal/installplan","Test":"TestDeterministicPlanAndOwnedSlices/repeat#43","Output":"--- PASS: TestDeterministicPlanAndOwnedSlices/repeat#43 (0.00s)\n"}
{"Time":"2026-09-05T22:30:22.403966+09:00","Action":"pass","Package":"waiting-room/internal/installplan","Test":"TestDeterministicPlanAndOwnedSlices/repeat#43","Elapsed":0}
{"Time":"2026-09-05T22:30:22.403969+09:00","Action":"output","Package":"waiting-room/internal/installplan","Test":"TestDeterministicPlanAndOwnedSlices/repeat#44","Output":"--- PASS: TestDeterministicPlanAndOwnedSlices/repeat#44 (0.00s)\n"}
{"Time":"2026-09-05T22:30:22.404006+09:00","Action":"pass","Package":"waiting-room/internal/installplan","Test":"TestDeterministicPlanAndOwnedSlices/repeat#44","Elapsed":0}
{"Time":"2026-09-05T22:30:22.404009+09:00","Action":"output","Package":"waiting-room/internal/installplan","Test":"TestDeterministicPlanAndOwnedSlices/repeat#42","Output":"--- PASS: TestDeterministicPlanAndOwnedSlices/repeat#42 (0.00s)\n"}
{"Time":"2026-09-05T22:30:22.404018+09:00","Action":"pass","Package":"waiting-room/internal/installplan","Test":"TestDeterministicPlanAndOwnedSlices/repeat#42","Elapsed":0}
{"Time":"2026-09-05T22:30:22.404022+09:00","Action":"output","Package":"waiting-room/internal/installplan","Test":"TestDeterministicPlanAndOwnedSlices/repeat#87","Output":"--- PASS: TestDeterministicPlanAndOwnedSlices/repeat#87 (0.00s)\n"}
{"Time":"2026-09-05T22:30:22.404035+09:00","Action":"pass","Package":"waiting-room/internal/installplan","Test":"TestDeterministicPlanAndOwnedSlices/repeat#87","Elapsed":0}
{"Time":"2026-09-05T22:30:22.404041+09:00","Action":"output","Package":"waiting-room/internal/installplan","Test":"TestDeterministicPlanAndOwnedSlices/repeat#15","Output":"--- PASS: TestDeterministicPlanAndOwnedSlices/repeat#15 (0.00s)\n"}
{"Time":"2026-09-05T22:30:22.404043+09:00","Action":"pass","Package":"waiting-room/internal/installplan","Test":"TestDeterministicPlanAndOwnedSlices/repeat#15","Elapsed":0}
{"Time":"2026-09-05T22:30:22.404044+09:00","Action":"output","Package":"waiting-room/internal/installplan","Test":"TestDeterministicPlanAndOwnedSlices/repeat#47","Output":"--- PASS: TestDeterministicPlanAndOwnedSlices/repeat#47 (0.00s)\n"}
{"Time":"2026-09-05T22:30:22.404071+09:00","Action":"pass","Package":"waiting-room/internal/installplan","Test":"TestDeterministicPlanAndOwnedSlices/repeat#47","Elapsed":0}
{"Time":"2026-09-05T22:30:22.404074+09:00","Action":"output","Package":"waiting-room/internal/installplan","Test":"TestDeterministicPlanAndOwnedSlices/repeat#33","Output":"--- PASS: TestDeterministicPlanAndOwnedSlices/repeat#33 (0.00s)\n"}
{"Time":"2026-09-05T22:30:22.404083+09:00","Action":"pass","Package":"waiting-room/internal/installplan","Test":"TestDeterministicPlanAndOwnedSlices/repeat#33","Elapsed":0}
{"Time":"2026-09-05T22:30:22.404085+09:00","Action":"output","Package":"waiting-room/internal/installplan","Test":"TestDeterministicPlanAndOwnedSlices/repeat#22","Output":"--- PASS: TestDeterministicPlanAndOwnedSlices/repeat#22 (0.00s)\n"}
{"Time":"2026-09-05T22:30:22.404099+09:00","Action":"pass","Package":"waiting-room/internal/installplan","Test":"TestDeterministicPlanAndOwnedSlices/repeat#22","Elapsed":0}
{"Time":"2026-09-05T22:30:22.404101+09:00","Action":"output","Package":"waiting-room/internal/installplan","Test":"TestDeterministicPlanAndOwnedSlices/repeat#35","Output":"--- PASS: TestDeterministicPlanAndOwnedSlices/repeat#35 (0.00s)\n"}
{"Time":"2026-09-05T22:30:22.404116+09:00","Action":"pass","Package":"waiting-room/internal/installplan","Test":"TestDeterministicPlanAndOwnedSlices/repeat#35","Elapsed":0}
{"Time":"2026-09-05T22:30:22.404119+09:00","Action":"output","Package":"waiting-room/internal/installplan","Test":"TestDeterministicPlanAndOwnedSlices/repeat#17","Output":"--- PASS: TestDeterministicPlanAndOwnedSlices/repeat#17 (0.00s)\n"}
{"Time":"2026-09-05T22:30:22.404131+09:00","Action":"pass","Package":"waiting-room/internal/installplan","Test":"TestDeterministicPlanAndOwnedSlices/repeat#17","Elapsed":0}
{"Time":"2026-09-05T22:30:22.404133+09:00","Action":"output","Package":"waiting-room/internal/installplan","Test":"TestDeterministicPlanAndOwnedSlices/repeat#12","Output":"--- PASS: TestDeterministicPlanAndOwnedSlices/repeat#12 (0.00s)\n"}
{"Time":"2026-09-05T22:30:22.404165+09:00","Action":"pass","Package":"waiting-room/internal/installplan","Test":"TestDeterministicPlanAndOwnedSlices/repeat#12","Elapsed":0}
{"Time":"2026-09-05T22:30:22.404169+09:00","Action":"output","Package":"waiting-room/internal/installplan","Test":"TestDeterministicPlanAndOwnedSlices/repeat#06","Output":"--- PASS: TestDeterministicPlanAndOwnedSlices/repeat#06 (0.00s)\n"}
{"Time":"2026-09-05T22:30:22.404171+09:00","Action":"pass","Package":"waiting-room/internal/installplan","Test":"TestDeterministicPlanAndOwnedSlices/repeat#06","Elapsed":0}
{"Time":"2026-09-05T22:30:22.404172+09:00","Action":"output","Package":"waiting-room/internal/installplan","Test":"TestDeterministicPlanAndOwnedSlices/repeat#13","Output":"--- PASS: TestDeterministicPlanAndOwnedSlices/repeat#13 (0.00s)\n"}
{"Time":"2026-09-05T22:30:22.404183+09:00","Action":"pass","Package":"waiting-room/internal/installplan","Test":"TestDeterministicPlanAndOwnedSlices/repeat#13","Elapsed":0}
{"Time":"2026-09-05T22:30:22.404185+09:00","Action":"output","Package":"waiting-room/internal/installplan","Test":"TestDeterministicPlanAndOwnedSlices/repeat#95","Output":"--- PASS: TestDeterministicPlanAndOwnedSlices/repeat#95 (0.00s)\n"}
{"Time":"2026-09-05T22:30:22.404203+09:00","Action":"pass","Package":"waiting-room/internal/installplan","Test":"TestDeterministicPlanAndOwnedSlices/repeat#95","Elapsed":0}
{"Time":"2026-09-05T22:30:22.404206+09:00","Action":"output","Package":"waiting-room/internal/installplan","Test":"TestDeterministicPlanAndOwnedSlices/repeat#09","Output":"--- PASS: TestDeterministicPlanAndOwnedSlices/repeat#09 (0.00s)\n"}
{"Time":"2026-09-05T22:30:22.404213+09:00","Action":"pass","Package":"waiting-room/internal/installplan","Test":"TestDeterministicPlanAndOwnedSlices/repeat#09","Elapsed":0}
{"Time":"2026-09-05T22:30:22.404215+09:00","Action":"output","Package":"waiting-room/internal/installplan","Test":"TestDeterministicPlanAndOwnedSlices/repeat#21","Output":"--- PASS: TestDeterministicPlanAndOwnedSlices/repeat#21 (0.00s)\n"}
{"Time":"2026-09-05T22:30:22.404227+09:00","Action":"pass","Package":"waiting-room/internal/installplan","Test":"TestDeterministicPlanAndOwnedSlices/repeat#21","Elapsed":0}
{"Time":"2026-09-05T22:30:22.40423+09:00","Action":"output","Package":"waiting-room/internal/installplan","Test":"TestDeterministicPlanAndOwnedSlices/repeat#74","Output":"--- PASS: TestDeterministicPlanAndOwnedSlices/repeat#74 (0.00s)\n"}
{"Time":"2026-09-05T22:30:22.404247+09:00","Action":"pass","Package":"waiting-room/internal/installplan","Test":"TestDeterministicPlanAndOwnedSlices/repeat#74","Elapsed":0}
{"Time":"2026-09-05T22:30:22.404249+09:00","Action":"output","Package":"waiting-room/internal/installplan","Test":"TestDeterministicPlanAndOwnedSlices/repeat#08","Output":"--- PASS: TestDeterministicPlanAndOwnedSlices/repeat#08 (0.00s)\n"}
{"Time":"2026-09-05T22:30:22.404261+09:00","Action":"pass","Package":"waiting-room/internal/installplan","Test":"TestDeterministicPlanAndOwnedSlices/repeat#08","Elapsed":0}
{"Time":"2026-09-05T22:30:22.404263+09:00","Action":"output","Package":"waiting-room/internal/installplan","Test":"TestDeterministicPlanAndOwnedSlices/repeat#85","Output":"--- PASS: TestDeterministicPlanAndOwnedSlices/repeat#85 (0.00s)\n"}
{"Time":"2026-09-05T22:30:22.404281+09:00","Action":"pass","Package":"waiting-room/internal/installplan","Test":"TestDeterministicPlanAndOwnedSlices/repeat#85","Elapsed":0}
{"Time":"2026-09-05T22:30:22.404284+09:00","Action":"output","Package":"waiting-room/internal/installplan","Test":"TestDeterministicPlanAndOwnedSlices/repeat#53","Output":"--- PASS: TestDeterministicPlanAndOwnedSlices/repeat#53 (0.00s)\n"}
{"Time":"2026-09-05T22:30:22.404297+09:00","Action":"pass","Package":"waiting-room/internal/installplan","Test":"TestDeterministicPlanAndOwnedSlices/repeat#53","Elapsed":0}
{"Time":"2026-09-05T22:30:22.404299+09:00","Action":"output","Package":"waiting-room/internal/installplan","Test":"TestDeterministicPlanAndOwnedSlices/repeat#29","Output":"--- PASS: TestDeterministicPlanAndOwnedSlices/repeat#29 (0.00s)\n"}
{"Time":"2026-09-05T22:30:22.404314+09:00","Action":"pass","Package":"waiting-room/internal/installplan","Test":"TestDeterministicPlanAndOwnedSlices/repeat#29","Elapsed":0}
{"Time":"2026-09-05T22:30:22.404316+09:00","Action":"output","Package":"waiting-room/internal/installplan","Test":"TestDeterministicPlanAndOwnedSlices/repeat#27","Output":"--- PASS: TestDeterministicPlanAndOwnedSlices/repeat#27 (0.00s)\n"}
{"Time":"2026-09-05T22:30:22.40433+09:00","Action":"pass","Package":"waiting-room/internal/installplan","Test":"TestDeterministicPlanAndOwnedSlices/repeat#27","Elapsed":0}
{"Time":"2026-09-05T22:30:22.404332+09:00","Action":"output","Package":"waiting-room/internal/installplan","Test":"TestDeterministicPlanAndOwnedSlices/repeat#19","Output":"--- PASS: TestDeterministicPlanAndOwnedSlices/repeat#19 (0.00s)\n"}
{"Time":"2026-09-05T22:30:22.404342+09:00","Action":"pass","Package":"waiting-room/internal/installplan","Test":"TestDeterministicPlanAndOwnedSlices/repeat#19","Elapsed":0}
{"Time":"2026-09-05T22:30:22.404344+09:00","Action":"output","Package":"waiting-room/internal/installplan","Test":"TestDeterministicPlanAndOwnedSlices/repeat#89","Output":"--- PASS: TestDeterministicPlanAndOwnedSlices/repeat#89 (0.00s)\n"}
{"Time":"2026-09-05T22:30:22.404354+09:00","Action":"pass","Package":"waiting-room/internal/installplan","Test":"TestDeterministicPlanAndOwnedSlices/repeat#89","Elapsed":0}
{"Time":"2026-09-05T22:30:22.404357+09:00","Action":"output","Package":"waiting-room/internal/installplan","Test":"TestDeterministicPlanAndOwnedSlices/repeat#91","Output":"--- PASS: TestDeterministicPlanAndOwnedSlices/repeat#91 (0.00s)\n"}
{"Time":"2026-09-05T22:30:22.404369+09:00","Action":"pass","Package":"waiting-room/internal/installplan","Test":"TestDeterministicPlanAndOwnedSlices/repeat#91","Elapsed":0}
{"Time":"2026-09-05T22:30:22.404371+09:00","Action":"output","Package":"waiting-room/internal/installplan","Test":"TestDeterministicPlanAndOwnedSlices/repeat#51","Output":"--- PASS: TestDeterministicPlanAndOwnedSlices/repeat#51 (0.00s)\n"}
{"Time":"2026-09-05T22:30:22.404383+09:00","Action":"pass","Package":"waiting-room/internal/installplan","Test":"TestDeterministicPlanAndOwnedSlices/repeat#51","Elapsed":0}
{"Time":"2026-09-05T22:30:22.404386+09:00","Action":"output","Package":"waiting-room/internal/installplan","Test":"TestDeterministicPlanAndOwnedSlices/repeat#54","Output":"--- PASS: TestDeterministicPlanAndOwnedSlices/repeat#54 (0.00s)\n"}
{"Time":"2026-09-05T22:30:22.404398+09:00","Action":"pass","Package":"waiting-room/internal/installplan","Test":"TestDeterministicPlanAndOwnedSlices/repeat#54","Elapsed":0}
{"Time":"2026-09-05T22:30:22.4044+09:00","Action":"output","Package":"waiting-room/internal/installplan","Test":"TestDeterministicPlanAndOwnedSlices/repeat#18","Output":"--- PASS: TestDeterministicPlanAndOwnedSlices/repeat#18 (0.00s)\n"}
{"Time":"2026-09-05T22:30:22.404413+09:00","Action":"pass","Package":"waiting-room/internal/installplan","Test":"TestDeterministicPlanAndOwnedSlices/repeat#18","Elapsed":0}
{"Time":"2026-09-05T22:30:22.404414+09:00","Action":"output","Package":"waiting-room/internal/installplan","Test":"TestDeterministicPlanAndOwnedSlices/repeat#23","Output":"--- PASS: TestDeterministicPlanAndOwnedSlices/repeat#23 (0.00s)\n"}
{"Time":"2026-09-05T22:30:22.404442+09:00","Action":"pass","Package":"waiting-room/internal/installplan","Test":"TestDeterministicPlanAndOwnedSlices/repeat#23","Elapsed":0}
{"Time":"2026-09-05T22:30:22.404444+09:00","Action":"output","Package":"waiting-room/internal/installplan","Test":"TestDeterministicPlanAndOwnedSlices/repeat#25","Output":"--- PASS: TestDeterministicPlanAndOwnedSlices/repeat#25 (0.00s)\n"}
{"Time":"2026-09-05T22:30:22.404481+09:00","Action":"pass","Package":"waiting-room/internal/installplan","Test":"TestDeterministicPlanAndOwnedSlices/repeat#25","Elapsed":0}
{"Time":"2026-09-05T22:30:22.404483+09:00","Action":"output","Package":"waiting-room/internal/installplan","Test":"TestDeterministicPlanAndOwnedSlices/repeat#56","Output":"--- PASS: TestDeterministicPlanAndOwnedSlices/repeat#56 (0.00s)\n"}
{"Time":"2026-09-05T22:30:22.404496+09:00","Action":"pass","Package":"waiting-room/internal/installplan","Test":"TestDeterministicPlanAndOwnedSlices/repeat#56","Elapsed":0}
{"Time":"2026-09-05T22:30:22.404498+09:00","Action":"output","Package":"waiting-room/internal/installplan","Test":"TestDeterministicPlanAndOwnedSlices/repeat#40","Output":"--- PASS: TestDeterministicPlanAndOwnedSlices/repeat#40 (0.00s)\n"}
{"Time":"2026-09-05T22:30:22.404507+09:00","Action":"pass","Package":"waiting-room/internal/installplan","Test":"TestDeterministicPlanAndOwnedSlices/repeat#40","Elapsed":0}
{"Time":"2026-09-05T22:30:22.404509+09:00","Action":"output","Package":"waiting-room/internal/installplan","Test":"TestDeterministicPlanAndOwnedSlices/repeat#90","Output":"--- PASS: TestDeterministicPlanAndOwnedSlices/repeat#90 (0.00s)\n"}
{"Time":"2026-09-05T22:30:22.404519+09:00","Action":"pass","Package":"waiting-room/internal/installplan","Test":"TestDeterministicPlanAndOwnedSlices/repeat#90","Elapsed":0}
{"Time":"2026-09-05T22:30:22.404522+09:00","Action":"output","Package":"waiting-room/internal/installplan","Test":"TestDeterministicPlanAndOwnedSlices/repeat#83","Output":"--- PASS: TestDeterministicPlanAndOwnedSlices/repeat#83 (0.00s)\n"}
{"Time":"2026-09-05T22:30:22.404538+09:00","Action":"pass","Package":"waiting-room/internal/installplan","Test":"TestDeterministicPlanAndOwnedSlices/repeat#83","Elapsed":0}
{"Time":"2026-09-05T22:30:22.404541+09:00","Action":"output","Package":"waiting-room/internal/installplan","Test":"TestDeterministicPlanAndOwnedSlices/repeat#94","Output":"--- PASS: TestDeterministicPlanAndOwnedSlices/repeat#94 (0.00s)\n"}
{"Time":"2026-09-05T22:30:22.404551+09:00","Action":"pass","Package":"waiting-room/internal/installplan","Test":"TestDeterministicPlanAndOwnedSlices/repeat#94","Elapsed":0}
{"Time":"2026-09-05T22:30:22.404553+09:00","Action":"output","Package":"waiting-room/internal/installplan","Test":"TestDeterministicPlanAndOwnedSlices/repeat#93","Output":"--- PASS: TestDeterministicPlanAndOwnedSlices/repeat#93 (0.00s)\n"}
{"Time":"2026-09-05T22:30:22.404569+09:00","Action":"pass","Package":"waiting-room/internal/installplan","Test":"TestDeterministicPlanAndOwnedSlices/repeat#93","Elapsed":0}
{"Time":"2026-09-05T22:30:22.404571+09:00","Action":"output","Package":"waiting-room/internal/installplan","Test":"TestDeterministicPlanAndOwnedSlices/repeat#37","Output":"--- PASS: TestDeterministicPlanAndOwnedSlices/repeat#37 (0.00s)\n"}
{"Time":"2026-09-05T22:30:22.404585+09:00","Action":"pass","Package":"waiting-room/internal/installplan","Test":"TestDeterministicPlanAndOwnedSlices/repeat#37","Elapsed":0}
{"Time":"2026-09-05T22:30:22.404586+09:00","Action":"output","Package":"waiting-room/internal/installplan","Test":"TestDeterministicPlanAndOwnedSlices/repeat#82","Output":"--- PASS: TestDeterministicPlanAndOwnedSlices/repeat#82 (0.00s)\n"}
{"Time":"2026-09-05T22:30:22.404602+09:00","Action":"pass","Package":"waiting-room/internal/installplan","Test":"TestDeterministicPlanAndOwnedSlices/repeat#82","Elapsed":0}
{"Time":"2026-09-05T22:30:22.404606+09:00","Action":"output","Package":"waiting-room/internal/installplan","Test":"TestDeterministicPlanAndOwnedSlices/repeat#34","Output":"--- PASS: TestDeterministicPlanAndOwnedSlices/repeat#34 (0.00s)\n"}
{"Time":"2026-09-05T22:30:22.40462+09:00","Action":"pass","Package":"waiting-room/internal/installplan","Test":"TestDeterministicPlanAndOwnedSlices/repeat#34","Elapsed":0}
{"Time":"2026-09-05T22:30:22.404625+09:00","Action":"output","Package":"waiting-room/internal/installplan","Test":"TestDeterministicPlanAndOwnedSlices/repeat#10","Output":"--- PASS: TestDeterministicPlanAndOwnedSlices/repeat#10 (0.00s)\n"}
{"Time":"2026-09-05T22:30:22.404627+09:00","Action":"pass","Package":"waiting-room/internal/installplan","Test":"TestDeterministicPlanAndOwnedSlices/repeat#10","Elapsed":0}
{"Time":"2026-09-05T22:30:22.404628+09:00","Action":"output","Package":"waiting-room/internal/installplan","Test":"TestDeterministicPlanAndOwnedSlices/repeat#16","Output":"--- PASS: TestDeterministicPlanAndOwnedSlices/repeat#16 (0.00s)\n"}
{"Time":"2026-09-05T22:30:22.404643+09:00","Action":"pass","Package":"waiting-room/internal/installplan","Test":"TestDeterministicPlanAndOwnedSlices/repeat#16","Elapsed":0}
{"Time":"2026-09-05T22:30:22.404647+09:00","Action":"output","Package":"waiting-room/internal/installplan","Test":"TestDeterministicPlanAndOwnedSlices/repeat#04","Output":"--- PASS: TestDeterministicPlanAndOwnedSlices/repeat#04 (0.00s)\n"}
{"Time":"2026-09-05T22:30:22.404649+09:00","Action":"pass","Package":"waiting-room/internal/installplan","Test":"TestDeterministicPlanAndOwnedSlices/repeat#04","Elapsed":0}
{"Time":"2026-09-05T22:30:22.40465+09:00","Action":"output","Package":"waiting-room/internal/installplan","Test":"TestDeterministicPlanAndOwnedSlices/repeat#32","Output":"--- PASS: TestDeterministicPlanAndOwnedSlices/repeat#32 (0.00s)\n"}
{"Time":"2026-09-05T22:30:22.404665+09:00","Action":"pass","Package":"waiting-room/internal/installplan","Test":"TestDeterministicPlanAndOwnedSlices/repeat#32","Elapsed":0}
{"Time":"2026-09-05T22:30:22.404668+09:00","Action":"output","Package":"waiting-room/internal/installplan","Test":"TestDeterministicPlanAndOwnedSlices/repeat#39","Output":"--- PASS: TestDeterministicPlanAndOwnedSlices/repeat#39 (0.00s)\n"}
{"Time":"2026-09-05T22:30:22.404679+09:00","Action":"pass","Package":"waiting-room/internal/installplan","Test":"TestDeterministicPlanAndOwnedSlices/repeat#39","Elapsed":0}
{"Time":"2026-09-05T22:30:22.404682+09:00","Action":"output","Package":"waiting-room/internal/installplan","Test":"TestDeterministicPlanAndOwnedSlices/repeat#05","Output":"--- PASS: TestDeterministicPlanAndOwnedSlices/repeat#05 (0.00s)\n"}
{"Time":"2026-09-05T22:30:22.404685+09:00","Action":"pass","Package":"waiting-room/internal/installplan","Test":"TestDeterministicPlanAndOwnedSlices/repeat#05","Elapsed":0}
{"Time":"2026-09-05T22:30:22.404687+09:00","Action":"output","Package":"waiting-room/internal/installplan","Test":"TestDeterministicPlanAndOwnedSlices/repeat#31","Output":"--- PASS: TestDeterministicPlanAndOwnedSlices/repeat#31 (0.00s)\n"}
{"Time":"2026-09-05T22:30:22.4047+09:00","Action":"pass","Package":"waiting-room/internal/installplan","Test":"TestDeterministicPlanAndOwnedSlices/repeat#31","Elapsed":0}
{"Time":"2026-09-05T22:30:22.404702+09:00","Action":"output","Package":"waiting-room/internal/installplan","Test":"TestDeterministicPlanAndOwnedSlices/repeat#11","Output":"--- PASS: TestDeterministicPlanAndOwnedSlices/repeat#11 (0.00s)\n"}
{"Time":"2026-09-05T22:30:22.404718+09:00","Action":"pass","Package":"waiting-room/internal/installplan","Test":"TestDeterministicPlanAndOwnedSlices/repeat#11","Elapsed":0}
{"Time":"2026-09-05T22:30:22.40472+09:00","Action":"output","Package":"waiting-room/internal/installplan","Test":"TestDeterministicPlanAndOwnedSlices/repeat#07","Output":"--- PASS: TestDeterministicPlanAndOwnedSlices/repeat#07 (0.00s)\n"}
{"Time":"2026-09-05T22:30:22.404736+09:00","Action":"pass","Package":"waiting-room/internal/installplan","Test":"TestDeterministicPlanAndOwnedSlices/repeat#07","Elapsed":0}
{"Time":"2026-09-05T22:30:22.404738+09:00","Action":"output","Package":"waiting-room/internal/installplan","Test":"TestDeterministicPlanAndOwnedSlices/repeat#03","Output":"--- PASS: TestDeterministicPlanAndOwnedSlices/repeat#03 (0.00s)\n"}
{"Time":"2026-09-05T22:30:22.404747+09:00","Action":"pass","Package":"waiting-room/internal/installplan","Test":"TestDeterministicPlanAndOwnedSlices/repeat#03","Elapsed":0}
{"Time":"2026-09-05T22:30:22.404749+09:00","Action":"output","Package":"waiting-room/internal/installplan","Test":"TestDeterministicPlanAndOwnedSlices/repeat#14","Output":"--- PASS: TestDeterministicPlanAndOwnedSlices/repeat#14 (0.00s)\n"}
{"Time":"2026-09-05T22:30:22.404758+09:00","Action":"pass","Package":"waiting-room/internal/installplan","Test":"TestDeterministicPlanAndOwnedSlices/repeat#14","Elapsed":0}
{"Time":"2026-09-05T22:30:22.404761+09:00","Action":"output","Package":"waiting-room/internal/installplan","Test":"TestDeterministicPlanAndOwnedSlices/repeat#01","Output":"--- PASS: TestDeterministicPlanAndOwnedSlices/repeat#01 (0.00s)\n"}
{"Time":"2026-09-05T22:30:22.404771+09:00","Action":"pass","Package":"waiting-room/internal/installplan","Test":"TestDeterministicPlanAndOwnedSlices/repeat#01","Elapsed":0}
{"Time":"2026-09-05T22:30:22.404773+09:00","Action":"output","Package":"waiting-room/internal/installplan","Test":"TestDeterministicPlanAndOwnedSlices/repeat#28","Output":"--- PASS: TestDeterministicPlanAndOwnedSlices/repeat#28 (0.00s)\n"}
{"Time":"2026-09-05T22:30:22.404822+09:00","Action":"pass","Package":"waiting-room/internal/installplan","Test":"TestDeterministicPlanAndOwnedSlices/repeat#28","Elapsed":0}
{"Time":"2026-09-05T22:30:22.404825+09:00","Action":"output","Package":"waiting-room/internal/installplan","Test":"TestDeterministicPlanAndOwnedSlices","Output":"--- PASS: TestDeterministicPlanAndOwnedSlices (0.00s)\n"}
{"Time":"2026-09-05T22:30:22.40483+09:00","Action":"pass","Package":"waiting-room/internal/installplan","Test":"TestDeterministicPlanAndOwnedSlices","Elapsed":0}
{"Time":"2026-09-05T22:30:22.404847+09:00","Action":"run","Package":"waiting-room/internal/installplan","Test":"FuzzCostArithmetic"}
{"Time":"2026-09-05T22:30:22.404848+09:00","Action":"output","Package":"waiting-room/internal/installplan","Test":"FuzzCostArithmetic","Output":"=== RUN   FuzzCostArithmetic\n"}
{"Time":"2026-09-05T22:30:22.404917+09:00","Action":"run","Package":"waiting-room/internal/installplan","Test":"FuzzCostArithmetic/seed#0"}
{"Time":"2026-09-05T22:30:22.404919+09:00","Action":"output","Package":"waiting-room/internal/installplan","Test":"FuzzCostArithmetic/seed#0","Output":"=== RUN   FuzzCostArithmetic/seed#0\n"}
{"Time":"2026-09-05T22:30:22.405066+09:00","Action":"output","Package":"waiting-room/internal/installplan","Test":"FuzzCostArithmetic/seed#0","Output":"--- PASS: FuzzCostArithmetic/seed#0 (0.00s)\n"}
{"Time":"2026-09-05T22:30:22.405072+09:00","Action":"pass","Package":"waiting-room/internal/installplan","Test":"FuzzCostArithmetic/seed#0","Elapsed":0}
{"Time":"2026-09-05T22:30:22.405087+09:00","Action":"output","Package":"waiting-room/internal/installplan","Test":"FuzzCostArithmetic","Output":"--- PASS: FuzzCostArithmetic (0.00s)\n"}
{"Time":"2026-09-05T22:30:22.405096+09:00","Action":"pass","Package":"waiting-room/internal/installplan","Test":"FuzzCostArithmetic","Elapsed":0}
{"Time":"2026-09-05T22:30:22.4051+09:00","Action":"run","Package":"waiting-room/internal/installplan","Test":"FuzzDecode"}
{"Time":"2026-09-05T22:30:22.405102+09:00","Action":"output","Package":"waiting-room/internal/installplan","Test":"FuzzDecode","Output":"=== RUN   FuzzDecode\n"}
{"Time":"2026-09-05T22:30:22.405226+09:00","Action":"run","Package":"waiting-room/internal/installplan","Test":"FuzzDecode/seed#0"}
{"Time":"2026-09-05T22:30:22.405229+09:00","Action":"output","Package":"waiting-room/internal/installplan","Test":"FuzzDecode/seed#0","Output":"=== RUN   FuzzDecode/seed#0\n"}
{"Time":"2026-09-05T22:30:22.40538+09:00","Action":"output","Package":"waiting-room/internal/installplan","Test":"FuzzDecode/seed#0","Output":"--- PASS: FuzzDecode/seed#0 (0.00s)\n"}
{"Time":"2026-09-05T22:30:22.40539+09:00","Action":"pass","Package":"waiting-room/internal/installplan","Test":"FuzzDecode/seed#0","Elapsed":0}
{"Time":"2026-09-05T22:30:22.4054+09:00","Action":"run","Package":"waiting-room/internal/installplan","Test":"FuzzDecode/seed#1"}
{"Time":"2026-09-05T22:30:22.405402+09:00","Action":"output","Package":"waiting-room/internal/installplan","Test":"FuzzDecode/seed#1","Output":"=== RUN   FuzzDecode/seed#1\n"}
{"Time":"2026-09-05T22:30:22.40543+09:00","Action":"output","Package":"waiting-room/internal/installplan","Test":"FuzzDecode/seed#1","Output":"--- PASS: FuzzDecode/seed#1 (0.00s)\n"}
{"Time":"2026-09-05T22:30:22.405439+09:00","Action":"pass","Package":"waiting-room/internal/installplan","Test":"FuzzDecode/seed#1","Elapsed":0}
{"Time":"2026-09-05T22:30:22.405453+09:00","Action":"run","Package":"waiting-room/internal/installplan","Test":"FuzzDecode/seed#2"}
{"Time":"2026-09-05T22:30:22.405455+09:00","Action":"output","Package":"waiting-room/internal/installplan","Test":"FuzzDecode/seed#2","Output":"=== RUN   FuzzDecode/seed#2\n"}
{"Time":"2026-09-05T22:30:22.405489+09:00","Action":"output","Package":"waiting-room/internal/installplan","Test":"FuzzDecode/seed#2","Output":"--- PASS: FuzzDecode/seed#2 (0.00s)\n"}
{"Time":"2026-09-05T22:30:22.405493+09:00","Action":"pass","Package":"waiting-room/internal/installplan","Test":"FuzzDecode/seed#2","Elapsed":0}
{"Time":"2026-09-05T22:30:22.405509+09:00","Action":"output","Package":"waiting-room/internal/installplan","Test":"FuzzDecode","Output":"--- PASS: FuzzDecode (0.00s)\n"}
{"Time":"2026-09-05T22:30:22.405516+09:00","Action":"pass","Package":"waiting-room/internal/installplan","Test":"FuzzDecode","Elapsed":0}
{"Time":"2026-09-05T22:30:22.405535+09:00","Action":"output","Package":"waiting-room/internal/installplan","Output":"PASS\n"}
{"Time":"2026-09-05T22:30:22.559449+09:00","Action":"run","Package":"waiting-room/internal/installplan/preflight","Test":"TestClockBoundaries"}
{"Time":"2026-09-05T22:30:22.559466+09:00","Action":"output","Package":"waiting-room/internal/installplan/preflight","Test":"TestClockBoundaries","Output":"=== RUN   TestClockBoundaries\n"}
{"Time":"2026-09-05T22:30:22.559599+09:00","Action":"run","Package":"waiting-room/internal/installplan/preflight","Test":"TestClockBoundaries/zero"}
{"Time":"2026-09-05T22:30:22.559605+09:00","Action":"output","Package":"waiting-room/internal/installplan/preflight","Test":"TestClockBoundaries/zero","Output":"=== RUN   TestClockBoundaries/zero\n"}
{"Time":"2026-09-05T22:30:22.561205+09:00","Action":"output","Package":"waiting-room/internal/installplan/preflight","Test":"TestClockBoundaries/zero","Output":"--- PASS: TestClockBoundaries/zero (0.00s)\n"}
{"Time":"2026-09-05T22:30:22.561217+09:00","Action":"pass","Package":"waiting-room/internal/installplan/preflight","Test":"TestClockBoundaries/zero","Elapsed":0}
{"Time":"2026-09-05T22:30:22.561239+09:00","Action":"run","Package":"waiting-room/internal/installplan/preflight","Test":"TestClockBoundaries/plus2"}
{"Time":"2026-09-05T22:30:22.561242+09:00","Action":"output","Package":"waiting-room/internal/installplan/preflight","Test":"TestClockBoundaries/plus2","Output":"=== RUN   TestClockBoundaries/plus2\n"}
{"Time":"2026-09-05T22:30:22.561692+09:00","Action":"output","Package":"waiting-room/internal/installplan/preflight","Test":"TestClockBoundaries/plus2","Output":"--- PASS: TestClockBoundaries/plus2 (0.00s)\n"}
{"Time":"2026-09-05T22:30:22.561707+09:00","Action":"pass","Package":"waiting-room/internal/installplan/preflight","Test":"TestClockBoundaries/plus2","Elapsed":0}
{"Time":"2026-09-05T22:30:22.56172+09:00","Action":"run","Package":"waiting-room/internal/installplan/preflight","Test":"TestClockBoundaries/minus2"}
{"Time":"2026-09-05T22:30:22.561724+09:00","Action":"output","Package":"waiting-room/internal/installplan/preflight","Test":"TestClockBoundaries/minus2","Output":"=== RUN   TestClockBoundaries/minus2\n"}
{"Time":"2026-09-05T22:30:22.562146+09:00","Action":"output","Package":"waiting-room/internal/installplan/preflight","Test":"TestClockBoundaries/minus2","Output":"--- PASS: TestClockBoundaries/minus2 (0.00s)\n"}
{"Time":"2026-09-05T22:30:22.562164+09:00","Action":"pass","Package":"waiting-room/internal/installplan/preflight","Test":"TestClockBoundaries/minus2","Elapsed":0}
{"Time":"2026-09-05T22:30:22.562173+09:00","Action":"run","Package":"waiting-room/internal/installplan/preflight","Test":"TestClockBoundaries/above2"}
{"Time":"2026-09-05T22:30:22.562175+09:00","Action":"output","Package":"waiting-room/internal/installplan/preflight","Test":"TestClockBoundaries/above2","Output":"=== RUN   TestClockBoundaries/above2\n"}
{"Time":"2026-09-05T22:30:22.562613+09:00","Action":"output","Package":"waiting-room/internal/installplan/preflight","Test":"TestClockBoundaries/above2","Output":"--- PASS: TestClockBoundaries/above2 (0.00s)\n"}
{"Time":"2026-09-05T22:30:22.562619+09:00","Action":"pass","Package":"waiting-room/internal/installplan/preflight","Test":"TestClockBoundaries/above2","Elapsed":0}
{"Time":"2026-09-05T22:30:22.562636+09:00","Action":"run","Package":"waiting-room/internal/installplan/preflight","Test":"TestClockBoundaries/belowMinus2"}
{"Time":"2026-09-05T22:30:22.562639+09:00","Action":"output","Package":"waiting-room/internal/installplan/preflight","Test":"TestClockBoundaries/belowMinus2","Output":"=== RUN   TestClockBoundaries/belowMinus2\n"}
{"Time":"2026-09-05T22:30:22.563076+09:00","Action":"output","Package":"waiting-room/internal/installplan/preflight","Test":"TestClockBoundaries/belowMinus2","Output":"--- PASS: TestClockBoundaries/belowMinus2 (0.00s)\n"}
{"Time":"2026-09-05T22:30:22.563081+09:00","Action":"pass","Package":"waiting-room/internal/installplan/preflight","Test":"TestClockBoundaries/belowMinus2","Elapsed":0}
{"Time":"2026-09-05T22:30:22.563103+09:00","Action":"run","Package":"waiting-room/internal/installplan/preflight","Test":"TestClockBoundaries/plus5"}
{"Time":"2026-09-05T22:30:22.563111+09:00","Action":"output","Package":"waiting-room/internal/installplan/preflight","Test":"TestClockBoundaries/plus5","Output":"=== RUN   TestClockBoundaries/plus5\n"}
{"Time":"2026-09-05T22:30:22.563497+09:00","Action":"output","Package":"waiting-room/internal/installplan/preflight","Test":"TestClockBoundaries/plus5","Output":"--- PASS: TestClockBoundaries/plus5 (0.00s)\n"}
{"Time":"2026-09-05T22:30:22.563503+09:00","Action":"pass","Package":"waiting-room/internal/installplan/preflight","Test":"TestClockBoundaries/plus5","Elapsed":0}
{"Time":"2026-09-05T22:30:22.563513+09:00","Action":"run","Package":"waiting-room/internal/installplan/preflight","Test":"TestClockBoundaries/minus5"}
{"Time":"2026-09-05T22:30:22.563516+09:00","Action":"output","Package":"waiting-room/internal/installplan/preflight","Test":"TestClockBoundaries/minus5","Output":"=== RUN   TestClockBoundaries/minus5\n"}
{"Time":"2026-09-05T22:30:22.56388+09:00","Action":"output","Package":"waiting-room/internal/installplan/preflight","Test":"TestClockBoundaries/minus5","Output":"--- PASS: TestClockBoundaries/minus5 (0.00s)\n"}
{"Time":"2026-09-05T22:30:22.563886+09:00","Action":"pass","Package":"waiting-room/internal/installplan/preflight","Test":"TestClockBoundaries/minus5","Elapsed":0}
{"Time":"2026-09-05T22:30:22.563899+09:00","Action":"run","Package":"waiting-room/internal/installplan/preflight","Test":"TestClockBoundaries/above5"}
{"Time":"2026-09-05T22:30:22.563902+09:00","Action":"output","Package":"waiting-room/internal/installplan/preflight","Test":"TestClockBoundaries/above5","Output":"=== RUN   TestClockBoundaries/above5\n"}
{"Time":"2026-09-05T22:30:22.564277+09:00","Action":"output","Package":"waiting-room/internal/installplan/preflight","Test":"TestClockBoundaries/above5","Output":"--- PASS: TestClockBoundaries/above5 (0.00s)\n"}
{"Time":"2026-09-05T22:30:22.564287+09:00","Action":"pass","Package":"waiting-room/internal/installplan/preflight","Test":"TestClockBoundaries/above5","Elapsed":0}
{"Time":"2026-09-05T22:30:22.564302+09:00","Action":"run","Package":"waiting-room/internal/installplan/preflight","Test":"TestClockBoundaries/belowMinus5"}
{"Time":"2026-09-05T22:30:22.564306+09:00","Action":"output","Package":"waiting-room/internal/installplan/preflight","Test":"TestClockBoundaries/belowMinus5","Output":"=== RUN   TestClockBoundaries/belowMinus5\n"}
{"Time":"2026-09-05T22:30:22.564674+09:00","Action":"output","Package":"waiting-room/internal/installplan/preflight","Test":"TestClockBoundaries/belowMinus5","Output":"--- PASS: TestClockBoundaries/belowMinus5 (0.00s)\n"}
{"Time":"2026-09-05T22:30:22.564685+09:00","Action":"pass","Package":"waiting-room/internal/installplan/preflight","Test":"TestClockBoundaries/belowMinus5","Elapsed":0}
{"Time":"2026-09-05T22:30:22.564689+09:00","Action":"run","Package":"waiting-room/internal/installplan/preflight","Test":"TestClockBoundaries/minDuration"}
{"Time":"2026-09-05T22:30:22.564691+09:00","Action":"output","Package":"waiting-room/internal/installplan/preflight","Test":"TestClockBoundaries/minDuration","Output":"=== RUN   TestClockBoundaries/minDuration\n"}
{"Time":"2026-09-05T22:30:22.565075+09:00","Action":"output","Package":"waiting-room/internal/installplan/preflight","Test":"TestClockBoundaries/minDuration","Output":"--- PASS: TestClockBoundaries/minDuration (0.00s)\n"}
{"Time":"2026-09-05T22:30:22.56508+09:00","Action":"pass","Package":"waiting-room/internal/installplan/preflight","Test":"TestClockBoundaries/minDuration","Elapsed":0}
{"Time":"2026-09-05T22:30:22.565096+09:00","Action":"run","Package":"waiting-room/internal/installplan/preflight","Test":"TestClockBoundaries/maxDuration"}
{"Time":"2026-09-05T22:30:22.565098+09:00","Action":"output","Package":"waiting-room/internal/installplan/preflight","Test":"TestClockBoundaries/maxDuration","Output":"=== RUN   TestClockBoundaries/maxDuration\n"}
{"Time":"2026-09-05T22:30:22.565478+09:00","Action":"output","Package":"waiting-room/internal/installplan/preflight","Test":"TestClockBoundaries/maxDuration","Output":"--- PASS: TestClockBoundaries/maxDuration (0.00s)\n"}
{"Time":"2026-09-05T22:30:22.565484+09:00","Action":"pass","Package":"waiting-room/internal/installplan/preflight","Test":"TestClockBoundaries/maxDuration","Elapsed":0}
{"Time":"2026-09-05T22:30:22.565515+09:00","Action":"output","Package":"waiting-room/internal/installplan/preflight","Test":"TestClockBoundaries","Output":"--- PASS: TestClockBoundaries (0.01s)\n"}
{"Time":"2026-09-05T22:30:22.56552+09:00","Action":"pass","Package":"waiting-room/internal/installplan/preflight","Test":"TestClockBoundaries","Elapsed":0.01}
{"Time":"2026-09-05T22:30:22.565537+09:00","Action":"run","Package":"waiting-room/internal/installplan/preflight","Test":"TestObservationValidity"}
{"Time":"2026-09-05T22:30:22.56554+09:00","Action":"output","Package":"waiting-room/internal/installplan/preflight","Test":"TestObservationValidity","Output":"=== RUN   TestObservationValidity\n"}
{"Time":"2026-09-05T22:30:22.565569+09:00","Action":"run","Package":"waiting-room/internal/installplan/preflight","Test":"TestObservationValidity/missing"}
{"Time":"2026-09-05T22:30:22.565572+09:00","Action":"output","Package":"waiting-room/internal/installplan/preflight","Test":"TestObservationValidity/missing","Output":"=== RUN   TestObservationValidity/missing\n"}
{"Time":"2026-09-05T22:30:22.566292+09:00","Action":"output","Package":"waiting-room/internal/installplan/preflight","Test":"TestObservationValidity/missing","Output":"--- PASS: TestObservationValidity/missing (0.00s)\n"}
{"Time":"2026-09-05T22:30:22.566307+09:00","Action":"pass","Package":"waiting-room/internal/installplan/preflight","Test":"TestObservationValidity/missing","Elapsed":0}
{"Time":"2026-09-05T22:30:22.566321+09:00","Action":"run","Package":"waiting-room/internal/installplan/preflight","Test":"TestObservationValidity/unsynchronized"}
{"Time":"2026-09-05T22:30:22.566325+09:00","Action":"output","Package":"waiting-room/internal/installplan/preflight","Test":"TestObservationValidity/unsynchronized","Output":"=== RUN   TestObservationValidity/unsynchronized\n"}
{"Time":"2026-09-05T22:30:22.566847+09:00","Action":"output","Package":"waiting-room/internal/installplan/preflight","Test":"TestObservationValidity/unsynchronized","Output":"--- PASS: TestObservationValidity/unsynchronized (0.00s)\n"}
{"Time":"2026-09-05T22:30:22.566853+09:00","Action":"pass","Package":"waiting-room/internal/installplan/preflight","Test":"TestObservationValidity/unsynchronized","Elapsed":0}
{"Time":"2026-09-05T22:30:22.566872+09:00","Action":"run","Package":"waiting-room/internal/installplan/preflight","Test":"TestObservationValidity/future"}
{"Time":"2026-09-05T22:30:22.566875+09:00","Action":"output","Package":"waiting-room/internal/installplan/preflight","Test":"TestObservationValidity/future","Output":"=== RUN   TestObservationValidity/future\n"}
{"Time":"2026-09-05T22:30:22.567347+09:00","Action":"output","Package":"waiting-room/internal/installplan/preflight","Test":"TestObservationValidity/future","Output":"--- PASS: TestObservationValidity/future (0.00s)\n"}
{"Time":"2026-09-05T22:30:22.567353+09:00","Action":"pass","Package":"waiting-room/internal/installplan/preflight","Test":"TestObservationValidity/future","Elapsed":0}
{"Time":"2026-09-05T22:30:22.567371+09:00","Action":"run","Package":"waiting-room/internal/installplan/preflight","Test":"TestObservationValidity/stale"}
{"Time":"2026-09-05T22:30:22.567374+09:00","Action":"output","Package":"waiting-room/internal/installplan/preflight","Test":"TestObservationValidity/stale","Output":"=== RUN   TestObservationValidity/stale\n"}
{"Time":"2026-09-05T22:30:22.567846+09:00","Action":"output","Package":"waiting-room/internal/installplan/preflight","Test":"TestObservationValidity/stale","Output":"--- PASS: TestObservationValidity/stale (0.00s)\n"}
{"Time":"2026-09-05T22:30:22.567851+09:00","Action":"pass","Package":"waiting-room/internal/installplan/preflight","Test":"TestObservationValidity/stale","Elapsed":0}
{"Time":"2026-09-05T22:30:22.567867+09:00","Action":"run","Package":"waiting-room/internal/installplan/preflight","Test":"TestObservationValidity/exact-age"}
{"Time":"2026-09-05T22:30:22.56787+09:00","Action":"output","Package":"waiting-room/internal/installplan/preflight","Test":"TestObservationValidity/exact-age","Output":"=== RUN   TestObservationValidity/exact-age\n"}
{"Time":"2026-09-05T22:30:22.568335+09:00","Action":"output","Package":"waiting-room/internal/installplan/preflight","Test":"TestObservationValidity/exact-age","Output":"--- PASS: TestObservationValidity/exact-age (0.00s)\n"}
{"Time":"2026-09-05T22:30:22.568341+09:00","Action":"pass","Package":"waiting-room/internal/installplan/preflight","Test":"TestObservationValidity/exact-age","Elapsed":0}
{"Time":"2026-09-05T22:30:22.568357+09:00","Action":"run","Package":"waiting-room/internal/installplan/preflight","Test":"TestObservationValidity/wrong-plan"}
{"Time":"2026-09-05T22:30:22.568359+09:00","Action":"output","Package":"waiting-room/internal/installplan/preflight","Test":"TestObservationValidity/wrong-plan","Output":"=== RUN   TestObservationValidity/wrong-plan\n"}
{"Time":"2026-09-05T22:30:22.568822+09:00","Action":"output","Package":"waiting-room/internal/installplan/preflight","Test":"TestObservationValidity/wrong-plan","Output":"--- PASS: TestObservationValidity/wrong-plan (0.00s)\n"}
{"Time":"2026-09-05T22:30:22.568828+09:00","Action":"pass","Package":"waiting-room/internal/installplan/preflight","Test":"TestObservationValidity/wrong-plan","Elapsed":0}
{"Time":"2026-09-05T22:30:22.568851+09:00","Action":"run","Package":"waiting-room/internal/installplan/preflight","Test":"TestObservationValidity/no-artifact"}
{"Time":"2026-09-05T22:30:22.568855+09:00","Action":"output","Package":"waiting-room/internal/installplan/preflight","Test":"TestObservationValidity/no-artifact","Output":"=== RUN   TestObservationValidity/no-artifact\n"}
{"Time":"2026-09-05T22:30:22.569365+09:00","Action":"output","Package":"waiting-room/internal/installplan/preflight","Test":"TestObservationValidity/no-artifact","Output":"--- PASS: TestObservationValidity/no-artifact (0.00s)\n"}
{"Time":"2026-09-05T22:30:22.569381+09:00","Action":"pass","Package":"waiting-room/internal/installplan/preflight","Test":"TestObservationValidity/no-artifact","Elapsed":0}
{"Time":"2026-09-05T22:30:22.569396+09:00","Action":"run","Package":"waiting-room/internal/installplan/preflight","Test":"TestObservationValidity/no-source"}
{"Time":"2026-09-05T22:30:22.569399+09:00","Action":"output","Package":"waiting-room/internal/installplan/preflight","Test":"TestObservationValidity/no-source","Output":"=== RUN   TestObservationValidity/no-source\n"}
{"Time":"2026-09-05T22:30:22.569823+09:00","Action":"output","Package":"waiting-room/internal/installplan/preflight","Test":"TestObservationValidity/no-source","Output":"--- PASS: TestObservationValidity/no-source (0.00s)\n"}
{"Time":"2026-09-05T22:30:22.569829+09:00","Action":"pass","Package":"waiting-room/internal/installplan/preflight","Test":"TestObservationValidity/no-source","Elapsed":0}
{"Time":"2026-09-05T22:30:22.569846+09:00","Action":"run","Package":"waiting-room/internal/installplan/preflight","Test":"TestObservationValidity/unsafe-method"}
{"Time":"2026-09-05T22:30:22.569849+09:00","Action":"output","Package":"waiting-room/internal/installplan/preflight","Test":"TestObservationValidity/unsafe-method","Output":"=== RUN   TestObservationValidity/unsafe-method\n"}
{"Time":"2026-09-05T22:30:22.570281+09:00","Action":"output","Package":"waiting-room/internal/installplan/preflight","Test":"TestObservationValidity/unsafe-method","Output":"--- PASS: TestObservationValidity/unsafe-method (0.00s)\n"}
{"Time":"2026-09-05T22:30:22.570286+09:00","Action":"pass","Package":"waiting-room/internal/installplan/preflight","Test":"TestObservationValidity/unsafe-method","Elapsed":0}
{"Time":"2026-09-05T22:30:22.570316+09:00","Action":"output","Package":"waiting-room/internal/installplan/preflight","Test":"TestObservationValidity","Output":"--- PASS: TestObservationValidity (0.00s)\n"}
{"Time":"2026-09-05T22:30:22.570321+09:00","Action":"pass","Package":"waiting-room/internal/installplan/preflight","Test":"TestObservationValidity","Elapsed":0}
{"Time":"2026-09-05T22:30:22.570336+09:00","Action":"run","Package":"waiting-room/internal/installplan/preflight","Test":"TestStoreSeverityAndResponsibility"}
{"Time":"2026-09-05T22:30:22.570339+09:00","Action":"output","Package":"waiting-room/internal/installplan/preflight","Test":"TestStoreSeverityAndResponsibility","Output":"=== RUN   TestStoreSeverityAndResponsibility\n"}
{"Time":"2026-09-05T22:30:22.574086+09:00","Action":"output","Package":"waiting-room/internal/installplan/preflight","Test":"TestStoreSeverityAndResponsibility","Output":"--- PASS: TestStoreSeverityAndResponsibility (0.00s)\n"}
{"Time":"2026-09-05T22:30:22.574101+09:00","Action":"pass","Package":"waiting-room/internal/installplan/preflight","Test":"TestStoreSeverityAndResponsibility","Elapsed":0}
{"Time":"2026-09-05T22:30:22.57411+09:00","Action":"run","Package":"waiting-room/internal/installplan/preflight","Test":"TestOriginMustHaveActiveProbe"}
{"Time":"2026-09-05T22:30:22.574112+09:00","Action":"output","Package":"waiting-room/internal/installplan/preflight","Test":"TestOriginMustHaveActiveProbe","Output":"=== RUN   TestOriginMustHaveActiveProbe\n"}
{"Time":"2026-09-05T22:30:22.57583+09:00","Action":"output","Package":"waiting-room/internal/installplan/preflight","Test":"TestOriginMustHaveActiveProbe","Output":"--- PASS: TestOriginMustHaveActiveProbe (0.00s)\n"}
{"Time":"2026-09-05T22:30:22.575836+09:00","Action":"pass","Package":"waiting-room/internal/installplan/preflight","Test":"TestOriginMustHaveActiveProbe","Elapsed":0}
{"Time":"2026-09-05T22:30:22.575848+09:00","Action":"run","Package":"waiting-room/internal/installplan/preflight","Test":"TestEventDeadlineBoundaries"}
{"Time":"2026-09-05T22:30:22.575851+09:00","Action":"output","Package":"waiting-room/internal/installplan/preflight","Test":"TestEventDeadlineBoundaries","Output":"=== RUN   TestEventDeadlineBoundaries\n"}
{"Time":"2026-09-05T22:30:22.578145+09:00","Action":"output","Package":"waiting-room/internal/installplan/preflight","Test":"TestEventDeadlineBoundaries","Output":"--- PASS: TestEventDeadlineBoundaries (0.00s)\n"}
{"Time":"2026-09-05T22:30:22.57815+09:00","Action":"pass","Package":"waiting-room/internal/installplan/preflight","Test":"TestEventDeadlineBoundaries","Elapsed":0}
{"Time":"2026-09-05T22:30:22.578163+09:00","Action":"run","Package":"waiting-room/internal/installplan/preflight","Test":"TestEventReadinessFailures"}
{"Time":"2026-09-05T22:30:22.578166+09:00","Action":"output","Package":"waiting-room/internal/installplan/preflight","Test":"TestEventReadinessFailures","Output":"=== RUN   TestEventReadinessFailures\n"}
{"Time":"2026-09-05T22:30:22.578195+09:00","Action":"run","Package":"waiting-room/internal/installplan/preflight","Test":"TestEventReadinessFailures/lessGateway"}
{"Time":"2026-09-05T22:30:22.578198+09:00","Action":"output","Package":"waiting-room/internal/installplan/preflight","Test":"TestEventReadinessFailures/lessGateway","Output":"=== RUN   TestEventReadinessFailures/lessGateway\n"}
{"Time":"2026-09-05T22:30:22.578562+09:00","Action":"output","Package":"waiting-room/internal/installplan/preflight","Test":"TestEventReadinessFailures/lessGateway","Output":"--- PASS: TestEventReadinessFailures/lessGateway (0.00s)\n"}
{"Time":"2026-09-05T22:30:22.578575+09:00","Action":"pass","Package":"waiting-room/internal/installplan/preflight","Test":"TestEventReadinessFailures/lessGateway","Elapsed":0}
{"Time":"2026-09-05T22:30:22.578593+09:00","Action":"run","Package":"waiting-room/internal/installplan/preflight","Test":"TestEventReadinessFailures/lessCoordinator"}
{"Time":"2026-09-05T22:30:22.578596+09:00","Action":"output","Package":"waiting-room/internal/installplan/preflight","Test":"TestEventReadinessFailures/lessCoordinator","Output":"=== RUN   TestEventReadinessFailures/lessCoordinator\n"}
{"Time":"2026-09-05T22:30:22.57896+09:00","Action":"output","Package":"waiting-room/internal/installplan/preflight","Test":"TestEventReadinessFailures/lessCoordinator","Output":"--- PASS: TestEventReadinessFailures/lessCoordinator (0.00s)\n"}
{"Time":"2026-09-05T22:30:22.578965+09:00","Action":"pass","Package":"waiting-room/internal/installplan/preflight","Test":"TestEventReadinessFailures/lessCoordinator","Elapsed":0}
{"Time":"2026-09-05T22:30:22.578978+09:00","Action":"run","Package":"waiting-room/internal/installplan/preflight","Test":"TestEventReadinessFailures/pendingGateway"}
{"Time":"2026-09-05T22:30:22.57898+09:00","Action":"output","Package":"waiting-room/internal/installplan/preflight","Test":"TestEventReadinessFailures/pendingGateway","Output":"=== RUN   TestEventReadinessFailures/pendingGateway\n"}
{"Time":"2026-09-05T22:30:22.579332+09:00","Action":"output","Package":"waiting-room/internal/installplan/preflight","Test":"TestEventReadinessFailures/pendingGateway","Output":"--- PASS: TestEventReadinessFailures/pendingGateway (0.00s)\n"}
{"Time":"2026-09-05T22:30:22.579337+09:00","Action":"pass","Package":"waiting-room/internal/installplan/preflight","Test":"TestEventReadinessFailures/pendingGateway","Elapsed":0}
{"Time":"2026-09-05T22:30:22.57935+09:00","Action":"run","Package":"waiting-room/internal/installplan/preflight","Test":"TestEventReadinessFailures/pendingCoordinator"}
{"Time":"2026-09-05T22:30:22.579352+09:00","Action":"output","Package":"waiting-room/internal/installplan/preflight","Test":"TestEventReadinessFailures/pendingCoordinator","Output":"=== RUN   TestEventReadinessFailures/pendingCoordinator\n"}
{"Time":"2026-09-05T22:30:22.579737+09:00","Action":"output","Package":"waiting-room/internal/installplan/preflight","Test":"TestEventReadinessFailures/pendingCoordinator","Output":"--- PASS: TestEventReadinessFailures/pendingCoordinator (0.00s)\n"}
{"Time":"2026-09-05T22:30:22.579742+09:00","Action":"pass","Package":"waiting-room/internal/installplan/preflight","Test":"TestEventReadinessFailures/pendingCoordinator","Elapsed":0}
{"Time":"2026-09-05T22:30:22.579753+09:00","Action":"run","Package":"waiting-room/internal/installplan/preflight","Test":"TestEventReadinessFailures/pendingControl"}
{"Time":"2026-09-05T22:30:22.579755+09:00","Action":"output","Package":"waiting-room/internal/installplan/preflight","Test":"TestEventReadinessFailures/pendingControl","Output":"=== RUN   TestEventReadinessFailures/pendingControl\n"}
{"Time":"2026-09-05T22:30:22.580106+09:00","Action":"output","Package":"waiting-room/internal/installplan/preflight","Test":"TestEventReadinessFailures/pendingControl","Output":"--- PASS: TestEventReadinessFailures/pendingControl (0.00s)\n"}
{"Time":"2026-09-05T22:30:22.580111+09:00","Action":"pass","Package":"waiting-room/internal/installplan/preflight","Test":"TestEventReadinessFailures/pendingControl","Elapsed":0}
{"Time":"2026-09-05T22:30:22.580123+09:00","Action":"run","Package":"waiting-room/internal/installplan/preflight","Test":"TestEventReadinessFailures/invalidCounts"}
{"Time":"2026-09-05T22:30:22.580125+09:00","Action":"output","Package":"waiting-room/internal/installplan/preflight","Test":"TestEventReadinessFailures/invalidCounts","Output":"=== RUN   TestEventReadinessFailures/invalidCounts\n"}
{"Time":"2026-09-05T22:30:22.580484+09:00","Action":"output","Package":"waiting-room/internal/installplan/preflight","Test":"TestEventReadinessFailures/invalidCounts","Output":"--- PASS: TestEventReadinessFailures/invalidCounts (0.00s)\n"}
{"Time":"2026-09-05T22:30:22.580488+09:00","Action":"pass","Package":"waiting-room/internal/installplan/preflight","Test":"TestEventReadinessFailures/invalidCounts","Elapsed":0}
{"Time":"2026-09-05T22:30:22.580496+09:00","Action":"run","Package":"waiting-room/internal/installplan/preflight","Test":"TestEventReadinessFailures/overMax"}
{"Time":"2026-09-05T22:30:22.580498+09:00","Action":"output","Package":"waiting-room/internal/installplan/preflight","Test":"TestEventReadinessFailures/overMax","Output":"=== RUN   TestEventReadinessFailures/overMax\n"}
{"Time":"2026-09-05T22:30:22.580854+09:00","Action":"output","Package":"waiting-room/internal/installplan/preflight","Test":"TestEventReadinessFailures/overMax","Output":"--- PASS: TestEventReadinessFailures/overMax (0.00s)\n"}
{"Time":"2026-09-05T22:30:22.580859+09:00","Action":"pass","Package":"waiting-room/internal/installplan/preflight","Test":"TestEventReadinessFailures/overMax","Elapsed":0}
{"Time":"2026-09-05T22:30:22.58087+09:00","Action":"run","Package":"waiting-room/internal/installplan/preflight","Test":"TestEventReadinessFailures/negative"}
{"Time":"2026-09-05T22:30:22.580872+09:00","Action":"output","Package":"waiting-room/internal/installplan/preflight","Test":"TestEventReadinessFailures/negative","Output":"=== RUN   TestEventReadinessFailures/negative\n"}
{"Time":"2026-09-05T22:30:22.581213+09:00","Action":"output","Package":"waiting-room/internal/installplan/preflight","Test":"TestEventReadinessFailures/negative","Output":"--- PASS: TestEventReadinessFailures/negative (0.00s)\n"}
{"Time":"2026-09-05T22:30:22.581218+09:00","Action":"pass","Package":"waiting-room/internal/installplan/preflight","Test":"TestEventReadinessFailures/negative","Elapsed":0}
{"Time":"2026-09-05T22:30:22.58123+09:00","Action":"run","Package":"waiting-room/internal/installplan/preflight","Test":"TestEventReadinessFailures/rttExact2"}
{"Time":"2026-09-05T22:30:22.581232+09:00","Action":"output","Package":"waiting-room/internal/installplan/preflight","Test":"TestEventReadinessFailures/rttExact2","Output":"=== RUN   TestEventReadinessFailures/rttExact2\n"}
{"Time":"2026-09-05T22:30:22.581582+09:00","Action":"output","Package":"waiting-room/internal/installplan/preflight","Test":"TestEventReadinessFailures/rttExact2","Output":"--- PASS: TestEventReadinessFailures/rttExact2 (0.00s)\n"}
{"Time":"2026-09-05T22:30:22.581587+09:00","Action":"pass","Package":"waiting-room/internal/installplan/preflight","Test":"TestEventReadinessFailures/rttExact2","Elapsed":0}
{"Time":"2026-09-05T22:30:22.581598+09:00","Action":"run","Package":"waiting-room/internal/installplan/preflight","Test":"TestEventReadinessFailures/rttBelow2"}
{"Time":"2026-09-05T22:30:22.5816+09:00","Action":"output","Package":"waiting-room/internal/installplan/preflight","Test":"TestEventReadinessFailures/rttBelow2","Output":"=== RUN   TestEventReadinessFailures/rttBelow2\n"}
{"Time":"2026-09-05T22:30:22.581944+09:00","Action":"output","Package":"waiting-room/internal/installplan/preflight","Test":"TestEventReadinessFailures/rttBelow2","Output":"--- PASS: TestEventReadinessFailures/rttBelow2 (0.00s)\n"}
{"Time":"2026-09-05T22:30:22.581948+09:00","Action":"pass","Package":"waiting-room/internal/installplan/preflight","Test":"TestEventReadinessFailures/rttBelow2","Elapsed":0}
{"Time":"2026-09-05T22:30:22.581959+09:00","Action":"run","Package":"waiting-room/internal/installplan/preflight","Test":"TestEventReadinessFailures/rttZero"}
{"Time":"2026-09-05T22:30:22.581961+09:00","Action":"output","Package":"waiting-room/internal/installplan/preflight","Test":"TestEventReadinessFailures/rttZero","Output":"=== RUN   TestEventReadinessFailures/rttZero\n"}
{"Time":"2026-09-05T22:30:22.582294+09:00","Action":"output","Package":"waiting-room/internal/installplan/preflight","Test":"TestEventReadinessFailures/rttZero","Output":"--- PASS: TestEventReadinessFailures/rttZero (0.00s)\n"}
{"Time":"2026-09-05T22:30:22.582298+09:00","Action":"pass","Package":"waiting-room/internal/installplan/preflight","Test":"TestEventReadinessFailures/rttZero","Elapsed":0}
{"Time":"2026-09-05T22:30:22.58231+09:00","Action":"run","Package":"waiting-room/internal/installplan/preflight","Test":"TestEventReadinessFailures/rttNegative"}
{"Time":"2026-09-05T22:30:22.582312+09:00","Action":"output","Package":"waiting-room/internal/installplan/preflight","Test":"TestEventReadinessFailures/rttNegative","Output":"=== RUN   TestEventReadinessFailures/rttNegative\n"}
{"Time":"2026-09-05T22:30:22.582648+09:00","Action":"output","Package":"waiting-room/internal/installplan/preflight","Test":"TestEventReadinessFailures/rttNegative","Output":"--- PASS: TestEventReadinessFailures/rttNegative (0.00s)\n"}
{"Time":"2026-09-05T22:30:22.582652+09:00","Action":"pass","Package":"waiting-room/internal/installplan/preflight","Test":"TestEventReadinessFailures/rttNegative","Elapsed":0}
{"Time":"2026-09-05T22:30:22.582663+09:00","Action":"run","Package":"waiting-room/internal/installplan/preflight","Test":"TestEventReadinessFailures/noSamples"}
{"Time":"2026-09-05T22:30:22.582666+09:00","Action":"output","Package":"waiting-room/internal/installplan/preflight","Test":"TestEventReadinessFailures/noSamples","Output":"=== RUN   TestEventReadinessFailures/noSamples\n"}
{"Time":"2026-09-05T22:30:22.583011+09:00","Action":"output","Package":"waiting-room/internal/installplan/preflight","Test":"TestEventReadinessFailures/noSamples","Output":"--- PASS: TestEventReadinessFailures/noSamples (0.00s)\n"}
{"Time":"2026-09-05T22:30:22.583015+09:00","Action":"pass","Package":"waiting-room/internal/installplan/preflight","Test":"TestEventReadinessFailures/noSamples","Elapsed":0}
{"Time":"2026-09-05T22:30:22.583026+09:00","Action":"run","Package":"waiting-room/internal/installplan/preflight","Test":"TestEventReadinessFailures/wrongEvent"}
{"Time":"2026-09-05T22:30:22.583028+09:00","Action":"output","Package":"waiting-room/internal/installplan/preflight","Test":"TestEventReadinessFailures/wrongEvent","Output":"=== RUN   TestEventReadinessFailures/wrongEvent\n"}
{"Time":"2026-09-05T22:30:22.583363+09:00","Action":"output","Package":"waiting-room/internal/installplan/preflight","Test":"TestEventReadinessFailures/wrongEvent","Output":"--- PASS: TestEventReadinessFailures/wrongEvent (0.00s)\n"}
{"Time":"2026-09-05T22:30:22.583368+09:00","Action":"pass","Package":"waiting-room/internal/installplan/preflight","Test":"TestEventReadinessFailures/wrongEvent","Elapsed":0}
{"Time":"2026-09-05T22:30:22.583385+09:00","Action":"output","Package":"waiting-room/internal/installplan/preflight","Test":"TestEventReadinessFailures","Output":"--- PASS: TestEventReadinessFailures (0.01s)\n"}
{"Time":"2026-09-05T22:30:22.583397+09:00","Action":"pass","Package":"waiting-room/internal/installplan/preflight","Test":"TestEventReadinessFailures","Elapsed":0.01}
{"Time":"2026-09-05T22:30:22.583404+09:00","Action":"run","Package":"waiting-room/internal/installplan/preflight","Test":"TestReportNeverGrantsActivation"}
{"Time":"2026-09-05T22:30:22.583406+09:00","Action":"output","Package":"waiting-room/internal/installplan/preflight","Test":"TestReportNeverGrantsActivation","Output":"=== RUN   TestReportNeverGrantsActivation\n"}
{"Time":"2026-09-05T22:30:22.584432+09:00","Action":"output","Package":"waiting-room/internal/installplan/preflight","Test":"TestReportNeverGrantsActivation","Output":"--- PASS: TestReportNeverGrantsActivation (0.00s)\n"}
{"Time":"2026-09-05T22:30:22.584445+09:00","Action":"pass","Package":"waiting-room/internal/installplan/preflight","Test":"TestReportNeverGrantsActivation","Elapsed":0}
{"Time":"2026-09-05T22:30:22.584457+09:00","Action":"run","Package":"waiting-room/internal/installplan/preflight","Test":"TestMissingAndInvalidEventEvidence"}
{"Time":"2026-09-05T22:30:22.584459+09:00","Action":"output","Package":"waiting-room/internal/installplan/preflight","Test":"TestMissingAndInvalidEventEvidence","Output":"=== RUN   TestMissingAndInvalidEventEvidence\n"}
{"Time":"2026-09-05T22:30:22.58449+09:00","Action":"run","Package":"waiting-room/internal/installplan/preflight","Test":"TestMissingAndInvalidEventEvidence/missing-snapshots"}
{"Time":"2026-09-05T22:30:22.584493+09:00","Action":"output","Package":"waiting-room/internal/installplan/preflight","Test":"TestMissingAndInvalidEventEvidence/missing-snapshots","Output":"=== RUN   TestMissingAndInvalidEventEvidence/missing-snapshots\n"}
{"Time":"2026-09-05T22:30:22.58485+09:00","Action":"output","Package":"waiting-room/internal/installplan/preflight","Test":"TestMissingAndInvalidEventEvidence/missing-snapshots","Output":"--- PASS: TestMissingAndInvalidEventEvidence/missing-snapshots (0.00s)\n"}
{"Time":"2026-09-05T22:30:22.584855+09:00","Action":"pass","Package":"waiting-room/internal/installplan/preflight","Test":"TestMissingAndInvalidEventEvidence/missing-snapshots","Elapsed":0}
{"Time":"2026-09-05T22:30:22.584867+09:00","Action":"run","Package":"waiting-room/internal/installplan/preflight","Test":"TestMissingAndInvalidEventEvidence/invalid-time"}
{"Time":"2026-09-05T22:30:22.58487+09:00","Action":"output","Package":"waiting-room/internal/installplan/preflight","Test":"TestMissingAndInvalidEventEvidence/invalid-time","Output":"=== RUN   TestMissingAndInvalidEventEvidence/invalid-time\n"}
{"Time":"2026-09-05T22:30:22.585183+09:00","Action":"output","Package":"waiting-room/internal/installplan/preflight","Test":"TestMissingAndInvalidEventEvidence/invalid-time","Output":"--- PASS: TestMissingAndInvalidEventEvidence/invalid-time (0.00s)\n"}
{"Time":"2026-09-05T22:30:22.585188+09:00","Action":"pass","Package":"waiting-room/internal/installplan/preflight","Test":"TestMissingAndInvalidEventEvidence/invalid-time","Elapsed":0}
{"Time":"2026-09-05T22:30:22.5852+09:00","Action":"run","Package":"waiting-room/internal/installplan/preflight","Test":"TestMissingAndInvalidEventEvidence/invalid-identity"}
{"Time":"2026-09-05T22:30:22.585202+09:00","Action":"output","Package":"waiting-room/internal/installplan/preflight","Test":"TestMissingAndInvalidEventEvidence/invalid-identity","Output":"=== RUN   TestMissingAndInvalidEventEvidence/invalid-identity\n"}
{"Time":"2026-09-05T22:30:22.585506+09:00","Action":"output","Package":"waiting-room/internal/installplan/preflight","Test":"TestMissingAndInvalidEventEvidence/invalid-identity","Output":"--- PASS: TestMissingAndInvalidEventEvidence/invalid-identity (0.00s)\n"}
{"Time":"2026-09-05T22:30:22.58551+09:00","Action":"pass","Package":"waiting-room/internal/installplan/preflight","Test":"TestMissingAndInvalidEventEvidence/invalid-identity","Elapsed":0}
{"Time":"2026-09-05T22:30:22.585726+09:00","Action":"output","Package":"waiting-room/internal/installplan/preflight","Test":"TestMissingAndInvalidEventEvidence","Output":"--- PASS: TestMissingAndInvalidEventEvidence (0.00s)\n"}
{"Time":"2026-09-05T22:30:22.585784+09:00","Action":"pass","Package":"waiting-room/internal/installplan/preflight","Test":"TestMissingAndInvalidEventEvidence","Elapsed":0}
{"Time":"2026-09-05T22:30:22.585786+09:00","Action":"run","Package":"waiting-room/internal/installplan/preflight","Test":"TestContextBindingAndDeterminism"}
{"Time":"2026-09-05T22:30:22.585788+09:00","Action":"output","Package":"waiting-room/internal/installplan/preflight","Test":"TestContextBindingAndDeterminism","Output":"=== RUN   TestContextBindingAndDeterminism\n"}
{"Time":"2026-09-05T22:30:22.586169+09:00","Action":"run","Package":"waiting-room/internal/installplan/preflight","Test":"TestContextBindingAndDeterminism/repeat"}
{"Time":"2026-09-05T22:30:22.586172+09:00","Action":"output","Package":"waiting-room/internal/installplan/preflight","Test":"TestContextBindingAndDeterminism/repeat","Output":"=== RUN   TestContextBindingAndDeterminism/repeat\n"}
{"Time":"2026-09-05T22:30:22.586183+09:00","Action":"output","Package":"waiting-room/internal/installplan/preflight","Test":"TestContextBindingAndDeterminism/repeat","Output":"=== PAUSE TestContextBindingAndDeterminism/repeat\n"}
{"Time":"2026-09-05T22:30:22.586186+09:00","Action":"pause","Package":"waiting-room/internal/installplan/preflight","Test":"TestContextBindingAndDeterminism/repeat"}
{"Time":"2026-09-05T22:30:22.586203+09:00","Action":"run","Package":"waiting-room/internal/installplan/preflight","Test":"TestContextBindingAndDeterminism/repeat#01"}
{"Time":"2026-09-05T22:30:22.586205+09:00","Action":"output","Package":"waiting-room/internal/installplan/preflight","Test":"TestContextBindingAndDeterminism/repeat#01","Output":"=== RUN   TestContextBindingAndDeterminism/repeat#01\n"}
{"Time":"2026-09-05T22:30:22.586213+09:00","Action":"output","Package":"waiting-room/internal/installplan/preflight","Test":"TestContextBindingAndDeterminism/repeat#01","Output":"=== PAUSE TestContextBindingAndDeterminism/repeat#01\n"}
{"Time":"2026-09-05T22:30:22.586215+09:00","Action":"pause","Package":"waiting-room/internal/installplan/preflight","Test":"TestContextBindingAndDeterminism/repeat#01"}
{"Time":"2026-09-05T22:30:22.586231+09:00","Action":"run","Package":"waiting-room/internal/installplan/preflight","Test":"TestContextBindingAndDeterminism/repeat#02"}
{"Time":"2026-09-05T22:30:22.586235+09:00","Action":"output","Package":"waiting-room/internal/installplan/preflight","Test":"TestContextBindingAndDeterminism/repeat#02","Output":"=== RUN   TestContextBindingAndDeterminism/repeat#02\n"}
{"Time":"2026-09-05T22:30:22.586245+09:00","Action":"output","Package":"waiting-room/internal/installplan/preflight","Test":"TestContextBindingAndDeterminism/repeat#02","Output":"=== PAUSE TestContextBindingAndDeterminism/repeat#02\n"}
{"Time":"2026-09-05T22:30:22.586248+09:00","Action":"pause","Package":"waiting-room/internal/installplan/preflight","Test":"TestContextBindingAndDeterminism/repeat#02"}
{"Time":"2026-09-05T22:30:22.58626+09:00","Action":"run","Package":"waiting-room/internal/installplan/preflight","Test":"TestContextBindingAndDeterminism/repeat#03"}
{"Time":"2026-09-05T22:30:22.586261+09:00","Action":"output","Package":"waiting-room/internal/installplan/preflight","Test":"TestContextBindingAndDeterminism/repeat#03","Output":"=== RUN   TestContextBindingAndDeterminism/repeat#03\n"}
{"Time":"2026-09-05T22:30:22.586272+09:00","Action":"output","Package":"waiting-room/internal/installplan/preflight","Test":"TestContextBindingAndDeterminism/repeat#03","Output":"=== PAUSE TestContextBindingAndDeterminism/repeat#03\n"}
{"Time":"2026-09-05T22:30:22.586274+09:00","Action":"pause","Package":"waiting-room/internal/installplan/preflight","Test":"TestContextBindingAndDeterminism/repeat#03"}
{"Time":"2026-09-05T22:30:22.586287+09:00","Action":"run","Package":"waiting-room/internal/installplan/preflight","Test":"TestContextBindingAndDeterminism/repeat#04"}
{"Time":"2026-09-05T22:30:22.586288+09:00","Action":"output","Package":"waiting-room/internal/installplan/preflight","Test":"TestContextBindingAndDeterminism/repeat#04","Output":"=== RUN   TestContextBindingAndDeterminism/repeat#04\n"}
{"Time":"2026-09-05T22:30:22.586297+09:00","Action":"output","Package":"waiting-room/internal/installplan/preflight","Test":"TestContextBindingAndDeterminism/repeat#04","Output":"=== PAUSE TestContextBindingAndDeterminism/repeat#04\n"}
{"Time":"2026-09-05T22:30:22.586299+09:00","Action":"pause","Package":"waiting-room/internal/installplan/preflight","Test":"TestContextBindingAndDeterminism/repeat#04"}
{"Time":"2026-09-05T22:30:22.58631+09:00","Action":"run","Package":"waiting-room/internal/installplan/preflight","Test":"TestContextBindingAndDeterminism/repeat#05"}
{"Time":"2026-09-05T22:30:22.586312+09:00","Action":"output","Package":"waiting-room/internal/installplan/preflight","Test":"TestContextBindingAndDeterminism/repeat#05","Output":"=== RUN   TestContextBindingAndDeterminism/repeat#05\n"}
{"Time":"2026-09-05T22:30:22.586323+09:00","Action":"output","Package":"waiting-room/internal/installplan/preflight","Test":"TestContextBindingAndDeterminism/repeat#05","Output":"=== PAUSE TestContextBindingAndDeterminism/repeat#05\n"}
{"Time":"2026-09-05T22:30:22.586326+09:00","Action":"pause","Package":"waiting-room/internal/installplan/preflight","Test":"TestContextBindingAndDeterminism/repeat#05"}
{"Time":"2026-09-05T22:30:22.586328+09:00","Action":"run","Package":"waiting-room/internal/installplan/preflight","Test":"TestContextBindingAndDeterminism/repeat#06"}
{"Time":"2026-09-05T22:30:22.586329+09:00","Action":"output","Package":"waiting-room/internal/installplan/preflight","Test":"TestContextBindingAndDeterminism/repeat#06","Output":"=== RUN   TestContextBindingAndDeterminism/repeat#06\n"}
{"Time":"2026-09-05T22:30:22.586339+09:00","Action":"output","Package":"waiting-room/internal/installplan/preflight","Test":"TestContextBindingAndDeterminism/repeat#06","Output":"=== PAUSE TestContextBindingAndDeterminism/repeat#06\n"}
{"Time":"2026-09-05T22:30:22.58634+09:00","Action":"pause","Package":"waiting-room/internal/installplan/preflight","Test":"TestContextBindingAndDeterminism/repeat#06"}
{"Time":"2026-09-05T22:30:22.586352+09:00","Action":"run","Package":"waiting-room/internal/installplan/preflight","Test":"TestContextBindingAndDeterminism/repeat#07"}
{"Time":"2026-09-05T22:30:22.586354+09:00","Action":"output","Package":"waiting-room/internal/installplan/preflight","Test":"TestContextBindingAndDeterminism/repeat#07","Output":"=== RUN   TestContextBindingAndDeterminism/repeat#07\n"}
{"Time":"2026-09-05T22:30:22.58636+09:00","Action":"output","Package":"waiting-room/internal/installplan/preflight","Test":"TestContextBindingAndDeterminism/repeat#07","Output":"=== PAUSE TestContextBindingAndDeterminism/repeat#07\n"}
{"Time":"2026-09-05T22:30:22.586361+09:00","Action":"pause","Package":"waiting-room/internal/installplan/preflight","Test":"TestContextBindingAndDeterminism/repeat#07"}
{"Time":"2026-09-05T22:30:22.586373+09:00","Action":"run","Package":"waiting-room/internal/installplan/preflight","Test":"TestContextBindingAndDeterminism/repeat#08"}
{"Time":"2026-09-05T22:30:22.586375+09:00","Action":"output","Package":"waiting-room/internal/installplan/preflight","Test":"TestContextBindingAndDeterminism/repeat#08","Output":"=== RUN   TestContextBindingAndDeterminism/repeat#08\n"}
{"Time":"2026-09-05T22:30:22.586388+09:00","Action":"output","Package":"waiting-room/internal/installplan/preflight","Test":"TestContextBindingAndDeterminism/repeat#08","Output":"=== PAUSE TestContextBindingAndDeterminism/repeat#08\n"}
{"Time":"2026-09-05T22:30:22.586389+09:00","Action":"pause","Package":"waiting-room/internal/installplan/preflight","Test":"TestContextBindingAndDeterminism/repeat#08"}
{"Time":"2026-09-05T22:30:22.586404+09:00","Action":"run","Package":"waiting-room/internal/installplan/preflight","Test":"TestContextBindingAndDeterminism/repeat#09"}
{"Time":"2026-09-05T22:30:22.586405+09:00","Action":"output","Package":"waiting-room/internal/installplan/preflight","Test":"TestContextBindingAndDeterminism/repeat#09","Output":"=== RUN   TestContextBindingAndDeterminism/repeat#09\n"}
{"Time":"2026-09-05T22:30:22.586417+09:00","Action":"output","Package":"waiting-room/internal/installplan/preflight","Test":"TestContextBindingAndDeterminism/repeat#09","Output":"=== PAUSE TestContextBindingAndDeterminism/repeat#09\n"}
{"Time":"2026-09-05T22:30:22.586419+09:00","Action":"pause","Package":"waiting-room/internal/installplan/preflight","Test":"TestContextBindingAndDeterminism/repeat#09"}
{"Time":"2026-09-05T22:30:22.58643+09:00","Action":"run","Package":"waiting-room/internal/installplan/preflight","Test":"TestContextBindingAndDeterminism/repeat#10"}
{"Time":"2026-09-05T22:30:22.586432+09:00","Action":"output","Package":"waiting-room/internal/installplan/preflight","Test":"TestContextBindingAndDeterminism/repeat#10","Output":"=== RUN   TestContextBindingAndDeterminism/repeat#10\n"}
{"Time":"2026-09-05T22:30:22.586439+09:00","Action":"output","Package":"waiting-room/internal/installplan/preflight","Test":"TestContextBindingAndDeterminism/repeat#10","Output":"=== PAUSE TestContextBindingAndDeterminism/repeat#10\n"}
{"Time":"2026-09-05T22:30:22.586442+09:00","Action":"pause","Package":"waiting-room/internal/installplan/preflight","Test":"TestContextBindingAndDeterminism/repeat#10"}
{"Time":"2026-09-05T22:30:22.586452+09:00","Action":"run","Package":"waiting-room/internal/installplan/preflight","Test":"TestContextBindingAndDeterminism/repeat#11"}
{"Time":"2026-09-05T22:30:22.586453+09:00","Action":"output","Package":"waiting-room/internal/installplan/preflight","Test":"TestContextBindingAndDeterminism/repeat#11","Output":"=== RUN   TestContextBindingAndDeterminism/repeat#11\n"}
{"Time":"2026-09-05T22:30:22.586467+09:00","Action":"output","Package":"waiting-room/internal/installplan/preflight","Test":"TestContextBindingAndDeterminism/repeat#11","Output":"=== PAUSE TestContextBindingAndDeterminism/repeat#11\n"}
{"Time":"2026-09-05T22:30:22.586468+09:00","Action":"pause","Package":"waiting-room/internal/installplan/preflight","Test":"TestContextBindingAndDeterminism/repeat#11"}
{"Time":"2026-09-05T22:30:22.586529+09:00","Action":"run","Package":"waiting-room/internal/installplan/preflight","Test":"TestContextBindingAndDeterminism/repeat#12"}
{"Time":"2026-09-05T22:30:22.586532+09:00","Action":"output","Package":"waiting-room/internal/installplan/preflight","Test":"TestContextBindingAndDeterminism/repeat#12","Output":"=== RUN   TestContextBindingAndDeterminism/repeat#12\n"}
{"Time":"2026-09-05T22:30:22.586547+09:00","Action":"output","Package":"waiting-room/internal/installplan/preflight","Test":"TestContextBindingAndDeterminism/repeat#12","Output":"=== PAUSE TestContextBindingAndDeterminism/repeat#12\n"}
{"Time":"2026-09-05T22:30:22.586549+09:00","Action":"pause","Package":"waiting-room/internal/installplan/preflight","Test":"TestContextBindingAndDeterminism/repeat#12"}
{"Time":"2026-09-05T22:30:22.586565+09:00","Action":"run","Package":"waiting-room/internal/installplan/preflight","Test":"TestContextBindingAndDeterminism/repeat#13"}
{"Time":"2026-09-05T22:30:22.586566+09:00","Action":"output","Package":"waiting-room/internal/installplan/preflight","Test":"TestContextBindingAndDeterminism/repeat#13","Output":"=== RUN   TestContextBindingAndDeterminism/repeat#13\n"}
{"Time":"2026-09-05T22:30:22.586576+09:00","Action":"output","Package":"waiting-room/internal/installplan/preflight","Test":"TestContextBindingAndDeterminism/repeat#13","Output":"=== PAUSE TestContextBindingAndDeterminism/repeat#13\n"}
{"Time":"2026-09-05T22:30:22.586578+09:00","Action":"pause","Package":"waiting-room/internal/installplan/preflight","Test":"TestContextBindingAndDeterminism/repeat#13"}
{"Time":"2026-09-05T22:30:22.586591+09:00","Action":"run","Package":"waiting-room/internal/installplan/preflight","Test":"TestContextBindingAndDeterminism/repeat#14"}
{"Time":"2026-09-05T22:30:22.586592+09:00","Action":"output","Package":"waiting-room/internal/installplan/preflight","Test":"TestContextBindingAndDeterminism/repeat#14","Output":"=== RUN   TestContextBindingAndDeterminism/repeat#14\n"}
{"Time":"2026-09-05T22:30:22.586598+09:00","Action":"output","Package":"waiting-room/internal/installplan/preflight","Test":"TestContextBindingAndDeterminism/repeat#14","Output":"=== PAUSE TestContextBindingAndDeterminism/repeat#14\n"}
{"Time":"2026-09-05T22:30:22.586599+09:00","Action":"pause","Package":"waiting-room/internal/installplan/preflight","Test":"TestContextBindingAndDeterminism/repeat#14"}
{"Time":"2026-09-05T22:30:22.58661+09:00","Action":"run","Package":"waiting-room/internal/installplan/preflight","Test":"TestContextBindingAndDeterminism/repeat#15"}
{"Time":"2026-09-05T22:30:22.586612+09:00","Action":"output","Package":"waiting-room/internal/installplan/preflight","Test":"TestContextBindingAndDeterminism/repeat#15","Output":"=== RUN   TestContextBindingAndDeterminism/repeat#15\n"}
{"Time":"2026-09-05T22:30:22.586621+09:00","Action":"output","Package":"waiting-room/internal/installplan/preflight","Test":"TestContextBindingAndDeterminism/repeat#15","Output":"=== PAUSE TestContextBindingAndDeterminism/repeat#15\n"}
{"Time":"2026-09-05T22:30:22.586623+09:00","Action":"pause","Package":"waiting-room/internal/installplan/preflight","Test":"TestContextBindingAndDeterminism/repeat#15"}
{"Time":"2026-09-05T22:30:22.586633+09:00","Action":"run","Package":"waiting-room/internal/installplan/preflight","Test":"TestContextBindingAndDeterminism/repeat#16"}
{"Time":"2026-09-05T22:30:22.586634+09:00","Action":"output","Package":"waiting-room/internal/installplan/preflight","Test":"TestContextBindingAndDeterminism/repeat#16","Output":"=== RUN   TestContextBindingAndDeterminism/repeat#16\n"}
{"Time":"2026-09-05T22:30:22.586647+09:00","Action":"output","Package":"waiting-room/internal/installplan/preflight","Test":"TestContextBindingAndDeterminism/repeat#16","Output":"=== PAUSE TestContextBindingAndDeterminism/repeat#16\n"}
{"Time":"2026-09-05T22:30:22.586649+09:00","Action":"pause","Package":"waiting-room/internal/installplan/preflight","Test":"TestContextBindingAndDeterminism/repeat#16"}
{"Time":"2026-09-05T22:30:22.58666+09:00","Action":"run","Package":"waiting-room/internal/installplan/preflight","Test":"TestContextBindingAndDeterminism/repeat#17"}
{"Time":"2026-09-05T22:30:22.586661+09:00","Action":"output","Package":"waiting-room/internal/installplan/preflight","Test":"TestContextBindingAndDeterminism/repeat#17","Output":"=== RUN   TestContextBindingAndDeterminism/repeat#17\n"}
{"Time":"2026-09-05T22:30:22.58667+09:00","Action":"output","Package":"waiting-room/internal/installplan/preflight","Test":"TestContextBindingAndDeterminism/repeat#17","Output":"=== PAUSE TestContextBindingAndDeterminism/repeat#17\n"}
{"Time":"2026-09-05T22:30:22.586671+09:00","Action":"pause","Package":"waiting-room/internal/installplan/preflight","Test":"TestContextBindingAndDeterminism/repeat#17"}
{"Time":"2026-09-05T22:30:22.586684+09:00","Action":"run","Package":"waiting-room/internal/installplan/preflight","Test":"TestContextBindingAndDeterminism/repeat#18"}
{"Time":"2026-09-05T22:30:22.586686+09:00","Action":"output","Package":"waiting-room/internal/installplan/preflight","Test":"TestContextBindingAndDeterminism/repeat#18","Output":"=== RUN   TestContextBindingAndDeterminism/repeat#18\n"}
{"Time":"2026-09-05T22:30:22.586702+09:00","Action":"output","Package":"waiting-room/internal/installplan/preflight","Test":"TestContextBindingAndDeterminism/repeat#18","Output":"=== PAUSE TestContextBindingAndDeterminism/repeat#18\n"}
{"Time":"2026-09-05T22:30:22.586704+09:00","Action":"pause","Package":"waiting-room/internal/installplan/preflight","Test":"TestContextBindingAndDeterminism/repeat#18"}
{"Time":"2026-09-05T22:30:22.586715+09:00","Action":"run","Package":"waiting-room/internal/installplan/preflight","Test":"TestContextBindingAndDeterminism/repeat#19"}
{"Time":"2026-09-05T22:30:22.586718+09:00","Action":"output","Package":"waiting-room/internal/installplan/preflight","Test":"TestContextBindingAndDeterminism/repeat#19","Output":"=== RUN   TestContextBindingAndDeterminism/repeat#19\n"}
{"Time":"2026-09-05T22:30:22.586726+09:00","Action":"output","Package":"waiting-room/internal/installplan/preflight","Test":"TestContextBindingAndDeterminism/repeat#19","Output":"=== PAUSE TestContextBindingAndDeterminism/repeat#19\n"}
{"Time":"2026-09-05T22:30:22.586728+09:00","Action":"pause","Package":"waiting-room/internal/installplan/preflight","Test":"TestContextBindingAndDeterminism/repeat#19"}
{"Time":"2026-09-05T22:30:22.586743+09:00","Action":"run","Package":"waiting-room/internal/installplan/preflight","Test":"TestContextBindingAndDeterminism/repeat#20"}
{"Time":"2026-09-05T22:30:22.586744+09:00","Action":"output","Package":"waiting-room/internal/installplan/preflight","Test":"TestContextBindingAndDeterminism/repeat#20","Output":"=== RUN   TestContextBindingAndDeterminism/repeat#20\n"}
{"Time":"2026-09-05T22:30:22.586756+09:00","Action":"output","Package":"waiting-room/internal/installplan/preflight","Test":"TestContextBindingAndDeterminism/repeat#20","Output":"=== PAUSE TestContextBindingAndDeterminism/repeat#20\n"}
{"Time":"2026-09-05T22:30:22.586759+09:00","Action":"pause","Package":"waiting-room/internal/installplan/preflight","Test":"TestContextBindingAndDeterminism/repeat#20"}
{"Time":"2026-09-05T22:30:22.586772+09:00","Action":"run","Package":"waiting-room/internal/installplan/preflight","Test":"TestContextBindingAndDeterminism/repeat#21"}
{"Time":"2026-09-05T22:30:22.586774+09:00","Action":"output","Package":"waiting-room/internal/installplan/preflight","Test":"TestContextBindingAndDeterminism/repeat#21","Output":"=== RUN   TestContextBindingAndDeterminism/repeat#21\n"}
{"Time":"2026-09-05T22:30:22.586783+09:00","Action":"output","Package":"waiting-room/internal/installplan/preflight","Test":"TestContextBindingAndDeterminism/repeat#21","Output":"=== PAUSE TestContextBindingAndDeterminism/repeat#21\n"}
{"Time":"2026-09-05T22:30:22.586786+09:00","Action":"pause","Package":"waiting-room/internal/installplan/preflight","Test":"TestContextBindingAndDeterminism/repeat#21"}
{"Time":"2026-09-05T22:30:22.586799+09:00","Action":"run","Package":"waiting-room/internal/installplan/preflight","Test":"TestContextBindingAndDeterminism/repeat#22"}
{"Time":"2026-09-05T22:30:22.586801+09:00","Action":"output","Package":"waiting-room/internal/installplan/preflight","Test":"TestContextBindingAndDeterminism/repeat#22","Output":"=== RUN   TestContextBindingAndDeterminism/repeat#22\n"}
{"Time":"2026-09-05T22:30:22.586813+09:00","Action":"output","Package":"waiting-room/internal/installplan/preflight","Test":"TestContextBindingAndDeterminism/repeat#22","Output":"=== PAUSE TestContextBindingAndDeterminism/repeat#22\n"}
{"Time":"2026-09-05T22:30:22.586815+09:00","Action":"pause","Package":"waiting-room/internal/installplan/preflight","Test":"TestContextBindingAndDeterminism/repeat#22"}
{"Time":"2026-09-05T22:30:22.586831+09:00","Action":"run","Package":"waiting-room/internal/installplan/preflight","Test":"TestContextBindingAndDeterminism/repeat#23"}
{"Time":"2026-09-05T22:30:22.586833+09:00","Action":"output","Package":"waiting-room/internal/installplan/preflight","Test":"TestContextBindingAndDeterminism/repeat#23","Output":"=== RUN   TestContextBindingAndDeterminism/repeat#23\n"}
{"Time":"2026-09-05T22:30:22.586842+09:00","Action":"output","Package":"waiting-room/internal/installplan/preflight","Test":"TestContextBindingAndDeterminism/repeat#23","Output":"=== PAUSE TestContextBindingAndDeterminism/repeat#23\n"}
{"Time":"2026-09-05T22:30:22.586845+09:00","Action":"pause","Package":"waiting-room/internal/installplan/preflight","Test":"TestContextBindingAndDeterminism/repeat#23"}
{"Time":"2026-09-05T22:30:22.586857+09:00","Action":"run","Package":"waiting-room/internal/installplan/preflight","Test":"TestContextBindingAndDeterminism/repeat#24"}
{"Time":"2026-09-05T22:30:22.586859+09:00","Action":"output","Package":"waiting-room/internal/installplan/preflight","Test":"TestContextBindingAndDeterminism/repeat#24","Output":"=== RUN   TestContextBindingAndDeterminism/repeat#24\n"}
{"Time":"2026-09-05T22:30:22.586871+09:00","Action":"output","Package":"waiting-room/internal/installplan/preflight","Test":"TestContextBindingAndDeterminism/repeat#24","Output":"=== PAUSE TestContextBindingAndDeterminism/repeat#24\n"}
{"Time":"2026-09-05T22:30:22.586873+09:00","Action":"pause","Package":"waiting-room/internal/installplan/preflight","Test":"TestContextBindingAndDeterminism/repeat#24"}
{"Time":"2026-09-05T22:30:22.586887+09:00","Action":"run","Package":"waiting-room/internal/installplan/preflight","Test":"TestContextBindingAndDeterminism/repeat#25"}
{"Time":"2026-09-05T22:30:22.586889+09:00","Action":"output","Package":"waiting-room/internal/installplan/preflight","Test":"TestContextBindingAndDeterminism/repeat#25","Output":"=== RUN   TestContextBindingAndDeterminism/repeat#25\n"}
{"Time":"2026-09-05T22:30:22.5869+09:00","Action":"output","Package":"waiting-room/internal/installplan/preflight","Test":"TestContextBindingAndDeterminism/repeat#25","Output":"=== PAUSE TestContextBindingAndDeterminism/repeat#25\n"}
{"Time":"2026-09-05T22:30:22.586903+09:00","Action":"pause","Package":"waiting-room/internal/installplan/preflight","Test":"TestContextBindingAndDeterminism/repeat#25"}
{"Time":"2026-09-05T22:30:22.586916+09:00","Action":"run","Package":"waiting-room/internal/installplan/preflight","Test":"TestContextBindingAndDeterminism/repeat#26"}
{"Time":"2026-09-05T22:30:22.586919+09:00","Action":"output","Package":"waiting-room/internal/installplan/preflight","Test":"TestContextBindingAndDeterminism/repeat#26","Output":"=== RUN   TestContextBindingAndDeterminism/repeat#26\n"}
{"Time":"2026-09-05T22:30:22.586929+09:00","Action":"output","Package":"waiting-room/internal/installplan/preflight","Test":"TestContextBindingAndDeterminism/repeat#26","Output":"=== PAUSE TestContextBindingAndDeterminism/repeat#26\n"}
{"Time":"2026-09-05T22:30:22.586932+09:00","Action":"pause","Package":"waiting-room/internal/installplan/preflight","Test":"TestContextBindingAndDeterminism/repeat#26"}
{"Time":"2026-09-05T22:30:22.586948+09:00","Action":"run","Package":"waiting-room/internal/installplan/preflight","Test":"TestContextBindingAndDeterminism/repeat#27"}
{"Time":"2026-09-05T22:30:22.58695+09:00","Action":"output","Package":"waiting-room/internal/installplan/preflight","Test":"TestContextBindingAndDeterminism/repeat#27","Output":"=== RUN   TestContextBindingAndDeterminism/repeat#27\n"}
{"Time":"2026-09-05T22:30:22.586962+09:00","Action":"output","Package":"waiting-room/internal/installplan/preflight","Test":"TestContextBindingAndDeterminism/repeat#27","Output":"=== PAUSE TestContextBindingAndDeterminism/repeat#27\n"}
{"Time":"2026-09-05T22:30:22.586965+09:00","Action":"pause","Package":"waiting-room/internal/installplan/preflight","Test":"TestContextBindingAndDeterminism/repeat#27"}
{"Time":"2026-09-05T22:30:22.586973+09:00","Action":"run","Package":"waiting-room/internal/installplan/preflight","Test":"TestContextBindingAndDeterminism/repeat#28"}
{"Time":"2026-09-05T22:30:22.586975+09:00","Action":"output","Package":"waiting-room/internal/installplan/preflight","Test":"TestContextBindingAndDeterminism/repeat#28","Output":"=== RUN   TestContextBindingAndDeterminism/repeat#28\n"}
{"Time":"2026-09-05T22:30:22.58699+09:00","Action":"output","Package":"waiting-room/internal/installplan/preflight","Test":"TestContextBindingAndDeterminism/repeat#28","Output":"=== PAUSE TestContextBindingAndDeterminism/repeat#28\n"}
{"Time":"2026-09-05T22:30:22.586991+09:00","Action":"pause","Package":"waiting-room/internal/installplan/preflight","Test":"TestContextBindingAndDeterminism/repeat#28"}
{"Time":"2026-09-05T22:30:22.587011+09:00","Action":"run","Package":"waiting-room/internal/installplan/preflight","Test":"TestContextBindingAndDeterminism/repeat#29"}
{"Time":"2026-09-05T22:30:22.587013+09:00","Action":"output","Package":"waiting-room/internal/installplan/preflight","Test":"TestContextBindingAndDeterminism/repeat#29","Output":"=== RUN   TestContextBindingAndDeterminism/repeat#29\n"}
{"Time":"2026-09-05T22:30:22.587022+09:00","Action":"output","Package":"waiting-room/internal/installplan/preflight","Test":"TestContextBindingAndDeterminism/repeat#29","Output":"=== PAUSE TestContextBindingAndDeterminism/repeat#29\n"}
{"Time":"2026-09-05T22:30:22.587024+09:00","Action":"pause","Package":"waiting-room/internal/installplan/preflight","Test":"TestContextBindingAndDeterminism/repeat#29"}
{"Time":"2026-09-05T22:30:22.587036+09:00","Action":"run","Package":"waiting-room/internal/installplan/preflight","Test":"TestContextBindingAndDeterminism/repeat#30"}
{"Time":"2026-09-05T22:30:22.587038+09:00","Action":"output","Package":"waiting-room/internal/installplan/preflight","Test":"TestContextBindingAndDeterminism/repeat#30","Output":"=== RUN   TestContextBindingAndDeterminism/repeat#30\n"}
{"Time":"2026-09-05T22:30:22.587048+09:00","Action":"output","Package":"waiting-room/internal/installplan/preflight","Test":"TestContextBindingAndDeterminism/repeat#30","Output":"=== PAUSE TestContextBindingAndDeterminism/repeat#30\n"}
{"Time":"2026-09-05T22:30:22.58705+09:00","Action":"pause","Package":"waiting-room/internal/installplan/preflight","Test":"TestContextBindingAndDeterminism/repeat#30"}
{"Time":"2026-09-05T22:30:22.587067+09:00","Action":"run","Package":"waiting-room/internal/installplan/preflight","Test":"TestContextBindingAndDeterminism/repeat#31"}
{"Time":"2026-09-05T22:30:22.587069+09:00","Action":"output","Package":"waiting-room/internal/installplan/preflight","Test":"TestContextBindingAndDeterminism/repeat#31","Output":"=== RUN   TestContextBindingAndDeterminism/repeat#31\n"}
{"Time":"2026-09-05T22:30:22.587076+09:00","Action":"output","Package":"waiting-room/internal/installplan/preflight","Test":"TestContextBindingAndDeterminism/repeat#31","Output":"=== PAUSE TestContextBindingAndDeterminism/repeat#31\n"}
{"Time":"2026-09-05T22:30:22.587079+09:00","Action":"pause","Package":"waiting-room/internal/installplan/preflight","Test":"TestContextBindingAndDeterminism/repeat#31"}
{"Time":"2026-09-05T22:30:22.587093+09:00","Action":"run","Package":"waiting-room/internal/installplan/preflight","Test":"TestContextBindingAndDeterminism/repeat#32"}
{"Time":"2026-09-05T22:30:22.587095+09:00","Action":"output","Package":"waiting-room/internal/installplan/preflight","Test":"TestContextBindingAndDeterminism/repeat#32","Output":"=== RUN   TestContextBindingAndDeterminism/repeat#32\n"}
{"Time":"2026-09-05T22:30:22.587108+09:00","Action":"output","Package":"waiting-room/internal/installplan/preflight","Test":"TestContextBindingAndDeterminism/repeat#32","Output":"=== PAUSE TestContextBindingAndDeterminism/repeat#32\n"}
{"Time":"2026-09-05T22:30:22.58711+09:00","Action":"pause","Package":"waiting-room/internal/installplan/preflight","Test":"TestContextBindingAndDeterminism/repeat#32"}
{"Time":"2026-09-05T22:30:22.587123+09:00","Action":"run","Package":"waiting-room/internal/installplan/preflight","Test":"TestContextBindingAndDeterminism/repeat#33"}
{"Time":"2026-09-05T22:30:22.587125+09:00","Action":"output","Package":"waiting-room/internal/installplan/preflight","Test":"TestContextBindingAndDeterminism/repeat#33","Output":"=== RUN   TestContextBindingAndDeterminism/repeat#33\n"}
{"Time":"2026-09-05T22:30:22.587135+09:00","Action":"output","Package":"waiting-room/internal/installplan/preflight","Test":"TestContextBindingAndDeterminism/repeat#33","Output":"=== PAUSE TestContextBindingAndDeterminism/repeat#33\n"}
{"Time":"2026-09-05T22:30:22.587138+09:00","Action":"pause","Package":"waiting-room/internal/installplan/preflight","Test":"TestContextBindingAndDeterminism/repeat#33"}
{"Time":"2026-09-05T22:30:22.58715+09:00","Action":"run","Package":"waiting-room/internal/installplan/preflight","Test":"TestContextBindingAndDeterminism/repeat#34"}
{"Time":"2026-09-05T22:30:22.587153+09:00","Action":"output","Package":"waiting-room/internal/installplan/preflight","Test":"TestContextBindingAndDeterminism/repeat#34","Output":"=== RUN   TestContextBindingAndDeterminism/repeat#34\n"}
{"Time":"2026-09-05T22:30:22.587163+09:00","Action":"output","Package":"waiting-room/internal/installplan/preflight","Test":"TestContextBindingAndDeterminism/repeat#34","Output":"=== PAUSE TestContextBindingAndDeterminism/repeat#34\n"}
{"Time":"2026-09-05T22:30:22.587165+09:00","Action":"pause","Package":"waiting-room/internal/installplan/preflight","Test":"TestContextBindingAndDeterminism/repeat#34"}
{"Time":"2026-09-05T22:30:22.587181+09:00","Action":"run","Package":"waiting-room/internal/installplan/preflight","Test":"TestContextBindingAndDeterminism/repeat#35"}
{"Time":"2026-09-05T22:30:22.587184+09:00","Action":"output","Package":"waiting-room/internal/installplan/preflight","Test":"TestContextBindingAndDeterminism/repeat#35","Output":"=== RUN   TestContextBindingAndDeterminism/repeat#35\n"}
{"Time":"2026-09-05T22:30:22.587199+09:00","Action":"output","Package":"waiting-room/internal/installplan/preflight","Test":"TestContextBindingAndDeterminism/repeat#35","Output":"=== PAUSE TestContextBindingAndDeterminism/repeat#35\n"}
{"Time":"2026-09-05T22:30:22.587201+09:00","Action":"pause","Package":"waiting-room/internal/installplan/preflight","Test":"TestContextBindingAndDeterminism/repeat#35"}
{"Time":"2026-09-05T22:30:22.587215+09:00","Action":"run","Package":"waiting-room/internal/installplan/preflight","Test":"TestContextBindingAndDeterminism/repeat#36"}
{"Time":"2026-09-05T22:30:22.587217+09:00","Action":"output","Package":"waiting-room/internal/installplan/preflight","Test":"TestContextBindingAndDeterminism/repeat#36","Output":"=== RUN   TestContextBindingAndDeterminism/repeat#36\n"}
{"Time":"2026-09-05T22:30:22.587227+09:00","Action":"output","Package":"waiting-room/internal/installplan/preflight","Test":"TestContextBindingAndDeterminism/repeat#36","Output":"=== PAUSE TestContextBindingAndDeterminism/repeat#36\n"}
{"Time":"2026-09-05T22:30:22.58723+09:00","Action":"pause","Package":"waiting-room/internal/installplan/preflight","Test":"TestContextBindingAndDeterminism/repeat#36"}
{"Time":"2026-09-05T22:30:22.58724+09:00","Action":"run","Package":"waiting-room/internal/installplan/preflight","Test":"TestContextBindingAndDeterminism/repeat#37"}
{"Time":"2026-09-05T22:30:22.587242+09:00","Action":"output","Package":"waiting-room/internal/installplan/preflight","Test":"TestContextBindingAndDeterminism/repeat#37","Output":"=== RUN   TestContextBindingAndDeterminism/repeat#37\n"}
{"Time":"2026-09-05T22:30:22.587259+09:00","Action":"output","Package":"waiting-room/internal/installplan/preflight","Test":"TestContextBindingAndDeterminism/repeat#37","Output":"=== PAUSE TestContextBindingAndDeterminism/repeat#37\n"}
{"Time":"2026-09-05T22:30:22.587261+09:00","Action":"pause","Package":"waiting-room/internal/installplan/preflight","Test":"TestContextBindingAndDeterminism/repeat#37"}
{"Time":"2026-09-05T22:30:22.587277+09:00","Action":"run","Package":"waiting-room/internal/installplan/preflight","Test":"TestContextBindingAndDeterminism/repeat#38"}
{"Time":"2026-09-05T22:30:22.587279+09:00","Action":"output","Package":"waiting-room/internal/installplan/preflight","Test":"TestContextBindingAndDeterminism/repeat#38","Output":"=== RUN   TestContextBindingAndDeterminism/repeat#38\n"}
{"Time":"2026-09-05T22:30:22.587291+09:00","Action":"output","Package":"waiting-room/internal/installplan/preflight","Test":"TestContextBindingAndDeterminism/repeat#38","Output":"=== PAUSE TestContextBindingAndDeterminism/repeat#38\n"}
{"Time":"2026-09-05T22:30:22.587294+09:00","Action":"pause","Package":"waiting-room/internal/installplan/preflight","Test":"TestContextBindingAndDeterminism/repeat#38"}
{"Time":"2026-09-05T22:30:22.587303+09:00","Action":"run","Package":"waiting-room/internal/installplan/preflight","Test":"TestContextBindingAndDeterminism/repeat#39"}
{"Time":"2026-09-05T22:30:22.587305+09:00","Action":"output","Package":"waiting-room/internal/installplan/preflight","Test":"TestContextBindingAndDeterminism/repeat#39","Output":"=== RUN   TestContextBindingAndDeterminism/repeat#39\n"}
{"Time":"2026-09-05T22:30:22.587314+09:00","Action":"output","Package":"waiting-room/internal/installplan/preflight","Test":"TestContextBindingAndDeterminism/repeat#39","Output":"=== PAUSE TestContextBindingAndDeterminism/repeat#39\n"}
{"Time":"2026-09-05T22:30:22.587316+09:00","Action":"pause","Package":"waiting-room/internal/installplan/preflight","Test":"TestContextBindingAndDeterminism/repeat#39"}
{"Time":"2026-09-05T22:30:22.587332+09:00","Action":"run","Package":"waiting-room/internal/installplan/preflight","Test":"TestContextBindingAndDeterminism/repeat#40"}
{"Time":"2026-09-05T22:30:22.587334+09:00","Action":"output","Package":"waiting-room/internal/installplan/preflight","Test":"TestContextBindingAndDeterminism/repeat#40","Output":"=== RUN   TestContextBindingAndDeterminism/repeat#40\n"}
{"Time":"2026-09-05T22:30:22.587351+09:00","Action":"output","Package":"waiting-room/internal/installplan/preflight","Test":"TestContextBindingAndDeterminism/repeat#40","Output":"=== PAUSE TestContextBindingAndDeterminism/repeat#40\n"}
{"Time":"2026-09-05T22:30:22.587353+09:00","Action":"pause","Package":"waiting-room/internal/installplan/preflight","Test":"TestContextBindingAndDeterminism/repeat#40"}
{"Time":"2026-09-05T22:30:22.587365+09:00","Action":"run","Package":"waiting-room/internal/installplan/preflight","Test":"TestContextBindingAndDeterminism/repeat#41"}
{"Time":"2026-09-05T22:30:22.587367+09:00","Action":"output","Package":"waiting-room/internal/installplan/preflight","Test":"TestContextBindingAndDeterminism/repeat#41","Output":"=== RUN   TestContextBindingAndDeterminism/repeat#41\n"}
{"Time":"2026-09-05T22:30:22.58738+09:00","Action":"output","Package":"waiting-room/internal/installplan/preflight","Test":"TestContextBindingAndDeterminism/repeat#41","Output":"=== PAUSE TestContextBindingAndDeterminism/repeat#41\n"}
{"Time":"2026-09-05T22:30:22.587384+09:00","Action":"pause","Package":"waiting-room/internal/installplan/preflight","Test":"TestContextBindingAndDeterminism/repeat#41"}
{"Time":"2026-09-05T22:30:22.587397+09:00","Action":"run","Package":"waiting-room/internal/installplan/preflight","Test":"TestContextBindingAndDeterminism/repeat#42"}
{"Time":"2026-09-05T22:30:22.587402+09:00","Action":"output","Package":"waiting-room/internal/installplan/preflight","Test":"TestContextBindingAndDeterminism/repeat#42","Output":"=== RUN   TestContextBindingAndDeterminism/repeat#42\n"}
{"Time":"2026-09-05T22:30:22.587404+09:00","Action":"output","Package":"waiting-room/internal/installplan/preflight","Test":"TestContextBindingAndDeterminism/repeat#42","Output":"=== PAUSE TestContextBindingAndDeterminism/repeat#42\n"}
{"Time":"2026-09-05T22:30:22.587405+09:00","Action":"pause","Package":"waiting-room/internal/installplan/preflight","Test":"TestContextBindingAndDeterminism/repeat#42"}
{"Time":"2026-09-05T22:30:22.587422+09:00","Action":"run","Package":"waiting-room/internal/installplan/preflight","Test":"TestContextBindingAndDeterminism/repeat#43"}
{"Time":"2026-09-05T22:30:22.587424+09:00","Action":"output","Package":"waiting-room/internal/installplan/preflight","Test":"TestContextBindingAndDeterminism/repeat#43","Output":"=== RUN   TestContextBindingAndDeterminism/repeat#43\n"}
{"Time":"2026-09-05T22:30:22.587443+09:00","Action":"output","Package":"waiting-room/internal/installplan/preflight","Test":"TestContextBindingAndDeterminism/repeat#43","Output":"=== PAUSE TestContextBindingAndDeterminism/repeat#43\n"}
{"Time":"2026-09-05T22:30:22.587447+09:00","Action":"pause","Package":"waiting-room/internal/installplan/preflight","Test":"TestContextBindingAndDeterminism/repeat#43"}
{"Time":"2026-09-05T22:30:22.587462+09:00","Action":"run","Package":"waiting-room/internal/installplan/preflight","Test":"TestContextBindingAndDeterminism/repeat#44"}
{"Time":"2026-09-05T22:30:22.587464+09:00","Action":"output","Package":"waiting-room/internal/installplan/preflight","Test":"TestContextBindingAndDeterminism/repeat#44","Output":"=== RUN   TestContextBindingAndDeterminism/repeat#44\n"}
{"Time":"2026-09-05T22:30:22.587477+09:00","Action":"output","Package":"waiting-room/internal/installplan/preflight","Test":"TestContextBindingAndDeterminism/repeat#44","Output":"=== PAUSE TestContextBindingAndDeterminism/repeat#44\n"}
{"Time":"2026-09-05T22:30:22.587478+09:00","Action":"pause","Package":"waiting-room/internal/installplan/preflight","Test":"TestContextBindingAndDeterminism/repeat#44"}
{"Time":"2026-09-05T22:30:22.587494+09:00","Action":"run","Package":"waiting-room/internal/installplan/preflight","Test":"TestContextBindingAndDeterminism/repeat#45"}
{"Time":"2026-09-05T22:30:22.587496+09:00","Action":"output","Package":"waiting-room/internal/installplan/preflight","Test":"TestContextBindingAndDeterminism/repeat#45","Output":"=== RUN   TestContextBindingAndDeterminism/repeat#45\n"}
{"Time":"2026-09-05T22:30:22.587506+09:00","Action":"output","Package":"waiting-room/internal/installplan/preflight","Test":"TestContextBindingAndDeterminism/repeat#45","Output":"=== PAUSE TestContextBindingAndDeterminism/repeat#45\n"}
{"Time":"2026-09-05T22:30:22.587509+09:00","Action":"pause","Package":"waiting-room/internal/installplan/preflight","Test":"TestContextBindingAndDeterminism/repeat#45"}
{"Time":"2026-09-05T22:30:22.587521+09:00","Action":"run","Package":"waiting-room/internal/installplan/preflight","Test":"TestContextBindingAndDeterminism/repeat#46"}
{"Time":"2026-09-05T22:30:22.587523+09:00","Action":"output","Package":"waiting-room/internal/installplan/preflight","Test":"TestContextBindingAndDeterminism/repeat#46","Output":"=== RUN   TestContextBindingAndDeterminism/repeat#46\n"}
{"Time":"2026-09-05T22:30:22.587533+09:00","Action":"output","Package":"waiting-room/internal/installplan/preflight","Test":"TestContextBindingAndDeterminism/repeat#46","Output":"=== PAUSE TestContextBindingAndDeterminism/repeat#46\n"}
{"Time":"2026-09-05T22:30:22.587535+09:00","Action":"pause","Package":"waiting-room/internal/installplan/preflight","Test":"TestContextBindingAndDeterminism/repeat#46"}
{"Time":"2026-09-05T22:30:22.587548+09:00","Action":"run","Package":"waiting-room/internal/installplan/preflight","Test":"TestContextBindingAndDeterminism/repeat#47"}
{"Time":"2026-09-05T22:30:22.58755+09:00","Action":"output","Package":"waiting-room/internal/installplan/preflight","Test":"TestContextBindingAndDeterminism/repeat#47","Output":"=== RUN   TestContextBindingAndDeterminism/repeat#47\n"}
{"Time":"2026-09-05T22:30:22.587559+09:00","Action":"output","Package":"waiting-room/internal/installplan/preflight","Test":"TestContextBindingAndDeterminism/repeat#47","Output":"=== PAUSE TestContextBindingAndDeterminism/repeat#47\n"}
{"Time":"2026-09-05T22:30:22.587561+09:00","Action":"pause","Package":"waiting-room/internal/installplan/preflight","Test":"TestContextBindingAndDeterminism/repeat#47"}
{"Time":"2026-09-05T22:30:22.587574+09:00","Action":"run","Package":"waiting-room/internal/installplan/preflight","Test":"TestContextBindingAndDeterminism/repeat#48"}
{"Time":"2026-09-05T22:30:22.587576+09:00","Action":"output","Package":"waiting-room/internal/installplan/preflight","Test":"TestContextBindingAndDeterminism/repeat#48","Output":"=== RUN   TestContextBindingAndDeterminism/repeat#48\n"}
{"Time":"2026-09-05T22:30:22.587587+09:00","Action":"output","Package":"waiting-room/internal/installplan/preflight","Test":"TestContextBindingAndDeterminism/repeat#48","Output":"=== PAUSE TestContextBindingAndDeterminism/repeat#48\n"}
{"Time":"2026-09-05T22:30:22.587589+09:00","Action":"pause","Package":"waiting-room/internal/installplan/preflight","Test":"TestContextBindingAndDeterminism/repeat#48"}
{"Time":"2026-09-05T22:30:22.587602+09:00","Action":"run","Package":"waiting-room/internal/installplan/preflight","Test":"TestContextBindingAndDeterminism/repeat#49"}
{"Time":"2026-09-05T22:30:22.587604+09:00","Action":"output","Package":"waiting-room/internal/installplan/preflight","Test":"TestContextBindingAndDeterminism/repeat#49","Output":"=== RUN   TestContextBindingAndDeterminism/repeat#49\n"}
{"Time":"2026-09-05T22:30:22.587616+09:00","Action":"output","Package":"waiting-room/internal/installplan/preflight","Test":"TestContextBindingAndDeterminism/repeat#49","Output":"=== PAUSE TestContextBindingAndDeterminism/repeat#49\n"}
{"Time":"2026-09-05T22:30:22.587619+09:00","Action":"pause","Package":"waiting-room/internal/installplan/preflight","Test":"TestContextBindingAndDeterminism/repeat#49"}
{"Time":"2026-09-05T22:30:22.587982+09:00","Action":"cont","Package":"waiting-room/internal/installplan/preflight","Test":"TestContextBindingAndDeterminism/repeat#01"}
{"Time":"2026-09-05T22:30:22.587985+09:00","Action":"output","Package":"waiting-room/internal/installplan/preflight","Test":"TestContextBindingAndDeterminism/repeat#01","Output":"=== CONT  TestContextBindingAndDeterminism/repeat#01\n"}
{"Time":"2026-09-05T22:30:22.587988+09:00","Action":"cont","Package":"waiting-room/internal/installplan/preflight","Test":"TestContextBindingAndDeterminism/repeat#24"}
{"Time":"2026-09-05T22:30:22.587989+09:00","Action":"output","Package":"waiting-room/internal/installplan/preflight","Test":"TestContextBindingAndDeterminism/repeat#24","Output":"=== CONT  TestContextBindingAndDeterminism/repeat#24\n"}
{"Time":"2026-09-05T22:30:22.588049+09:00","Action":"cont","Package":"waiting-room/internal/installplan/preflight","Test":"TestContextBindingAndDeterminism/repeat#13"}
{"Time":"2026-09-05T22:30:22.588052+09:00","Action":"output","Package":"waiting-room/internal/installplan/preflight","Test":"TestContextBindingAndDeterminism/repeat#13","Output":"=== CONT  TestContextBindingAndDeterminism/repeat#13\n"}
{"Time":"2026-09-05T22:30:22.588108+09:00","Action":"cont","Package":"waiting-room/internal/installplan/preflight","Test":"TestContextBindingAndDeterminism/repeat#06"}
{"Time":"2026-09-05T22:30:22.588129+09:00","Action":"output","Package":"waiting-room/internal/installplan/preflight","Test":"TestContextBindingAndDeterminism/repeat#06","Output":"=== CONT  TestContextBindingAndDeterminism/repeat#06\n"}
{"Time":"2026-09-05T22:30:22.588147+09:00","Action":"cont","Package":"waiting-room/internal/installplan/preflight","Test":"TestContextBindingAndDeterminism/repeat#05"}
{"Time":"2026-09-05T22:30:22.58815+09:00","Action":"output","Package":"waiting-room/internal/installplan/preflight","Test":"TestContextBindingAndDeterminism/repeat#05","Output":"=== CONT  TestContextBindingAndDeterminism/repeat#05\n"}
{"Time":"2026-09-05T22:30:22.588276+09:00","Action":"cont","Package":"waiting-room/internal/installplan/preflight","Test":"TestContextBindingAndDeterminism/repeat#10"}
{"Time":"2026-09-05T22:30:22.588283+09:00","Action":"output","Package":"waiting-room/internal/installplan/preflight","Test":"TestContextBindingAndDeterminism/repeat#10","Output":"=== CONT  TestContextBindingAndDeterminism/repeat#10\n"}
{"Time":"2026-09-05T22:30:22.588341+09:00","Action":"cont","Package":"waiting-room/internal/installplan/preflight","Test":"TestContextBindingAndDeterminism/repeat#11"}
{"Time":"2026-09-05T22:30:22.588348+09:00","Action":"output","Package":"waiting-room/internal/installplan/preflight","Test":"TestContextBindingAndDeterminism/repeat#11","Output":"=== CONT  TestContextBindingAndDeterminism/repeat#11\n"}
{"Time":"2026-09-05T22:30:22.588352+09:00","Action":"cont","Package":"waiting-room/internal/installplan/preflight","Test":"TestContextBindingAndDeterminism/repeat#04"}
{"Time":"2026-09-05T22:30:22.588353+09:00","Action":"output","Package":"waiting-room/internal/installplan/preflight","Test":"TestContextBindingAndDeterminism/repeat#04","Output":"=== CONT  TestContextBindingAndDeterminism/repeat#04\n"}
{"Time":"2026-09-05T22:30:22.588376+09:00","Action":"cont","Package":"waiting-room/internal/installplan/preflight","Test":"TestContextBindingAndDeterminism/repeat#07"}
{"Time":"2026-09-05T22:30:22.588383+09:00","Action":"output","Package":"waiting-room/internal/installplan/preflight","Test":"TestContextBindingAndDeterminism/repeat#07","Output":"=== CONT  TestContextBindingAndDeterminism/repeat#07\n"}
{"Time":"2026-09-05T22:30:22.588405+09:00","Action":"cont","Package":"waiting-room/internal/installplan/preflight","Test":"TestContextBindingAndDeterminism/repeat#22"}
{"Time":"2026-09-05T22:30:22.588412+09:00","Action":"output","Package":"waiting-room/internal/installplan/preflight","Test":"TestContextBindingAndDeterminism/repeat#22","Output":"=== CONT  TestContextBindingAndDeterminism/repeat#22\n"}
{"Time":"2026-09-05T22:30:22.588887+09:00","Action":"cont","Package":"waiting-room/internal/installplan/preflight","Test":"TestContextBindingAndDeterminism/repeat#23"}
{"Time":"2026-09-05T22:30:22.588893+09:00","Action":"output","Package":"waiting-room/internal/installplan/preflight","Test":"TestContextBindingAndDeterminism/repeat#23","Output":"=== CONT  TestContextBindingAndDeterminism/repeat#23\n"}
{"Time":"2026-09-05T22:30:22.588922+09:00","Action":"output","Package":"waiting-room/internal/installplan/preflight","Test":"TestContextBindingAndDeterminism/repeat#01","Output":"--- PASS: TestContextBindingAndDeterminism/repeat#01 (0.00s)\n"}
{"Time":"2026-09-05T22:30:22.588962+09:00","Action":"pass","Package":"waiting-room/internal/installplan/preflight","Test":"TestContextBindingAndDeterminism/repeat#01","Elapsed":0}
{"Time":"2026-09-05T22:30:22.588967+09:00","Action":"output","Package":"waiting-room/internal/installplan/preflight","Test":"TestContextBindingAndDeterminism/repeat#24","Output":"--- PASS: TestContextBindingAndDeterminism/repeat#24 (0.00s)\n"}
{"Time":"2026-09-05T22:30:22.589045+09:00","Action":"pass","Package":"waiting-room/internal/installplan/preflight","Test":"TestContextBindingAndDeterminism/repeat#24","Elapsed":0}
{"Time":"2026-09-05T22:30:22.589052+09:00","Action":"output","Package":"waiting-room/internal/installplan/preflight","Test":"TestContextBindingAndDeterminism/repeat#06","Output":"--- PASS: TestContextBindingAndDeterminism/repeat#06 (0.00s)\n"}
{"Time":"2026-09-05T22:30:22.589067+09:00","Action":"pass","Package":"waiting-room/internal/installplan/preflight","Test":"TestContextBindingAndDeterminism/repeat#06","Elapsed":0}
{"Time":"2026-09-05T22:30:22.589072+09:00","Action":"cont","Package":"waiting-room/internal/installplan/preflight","Test":"TestContextBindingAndDeterminism/repeat#25"}
{"Time":"2026-09-05T22:30:22.589073+09:00","Action":"output","Package":"waiting-room/internal/installplan/preflight","Test":"TestContextBindingAndDeterminism/repeat#25","Output":"=== CONT  TestContextBindingAndDeterminism/repeat#25\n"}
{"Time":"2026-09-05T22:30:22.589076+09:00","Action":"cont","Package":"waiting-room/internal/installplan/preflight","Test":"TestContextBindingAndDeterminism/repeat#20"}
{"Time":"2026-09-05T22:30:22.589077+09:00","Action":"output","Package":"waiting-room/internal/installplan/preflight","Test":"TestContextBindingAndDeterminism/repeat#20","Output":"=== CONT  TestContextBindingAndDeterminism/repeat#20\n"}
{"Time":"2026-09-05T22:30:22.589078+09:00","Action":"cont","Package":"waiting-room/internal/installplan/preflight","Test":"TestContextBindingAndDeterminism/repeat#18"}
{"Time":"2026-09-05T22:30:22.589079+09:00","Action":"output","Package":"waiting-room/internal/installplan/preflight","Test":"TestContextBindingAndDeterminism/repeat#18","Output":"=== CONT  TestContextBindingAndDeterminism/repeat#18\n"}
{"Time":"2026-09-05T22:30:22.589117+09:00","Action":"cont","Package":"waiting-room/internal/installplan/preflight","Test":"TestContextBindingAndDeterminism/repeat#21"}
{"Time":"2026-09-05T22:30:22.589123+09:00","Action":"output","Package":"waiting-room/internal/installplan/preflight","Test":"TestContextBindingAndDeterminism/repeat#21","Output":"=== CONT  TestContextBindingAndDeterminism/repeat#21\n"}
{"Time":"2026-09-05T22:30:22.589461+09:00","Action":"output","Package":"waiting-room/internal/installplan/preflight","Test":"TestContextBindingAndDeterminism/repeat#07","Output":"--- PASS: TestContextBindingAndDeterminism/repeat#07 (0.00s)\n"}
{"Time":"2026-09-05T22:30:22.589499+09:00","Action":"pass","Package":"waiting-room/internal/installplan/preflight","Test":"TestContextBindingAndDeterminism/repeat#07","Elapsed":0}
{"Time":"2026-09-05T22:30:22.58952+09:00","Action":"cont","Package":"waiting-room/internal/installplan/preflight","Test":"TestContextBindingAndDeterminism/repeat#19"}
{"Time":"2026-09-05T22:30:22.589524+09:00","Action":"output","Package":"waiting-room/internal/installplan/preflight","Test":"TestContextBindingAndDeterminism/repeat#19","Output":"=== CONT  TestContextBindingAndDeterminism/repeat#19\n"}
{"Time":"2026-09-05T22:30:22.589535+09:00","Action":"output","Package":"waiting-room/internal/installplan/preflight","Test":"TestContextBindingAndDeterminism/repeat#04","Output":"--- PASS: TestContextBindingAndDeterminism/repeat#04 (0.00s)\n"}
{"Time":"2026-09-05T22:30:22.589539+09:00","Action":"pass","Package":"waiting-room/internal/installplan/preflight","Test":"TestContextBindingAndDeterminism/repeat#04","Elapsed":0}
{"Time":"2026-09-05T22:30:22.589541+09:00","Action":"cont","Package":"waiting-room/internal/installplan/preflight","Test":"TestContextBindingAndDeterminism/repeat#14"}
{"Time":"2026-09-05T22:30:22.589543+09:00","Action":"output","Package":"waiting-room/internal/installplan/preflight","Test":"TestContextBindingAndDeterminism/repeat#14","Output":"=== CONT  TestContextBindingAndDeterminism/repeat#14\n"}
{"Time":"2026-09-05T22:30:22.589547+09:00","Action":"cont","Package":"waiting-room/internal/installplan/preflight","Test":"TestContextBindingAndDeterminism/repeat#16"}
{"Time":"2026-09-05T22:30:22.589549+09:00","Action":"output","Package":"waiting-room/internal/installplan/preflight","Test":"TestContextBindingAndDeterminism/repeat#16","Output":"=== CONT  TestContextBindingAndDeterminism/repeat#16\n"}
{"Time":"2026-09-05T22:30:22.589587+09:00","Action":"cont","Package":"waiting-room/internal/installplan/preflight","Test":"TestContextBindingAndDeterminism/repeat#15"}
{"Time":"2026-09-05T22:30:22.58959+09:00","Action":"output","Package":"waiting-room/internal/installplan/preflight","Test":"TestContextBindingAndDeterminism/repeat#15","Output":"=== CONT  TestContextBindingAndDeterminism/repeat#15\n"}
{"Time":"2026-09-05T22:30:22.589675+09:00","Action":"cont","Package":"waiting-room/internal/installplan/preflight","Test":"TestContextBindingAndDeterminism/repeat#49"}
{"Time":"2026-09-05T22:30:22.589679+09:00","Action":"output","Package":"waiting-room/internal/installplan/preflight","Test":"TestContextBindingAndDeterminism/repeat#49","Output":"=== CONT  TestContextBindingAndDeterminism/repeat#49\n"}
{"Time":"2026-09-05T22:30:22.5897+09:00","Action":"cont","Package":"waiting-room/internal/installplan/preflight","Test":"TestContextBindingAndDeterminism/repeat#33"}
{"Time":"2026-09-05T22:30:22.589703+09:00","Action":"output","Package":"waiting-room/internal/installplan/preflight","Test":"TestContextBindingAndDeterminism/repeat#33","Output":"=== CONT  TestContextBindingAndDeterminism/repeat#33\n"}
{"Time":"2026-09-05T22:30:22.589799+09:00","Action":"cont","Package":"waiting-room/internal/installplan/preflight","Test":"TestContextBindingAndDeterminism/repeat#48"}
{"Time":"2026-09-05T22:30:22.589812+09:00","Action":"output","Package":"waiting-room/internal/installplan/preflight","Test":"TestContextBindingAndDeterminism/repeat#48","Output":"=== CONT  TestContextBindingAndDeterminism/repeat#48\n"}
{"Time":"2026-09-05T22:30:22.589865+09:00","Action":"cont","Package":"waiting-room/internal/installplan/preflight","Test":"TestContextBindingAndDeterminism/repeat#35"}
{"Time":"2026-09-05T22:30:22.589869+09:00","Action":"output","Package":"waiting-room/internal/installplan/preflight","Test":"TestContextBindingAndDeterminism/repeat#35","Output":"=== CONT  TestContextBindingAndDeterminism/repeat#35\n"}
{"Time":"2026-09-05T22:30:22.589891+09:00","Action":"cont","Package":"waiting-room/internal/installplan/preflight","Test":"TestContextBindingAndDeterminism/repeat#38"}
{"Time":"2026-09-05T22:30:22.5899+09:00","Action":"output","Package":"waiting-room/internal/installplan/preflight","Test":"TestContextBindingAndDeterminism/repeat#38","Output":"=== CONT  TestContextBindingAndDeterminism/repeat#38\n"}
{"Time":"2026-09-05T22:30:22.589906+09:00","Action":"cont","Package":"waiting-room/internal/installplan/preflight","Test":"TestContextBindingAndDeterminism/repeat#46"}
{"Time":"2026-09-05T22:30:22.589908+09:00","Action":"output","Package":"waiting-room/internal/installplan/preflight","Test":"TestContextBindingAndDeterminism/repeat#46","Output":"=== CONT  TestContextBindingAndDeterminism/repeat#46\n"}
{"Time":"2026-09-05T22:30:22.590351+09:00","Action":"cont","Package":"waiting-room/internal/installplan/preflight","Test":"TestContextBindingAndDeterminism/repeat#09"}
{"Time":"2026-09-05T22:30:22.590358+09:00","Action":"output","Package":"waiting-room/internal/installplan/preflight","Test":"TestContextBindingAndDeterminism/repeat#09","Output":"=== CONT  TestContextBindingAndDeterminism/repeat#09\n"}
{"Time":"2026-09-05T22:30:22.59036+09:00","Action":"cont","Package":"waiting-room/internal/installplan/preflight","Test":"TestContextBindingAndDeterminism/repeat#34"}
{"Time":"2026-09-05T22:30:22.590362+09:00","Action":"output","Package":"waiting-room/internal/installplan/preflight","Test":"TestContextBindingAndDeterminism/repeat#34","Output":"=== CONT  TestContextBindingAndDeterminism/repeat#34\n"}
{"Time":"2026-09-05T22:30:22.590363+09:00","Action":"cont","Package":"waiting-room/internal/installplan/preflight","Test":"TestContextBindingAndDeterminism/repeat#29"}
{"Time":"2026-09-05T22:30:22.590365+09:00","Action":"output","Package":"waiting-room/internal/installplan/preflight","Test":"TestContextBindingAndDeterminism/repeat#29","Output":"=== CONT  TestContextBindingAndDeterminism/repeat#29\n"}
{"Time":"2026-09-05T22:30:22.590366+09:00","Action":"cont","Package":"waiting-room/internal/installplan/preflight","Test":"TestContextBindingAndDeterminism/repeat#17"}
{"Time":"2026-09-05T22:30:22.590367+09:00","Action":"output","Package":"waiting-room/internal/installplan/preflight","Test":"TestContextBindingAndDeterminism/repeat#17","Output":"=== CONT  TestContextBindingAndDeterminism/repeat#17\n"}
{"Time":"2026-09-05T22:30:22.590368+09:00","Action":"cont","Package":"waiting-room/internal/installplan/preflight","Test":"TestContextBindingAndDeterminism/repeat#32"}
{"Time":"2026-09-05T22:30:22.59037+09:00","Action":"output","Package":"waiting-room/internal/installplan/preflight","Test":"TestContextBindingAndDeterminism/repeat#32","Output":"=== CONT  TestContextBindingAndDeterminism/repeat#32\n"}
{"Time":"2026-09-05T22:30:22.590372+09:00","Action":"cont","Package":"waiting-room/internal/installplan/preflight","Test":"TestContextBindingAndDeterminism/repeat#27"}
{"Time":"2026-09-05T22:30:22.590373+09:00","Action":"output","Package":"waiting-room/internal/installplan/preflight","Test":"TestContextBindingAndDeterminism/repeat#27","Output":"=== CONT  TestContextBindingAndDeterminism/repeat#27\n"}
{"Time":"2026-09-05T22:30:22.590374+09:00","Action":"cont","Package":"waiting-room/internal/installplan/preflight","Test":"TestContextBindingAndDeterminism/repeat#47"}
{"Time":"2026-09-05T22:30:22.590375+09:00","Action":"output","Package":"waiting-room/internal/installplan/preflight","Test":"TestContextBindingAndDeterminism/repeat#47","Output":"=== CONT  TestContextBindingAndDeterminism/repeat#47\n"}
{"Time":"2026-09-05T22:30:22.590376+09:00","Action":"cont","Package":"waiting-room/internal/installplan/preflight","Test":"TestContextBindingAndDeterminism/repeat#03"}
{"Time":"2026-09-05T22:30:22.590377+09:00","Action":"output","Package":"waiting-room/internal/installplan/preflight","Test":"TestContextBindingAndDeterminism/repeat#03","Output":"=== CONT  TestContextBindingAndDeterminism/repeat#03\n"}
{"Time":"2026-09-05T22:30:22.590379+09:00","Action":"output","Package":"waiting-room/internal/installplan/preflight","Test":"TestContextBindingAndDeterminism/repeat#13","Output":"--- PASS: TestContextBindingAndDeterminism/repeat#13 (0.00s)\n"}
{"Time":"2026-09-05T22:30:22.59038+09:00","Action":"pass","Package":"waiting-room/internal/installplan/preflight","Test":"TestContextBindingAndDeterminism/repeat#13","Elapsed":0}
{"Time":"2026-09-05T22:30:22.590382+09:00","Action":"output","Package":"waiting-room/internal/installplan/preflight","Test":"TestContextBindingAndDeterminism/repeat#23","Output":"--- PASS: TestContextBindingAndDeterminism/repeat#23 (0.00s)\n"}
{"Time":"2026-09-05T22:30:22.590383+09:00","Action":"pass","Package":"waiting-room/internal/installplan/preflight","Test":"TestContextBindingAndDeterminism/repeat#23","Elapsed":0}
{"Time":"2026-09-05T22:30:22.590384+09:00","Action":"output","Package":"waiting-room/internal/installplan/preflight","Test":"TestContextBindingAndDeterminism/repeat#25","Output":"--- PASS: TestContextBindingAndDeterminism/repeat#25 (0.00s)\n"}
{"Time":"2026-09-05T22:30:22.590385+09:00","Action":"pass","Package":"waiting-room/internal/installplan/preflight","Test":"TestContextBindingAndDeterminism/repeat#25","Elapsed":0}
{"Time":"2026-09-05T22:30:22.590387+09:00","Action":"cont","Package":"waiting-room/internal/installplan/preflight","Test":"TestContextBindingAndDeterminism/repeat#12"}
{"Time":"2026-09-05T22:30:22.590388+09:00","Action":"output","Package":"waiting-room/internal/installplan/preflight","Test":"TestContextBindingAndDeterminism/repeat#12","Output":"=== CONT  TestContextBindingAndDeterminism/repeat#12\n"}
{"Time":"2026-09-05T22:30:22.59039+09:00","Action":"cont","Package":"waiting-room/internal/installplan/preflight","Test":"TestContextBindingAndDeterminism/repeat#37"}
{"Time":"2026-09-05T22:30:22.590391+09:00","Action":"output","Package":"waiting-room/internal/installplan/preflight","Test":"TestContextBindingAndDeterminism/repeat#37","Output":"=== CONT  TestContextBindingAndDeterminism/repeat#37\n"}
{"Time":"2026-09-05T22:30:22.590423+09:00","Action":"cont","Package":"waiting-room/internal/installplan/preflight","Test":"TestContextBindingAndDeterminism/repeat#36"}
{"Time":"2026-09-05T22:30:22.590433+09:00","Action":"output","Package":"waiting-room/internal/installplan/preflight","Test":"TestContextBindingAndDeterminism/repeat#36","Output":"=== CONT  TestContextBindingAndDeterminism/repeat#36\n"}
{"Time":"2026-09-05T22:30:22.590437+09:00","Action":"cont","Package":"waiting-room/internal/installplan/preflight","Test":"TestContextBindingAndDeterminism/repeat#41"}
{"Time":"2026-09-05T22:30:22.590439+09:00","Action":"output","Package":"waiting-room/internal/installplan/preflight","Test":"TestContextBindingAndDeterminism/repeat#41","Output":"=== CONT  TestContextBindingAndDeterminism/repeat#41\n"}
{"Time":"2026-09-05T22:30:22.590691+09:00","Action":"output","Package":"waiting-room/internal/installplan/preflight","Test":"TestContextBindingAndDeterminism/repeat#48","Output":"--- PASS: TestContextBindingAndDeterminism/repeat#48 (0.00s)\n"}
{"Time":"2026-09-05T22:30:22.591096+09:00","Action":"pass","Package":"waiting-room/internal/installplan/preflight","Test":"TestContextBindingAndDeterminism/repeat#48","Elapsed":0}
{"Time":"2026-09-05T22:30:22.5911+09:00","Action":"output","Package":"waiting-room/internal/installplan/preflight","Test":"TestContextBindingAndDeterminism/repeat#18","Output":"--- PASS: TestContextBindingAndDeterminism/repeat#18 (0.00s)\n"}
{"Time":"2026-09-05T22:30:22.591102+09:00","Action":"pass","Package":"waiting-room/internal/installplan/preflight","Test":"TestContextBindingAndDeterminism/repeat#18","Elapsed":0}
{"Time":"2026-09-05T22:30:22.591105+09:00","Action":"output","Package":"waiting-room/internal/installplan/preflight","Test":"TestContextBindingAndDeterminism/repeat#05","Output":"--- PASS: TestContextBindingAndDeterminism/repeat#05 (0.00s)\n"}
{"Time":"2026-09-05T22:30:22.591107+09:00","Action":"pass","Package":"waiting-room/internal/installplan/preflight","Test":"TestContextBindingAndDeterminism/repeat#05","Elapsed":0}
{"Time":"2026-09-05T22:30:22.591109+09:00","Action":"output","Package":"waiting-room/internal/installplan/preflight","Test":"TestContextBindingAndDeterminism/repeat#27","Output":"--- PASS: TestContextBindingAndDeterminism/repeat#27 (0.00s)\n"}
{"Time":"2026-09-05T22:30:22.591112+09:00","Action":"pass","Package":"waiting-room/internal/installplan/preflight","Test":"TestContextBindingAndDeterminism/repeat#27","Elapsed":0}
{"Time":"2026-09-05T22:30:22.591113+09:00","Action":"cont","Package":"waiting-room/internal/installplan/preflight","Test":"TestContextBindingAndDeterminism/repeat"}
{"Time":"2026-09-05T22:30:22.591114+09:00","Action":"output","Package":"waiting-room/internal/installplan/preflight","Test":"TestContextBindingAndDeterminism/repeat","Output":"=== CONT  TestContextBindingAndDeterminism/repeat\n"}
{"Time":"2026-09-05T22:30:22.591115+09:00","Action":"cont","Package":"waiting-room/internal/installplan/preflight","Test":"TestContextBindingAndDeterminism/repeat#44"}
{"Time":"2026-09-05T22:30:22.591116+09:00","Action":"output","Package":"waiting-room/internal/installplan/preflight","Test":"TestContextBindingAndDeterminism/repeat#44","Output":"=== CONT  TestContextBindingAndDeterminism/repeat#44\n"}
{"Time":"2026-09-05T22:30:22.591118+09:00","Action":"output","Package":"waiting-room/internal/installplan/preflight","Test":"TestContextBindingAndDeterminism/repeat#47","Output":"--- PASS: TestContextBindingAndDeterminism/repeat#47 (0.00s)\n"}
{"Time":"2026-09-05T22:30:22.591119+09:00","Action":"pass","Package":"waiting-room/internal/installplan/preflight","Test":"TestContextBindingAndDeterminism/repeat#47","Elapsed":0}
{"Time":"2026-09-05T22:30:22.59112+09:00","Action":"cont","Package":"waiting-room/internal/installplan/preflight","Test":"TestContextBindingAndDeterminism/repeat#42"}
{"Time":"2026-09-05T22:30:22.591122+09:00","Action":"output","Package":"waiting-room/internal/installplan/preflight","Test":"TestContextBindingAndDeterminism/repeat#42","Output":"=== CONT  TestContextBindingAndDeterminism/repeat#42\n"}
{"Time":"2026-09-05T22:30:22.591124+09:00","Action":"cont","Package":"waiting-room/internal/installplan/preflight","Test":"TestContextBindingAndDeterminism/repeat#40"}
{"Time":"2026-09-05T22:30:22.591125+09:00","Action":"output","Package":"waiting-room/internal/installplan/preflight","Test":"TestContextBindingAndDeterminism/repeat#40","Output":"=== CONT  TestContextBindingAndDeterminism/repeat#40\n"}
{"Time":"2026-09-05T22:30:22.591135+09:00","Action":"output","Package":"waiting-room/internal/installplan/preflight","Test":"TestContextBindingAndDeterminism/repeat#35","Output":"--- PASS: TestContextBindingAndDeterminism/repeat#35 (0.00s)\n"}
{"Time":"2026-09-05T22:30:22.591137+09:00","Action":"pass","Package":"waiting-room/internal/installplan/preflight","Test":"TestContextBindingAndDeterminism/repeat#35","Elapsed":0}
{"Time":"2026-09-05T22:30:22.591138+09:00","Action":"cont","Package":"waiting-room/internal/installplan/preflight","Test":"TestContextBindingAndDeterminism/repeat#39"}
{"Time":"2026-09-05T22:30:22.591139+09:00","Action":"output","Package":"waiting-room/internal/installplan/preflight","Test":"TestContextBindingAndDeterminism/repeat#39","Output":"=== CONT  TestContextBindingAndDeterminism/repeat#39\n"}
{"Time":"2026-09-05T22:30:22.591141+09:00","Action":"output","Package":"waiting-room/internal/installplan/preflight","Test":"TestContextBindingAndDeterminism/repeat#03","Output":"--- PASS: TestContextBindingAndDeterminism/repeat#03 (0.00s)\n"}
{"Time":"2026-09-05T22:30:22.591143+09:00","Action":"pass","Package":"waiting-room/internal/installplan/preflight","Test":"TestContextBindingAndDeterminism/repeat#03","Elapsed":0}
{"Time":"2026-09-05T22:30:22.591145+09:00","Action":"cont","Package":"waiting-room/internal/installplan/preflight","Test":"TestContextBindingAndDeterminism/repeat#43"}
{"Time":"2026-09-05T22:30:22.591146+09:00","Action":"output","Package":"waiting-room/internal/installplan/preflight","Test":"TestContextBindingAndDeterminism/repeat#43","Output":"=== CONT  TestContextBindingAndDeterminism/repeat#43\n"}
{"Time":"2026-09-05T22:30:22.591147+09:00","Action":"output","Package":"waiting-room/internal/installplan/preflight","Test":"TestContextBindingAndDeterminism/repeat#32","Output":"--- PASS: TestContextBindingAndDeterminism/repeat#32 (0.00s)\n"}
{"Time":"2026-09-05T22:30:22.591149+09:00","Action":"pass","Package":"waiting-room/internal/installplan/preflight","Test":"TestContextBindingAndDeterminism/repeat#32","Elapsed":0}
{"Time":"2026-09-05T22:30:22.591153+09:00","Action":"cont","Package":"waiting-room/internal/installplan/preflight","Test":"TestContextBindingAndDeterminism/repeat#28"}
{"Time":"2026-09-05T22:30:22.591154+09:00","Action":"output","Package":"waiting-room/internal/installplan/preflight","Test":"TestContextBindingAndDeterminism/repeat#28","Output":"=== CONT  TestContextBindingAndDeterminism/repeat#28\n"}
{"Time":"2026-09-05T22:30:22.591155+09:00","Action":"output","Package":"waiting-room/internal/installplan/preflight","Test":"TestContextBindingAndDeterminism/repeat#37","Output":"--- PASS: TestContextBindingAndDeterminism/repeat#37 (0.00s)\n"}
{"Time":"2026-09-05T22:30:22.591223+09:00","Action":"pass","Package":"waiting-room/internal/installplan/preflight","Test":"TestContextBindingAndDeterminism/repeat#37","Elapsed":0}
{"Time":"2026-09-05T22:30:22.591226+09:00","Action":"output","Package":"waiting-room/internal/installplan/preflight","Test":"TestContextBindingAndDeterminism/repeat#20","Output":"--- PASS: TestContextBindingAndDeterminism/repeat#20 (0.00s)\n"}
{"Time":"2026-09-05T22:30:22.591261+09:00","Action":"pass","Package":"waiting-room/internal/installplan/preflight","Test":"TestContextBindingAndDeterminism/repeat#20","Elapsed":0}
{"Time":"2026-09-05T22:30:22.591268+09:00","Action":"output","Package":"waiting-room/internal/installplan/preflight","Test":"TestContextBindingAndDeterminism/repeat#44","Output":"--- PASS: TestContextBindingAndDeterminism/repeat#44 (0.00s)\n"}
{"Time":"2026-09-05T22:30:22.591372+09:00","Action":"pass","Package":"waiting-room/internal/installplan/preflight","Test":"TestContextBindingAndDeterminism/repeat#44","Elapsed":0}
{"Time":"2026-09-05T22:30:22.591378+09:00","Action":"output","Package":"waiting-room/internal/installplan/preflight","Test":"TestContextBindingAndDeterminism/repeat#17","Output":"--- PASS: TestContextBindingAndDeterminism/repeat#17 (0.00s)\n"}
{"Time":"2026-09-05T22:30:22.591721+09:00","Action":"pass","Package":"waiting-room/internal/installplan/preflight","Test":"TestContextBindingAndDeterminism/repeat#17","Elapsed":0}
{"Time":"2026-09-05T22:30:22.591726+09:00","Action":"output","Package":"waiting-room/internal/installplan/preflight","Test":"TestContextBindingAndDeterminism/repeat#21","Output":"--- PASS: TestContextBindingAndDeterminism/repeat#21 (0.00s)\n"}
{"Time":"2026-09-05T22:30:22.59173+09:00","Action":"pass","Package":"waiting-room/internal/installplan/preflight","Test":"TestContextBindingAndDeterminism/repeat#21","Elapsed":0}
{"Time":"2026-09-05T22:30:22.591731+09:00","Action":"output","Package":"waiting-room/internal/installplan/preflight","Test":"TestContextBindingAndDeterminism/repeat","Output":"--- PASS: TestContextBindingAndDeterminism/repeat (0.00s)\n"}
{"Time":"2026-09-05T22:30:22.591755+09:00","Action":"pass","Package":"waiting-room/internal/installplan/preflight","Test":"TestContextBindingAndDeterminism/repeat","Elapsed":0}
{"Time":"2026-09-05T22:30:22.59177+09:00","Action":"cont","Package":"waiting-room/internal/installplan/preflight","Test":"TestContextBindingAndDeterminism/repeat#31"}
{"Time":"2026-09-05T22:30:22.591773+09:00","Action":"output","Package":"waiting-room/internal/installplan/preflight","Test":"TestContextBindingAndDeterminism/repeat#31","Output":"=== CONT  TestContextBindingAndDeterminism/repeat#31\n"}
{"Time":"2026-09-05T22:30:22.591779+09:00","Action":"cont","Package":"waiting-room/internal/installplan/preflight","Test":"TestContextBindingAndDeterminism/repeat#45"}
{"Time":"2026-09-05T22:30:22.591781+09:00","Action":"output","Package":"waiting-room/internal/installplan/preflight","Test":"TestContextBindingAndDeterminism/repeat#45","Output":"=== CONT  TestContextBindingAndDeterminism/repeat#45\n"}
{"Time":"2026-09-05T22:30:22.591785+09:00","Action":"output","Package":"waiting-room/internal/installplan/preflight","Test":"TestContextBindingAndDeterminism/repeat#19","Output":"--- PASS: TestContextBindingAndDeterminism/repeat#19 (0.00s)\n"}
{"Time":"2026-09-05T22:30:22.591789+09:00","Action":"pass","Package":"waiting-room/internal/installplan/preflight","Test":"TestContextBindingAndDeterminism/repeat#19","Elapsed":0}
{"Time":"2026-09-05T22:30:22.591791+09:00","Action":"cont","Package":"waiting-room/internal/installplan/preflight","Test":"TestContextBindingAndDeterminism/repeat#02"}
{"Time":"2026-09-05T22:30:22.591793+09:00","Action":"output","Package":"waiting-room/internal/installplan/preflight","Test":"TestContextBindingAndDeterminism/repeat#02","Output":"=== CONT  TestContextBindingAndDeterminism/repeat#02\n"}
{"Time":"2026-09-05T22:30:22.591798+09:00","Action":"cont","Package":"waiting-room/internal/installplan/preflight","Test":"TestContextBindingAndDeterminism/repeat#30"}
{"Time":"2026-09-05T22:30:22.591803+09:00","Action":"output","Package":"waiting-room/internal/installplan/preflight","Test":"TestContextBindingAndDeterminism/repeat#30","Output":"=== CONT  TestContextBindingAndDeterminism/repeat#30\n"}
{"Time":"2026-09-05T22:30:22.591806+09:00","Action":"cont","Package":"waiting-room/internal/installplan/preflight","Test":"TestContextBindingAndDeterminism/repeat#26"}
{"Time":"2026-09-05T22:30:22.591808+09:00","Action":"output","Package":"waiting-room/internal/installplan/preflight","Test":"TestContextBindingAndDeterminism/repeat#26","Output":"=== CONT  TestContextBindingAndDeterminism/repeat#26\n"}
{"Time":"2026-09-05T22:30:22.591831+09:00","Action":"output","Package":"waiting-room/internal/installplan/preflight","Test":"TestContextBindingAndDeterminism/repeat#46","Output":"--- PASS: TestContextBindingAndDeterminism/repeat#46 (0.00s)\n"}
{"Time":"2026-09-05T22:30:22.591843+09:00","Action":"pass","Package":"waiting-room/internal/installplan/preflight","Test":"TestContextBindingAndDeterminism/repeat#46","Elapsed":0}
{"Time":"2026-09-05T22:30:22.591847+09:00","Action":"output","Package":"waiting-room/internal/installplan/preflight","Test":"TestContextBindingAndDeterminism/repeat#34","Output":"--- PASS: TestContextBindingAndDeterminism/repeat#34 (0.00s)\n"}
{"Time":"2026-09-05T22:30:22.591883+09:00","Action":"pass","Package":"waiting-room/internal/installplan/preflight","Test":"TestContextBindingAndDeterminism/repeat#34","Elapsed":0}
{"Time":"2026-09-05T22:30:22.591888+09:00","Action":"cont","Package":"waiting-room/internal/installplan/preflight","Test":"TestContextBindingAndDeterminism/repeat#08"}
{"Time":"2026-09-05T22:30:22.59189+09:00","Action":"output","Package":"waiting-room/internal/installplan/preflight","Test":"TestContextBindingAndDeterminism/repeat#08","Output":"=== CONT  TestContextBindingAndDeterminism/repeat#08\n"}
{"Time":"2026-09-05T22:30:22.591893+09:00","Action":"output","Package":"waiting-room/internal/installplan/preflight","Test":"TestContextBindingAndDeterminism/repeat#16","Output":"--- PASS: TestContextBindingAndDeterminism/repeat#16 (0.00s)\n"}
{"Time":"2026-09-05T22:30:22.591917+09:00","Action":"pass","Package":"waiting-room/internal/installplan/preflight","Test":"TestContextBindingAndDeterminism/repeat#16","Elapsed":0}
{"Time":"2026-09-05T22:30:22.591922+09:00","Action":"output","Package":"waiting-room/internal/installplan/preflight","Test":"TestContextBindingAndDeterminism/repeat#12","Output":"--- PASS: TestContextBindingAndDeterminism/repeat#12 (0.00s)\n"}
{"Time":"2026-09-05T22:30:22.591955+09:00","Action":"pass","Package":"waiting-room/internal/installplan/preflight","Test":"TestContextBindingAndDeterminism/repeat#12","Elapsed":0}
{"Time":"2026-09-05T22:30:22.591959+09:00","Action":"output","Package":"waiting-room/internal/installplan/preflight","Test":"TestContextBindingAndDeterminism/repeat#33","Output":"--- PASS: TestContextBindingAndDeterminism/repeat#33 (0.00s)\n"}
{"Time":"2026-09-05T22:30:22.591962+09:00","Action":"pass","Package":"waiting-room/internal/installplan/preflight","Test":"TestContextBindingAndDeterminism/repeat#33","Elapsed":0}
{"Time":"2026-09-05T22:30:22.591964+09:00","Action":"output","Package":"waiting-room/internal/installplan/preflight","Test":"TestContextBindingAndDeterminism/repeat#29","Output":"--- PASS: TestContextBindingAndDeterminism/repeat#29 (0.00s)\n"}
{"Time":"2026-09-05T22:30:22.591987+09:00","Action":"pass","Package":"waiting-room/internal/installplan/preflight","Test":"TestContextBindingAndDeterminism/repeat#29","Elapsed":0}
{"Time":"2026-09-05T22:30:22.591991+09:00","Action":"output","Package":"waiting-room/internal/installplan/preflight","Test":"TestContextBindingAndDeterminism/repeat#15","Output":"--- PASS: TestContextBindingAndDeterminism/repeat#15 (0.00s)\n"}
{"Time":"2026-09-05T22:30:22.592004+09:00","Action":"pass","Package":"waiting-room/internal/installplan/preflight","Test":"TestContextBindingAndDeterminism/repeat#15","Elapsed":0}
{"Time":"2026-09-05T22:30:22.592007+09:00","Action":"output","Package":"waiting-room/internal/installplan/preflight","Test":"TestContextBindingAndDeterminism/repeat#22","Output":"--- PASS: TestContextBindingAndDeterminism/repeat#22 (0.00s)\n"}
{"Time":"2026-09-05T22:30:22.592022+09:00","Action":"pass","Package":"waiting-room/internal/installplan/preflight","Test":"TestContextBindingAndDeterminism/repeat#22","Elapsed":0}
{"Time":"2026-09-05T22:30:22.592027+09:00","Action":"output","Package":"waiting-room/internal/installplan/preflight","Test":"TestContextBindingAndDeterminism/repeat#14","Output":"--- PASS: TestContextBindingAndDeterminism/repeat#14 (0.00s)\n"}
{"Time":"2026-09-05T22:30:22.592048+09:00","Action":"pass","Package":"waiting-room/internal/installplan/preflight","Test":"TestContextBindingAndDeterminism/repeat#14","Elapsed":0}
{"Time":"2026-09-05T22:30:22.592053+09:00","Action":"output","Package":"waiting-room/internal/installplan/preflight","Test":"TestContextBindingAndDeterminism/repeat#36","Output":"--- PASS: TestContextBindingAndDeterminism/repeat#36 (0.00s)\n"}
{"Time":"2026-09-05T22:30:22.592069+09:00","Action":"pass","Package":"waiting-room/internal/installplan/preflight","Test":"TestContextBindingAndDeterminism/repeat#36","Elapsed":0}
{"Time":"2026-09-05T22:30:22.592072+09:00","Action":"output","Package":"waiting-room/internal/installplan/preflight","Test":"TestContextBindingAndDeterminism/repeat#42","Output":"--- PASS: TestContextBindingAndDeterminism/repeat#42 (0.00s)\n"}
{"Time":"2026-09-05T22:30:22.59209+09:00","Action":"pass","Package":"waiting-room/internal/installplan/preflight","Test":"TestContextBindingAndDeterminism/repeat#42","Elapsed":0}
{"Time":"2026-09-05T22:30:22.592094+09:00","Action":"output","Package":"waiting-room/internal/installplan/preflight","Test":"TestContextBindingAndDeterminism/repeat#10","Output":"--- PASS: TestContextBindingAndDeterminism/repeat#10 (0.00s)\n"}
{"Time":"2026-09-05T22:30:22.592108+09:00","Action":"pass","Package":"waiting-room/internal/installplan/preflight","Test":"TestContextBindingAndDeterminism/repeat#10","Elapsed":0}
{"Time":"2026-09-05T22:30:22.592113+09:00","Action":"output","Package":"waiting-room/internal/installplan/preflight","Test":"TestContextBindingAndDeterminism/repeat#11","Output":"--- PASS: TestContextBindingAndDeterminism/repeat#11 (0.00s)\n"}
{"Time":"2026-09-05T22:30:22.592128+09:00","Action":"pass","Package":"waiting-room/internal/installplan/preflight","Test":"TestContextBindingAndDeterminism/repeat#11","Elapsed":0}
{"Time":"2026-09-05T22:30:22.592132+09:00","Action":"output","Package":"waiting-room/internal/installplan/preflight","Test":"TestContextBindingAndDeterminism/repeat#09","Output":"--- PASS: TestContextBindingAndDeterminism/repeat#09 (0.00s)\n"}
{"Time":"2026-09-05T22:30:22.592151+09:00","Action":"pass","Package":"waiting-room/internal/installplan/preflight","Test":"TestContextBindingAndDeterminism/repeat#09","Elapsed":0}
{"Time":"2026-09-05T22:30:22.592155+09:00","Action":"output","Package":"waiting-room/internal/installplan/preflight","Test":"TestContextBindingAndDeterminism/repeat#38","Output":"--- PASS: TestContextBindingAndDeterminism/repeat#38 (0.00s)\n"}
{"Time":"2026-09-05T22:30:22.592165+09:00","Action":"pass","Package":"waiting-room/internal/installplan/preflight","Test":"TestContextBindingAndDeterminism/repeat#38","Elapsed":0}
{"Time":"2026-09-05T22:30:22.59217+09:00","Action":"output","Package":"waiting-room/internal/installplan/preflight","Test":"TestContextBindingAndDeterminism/repeat#28","Output":"--- PASS: TestContextBindingAndDeterminism/repeat#28 (0.00s)\n"}
{"Time":"2026-09-05T22:30:22.592187+09:00","Action":"pass","Package":"waiting-room/internal/installplan/preflight","Test":"TestContextBindingAndDeterminism/repeat#28","Elapsed":0}
{"Time":"2026-09-05T22:30:22.59219+09:00","Action":"output","Package":"waiting-room/internal/installplan/preflight","Test":"TestContextBindingAndDeterminism/repeat#39","Output":"--- PASS: TestContextBindingAndDeterminism/repeat#39 (0.00s)\n"}
{"Time":"2026-09-05T22:30:22.592215+09:00","Action":"pass","Package":"waiting-room/internal/installplan/preflight","Test":"TestContextBindingAndDeterminism/repeat#39","Elapsed":0}
{"Time":"2026-09-05T22:30:22.59222+09:00","Action":"output","Package":"waiting-room/internal/installplan/preflight","Test":"TestContextBindingAndDeterminism/repeat#40","Output":"--- PASS: TestContextBindingAndDeterminism/repeat#40 (0.00s)\n"}
{"Time":"2026-09-05T22:30:22.592234+09:00","Action":"pass","Package":"waiting-room/internal/installplan/preflight","Test":"TestContextBindingAndDeterminism/repeat#40","Elapsed":0}
{"Time":"2026-09-05T22:30:22.592239+09:00","Action":"output","Package":"waiting-room/internal/installplan/preflight","Test":"TestContextBindingAndDeterminism/repeat#49","Output":"--- PASS: TestContextBindingAndDeterminism/repeat#49 (0.00s)\n"}
{"Time":"2026-09-05T22:30:22.592242+09:00","Action":"pass","Package":"waiting-room/internal/installplan/preflight","Test":"TestContextBindingAndDeterminism/repeat#49","Elapsed":0}
{"Time":"2026-09-05T22:30:22.592244+09:00","Action":"output","Package":"waiting-room/internal/installplan/preflight","Test":"TestContextBindingAndDeterminism/repeat#43","Output":"--- PASS: TestContextBindingAndDeterminism/repeat#43 (0.00s)\n"}
{"Time":"2026-09-05T22:30:22.592268+09:00","Action":"pass","Package":"waiting-room/internal/installplan/preflight","Test":"TestContextBindingAndDeterminism/repeat#43","Elapsed":0}
{"Time":"2026-09-05T22:30:22.592272+09:00","Action":"output","Package":"waiting-room/internal/installplan/preflight","Test":"TestContextBindingAndDeterminism/repeat#41","Output":"--- PASS: TestContextBindingAndDeterminism/repeat#41 (0.00s)\n"}
{"Time":"2026-09-05T22:30:22.592281+09:00","Action":"pass","Package":"waiting-room/internal/installplan/preflight","Test":"TestContextBindingAndDeterminism/repeat#41","Elapsed":0}
{"Time":"2026-09-05T22:30:22.592284+09:00","Action":"output","Package":"waiting-room/internal/installplan/preflight","Test":"TestContextBindingAndDeterminism/repeat#31","Output":"--- PASS: TestContextBindingAndDeterminism/repeat#31 (0.00s)\n"}
{"Time":"2026-09-05T22:30:22.592294+09:00","Action":"pass","Package":"waiting-room/internal/installplan/preflight","Test":"TestContextBindingAndDeterminism/repeat#31","Elapsed":0}
{"Time":"2026-09-05T22:30:22.592297+09:00","Action":"output","Package":"waiting-room/internal/installplan/preflight","Test":"TestContextBindingAndDeterminism/repeat#30","Output":"--- PASS: TestContextBindingAndDeterminism/repeat#30 (0.00s)\n"}
{"Time":"2026-09-05T22:30:22.592315+09:00","Action":"pass","Package":"waiting-room/internal/installplan/preflight","Test":"TestContextBindingAndDeterminism/repeat#30","Elapsed":0}
{"Time":"2026-09-05T22:30:22.592318+09:00","Action":"output","Package":"waiting-room/internal/installplan/preflight","Test":"TestContextBindingAndDeterminism/repeat#02","Output":"--- PASS: TestContextBindingAndDeterminism/repeat#02 (0.00s)\n"}
{"Time":"2026-09-05T22:30:22.59232+09:00","Action":"pass","Package":"waiting-room/internal/installplan/preflight","Test":"TestContextBindingAndDeterminism/repeat#02","Elapsed":0}
{"Time":"2026-09-05T22:30:22.592322+09:00","Action":"output","Package":"waiting-room/internal/installplan/preflight","Test":"TestContextBindingAndDeterminism/repeat#26","Output":"--- PASS: TestContextBindingAndDeterminism/repeat#26 (0.00s)\n"}
{"Time":"2026-09-05T22:30:22.592348+09:00","Action":"pass","Package":"waiting-room/internal/installplan/preflight","Test":"TestContextBindingAndDeterminism/repeat#26","Elapsed":0}
{"Time":"2026-09-05T22:30:22.592351+09:00","Action":"output","Package":"waiting-room/internal/installplan/preflight","Test":"TestContextBindingAndDeterminism/repeat#45","Output":"--- PASS: TestContextBindingAndDeterminism/repeat#45 (0.00s)\n"}
{"Time":"2026-09-05T22:30:22.592363+09:00","Action":"pass","Package":"waiting-room/internal/installplan/preflight","Test":"TestContextBindingAndDeterminism/repeat#45","Elapsed":0}
{"Time":"2026-09-05T22:30:22.592365+09:00","Action":"output","Package":"waiting-room/internal/installplan/preflight","Test":"TestContextBindingAndDeterminism/repeat#08","Output":"--- PASS: TestContextBindingAndDeterminism/repeat#08 (0.00s)\n"}
{"Time":"2026-09-05T22:30:22.592406+09:00","Action":"pass","Package":"waiting-room/internal/installplan/preflight","Test":"TestContextBindingAndDeterminism/repeat#08","Elapsed":0}
{"Time":"2026-09-05T22:30:22.592409+09:00","Action":"output","Package":"waiting-room/internal/installplan/preflight","Test":"TestContextBindingAndDeterminism","Output":"--- PASS: TestContextBindingAndDeterminism (0.00s)\n"}
{"Time":"2026-09-05T22:30:22.592412+09:00","Action":"pass","Package":"waiting-room/internal/installplan/preflight","Test":"TestContextBindingAndDeterminism","Elapsed":0}
{"Time":"2026-09-05T22:30:22.592452+09:00","Action":"run","Package":"waiting-room/internal/installplan/preflight","Test":"FuzzClockFailClosed"}
{"Time":"2026-09-05T22:30:22.592456+09:00","Action":"output","Package":"waiting-room/internal/installplan/preflight","Test":"FuzzClockFailClosed","Output":"=== RUN   FuzzClockFailClosed\n"}
{"Time":"2026-09-05T22:30:22.592527+09:00","Action":"run","Package":"waiting-room/internal/installplan/preflight","Test":"FuzzClockFailClosed/seed#0"}
{"Time":"2026-09-05T22:30:22.59253+09:00","Action":"output","Package":"waiting-room/internal/installplan/preflight","Test":"FuzzClockFailClosed/seed#0","Output":"=== RUN   FuzzClockFailClosed/seed#0\n"}
{"Time":"2026-09-05T22:30:22.592862+09:00","Action":"output","Package":"waiting-room/internal/installplan/preflight","Test":"FuzzClockFailClosed/seed#0","Output":"--- PASS: FuzzClockFailClosed/seed#0 (0.00s)\n"}
{"Time":"2026-09-05T22:30:22.592867+09:00","Action":"pass","Package":"waiting-room/internal/installplan/preflight","Test":"FuzzClockFailClosed/seed#0","Elapsed":0}
{"Time":"2026-09-05T22:30:22.592883+09:00","Action":"run","Package":"waiting-room/internal/installplan/preflight","Test":"FuzzClockFailClosed/seed#1"}
{"Time":"2026-09-05T22:30:22.592885+09:00","Action":"output","Package":"waiting-room/internal/installplan/preflight","Test":"FuzzClockFailClosed/seed#1","Output":"=== RUN   FuzzClockFailClosed/seed#1\n"}
{"Time":"2026-09-05T22:30:22.593166+09:00","Action":"output","Package":"waiting-room/internal/installplan/preflight","Test":"FuzzClockFailClosed/seed#1","Output":"--- PASS: FuzzClockFailClosed/seed#1 (0.00s)\n"}
{"Time":"2026-09-05T22:30:22.59317+09:00","Action":"pass","Package":"waiting-room/internal/installplan/preflight","Test":"FuzzClockFailClosed/seed#1","Elapsed":0}
{"Time":"2026-09-05T22:30:22.593187+09:00","Action":"run","Package":"waiting-room/internal/installplan/preflight","Test":"FuzzClockFailClosed/seed#2"}
{"Time":"2026-09-05T22:30:22.593191+09:00","Action":"output","Package":"waiting-room/internal/installplan/preflight","Test":"FuzzClockFailClosed/seed#2","Output":"=== RUN   FuzzClockFailClosed/seed#2\n"}
{"Time":"2026-09-05T22:30:22.593533+09:00","Action":"output","Package":"waiting-room/internal/installplan/preflight","Test":"FuzzClockFailClosed/seed#2","Output":"--- PASS: FuzzClockFailClosed/seed#2 (0.00s)\n"}
{"Time":"2026-09-05T22:30:22.593537+09:00","Action":"pass","Package":"waiting-room/internal/installplan/preflight","Test":"FuzzClockFailClosed/seed#2","Elapsed":0}
{"Time":"2026-09-05T22:30:22.593557+09:00","Action":"output","Package":"waiting-room/internal/installplan/preflight","Test":"FuzzClockFailClosed","Output":"--- PASS: FuzzClockFailClosed (0.00s)\n"}
{"Time":"2026-09-05T22:30:22.593572+09:00","Action":"pass","Package":"waiting-room/internal/installplan/preflight","Test":"FuzzClockFailClosed","Elapsed":0}
{"Time":"2026-09-05T22:30:22.593577+09:00","Action":"output","Package":"waiting-room/internal/installplan/preflight","Output":"PASS\n"}
{"Time":"2026-09-05T22:30:22.760323+09:00","Action":"run","Package":"waiting-room/cmd/wrctl","Test":"TestPlanCLI"}
{"Time":"2026-09-05T22:30:22.760342+09:00","Action":"output","Package":"waiting-room/cmd/wrctl","Test":"TestPlanCLI","Output":"=== RUN   TestPlanCLI\n"}
{"Time":"2026-09-05T22:30:22.762268+09:00","Action":"output","Package":"waiting-room/cmd/wrctl","Test":"TestPlanCLI","Output":"--- PASS: TestPlanCLI (0.00s)\n"}
{"Time":"2026-09-05T22:30:22.762275+09:00","Action":"pass","Package":"waiting-room/cmd/wrctl","Test":"TestPlanCLI","Elapsed":0}
{"Time":"2026-09-05T22:30:22.762286+09:00","Action":"run","Package":"waiting-room/cmd/wrctl","Test":"TestCLIRejectsWithoutEcho"}
{"Time":"2026-09-05T22:30:22.762291+09:00","Action":"output","Package":"waiting-room/cmd/wrctl","Test":"TestCLIRejectsWithoutEcho","Output":"=== RUN   TestCLIRejectsWithoutEcho\n"}
{"Time":"2026-09-05T22:30:22.762354+09:00","Action":"output","Package":"waiting-room/cmd/wrctl","Test":"TestCLIRejectsWithoutEcho","Output":"--- PASS: TestCLIRejectsWithoutEcho (0.00s)\n"}
{"Time":"2026-09-05T22:30:22.762359+09:00","Action":"pass","Package":"waiting-room/cmd/wrctl","Test":"TestCLIRejectsWithoutEcho","Elapsed":0}
{"Time":"2026-09-05T22:30:22.76237+09:00","Action":"run","Package":"waiting-room/cmd/wrctl","Test":"TestEstimateCLI"}
{"Time":"2026-09-05T22:30:22.762373+09:00","Action":"output","Package":"waiting-room/cmd/wrctl","Test":"TestEstimateCLI","Output":"=== RUN   TestEstimateCLI\n"}
{"Time":"2026-09-05T22:30:22.763472+09:00","Action":"output","Package":"waiting-room/cmd/wrctl","Test":"TestEstimateCLI","Output":"--- PASS: TestEstimateCLI (0.00s)\n"}
{"Time":"2026-09-05T22:30:22.763483+09:00","Action":"pass","Package":"waiting-room/cmd/wrctl","Test":"TestEstimateCLI","Elapsed":0}
{"Time":"2026-09-05T22:30:22.763492+09:00","Action":"run","Package":"waiting-room/cmd/wrctl","Test":"TestCLIIOErrors"}
{"Time":"2026-09-05T22:30:22.763494+09:00","Action":"output","Package":"waiting-room/cmd/wrctl","Test":"TestCLIIOErrors","Output":"=== RUN   TestCLIIOErrors\n"}
{"Time":"2026-09-05T22:30:22.763873+09:00","Action":"output","Package":"waiting-room/cmd/wrctl","Test":"TestCLIIOErrors","Output":"--- PASS: TestCLIIOErrors (0.00s)\n"}
{"Time":"2026-09-05T22:30:22.763877+09:00","Action":"pass","Package":"waiting-room/cmd/wrctl","Test":"TestCLIIOErrors","Elapsed":0}
{"Time":"2026-09-05T22:30:22.763893+09:00","Action":"output","Package":"waiting-room/cmd/wrctl","Output":"PASS\n"}
{"Time":"2026-09-05T22:30:23.417142+09:00","Action":"output","Package":"waiting-room/internal/installplan","Output":"ok  \twaiting-room/internal/installplan\t1.397s\n"}
{"Time":"2026-09-05T22:30:23.417212+09:00","Action":"pass","Package":"waiting-room/internal/installplan","Elapsed":1.3980000000000001}
{"Time":"2026-09-05T22:30:23.601875+09:00","Action":"output","Package":"waiting-room/internal/installplan/preflight","Output":"ok  \twaiting-room/internal/installplan/preflight\t1.576s\n"}
{"Time":"2026-09-05T22:30:23.601974+09:00","Action":"pass","Package":"waiting-room/internal/installplan/preflight","Elapsed":1.577}
{"Time":"2026-09-05T22:30:23.771068+09:00","Action":"output","Package":"waiting-room/cmd/wrctl","Output":"ok  \twaiting-room/cmd/wrctl\t1.746s\n"}
{"Time":"2026-09-05T22:30:23.771138+09:00","Action":"pass","Package":"waiting-room/cmd/wrctl","Elapsed":1.746}
