{"Time":"2026-09-05T21:59:14.59064+09:00","Action":"start","Package":"waiting-room/internal/installplan"}
{"Time":"2026-09-05T21:59:14.591042+09:00","Action":"start","Package":"waiting-room/cmd/wrctl"}
{"Time":"2026-09-05T21:59:14.890887+09:00","Action":"run","Package":"waiting-room/cmd/wrctl","Test":"TestPlanCLI"}
{"Time":"2026-09-05T21:59:14.890951+09:00","Action":"output","Package":"waiting-room/cmd/wrctl","Test":"TestPlanCLI","Output":"=== RUN   TestPlanCLI\n"}
{"Time":"2026-09-05T21:59:14.893252+09:00","Action":"output","Package":"waiting-room/cmd/wrctl","Test":"TestPlanCLI","Output":"--- PASS: TestPlanCLI (0.00s)\n"}
{"Time":"2026-09-05T21:59:14.893269+09:00","Action":"pass","Package":"waiting-room/cmd/wrctl","Test":"TestPlanCLI","Elapsed":0}
{"Time":"2026-09-05T21:59:14.893274+09:00","Action":"run","Package":"waiting-room/cmd/wrctl","Test":"TestCLIRejectsWithoutEcho"}
{"Time":"2026-09-05T21:59:14.893277+09:00","Action":"output","Package":"waiting-room/cmd/wrctl","Test":"TestCLIRejectsWithoutEcho","Output":"=== RUN   TestCLIRejectsWithoutEcho\n"}
{"Time":"2026-09-05T21:59:14.893781+09:00","Action":"output","Package":"waiting-room/cmd/wrctl","Test":"TestCLIRejectsWithoutEcho","Output":"--- PASS: TestCLIRejectsWithoutEcho (0.00s)\n"}
{"Time":"2026-09-05T21:59:14.893791+09:00","Action":"pass","Package":"waiting-room/cmd/wrctl","Test":"TestCLIRejectsWithoutEcho","Elapsed":0}
{"Time":"2026-09-05T21:59:14.893811+09:00","Action":"run","Package":"waiting-room/cmd/wrctl","Test":"TestCLIIOErrors"}
{"Time":"2026-09-05T21:59:14.893816+09:00","Action":"output","Package":"waiting-room/cmd/wrctl","Test":"TestCLIIOErrors","Output":"=== RUN   TestCLIIOErrors\n"}
{"Time":"2026-09-05T21:59:14.894633+09:00","Action":"output","Package":"waiting-room/cmd/wrctl","Test":"TestCLIIOErrors","Output":"--- PASS: TestCLIIOErrors (0.00s)\n"}
{"Time":"2026-09-05T21:59:14.894646+09:00","Action":"pass","Package":"waiting-room/cmd/wrctl","Test":"TestCLIIOErrors","Elapsed":0}
{"Time":"2026-09-05T21:59:14.894667+09:00","Action":"output","Package":"waiting-room/cmd/wrctl","Output":"PASS\n"}
{"Time":"2026-09-05T21:59:15.087599+09:00","Action":"run","Package":"waiting-room/internal/installplan","Test":"TestProfiles"}
{"Time":"2026-09-05T21:59:15.087626+09:00","Action":"output","Package":"waiting-room/internal/installplan","Test":"TestProfiles","Output":"=== RUN   TestProfiles\n"}
{"Time":"2026-09-05T21:59:15.087652+09:00","Action":"run","Package":"waiting-room/internal/installplan","Test":"TestProfiles/standard"}
{"Time":"2026-09-05T21:59:15.087656+09:00","Action":"output","Package":"waiting-room/internal/installplan","Test":"TestProfiles/standard","Output":"=== RUN   TestProfiles/standard\n"}
{"Time":"2026-09-05T21:59:15.088379+09:00","Action":"output","Package":"waiting-room/internal/installplan","Test":"TestProfiles/standard","Output":"--- PASS: TestProfiles/standard (0.00s)\n"}
{"Time":"2026-09-05T21:59:15.088386+09:00","Action":"pass","Package":"waiting-room/internal/installplan","Test":"TestProfiles/standard","Elapsed":0}
{"Time":"2026-09-05T21:59:15.088396+09:00","Action":"run","Package":"waiting-room/internal/installplan","Test":"TestProfiles/high-scale"}
{"Time":"2026-09-05T21:59:15.088399+09:00","Action":"output","Package":"waiting-room/internal/installplan","Test":"TestProfiles/high-scale","Output":"=== RUN   TestProfiles/high-scale\n"}
{"Time":"2026-09-05T21:59:15.088578+09:00","Action":"output","Package":"waiting-room/internal/installplan","Test":"TestProfiles/high-scale","Output":"--- PASS: TestProfiles/high-scale (0.00s)\n"}
{"Time":"2026-09-05T21:59:15.088587+09:00","Action":"pass","Package":"waiting-room/internal/installplan","Test":"TestProfiles/high-scale","Elapsed":0}
{"Time":"2026-09-05T21:59:15.088646+09:00","Action":"output","Package":"waiting-room/internal/installplan","Test":"TestProfiles","Output":"--- PASS: TestProfiles (0.00s)\n"}
{"Time":"2026-09-05T21:59:15.088649+09:00","Action":"pass","Package":"waiting-room/internal/installplan","Test":"TestProfiles","Elapsed":0}
{"Time":"2026-09-05T21:59:15.088667+09:00","Action":"run","Package":"waiting-room/internal/installplan","Test":"TestValidationBoundaries"}
{"Time":"2026-09-05T21:59:15.088669+09:00","Action":"output","Package":"waiting-room/internal/installplan","Test":"TestValidationBoundaries","Output":"=== RUN   TestValidationBoundaries\n"}
{"Time":"2026-09-05T21:59:15.088824+09:00","Action":"run","Package":"waiting-room/internal/installplan","Test":"TestValidationBoundaries/standard/peak-zero"}
{"Time":"2026-09-05T21:59:15.088827+09:00","Action":"output","Package":"waiting-room/internal/installplan","Test":"TestValidationBoundaries/standard/peak-zero","Output":"=== RUN   TestValidationBoundaries/standard/peak-zero\n"}
{"Time":"2026-09-05T21:59:15.088851+09:00","Action":"output","Package":"waiting-room/internal/installplan","Test":"TestValidationBoundaries/standard/peak-zero","Output":"--- PASS: TestValidationBoundaries/standard/peak-zero (0.00s)\n"}
{"Time":"2026-09-05T21:59:15.088866+09:00","Action":"pass","Package":"waiting-room/internal/installplan","Test":"TestValidationBoundaries/standard/peak-zero","Elapsed":0}
{"Time":"2026-09-05T21:59:15.088874+09:00","Action":"run","Package":"waiting-room/internal/installplan","Test":"TestValidationBoundaries/standard/peak-over"}
{"Time":"2026-09-05T21:59:15.088876+09:00","Action":"output","Package":"waiting-room/internal/installplan","Test":"TestValidationBoundaries/standard/peak-over","Output":"=== RUN   TestValidationBoundaries/standard/peak-over\n"}
{"Time":"2026-09-05T21:59:15.088908+09:00","Action":"output","Package":"waiting-room/internal/installplan","Test":"TestValidationBoundaries/standard/peak-over","Output":"--- PASS: TestValidationBoundaries/standard/peak-over (0.00s)\n"}
{"Time":"2026-09-05T21:59:15.088931+09:00","Action":"pass","Package":"waiting-room/internal/installplan","Test":"TestValidationBoundaries/standard/peak-over","Elapsed":0}
{"Time":"2026-09-05T21:59:15.088941+09:00","Action":"run","Package":"waiting-room/internal/installplan","Test":"TestValidationBoundaries/standard/lease-zero"}
{"Time":"2026-09-05T21:59:15.088943+09:00","Action":"output","Package":"waiting-room/internal/installplan","Test":"TestValidationBoundaries/standard/lease-zero","Output":"=== RUN   TestValidationBoundaries/standard/lease-zero\n"}
{"Time":"2026-09-05T21:59:15.089009+09:00","Action":"output","Package":"waiting-room/internal/installplan","Test":"TestValidationBoundaries/standard/lease-zero","Output":"--- PASS: TestValidationBoundaries/standard/lease-zero (0.00s)\n"}
{"Time":"2026-09-05T21:59:15.089015+09:00","Action":"pass","Package":"waiting-room/internal/installplan","Test":"TestValidationBoundaries/standard/lease-zero","Elapsed":0}
{"Time":"2026-09-05T21:59:15.089034+09:00","Action":"run","Package":"waiting-room/internal/installplan","Test":"TestValidationBoundaries/standard/lease-over"}
{"Time":"2026-09-05T21:59:15.089038+09:00","Action":"output","Package":"waiting-room/internal/installplan","Test":"TestValidationBoundaries/standard/lease-over","Output":"=== RUN   TestValidationBoundaries/standard/lease-over\n"}
{"Time":"2026-09-05T21:59:15.089119+09:00","Action":"output","Package":"waiting-room/internal/installplan","Test":"TestValidationBoundaries/standard/lease-over","Output":"--- PASS: TestValidationBoundaries/standard/lease-over (0.00s)\n"}
{"Time":"2026-09-05T21:59:15.089126+09:00","Action":"pass","Package":"waiting-room/internal/installplan","Test":"TestValidationBoundaries/standard/lease-over","Elapsed":0}
{"Time":"2026-09-05T21:59:15.08914+09:00","Action":"run","Package":"waiting-room/internal/installplan","Test":"TestValidationBoundaries/standard/rate-zero"}
{"Time":"2026-09-05T21:59:15.089144+09:00","Action":"output","Package":"waiting-room/internal/installplan","Test":"TestValidationBoundaries/standard/rate-zero","Output":"=== RUN   TestValidationBoundaries/standard/rate-zero\n"}
{"Time":"2026-09-05T21:59:15.089199+09:00","Action":"output","Package":"waiting-room/internal/installplan","Test":"TestValidationBoundaries/standard/rate-zero","Output":"--- PASS: TestValidationBoundaries/standard/rate-zero (0.00s)\n"}
{"Time":"2026-09-05T21:59:15.089221+09:00","Action":"pass","Package":"waiting-room/internal/installplan","Test":"TestValidationBoundaries/standard/rate-zero","Elapsed":0}
{"Time":"2026-09-05T21:59:15.089228+09:00","Action":"run","Package":"waiting-room/internal/installplan","Test":"TestValidationBoundaries/standard/rate-over"}
{"Time":"2026-09-05T21:59:15.089231+09:00","Action":"output","Package":"waiting-room/internal/installplan","Test":"TestValidationBoundaries/standard/rate-over","Output":"=== RUN   TestValidationBoundaries/standard/rate-over\n"}
{"Time":"2026-09-05T21:59:15.089278+09:00","Action":"output","Package":"waiting-room/internal/installplan","Test":"TestValidationBoundaries/standard/rate-over","Output":"--- PASS: TestValidationBoundaries/standard/rate-over (0.00s)\n"}
{"Time":"2026-09-05T21:59:15.089286+09:00","Action":"pass","Package":"waiting-room/internal/installplan","Test":"TestValidationBoundaries/standard/rate-over","Elapsed":0}
{"Time":"2026-09-05T21:59:15.089301+09:00","Action":"run","Package":"waiting-room/internal/installplan","Test":"TestValidationBoundaries/standard/ttl-low"}
{"Time":"2026-09-05T21:59:15.089306+09:00","Action":"output","Package":"waiting-room/internal/installplan","Test":"TestValidationBoundaries/standard/ttl-low","Output":"=== RUN   TestValidationBoundaries/standard/ttl-low\n"}
{"Time":"2026-09-05T21:59:15.089354+09:00","Action":"output","Package":"waiting-room/internal/installplan","Test":"TestValidationBoundaries/standard/ttl-low","Output":"--- PASS: TestValidationBoundaries/standard/ttl-low (0.00s)\n"}
{"Time":"2026-09-05T21:59:15.089363+09:00","Action":"pass","Package":"waiting-room/internal/installplan","Test":"TestValidationBoundaries/standard/ttl-low","Elapsed":0}
{"Time":"2026-09-05T21:59:15.089381+09:00","Action":"run","Package":"waiting-room/internal/installplan","Test":"TestValidationBoundaries/standard/ttl-high"}
{"Time":"2026-09-05T21:59:15.089387+09:00","Action":"output","Package":"waiting-room/internal/installplan","Test":"TestValidationBoundaries/standard/ttl-high","Output":"=== RUN   TestValidationBoundaries/standard/ttl-high\n"}
{"Time":"2026-09-05T21:59:15.089438+09:00","Action":"output","Package":"waiting-room/internal/installplan","Test":"TestValidationBoundaries/standard/ttl-high","Output":"--- PASS: TestValidationBoundaries/standard/ttl-high (0.00s)\n"}
{"Time":"2026-09-05T21:59:15.089445+09:00","Action":"pass","Package":"waiting-room/internal/installplan","Test":"TestValidationBoundaries/standard/ttl-high","Elapsed":0}
{"Time":"2026-09-05T21:59:15.089461+09:00","Action":"run","Package":"waiting-room/internal/installplan","Test":"TestValidationBoundaries/standard/forced-off"}
{"Time":"2026-09-05T21:59:15.089465+09:00","Action":"output","Package":"waiting-room/internal/installplan","Test":"TestValidationBoundaries/standard/forced-off","Output":"=== RUN   TestValidationBoundaries/standard/forced-off\n"}
{"Time":"2026-09-05T21:59:15.08951+09:00","Action":"output","Package":"waiting-room/internal/installplan","Test":"TestValidationBoundaries/standard/forced-off","Output":"--- PASS: TestValidationBoundaries/standard/forced-off (0.00s)\n"}
{"Time":"2026-09-05T21:59:15.08952+09:00","Action":"pass","Package":"waiting-room/internal/installplan","Test":"TestValidationBoundaries/standard/forced-off","Elapsed":0}
{"Time":"2026-09-05T21:59:15.089554+09:00","Action":"run","Package":"waiting-room/internal/installplan","Test":"TestValidationBoundaries/standard/unknown-policy"}
{"Time":"2026-09-05T21:59:15.089559+09:00","Action":"output","Package":"waiting-room/internal/installplan","Test":"TestValidationBoundaries/standard/unknown-policy","Output":"=== RUN   TestValidationBoundaries/standard/unknown-policy\n"}
{"Time":"2026-09-05T21:59:15.089611+09:00","Action":"output","Package":"waiting-room/internal/installplan","Test":"TestValidationBoundaries/standard/unknown-policy","Output":"--- PASS: TestValidationBoundaries/standard/unknown-policy (0.00s)\n"}
{"Time":"2026-09-05T21:59:15.089619+09:00","Action":"pass","Package":"waiting-room/internal/installplan","Test":"TestValidationBoundaries/standard/unknown-policy","Elapsed":0}
{"Time":"2026-09-05T21:59:15.089633+09:00","Action":"run","Package":"waiting-room/internal/installplan","Test":"TestValidationBoundaries/standard/multi-region"}
{"Time":"2026-09-05T21:59:15.089638+09:00","Action":"output","Package":"waiting-room/internal/installplan","Test":"TestValidationBoundaries/standard/multi-region","Output":"=== RUN   TestValidationBoundaries/standard/multi-region\n"}
{"Time":"2026-09-05T21:59:15.089665+09:00","Action":"output","Package":"waiting-room/internal/installplan","Test":"TestValidationBoundaries/standard/multi-region","Output":"--- PASS: TestValidationBoundaries/standard/multi-region (0.00s)\n"}
{"Time":"2026-09-05T21:59:15.089675+09:00","Action":"pass","Package":"waiting-room/internal/installplan","Test":"TestValidationBoundaries/standard/multi-region","Elapsed":0}
{"Time":"2026-09-05T21:59:15.089686+09:00","Action":"run","Package":"waiting-room/internal/installplan","Test":"TestValidationBoundaries/standard/unknown-profile"}
{"Time":"2026-09-05T21:59:15.089688+09:00","Action":"output","Package":"waiting-room/internal/installplan","Test":"TestValidationBoundaries/standard/unknown-profile","Output":"=== RUN   TestValidationBoundaries/standard/unknown-profile\n"}
{"Time":"2026-09-05T21:59:15.089706+09:00","Action":"output","Package":"waiting-room/internal/installplan","Test":"TestValidationBoundaries/standard/unknown-profile","Output":"--- PASS: TestValidationBoundaries/standard/unknown-profile (0.00s)\n"}
{"Time":"2026-09-05T21:59:15.089715+09:00","Action":"pass","Package":"waiting-room/internal/installplan","Test":"TestValidationBoundaries/standard/unknown-profile","Elapsed":0}
{"Time":"2026-09-05T21:59:15.089721+09:00","Action":"run","Package":"waiting-room/internal/installplan","Test":"TestValidationBoundaries/standard/version"}
{"Time":"2026-09-05T21:59:15.089722+09:00","Action":"output","Package":"waiting-room/internal/installplan","Test":"TestValidationBoundaries/standard/version","Output":"=== RUN   TestValidationBoundaries/standard/version\n"}
{"Time":"2026-09-05T21:59:15.089739+09:00","Action":"output","Package":"waiting-room/internal/installplan","Test":"TestValidationBoundaries/standard/version","Output":"--- PASS: TestValidationBoundaries/standard/version (0.00s)\n"}
{"Time":"2026-09-05T21:59:15.089749+09:00","Action":"pass","Package":"waiting-room/internal/installplan","Test":"TestValidationBoundaries/standard/version","Elapsed":0}
{"Time":"2026-09-05T21:59:15.089758+09:00","Action":"run","Package":"waiting-room/internal/installplan","Test":"TestValidationBoundaries/standard/totp-mode"}
{"Time":"2026-09-05T21:59:15.08976+09:00","Action":"output","Package":"waiting-room/internal/installplan","Test":"TestValidationBoundaries/standard/totp-mode","Output":"=== RUN   TestValidationBoundaries/standard/totp-mode\n"}
{"Time":"2026-09-05T21:59:15.089785+09:00","Action":"output","Package":"waiting-room/internal/installplan","Test":"TestValidationBoundaries/standard/totp-mode","Output":"--- PASS: TestValidationBoundaries/standard/totp-mode (0.00s)\n"}
{"Time":"2026-09-05T21:59:15.089789+09:00","Action":"pass","Package":"waiting-room/internal/installplan","Test":"TestValidationBoundaries/standard/totp-mode","Elapsed":0}
{"Time":"2026-09-05T21:59:15.089798+09:00","Action":"run","Package":"waiting-room/internal/installplan","Test":"TestValidationBoundaries/standard/region-empty"}
{"Time":"2026-09-05T21:59:15.089801+09:00","Action":"output","Package":"waiting-room/internal/installplan","Test":"TestValidationBoundaries/standard/region-empty","Output":"=== RUN   TestValidationBoundaries/standard/region-empty\n"}
{"Time":"2026-09-05T21:59:15.089824+09:00","Action":"output","Package":"waiting-room/internal/installplan","Test":"TestValidationBoundaries/standard/region-empty","Output":"--- PASS: TestValidationBoundaries/standard/region-empty (0.00s)\n"}
{"Time":"2026-09-05T21:59:15.089828+09:00","Action":"pass","Package":"waiting-room/internal/installplan","Test":"TestValidationBoundaries/standard/region-empty","Elapsed":0}
{"Time":"2026-09-05T21:59:15.089851+09:00","Action":"run","Package":"waiting-room/internal/installplan","Test":"TestValidationBoundaries/standard/region-long"}
{"Time":"2026-09-05T21:59:15.089853+09:00","Action":"output","Package":"waiting-room/internal/installplan","Test":"TestValidationBoundaries/standard/region-long","Output":"=== RUN   TestValidationBoundaries/standard/region-long\n"}
{"Time":"2026-09-05T21:59:15.089899+09:00","Action":"output","Package":"waiting-room/internal/installplan","Test":"TestValidationBoundaries/standard/region-long","Output":"--- PASS: TestValidationBoundaries/standard/region-long (0.00s)\n"}
{"Time":"2026-09-05T21:59:15.089902+09:00","Action":"pass","Package":"waiting-room/internal/installplan","Test":"TestValidationBoundaries/standard/region-long","Elapsed":0}
{"Time":"2026-09-05T21:59:15.090055+09:00","Action":"run","Package":"waiting-room/internal/installplan","Test":"TestValidationBoundaries/high-scale/peak-zero"}
{"Time":"2026-09-05T21:59:15.090058+09:00","Action":"output","Package":"waiting-room/internal/installplan","Test":"TestValidationBoundaries/high-scale/peak-zero","Output":"=== RUN   TestValidationBoundaries/high-scale/peak-zero\n"}
{"Time":"2026-09-05T21:59:15.090084+09:00","Action":"output","Package":"waiting-room/internal/installplan","Test":"TestValidationBoundaries/high-scale/peak-zero","Output":"--- PASS: TestValidationBoundaries/high-scale/peak-zero (0.00s)\n"}
{"Time":"2026-09-05T21:59:15.090087+09:00","Action":"pass","Package":"waiting-room/internal/installplan","Test":"TestValidationBoundaries/high-scale/peak-zero","Elapsed":0}
{"Time":"2026-09-05T21:59:15.090098+09:00","Action":"run","Package":"waiting-room/internal/installplan","Test":"TestValidationBoundaries/high-scale/peak-over"}
{"Time":"2026-09-05T21:59:15.0901+09:00","Action":"output","Package":"waiting-room/internal/installplan","Test":"TestValidationBoundaries/high-scale/peak-over","Output":"=== RUN   TestValidationBoundaries/high-scale/peak-over\n"}
{"Time":"2026-09-05T21:59:15.09013+09:00","Action":"output","Package":"waiting-room/internal/installplan","Test":"TestValidationBoundaries/high-scale/peak-over","Output":"--- PASS: TestValidationBoundaries/high-scale/peak-over (0.00s)\n"}
{"Time":"2026-09-05T21:59:15.090133+09:00","Action":"pass","Package":"waiting-room/internal/installplan","Test":"TestValidationBoundaries/high-scale/peak-over","Elapsed":0}
{"Time":"2026-09-05T21:59:15.090146+09:00","Action":"run","Package":"waiting-room/internal/installplan","Test":"TestValidationBoundaries/high-scale/lease-zero"}
{"Time":"2026-09-05T21:59:15.090151+09:00","Action":"output","Package":"waiting-room/internal/installplan","Test":"TestValidationBoundaries/high-scale/lease-zero","Output":"=== RUN   TestValidationBoundaries/high-scale/lease-zero\n"}
{"Time":"2026-09-05T21:59:15.090197+09:00","Action":"output","Package":"waiting-room/internal/installplan","Test":"TestValidationBoundaries/high-scale/lease-zero","Output":"--- PASS: TestValidationBoundaries/high-scale/lease-zero (0.00s)\n"}
{"Time":"2026-09-05T21:59:15.090203+09:00","Action":"pass","Package":"waiting-room/internal/installplan","Test":"TestValidationBoundaries/high-scale/lease-zero","Elapsed":0}
{"Time":"2026-09-05T21:59:15.090221+09:00","Action":"run","Package":"waiting-room/internal/installplan","Test":"TestValidationBoundaries/high-scale/lease-over"}
{"Time":"2026-09-05T21:59:15.090225+09:00","Action":"output","Package":"waiting-room/internal/installplan","Test":"TestValidationBoundaries/high-scale/lease-over","Output":"=== RUN   TestValidationBoundaries/high-scale/lease-over\n"}
{"Time":"2026-09-05T21:59:15.09027+09:00","Action":"output","Package":"waiting-room/internal/installplan","Test":"TestValidationBoundaries/high-scale/lease-over","Output":"--- PASS: TestValidationBoundaries/high-scale/lease-over (0.00s)\n"}
{"Time":"2026-09-05T21:59:15.090283+09:00","Action":"pass","Package":"waiting-room/internal/installplan","Test":"TestValidationBoundaries/high-scale/lease-over","Elapsed":0}
{"Time":"2026-09-05T21:59:15.090302+09:00","Action":"run","Package":"waiting-room/internal/installplan","Test":"TestValidationBoundaries/high-scale/rate-zero"}
{"Time":"2026-09-05T21:59:15.090307+09:00","Action":"output","Package":"waiting-room/internal/installplan","Test":"TestValidationBoundaries/high-scale/rate-zero","Output":"=== RUN   TestValidationBoundaries/high-scale/rate-zero\n"}
{"Time":"2026-09-05T21:59:15.090363+09:00","Action":"output","Package":"waiting-room/internal/installplan","Test":"TestValidationBoundaries/high-scale/rate-zero","Output":"--- PASS: TestValidationBoundaries/high-scale/rate-zero (0.00s)\n"}
{"Time":"2026-09-05T21:59:15.090368+09:00","Action":"pass","Package":"waiting-room/internal/installplan","Test":"TestValidationBoundaries/high-scale/rate-zero","Elapsed":0}
{"Time":"2026-09-05T21:59:15.090374+09:00","Action":"run","Package":"waiting-room/internal/installplan","Test":"TestValidationBoundaries/high-scale/rate-over"}
{"Time":"2026-09-05T21:59:15.090376+09:00","Action":"output","Package":"waiting-room/internal/installplan","Test":"TestValidationBoundaries/high-scale/rate-over","Output":"=== RUN   TestValidationBoundaries/high-scale/rate-over\n"}
{"Time":"2026-09-05T21:59:15.090429+09:00","Action":"output","Package":"waiting-room/internal/installplan","Test":"TestValidationBoundaries/high-scale/rate-over","Output":"--- PASS: TestValidationBoundaries/high-scale/rate-over (0.00s)\n"}
{"Time":"2026-09-05T21:59:15.090439+09:00","Action":"pass","Package":"waiting-room/internal/installplan","Test":"TestValidationBoundaries/high-scale/rate-over","Elapsed":0}
{"Time":"2026-09-05T21:59:15.090453+09:00","Action":"run","Package":"waiting-room/internal/installplan","Test":"TestValidationBoundaries/high-scale/ttl-low"}
{"Time":"2026-09-05T21:59:15.090457+09:00","Action":"output","Package":"waiting-room/internal/installplan","Test":"TestValidationBoundaries/high-scale/ttl-low","Output":"=== RUN   TestValidationBoundaries/high-scale/ttl-low\n"}
{"Time":"2026-09-05T21:59:15.090537+09:00","Action":"output","Package":"waiting-room/internal/installplan","Test":"TestValidationBoundaries/high-scale/ttl-low","Output":"--- PASS: TestValidationBoundaries/high-scale/ttl-low (0.00s)\n"}
{"Time":"2026-09-05T21:59:15.090543+09:00","Action":"pass","Package":"waiting-room/internal/installplan","Test":"TestValidationBoundaries/high-scale/ttl-low","Elapsed":0}
{"Time":"2026-09-05T21:59:15.090564+09:00","Action":"run","Package":"waiting-room/internal/installplan","Test":"TestValidationBoundaries/high-scale/ttl-high"}
{"Time":"2026-09-05T21:59:15.090568+09:00","Action":"output","Package":"waiting-room/internal/installplan","Test":"TestValidationBoundaries/high-scale/ttl-high","Output":"=== RUN   TestValidationBoundaries/high-scale/ttl-high\n"}
{"Time":"2026-09-05T21:59:15.090613+09:00","Action":"output","Package":"waiting-room/internal/installplan","Test":"TestValidationBoundaries/high-scale/ttl-high","Output":"--- PASS: TestValidationBoundaries/high-scale/ttl-high (0.00s)\n"}
{"Time":"2026-09-05T21:59:15.090626+09:00","Action":"pass","Package":"waiting-room/internal/installplan","Test":"TestValidationBoundaries/high-scale/ttl-high","Elapsed":0}
{"Time":"2026-09-05T21:59:15.090645+09:00","Action":"run","Package":"waiting-room/internal/installplan","Test":"TestValidationBoundaries/high-scale/forced-off"}
{"Time":"2026-09-05T21:59:15.090649+09:00","Action":"output","Package":"waiting-room/internal/installplan","Test":"TestValidationBoundaries/high-scale/forced-off","Output":"=== RUN   TestValidationBoundaries/high-scale/forced-off\n"}
{"Time":"2026-09-05T21:59:15.090701+09:00","Action":"output","Package":"waiting-room/internal/installplan","Test":"TestValidationBoundaries/high-scale/forced-off","Output":"--- PASS: TestValidationBoundaries/high-scale/forced-off (0.00s)\n"}
{"Time":"2026-09-05T21:59:15.090707+09:00","Action":"pass","Package":"waiting-room/internal/installplan","Test":"TestValidationBoundaries/high-scale/forced-off","Elapsed":0}
{"Time":"2026-09-05T21:59:15.090729+09:00","Action":"run","Package":"waiting-room/internal/installplan","Test":"TestValidationBoundaries/high-scale/unknown-policy"}
{"Time":"2026-09-05T21:59:15.090733+09:00","Action":"output","Package":"waiting-room/internal/installplan","Test":"TestValidationBoundaries/high-scale/unknown-policy","Output":"=== RUN   TestValidationBoundaries/high-scale/unknown-policy\n"}
{"Time":"2026-09-05T21:59:15.090788+09:00","Action":"output","Package":"waiting-room/internal/installplan","Test":"TestValidationBoundaries/high-scale/unknown-policy","Output":"--- PASS: TestValidationBoundaries/high-scale/unknown-policy (0.00s)\n"}
{"Time":"2026-09-05T21:59:15.090793+09:00","Action":"pass","Package":"waiting-room/internal/installplan","Test":"TestValidationBoundaries/high-scale/unknown-policy","Elapsed":0}
{"Time":"2026-09-05T21:59:15.090797+09:00","Action":"run","Package":"waiting-room/internal/installplan","Test":"TestValidationBoundaries/high-scale/multi-region"}
{"Time":"2026-09-05T21:59:15.0908+09:00","Action":"output","Package":"waiting-room/internal/installplan","Test":"TestValidationBoundaries/high-scale/multi-region","Output":"=== RUN   TestValidationBoundaries/high-scale/multi-region\n"}
{"Time":"2026-09-05T21:59:15.090851+09:00","Action":"output","Package":"waiting-room/internal/installplan","Test":"TestValidationBoundaries/high-scale/multi-region","Output":"--- PASS: TestValidationBoundaries/high-scale/multi-region (0.00s)\n"}
{"Time":"2026-09-05T21:59:15.090855+09:00","Action":"pass","Package":"waiting-room/internal/installplan","Test":"TestValidationBoundaries/high-scale/multi-region","Elapsed":0}
{"Time":"2026-09-05T21:59:15.090871+09:00","Action":"run","Package":"waiting-room/internal/installplan","Test":"TestValidationBoundaries/high-scale/unknown-profile"}
{"Time":"2026-09-05T21:59:15.090874+09:00","Action":"output","Package":"waiting-room/internal/installplan","Test":"TestValidationBoundaries/high-scale/unknown-profile","Output":"=== RUN   TestValidationBoundaries/high-scale/unknown-profile\n"}
{"Time":"2026-09-05T21:59:15.090911+09:00","Action":"output","Package":"waiting-room/internal/installplan","Test":"TestValidationBoundaries/high-scale/unknown-profile","Output":"--- PASS: TestValidationBoundaries/high-scale/unknown-profile (0.00s)\n"}
{"Time":"2026-09-05T21:59:15.090917+09:00","Action":"pass","Package":"waiting-room/internal/installplan","Test":"TestValidationBoundaries/high-scale/unknown-profile","Elapsed":0}
{"Time":"2026-09-05T21:59:15.090931+09:00","Action":"run","Package":"waiting-room/internal/installplan","Test":"TestValidationBoundaries/high-scale/version"}
{"Time":"2026-09-05T21:59:15.090934+09:00","Action":"output","Package":"waiting-room/internal/installplan","Test":"TestValidationBoundaries/high-scale/version","Output":"=== RUN   TestValidationBoundaries/high-scale/version\n"}
{"Time":"2026-09-05T21:59:15.090971+09:00","Action":"output","Package":"waiting-room/internal/installplan","Test":"TestValidationBoundaries/high-scale/version","Output":"--- PASS: TestValidationBoundaries/high-scale/version (0.00s)\n"}
{"Time":"2026-09-05T21:59:15.090978+09:00","Action":"pass","Package":"waiting-room/internal/installplan","Test":"TestValidationBoundaries/high-scale/version","Elapsed":0}
{"Time":"2026-09-05T21:59:15.090997+09:00","Action":"run","Package":"waiting-room/internal/installplan","Test":"TestValidationBoundaries/high-scale/totp-mode"}
{"Time":"2026-09-05T21:59:15.090999+09:00","Action":"output","Package":"waiting-room/internal/installplan","Test":"TestValidationBoundaries/high-scale/totp-mode","Output":"=== RUN   TestValidationBoundaries/high-scale/totp-mode\n"}
{"Time":"2026-09-05T21:59:15.091057+09:00","Action":"output","Package":"waiting-room/internal/installplan","Test":"TestValidationBoundaries/high-scale/totp-mode","Output":"--- PASS: TestValidationBoundaries/high-scale/totp-mode (0.00s)\n"}
{"Time":"2026-09-05T21:59:15.091074+09:00","Action":"pass","Package":"waiting-room/internal/installplan","Test":"TestValidationBoundaries/high-scale/totp-mode","Elapsed":0}
{"Time":"2026-09-05T21:59:15.091078+09:00","Action":"run","Package":"waiting-room/internal/installplan","Test":"TestValidationBoundaries/high-scale/region-empty"}
{"Time":"2026-09-05T21:59:15.091079+09:00","Action":"output","Package":"waiting-room/internal/installplan","Test":"TestValidationBoundaries/high-scale/region-empty","Output":"=== RUN   TestValidationBoundaries/high-scale/region-empty\n"}
{"Time":"2026-09-05T21:59:15.091148+09:00","Action":"output","Package":"waiting-room/internal/installplan","Test":"TestValidationBoundaries/high-scale/region-empty","Output":"--- PASS: TestValidationBoundaries/high-scale/region-empty (0.00s)\n"}
{"Time":"2026-09-05T21:59:15.091163+09:00","Action":"pass","Package":"waiting-room/internal/installplan","Test":"TestValidationBoundaries/high-scale/region-empty","Elapsed":0}
{"Time":"2026-09-05T21:59:15.091182+09:00","Action":"run","Package":"waiting-room/internal/installplan","Test":"TestValidationBoundaries/high-scale/region-long"}
{"Time":"2026-09-05T21:59:15.091185+09:00","Action":"output","Package":"waiting-room/internal/installplan","Test":"TestValidationBoundaries/high-scale/region-long","Output":"=== RUN   TestValidationBoundaries/high-scale/region-long\n"}
{"Time":"2026-09-05T21:59:15.091276+09:00","Action":"output","Package":"waiting-room/internal/installplan","Test":"TestValidationBoundaries/high-scale/region-long","Output":"--- PASS: TestValidationBoundaries/high-scale/region-long (0.00s)\n"}
{"Time":"2026-09-05T21:59:15.091293+09:00","Action":"pass","Package":"waiting-room/internal/installplan","Test":"TestValidationBoundaries/high-scale/region-long","Elapsed":0}
{"Time":"2026-09-05T21:59:15.091363+09:00","Action":"output","Package":"waiting-room/internal/installplan","Test":"TestValidationBoundaries","Output":"--- PASS: TestValidationBoundaries (0.00s)\n"}
{"Time":"2026-09-05T21:59:15.091369+09:00","Action":"pass","Package":"waiting-room/internal/installplan","Test":"TestValidationBoundaries","Elapsed":0}
{"Time":"2026-09-05T21:59:15.091387+09:00","Action":"run","Package":"waiting-room/internal/installplan","Test":"TestStrictDecodeAndNoErrorEcho"}
{"Time":"2026-09-05T21:59:15.091397+09:00","Action":"output","Package":"waiting-room/internal/installplan","Test":"TestStrictDecodeAndNoErrorEcho","Output":"=== RUN   TestStrictDecodeAndNoErrorEcho\n"}
{"Time":"2026-09-05T21:59:15.091702+09:00","Action":"run","Package":"waiting-room/internal/installplan","Test":"TestStrictDecodeAndNoErrorEcho/nested-case"}
{"Time":"2026-09-05T21:59:15.091707+09:00","Action":"output","Package":"waiting-room/internal/installplan","Test":"TestStrictDecodeAndNoErrorEcho/nested-case","Output":"=== RUN   TestStrictDecodeAndNoErrorEcho/nested-case\n"}
{"Time":"2026-09-05T21:59:15.092011+09:00","Action":"output","Package":"waiting-room/internal/installplan","Test":"TestStrictDecodeAndNoErrorEcho/nested-case","Output":"--- PASS: TestStrictDecodeAndNoErrorEcho/nested-case (0.00s)\n"}
{"Time":"2026-09-05T21:59:15.092017+09:00","Action":"pass","Package":"waiting-room/internal/installplan","Test":"TestStrictDecodeAndNoErrorEcho/nested-case","Elapsed":0}
{"Time":"2026-09-05T21:59:15.092039+09:00","Action":"run","Package":"waiting-room/internal/installplan","Test":"TestStrictDecodeAndNoErrorEcho/malformed"}
{"Time":"2026-09-05T21:59:15.092042+09:00","Action":"output","Package":"waiting-room/internal/installplan","Test":"TestStrictDecodeAndNoErrorEcho/malformed","Output":"=== RUN   TestStrictDecodeAndNoErrorEcho/malformed\n"}
{"Time":"2026-09-05T21:59:15.092234+09:00","Action":"output","Package":"waiting-room/internal/installplan","Test":"TestStrictDecodeAndNoErrorEcho/malformed","Output":"--- PASS: TestStrictDecodeAndNoErrorEcho/malformed (0.00s)\n"}
{"Time":"2026-09-05T21:59:15.092241+09:00","Action":"pass","Package":"waiting-room/internal/installplan","Test":"TestStrictDecodeAndNoErrorEcho/malformed","Elapsed":0}
{"Time":"2026-09-05T21:59:15.092257+09:00","Action":"run","Package":"waiting-room/internal/installplan","Test":"TestStrictDecodeAndNoErrorEcho/unknown-secret"}
{"Time":"2026-09-05T21:59:15.09226+09:00","Action":"output","Package":"waiting-room/internal/installplan","Test":"TestStrictDecodeAndNoErrorEcho/unknown-secret","Output":"=== RUN   TestStrictDecodeAndNoErrorEcho/unknown-secret\n"}
{"Time":"2026-09-05T21:59:15.092412+09:00","Action":"output","Package":"waiting-room/internal/installplan","Test":"TestStrictDecodeAndNoErrorEcho/unknown-secret","Output":"--- PASS: TestStrictDecodeAndNoErrorEcho/unknown-secret (0.00s)\n"}
{"Time":"2026-09-05T21:59:15.092417+09:00","Action":"pass","Package":"waiting-room/internal/installplan","Test":"TestStrictDecodeAndNoErrorEcho/unknown-secret","Elapsed":0}
{"Time":"2026-09-05T21:59:15.092436+09:00","Action":"run","Package":"waiting-room/internal/installplan","Test":"TestStrictDecodeAndNoErrorEcho/duplicate"}
{"Time":"2026-09-05T21:59:15.092439+09:00","Action":"output","Package":"waiting-room/internal/installplan","Test":"TestStrictDecodeAndNoErrorEcho/duplicate","Output":"=== RUN   TestStrictDecodeAndNoErrorEcho/duplicate\n"}
{"Time":"2026-09-05T21:59:15.092602+09:00","Action":"output","Package":"waiting-room/internal/installplan","Test":"TestStrictDecodeAndNoErrorEcho/duplicate","Output":"--- PASS: TestStrictDecodeAndNoErrorEcho/duplicate (0.00s)\n"}
{"Time":"2026-09-05T21:59:15.092607+09:00","Action":"pass","Package":"waiting-room/internal/installplan","Test":"TestStrictDecodeAndNoErrorEcho/duplicate","Elapsed":0}
{"Time":"2026-09-05T21:59:15.09261+09:00","Action":"run","Package":"waiting-room/internal/installplan","Test":"TestStrictDecodeAndNoErrorEcho/duplicate-escaped"}
{"Time":"2026-09-05T21:59:15.092619+09:00","Action":"output","Package":"waiting-room/internal/installplan","Test":"TestStrictDecodeAndNoErrorEcho/duplicate-escaped","Output":"=== RUN   TestStrictDecodeAndNoErrorEcho/duplicate-escaped\n"}
{"Time":"2026-09-05T21:59:15.092794+09:00","Action":"output","Package":"waiting-room/internal/installplan","Test":"TestStrictDecodeAndNoErrorEcho/duplicate-escaped","Output":"--- PASS: TestStrictDecodeAndNoErrorEcho/duplicate-escaped (0.00s)\n"}
{"Time":"2026-09-05T21:59:15.092813+09:00","Action":"pass","Package":"waiting-room/internal/installplan","Test":"TestStrictDecodeAndNoErrorEcho/duplicate-escaped","Elapsed":0}
{"Time":"2026-09-05T21:59:15.092823+09:00","Action":"run","Package":"waiting-room/internal/installplan","Test":"TestStrictDecodeAndNoErrorEcho/wrong-type"}
{"Time":"2026-09-05T21:59:15.092844+09:00","Action":"output","Package":"waiting-room/internal/installplan","Test":"TestStrictDecodeAndNoErrorEcho/wrong-type","Output":"=== RUN   TestStrictDecodeAndNoErrorEcho/wrong-type\n"}
{"Time":"2026-09-05T21:59:15.092987+09:00","Action":"output","Package":"waiting-room/internal/installplan","Test":"TestStrictDecodeAndNoErrorEcho/wrong-type","Output":"--- PASS: TestStrictDecodeAndNoErrorEcho/wrong-type (0.00s)\n"}
{"Time":"2026-09-05T21:59:15.093006+09:00","Action":"pass","Package":"waiting-room/internal/installplan","Test":"TestStrictDecodeAndNoErrorEcho/wrong-type","Elapsed":0}
{"Time":"2026-09-05T21:59:15.093015+09:00","Action":"run","Package":"waiting-room/internal/installplan","Test":"TestStrictDecodeAndNoErrorEcho/oversize"}
{"Time":"2026-09-05T21:59:15.093016+09:00","Action":"output","Package":"waiting-room/internal/installplan","Test":"TestStrictDecodeAndNoErrorEcho/oversize","Output":"=== RUN   TestStrictDecodeAndNoErrorEcho/oversize\n"}
{"Time":"2026-09-05T21:59:15.09309+09:00","Action":"output","Package":"waiting-room/internal/installplan","Test":"TestStrictDecodeAndNoErrorEcho/oversize","Output":"--- PASS: TestStrictDecodeAndNoErrorEcho/oversize (0.00s)\n"}
{"Time":"2026-09-05T21:59:15.093095+09:00","Action":"pass","Package":"waiting-room/internal/installplan","Test":"TestStrictDecodeAndNoErrorEcho/oversize","Elapsed":0}
{"Time":"2026-09-05T21:59:15.093103+09:00","Action":"run","Package":"waiting-room/internal/installplan","Test":"TestStrictDecodeAndNoErrorEcho/regions"}
{"Time":"2026-09-05T21:59:15.093106+09:00","Action":"output","Package":"waiting-room/internal/installplan","Test":"TestStrictDecodeAndNoErrorEcho/regions","Output":"=== RUN   TestStrictDecodeAndNoErrorEcho/regions\n"}
{"Time":"2026-09-05T21:59:15.093152+09:00","Action":"output","Package":"waiting-room/internal/installplan","Test":"TestStrictDecodeAndNoErrorEcho/regions","Output":"--- PASS: TestStrictDecodeAndNoErrorEcho/regions (0.00s)\n"}
{"Time":"2026-09-05T21:59:15.093161+09:00","Action":"pass","Package":"waiting-room/internal/installplan","Test":"TestStrictDecodeAndNoErrorEcho/regions","Elapsed":0}
{"Time":"2026-09-05T21:59:15.09317+09:00","Action":"run","Package":"waiting-room/internal/installplan","Test":"TestStrictDecodeAndNoErrorEcho/array"}
{"Time":"2026-09-05T21:59:15.093172+09:00","Action":"output","Package":"waiting-room/internal/installplan","Test":"TestStrictDecodeAndNoErrorEcho/array","Output":"=== RUN   TestStrictDecodeAndNoErrorEcho/array\n"}
{"Time":"2026-09-05T21:59:15.093192+09:00","Action":"output","Package":"waiting-room/internal/installplan","Test":"TestStrictDecodeAndNoErrorEcho/array","Output":"--- PASS: TestStrictDecodeAndNoErrorEcho/array (0.00s)\n"}
{"Time":"2026-09-05T21:59:15.093201+09:00","Action":"pass","Package":"waiting-room/internal/installplan","Test":"TestStrictDecodeAndNoErrorEcho/array","Elapsed":0}
{"Time":"2026-09-05T21:59:15.093207+09:00","Action":"run","Package":"waiting-room/internal/installplan","Test":"TestStrictDecodeAndNoErrorEcho/nested-secret"}
{"Time":"2026-09-05T21:59:15.093208+09:00","Action":"output","Package":"waiting-room/internal/installplan","Test":"TestStrictDecodeAndNoErrorEcho/nested-secret","Output":"=== RUN   TestStrictDecodeAndNoErrorEcho/nested-secret\n"}
{"Time":"2026-09-05T21:59:15.093297+09:00","Action":"output","Package":"waiting-room/internal/installplan","Test":"TestStrictDecodeAndNoErrorEcho/nested-secret","Output":"--- PASS: TestStrictDecodeAndNoErrorEcho/nested-secret (0.00s)\n"}
{"Time":"2026-09-05T21:59:15.093301+09:00","Action":"pass","Package":"waiting-room/internal/installplan","Test":"TestStrictDecodeAndNoErrorEcho/nested-secret","Elapsed":0}
{"Time":"2026-09-05T21:59:15.093312+09:00","Action":"run","Package":"waiting-room/internal/installplan","Test":"TestStrictDecodeAndNoErrorEcho/wrong-case"}
{"Time":"2026-09-05T21:59:15.093317+09:00","Action":"output","Package":"waiting-room/internal/installplan","Test":"TestStrictDecodeAndNoErrorEcho/wrong-case","Output":"=== RUN   TestStrictDecodeAndNoErrorEcho/wrong-case\n"}
{"Time":"2026-09-05T21:59:15.093391+09:00","Action":"output","Package":"waiting-room/internal/installplan","Test":"TestStrictDecodeAndNoErrorEcho/wrong-case","Output":"--- PASS: TestStrictDecodeAndNoErrorEcho/wrong-case (0.00s)\n"}
{"Time":"2026-09-05T21:59:15.093395+09:00","Action":"pass","Package":"waiting-room/internal/installplan","Test":"TestStrictDecodeAndNoErrorEcho/wrong-case","Elapsed":0}
{"Time":"2026-09-05T21:59:15.093403+09:00","Action":"run","Package":"waiting-room/internal/installplan","Test":"TestStrictDecodeAndNoErrorEcho/missing-bool"}
{"Time":"2026-09-05T21:59:15.093405+09:00","Action":"output","Package":"waiting-room/internal/installplan","Test":"TestStrictDecodeAndNoErrorEcho/missing-bool","Output":"=== RUN   TestStrictDecodeAndNoErrorEcho/missing-bool\n"}
{"Time":"2026-09-05T21:59:15.093485+09:00","Action":"output","Package":"waiting-room/internal/installplan","Test":"TestStrictDecodeAndNoErrorEcho/missing-bool","Output":"--- PASS: TestStrictDecodeAndNoErrorEcho/missing-bool (0.00s)\n"}
{"Time":"2026-09-05T21:59:15.093489+09:00","Action":"pass","Package":"waiting-room/internal/installplan","Test":"TestStrictDecodeAndNoErrorEcho/missing-bool","Elapsed":0}
{"Time":"2026-09-05T21:59:15.093498+09:00","Action":"run","Package":"waiting-room/internal/installplan","Test":"TestStrictDecodeAndNoErrorEcho/null"}
{"Time":"2026-09-05T21:59:15.093507+09:00","Action":"output","Package":"waiting-room/internal/installplan","Test":"TestStrictDecodeAndNoErrorEcho/null","Output":"=== RUN   TestStrictDecodeAndNoErrorEcho/null\n"}
{"Time":"2026-09-05T21:59:15.093573+09:00","Action":"output","Package":"waiting-room/internal/installplan","Test":"TestStrictDecodeAndNoErrorEcho/null","Output":"--- PASS: TestStrictDecodeAndNoErrorEcho/null (0.00s)\n"}
{"Time":"2026-09-05T21:59:15.093577+09:00","Action":"pass","Package":"waiting-room/internal/installplan","Test":"TestStrictDecodeAndNoErrorEcho/null","Elapsed":0}
{"Time":"2026-09-05T21:59:15.093587+09:00","Action":"run","Package":"waiting-room/internal/installplan","Test":"TestStrictDecodeAndNoErrorEcho/multiple"}
{"Time":"2026-09-05T21:59:15.093588+09:00","Action":"output","Package":"waiting-room/internal/installplan","Test":"TestStrictDecodeAndNoErrorEcho/multiple","Output":"=== RUN   TestStrictDecodeAndNoErrorEcho/multiple\n"}
{"Time":"2026-09-05T21:59:15.093662+09:00","Action":"output","Package":"waiting-room/internal/installplan","Test":"TestStrictDecodeAndNoErrorEcho/multiple","Output":"--- PASS: TestStrictDecodeAndNoErrorEcho/multiple (0.00s)\n"}
{"Time":"2026-09-05T21:59:15.093666+09:00","Action":"pass","Package":"waiting-room/internal/installplan","Test":"TestStrictDecodeAndNoErrorEcho/multiple","Elapsed":0}
{"Time":"2026-09-05T21:59:15.093682+09:00","Action":"output","Package":"waiting-room/internal/installplan","Test":"TestStrictDecodeAndNoErrorEcho","Output":"--- PASS: TestStrictDecodeAndNoErrorEcho (0.00s)\n"}
{"Time":"2026-09-05T21:59:15.093694+09:00","Action":"pass","Package":"waiting-room/internal/installplan","Test":"TestStrictDecodeAndNoErrorEcho","Elapsed":0}
{"Time":"2026-09-05T21:59:15.093702+09:00","Action":"run","Package":"waiting-room/internal/installplan","Test":"TestDeterministicPlanAndOwnedSlices"}
{"Time":"2026-09-05T21:59:15.093705+09:00","Action":"output","Package":"waiting-room/internal/installplan","Test":"TestDeterministicPlanAndOwnedSlices","Output":"=== RUN   TestDeterministicPlanAndOwnedSlices\n"}
{"Time":"2026-09-05T21:59:15.094142+09:00","Action":"run","Package":"waiting-room/internal/installplan","Test":"TestDeterministicPlanAndOwnedSlices/repeat"}
{"Time":"2026-09-05T21:59:15.094145+09:00","Action":"output","Package":"waiting-room/internal/installplan","Test":"TestDeterministicPlanAndOwnedSlices/repeat","Output":"=== RUN   TestDeterministicPlanAndOwnedSlices/repeat\n"}
{"Time":"2026-09-05T21:59:15.094162+09:00","Action":"output","Package":"waiting-room/internal/installplan","Test":"TestDeterministicPlanAndOwnedSlices/repeat","Output":"=== PAUSE TestDeterministicPlanAndOwnedSlices/repeat\n"}
{"Time":"2026-09-05T21:59:15.09417+09:00","Action":"pause","Package":"waiting-room/internal/installplan","Test":"TestDeterministicPlanAndOwnedSlices/repeat"}
{"Time":"2026-09-05T21:59:15.094199+09:00","Action":"run","Package":"waiting-room/internal/installplan","Test":"TestDeterministicPlanAndOwnedSlices/repeat#01"}
{"Time":"2026-09-05T21:59:15.094202+09:00","Action":"output","Package":"waiting-room/internal/installplan","Test":"TestDeterministicPlanAndOwnedSlices/repeat#01","Output":"=== RUN   TestDeterministicPlanAndOwnedSlices/repeat#01\n"}
{"Time":"2026-09-05T21:59:15.094222+09:00","Action":"output","Package":"waiting-room/internal/installplan","Test":"TestDeterministicPlanAndOwnedSlices/repeat#01","Output":"=== PAUSE TestDeterministicPlanAndOwnedSlices/repeat#01\n"}
{"Time":"2026-09-05T21:59:15.094225+09:00","Action":"pause","Package":"waiting-room/internal/installplan","Test":"TestDeterministicPlanAndOwnedSlices/repeat#01"}
{"Time":"2026-09-05T21:59:15.094253+09:00","Action":"run","Package":"waiting-room/internal/installplan","Test":"TestDeterministicPlanAndOwnedSlices/repeat#02"}
{"Time":"2026-09-05T21:59:15.094261+09:00","Action":"output","Package":"waiting-room/internal/installplan","Test":"TestDeterministicPlanAndOwnedSlices/repeat#02","Output":"=== RUN   TestDeterministicPlanAndOwnedSlices/repeat#02\n"}
{"Time":"2026-09-05T21:59:15.094275+09:00","Action":"output","Package":"waiting-room/internal/installplan","Test":"TestDeterministicPlanAndOwnedSlices/repeat#02","Output":"=== PAUSE TestDeterministicPlanAndOwnedSlices/repeat#02\n"}
{"Time":"2026-09-05T21:59:15.094278+09:00","Action":"pause","Package":"waiting-room/internal/installplan","Test":"TestDeterministicPlanAndOwnedSlices/repeat#02"}
{"Time":"2026-09-05T21:59:15.094301+09:00","Action":"run","Package":"waiting-room/internal/installplan","Test":"TestDeterministicPlanAndOwnedSlices/repeat#03"}
{"Time":"2026-09-05T21:59:15.094304+09:00","Action":"output","Package":"waiting-room/internal/installplan","Test":"TestDeterministicPlanAndOwnedSlices/repeat#03","Output":"=== RUN   TestDeterministicPlanAndOwnedSlices/repeat#03\n"}
{"Time":"2026-09-05T21:59:15.094323+09:00","Action":"output","Package":"waiting-room/internal/installplan","Test":"TestDeterministicPlanAndOwnedSlices/repeat#03","Output":"=== PAUSE TestDeterministicPlanAndOwnedSlices/repeat#03\n"}
{"Time":"2026-09-05T21:59:15.094326+09:00","Action":"pause","Package":"waiting-room/internal/installplan","Test":"TestDeterministicPlanAndOwnedSlices/repeat#03"}
{"Time":"2026-09-05T21:59:15.094345+09:00","Action":"run","Package":"waiting-room/internal/installplan","Test":"TestDeterministicPlanAndOwnedSlices/repeat#04"}
{"Time":"2026-09-05T21:59:15.094347+09:00","Action":"output","Package":"waiting-room/internal/installplan","Test":"TestDeterministicPlanAndOwnedSlices/repeat#04","Output":"=== RUN   TestDeterministicPlanAndOwnedSlices/repeat#04\n"}
{"Time":"2026-09-05T21:59:15.094368+09:00","Action":"output","Package":"waiting-room/internal/installplan","Test":"TestDeterministicPlanAndOwnedSlices/repeat#04","Output":"=== PAUSE TestDeterministicPlanAndOwnedSlices/repeat#04\n"}
{"Time":"2026-09-05T21:59:15.09437+09:00","Action":"pause","Package":"waiting-room/internal/installplan","Test":"TestDeterministicPlanAndOwnedSlices/repeat#04"}
{"Time":"2026-09-05T21:59:15.094396+09:00","Action":"run","Package":"waiting-room/internal/installplan","Test":"TestDeterministicPlanAndOwnedSlices/repeat#05"}
{"Time":"2026-09-05T21:59:15.094399+09:00","Action":"output","Package":"waiting-room/internal/installplan","Test":"TestDeterministicPlanAndOwnedSlices/repeat#05","Output":"=== RUN   TestDeterministicPlanAndOwnedSlices/repeat#05\n"}
{"Time":"2026-09-05T21:59:15.094417+09:00","Action":"output","Package":"waiting-room/internal/installplan","Test":"TestDeterministicPlanAndOwnedSlices/repeat#05","Output":"=== PAUSE TestDeterministicPlanAndOwnedSlices/repeat#05\n"}
{"Time":"2026-09-05T21:59:15.09442+09:00","Action":"pause","Package":"waiting-room/internal/installplan","Test":"TestDeterministicPlanAndOwnedSlices/repeat#05"}
{"Time":"2026-09-05T21:59:15.094444+09:00","Action":"run","Package":"waiting-room/internal/installplan","Test":"TestDeterministicPlanAndOwnedSlices/repeat#06"}
{"Time":"2026-09-05T21:59:15.094448+09:00","Action":"output","Package":"waiting-room/internal/installplan","Test":"TestDeterministicPlanAndOwnedSlices/repeat#06","Output":"=== RUN   TestDeterministicPlanAndOwnedSlices/repeat#06\n"}
{"Time":"2026-09-05T21:59:15.094463+09:00","Action":"output","Package":"waiting-room/internal/installplan","Test":"TestDeterministicPlanAndOwnedSlices/repeat#06","Output":"=== PAUSE TestDeterministicPlanAndOwnedSlices/repeat#06\n"}
{"Time":"2026-09-05T21:59:15.094467+09:00","Action":"pause","Package":"waiting-room/internal/installplan","Test":"TestDeterministicPlanAndOwnedSlices/repeat#06"}
{"Time":"2026-09-05T21:59:15.094488+09:00","Action":"run","Package":"waiting-room/internal/installplan","Test":"TestDeterministicPlanAndOwnedSlices/repeat#07"}
{"Time":"2026-09-05T21:59:15.094492+09:00","Action":"output","Package":"waiting-room/internal/installplan","Test":"TestDeterministicPlanAndOwnedSlices/repeat#07","Output":"=== RUN   TestDeterministicPlanAndOwnedSlices/repeat#07\n"}
{"Time":"2026-09-05T21:59:15.094509+09:00","Action":"output","Package":"waiting-room/internal/installplan","Test":"TestDeterministicPlanAndOwnedSlices/repeat#07","Output":"=== PAUSE TestDeterministicPlanAndOwnedSlices/repeat#07\n"}
{"Time":"2026-09-05T21:59:15.094512+09:00","Action":"pause","Package":"waiting-room/internal/installplan","Test":"TestDeterministicPlanAndOwnedSlices/repeat#07"}
{"Time":"2026-09-05T21:59:15.094532+09:00","Action":"run","Package":"waiting-room/internal/installplan","Test":"TestDeterministicPlanAndOwnedSlices/repeat#08"}
{"Time":"2026-09-05T21:59:15.094535+09:00","Action":"output","Package":"waiting-room/internal/installplan","Test":"TestDeterministicPlanAndOwnedSlices/repeat#08","Output":"=== RUN   TestDeterministicPlanAndOwnedSlices/repeat#08\n"}
{"Time":"2026-09-05T21:59:15.094553+09:00","Action":"output","Package":"waiting-room/internal/installplan","Test":"TestDeterministicPlanAndOwnedSlices/repeat#08","Output":"=== PAUSE TestDeterministicPlanAndOwnedSlices/repeat#08\n"}
{"Time":"2026-09-05T21:59:15.094556+09:00","Action":"pause","Package":"waiting-room/internal/installplan","Test":"TestDeterministicPlanAndOwnedSlices/repeat#08"}
{"Time":"2026-09-05T21:59:15.094578+09:00","Action":"run","Package":"waiting-room/internal/installplan","Test":"TestDeterministicPlanAndOwnedSlices/repeat#09"}
{"Time":"2026-09-05T21:59:15.094581+09:00","Action":"output","Package":"waiting-room/internal/installplan","Test":"TestDeterministicPlanAndOwnedSlices/repeat#09","Output":"=== RUN   TestDeterministicPlanAndOwnedSlices/repeat#09\n"}
{"Time":"2026-09-05T21:59:15.094598+09:00","Action":"output","Package":"waiting-room/internal/installplan","Test":"TestDeterministicPlanAndOwnedSlices/repeat#09","Output":"=== PAUSE TestDeterministicPlanAndOwnedSlices/repeat#09\n"}
{"Time":"2026-09-05T21:59:15.094601+09:00","Action":"pause","Package":"waiting-room/internal/installplan","Test":"TestDeterministicPlanAndOwnedSlices/repeat#09"}
{"Time":"2026-09-05T21:59:15.094624+09:00","Action":"run","Package":"waiting-room/internal/installplan","Test":"TestDeterministicPlanAndOwnedSlices/repeat#10"}
{"Time":"2026-09-05T21:59:15.094628+09:00","Action":"output","Package":"waiting-room/internal/installplan","Test":"TestDeterministicPlanAndOwnedSlices/repeat#10","Output":"=== RUN   TestDeterministicPlanAndOwnedSlices/repeat#10\n"}
{"Time":"2026-09-05T21:59:15.094641+09:00","Action":"output","Package":"waiting-room/internal/installplan","Test":"TestDeterministicPlanAndOwnedSlices/repeat#10","Output":"=== PAUSE TestDeterministicPlanAndOwnedSlices/repeat#10\n"}
{"Time":"2026-09-05T21:59:15.094644+09:00","Action":"pause","Package":"waiting-room/internal/installplan","Test":"TestDeterministicPlanAndOwnedSlices/repeat#10"}
{"Time":"2026-09-05T21:59:15.094664+09:00","Action":"run","Package":"waiting-room/internal/installplan","Test":"TestDeterministicPlanAndOwnedSlices/repeat#11"}
{"Time":"2026-09-05T21:59:15.094666+09:00","Action":"output","Package":"waiting-room/internal/installplan","Test":"TestDeterministicPlanAndOwnedSlices/repeat#11","Output":"=== RUN   TestDeterministicPlanAndOwnedSlices/repeat#11\n"}
{"Time":"2026-09-05T21:59:15.094684+09:00","Action":"output","Package":"waiting-room/internal/installplan","Test":"TestDeterministicPlanAndOwnedSlices/repeat#11","Output":"=== PAUSE TestDeterministicPlanAndOwnedSlices/repeat#11\n"}
{"Time":"2026-09-05T21:59:15.094688+09:00","Action":"pause","Package":"waiting-room/internal/installplan","Test":"TestDeterministicPlanAndOwnedSlices/repeat#11"}
{"Time":"2026-09-05T21:59:15.094704+09:00","Action":"run","Package":"waiting-room/internal/installplan","Test":"TestDeterministicPlanAndOwnedSlices/repeat#12"}
{"Time":"2026-09-05T21:59:15.094707+09:00","Action":"output","Package":"waiting-room/internal/installplan","Test":"TestDeterministicPlanAndOwnedSlices/repeat#12","Output":"=== RUN   TestDeterministicPlanAndOwnedSlices/repeat#12\n"}
{"Time":"2026-09-05T21:59:15.094727+09:00","Action":"output","Package":"waiting-room/internal/installplan","Test":"TestDeterministicPlanAndOwnedSlices/repeat#12","Output":"=== PAUSE TestDeterministicPlanAndOwnedSlices/repeat#12\n"}
{"Time":"2026-09-05T21:59:15.09473+09:00","Action":"pause","Package":"waiting-room/internal/installplan","Test":"TestDeterministicPlanAndOwnedSlices/repeat#12"}
{"Time":"2026-09-05T21:59:15.094748+09:00","Action":"run","Package":"waiting-room/internal/installplan","Test":"TestDeterministicPlanAndOwnedSlices/repeat#13"}
{"Time":"2026-09-05T21:59:15.094752+09:00","Action":"output","Package":"waiting-room/internal/installplan","Test":"TestDeterministicPlanAndOwnedSlices/repeat#13","Output":"=== RUN   TestDeterministicPlanAndOwnedSlices/repeat#13\n"}
{"Time":"2026-09-05T21:59:15.094774+09:00","Action":"output","Package":"waiting-room/internal/installplan","Test":"TestDeterministicPlanAndOwnedSlices/repeat#13","Output":"=== PAUSE TestDeterministicPlanAndOwnedSlices/repeat#13\n"}
{"Time":"2026-09-05T21:59:15.094778+09:00","Action":"pause","Package":"waiting-room/internal/installplan","Test":"TestDeterministicPlanAndOwnedSlices/repeat#13"}
{"Time":"2026-09-05T21:59:15.094797+09:00","Action":"run","Package":"waiting-room/internal/installplan","Test":"TestDeterministicPlanAndOwnedSlices/repeat#14"}
{"Time":"2026-09-05T21:59:15.094799+09:00","Action":"output","Package":"waiting-room/internal/installplan","Test":"TestDeterministicPlanAndOwnedSlices/repeat#14","Output":"=== RUN   TestDeterministicPlanAndOwnedSlices/repeat#14\n"}
{"Time":"2026-09-05T21:59:15.094815+09:00","Action":"output","Package":"waiting-room/internal/installplan","Test":"TestDeterministicPlanAndOwnedSlices/repeat#14","Output":"=== PAUSE TestDeterministicPlanAndOwnedSlices/repeat#14\n"}
{"Time":"2026-09-05T21:59:15.094817+09:00","Action":"pause","Package":"waiting-room/internal/installplan","Test":"TestDeterministicPlanAndOwnedSlices/repeat#14"}
{"Time":"2026-09-05T21:59:15.094837+09:00","Action":"run","Package":"waiting-room/internal/installplan","Test":"TestDeterministicPlanAndOwnedSlices/repeat#15"}
{"Time":"2026-09-05T21:59:15.09484+09:00","Action":"output","Package":"waiting-room/internal/installplan","Test":"TestDeterministicPlanAndOwnedSlices/repeat#15","Output":"=== RUN   TestDeterministicPlanAndOwnedSlices/repeat#15\n"}
{"Time":"2026-09-05T21:59:15.094858+09:00","Action":"output","Package":"waiting-room/internal/installplan","Test":"TestDeterministicPlanAndOwnedSlices/repeat#15","Output":"=== PAUSE TestDeterministicPlanAndOwnedSlices/repeat#15\n"}
{"Time":"2026-09-05T21:59:15.094861+09:00","Action":"pause","Package":"waiting-room/internal/installplan","Test":"TestDeterministicPlanAndOwnedSlices/repeat#15"}
{"Time":"2026-09-05T21:59:15.094896+09:00","Action":"run","Package":"waiting-room/internal/installplan","Test":"TestDeterministicPlanAndOwnedSlices/repeat#16"}
{"Time":"2026-09-05T21:59:15.0949+09:00","Action":"output","Package":"waiting-room/internal/installplan","Test":"TestDeterministicPlanAndOwnedSlices/repeat#16","Output":"=== RUN   TestDeterministicPlanAndOwnedSlices/repeat#16\n"}
{"Time":"2026-09-05T21:59:15.094913+09:00","Action":"output","Package":"waiting-room/internal/installplan","Test":"TestDeterministicPlanAndOwnedSlices/repeat#16","Output":"=== PAUSE TestDeterministicPlanAndOwnedSlices/repeat#16\n"}
{"Time":"2026-09-05T21:59:15.094916+09:00","Action":"pause","Package":"waiting-room/internal/installplan","Test":"TestDeterministicPlanAndOwnedSlices/repeat#16"}
{"Time":"2026-09-05T21:59:15.094936+09:00","Action":"run","Package":"waiting-room/internal/installplan","Test":"TestDeterministicPlanAndOwnedSlices/repeat#17"}
{"Time":"2026-09-05T21:59:15.094939+09:00","Action":"output","Package":"waiting-room/internal/installplan","Test":"TestDeterministicPlanAndOwnedSlices/repeat#17","Output":"=== RUN   TestDeterministicPlanAndOwnedSlices/repeat#17\n"}
{"Time":"2026-09-05T21:59:15.094955+09:00","Action":"output","Package":"waiting-room/internal/installplan","Test":"TestDeterministicPlanAndOwnedSlices/repeat#17","Output":"=== PAUSE TestDeterministicPlanAndOwnedSlices/repeat#17\n"}
{"Time":"2026-09-05T21:59:15.094957+09:00","Action":"pause","Package":"waiting-room/internal/installplan","Test":"TestDeterministicPlanAndOwnedSlices/repeat#17"}
{"Time":"2026-09-05T21:59:15.094977+09:00","Action":"run","Package":"waiting-room/internal/installplan","Test":"TestDeterministicPlanAndOwnedSlices/repeat#18"}
{"Time":"2026-09-05T21:59:15.09498+09:00","Action":"output","Package":"waiting-room/internal/installplan","Test":"TestDeterministicPlanAndOwnedSlices/repeat#18","Output":"=== RUN   TestDeterministicPlanAndOwnedSlices/repeat#18\n"}
{"Time":"2026-09-05T21:59:15.094998+09:00","Action":"output","Package":"waiting-room/internal/installplan","Test":"TestDeterministicPlanAndOwnedSlices/repeat#18","Output":"=== PAUSE TestDeterministicPlanAndOwnedSlices/repeat#18\n"}
{"Time":"2026-09-05T21:59:15.095004+09:00","Action":"pause","Package":"waiting-room/internal/installplan","Test":"TestDeterministicPlanAndOwnedSlices/repeat#18"}
{"Time":"2026-09-05T21:59:15.095017+09:00","Action":"run","Package":"waiting-room/internal/installplan","Test":"TestDeterministicPlanAndOwnedSlices/repeat#19"}
{"Time":"2026-09-05T21:59:15.095021+09:00","Action":"output","Package":"waiting-room/internal/installplan","Test":"TestDeterministicPlanAndOwnedSlices/repeat#19","Output":"=== RUN   TestDeterministicPlanAndOwnedSlices/repeat#19\n"}
{"Time":"2026-09-05T21:59:15.095039+09:00","Action":"output","Package":"waiting-room/internal/installplan","Test":"TestDeterministicPlanAndOwnedSlices/repeat#19","Output":"=== PAUSE TestDeterministicPlanAndOwnedSlices/repeat#19\n"}
{"Time":"2026-09-05T21:59:15.095042+09:00","Action":"pause","Package":"waiting-room/internal/installplan","Test":"TestDeterministicPlanAndOwnedSlices/repeat#19"}
{"Time":"2026-09-05T21:59:15.095063+09:00","Action":"run","Package":"waiting-room/internal/installplan","Test":"TestDeterministicPlanAndOwnedSlices/repeat#20"}
{"Time":"2026-09-05T21:59:15.095066+09:00","Action":"output","Package":"waiting-room/internal/installplan","Test":"TestDeterministicPlanAndOwnedSlices/repeat#20","Output":"=== RUN   TestDeterministicPlanAndOwnedSlices/repeat#20\n"}
{"Time":"2026-09-05T21:59:15.095085+09:00","Action":"output","Package":"waiting-room/internal/installplan","Test":"TestDeterministicPlanAndOwnedSlices/repeat#20","Output":"=== PAUSE TestDeterministicPlanAndOwnedSlices/repeat#20\n"}
{"Time":"2026-09-05T21:59:15.095087+09:00","Action":"pause","Package":"waiting-room/internal/installplan","Test":"TestDeterministicPlanAndOwnedSlices/repeat#20"}
{"Time":"2026-09-05T21:59:15.095107+09:00","Action":"run","Package":"waiting-room/internal/installplan","Test":"TestDeterministicPlanAndOwnedSlices/repeat#21"}
{"Time":"2026-09-05T21:59:15.09511+09:00","Action":"output","Package":"waiting-room/internal/installplan","Test":"TestDeterministicPlanAndOwnedSlices/repeat#21","Output":"=== RUN   TestDeterministicPlanAndOwnedSlices/repeat#21\n"}
{"Time":"2026-09-05T21:59:15.095137+09:00","Action":"output","Package":"waiting-room/internal/installplan","Test":"TestDeterministicPlanAndOwnedSlices/repeat#21","Output":"=== PAUSE TestDeterministicPlanAndOwnedSlices/repeat#21\n"}
{"Time":"2026-09-05T21:59:15.095139+09:00","Action":"pause","Package":"waiting-room/internal/installplan","Test":"TestDeterministicPlanAndOwnedSlices/repeat#21"}
{"Time":"2026-09-05T21:59:15.09516+09:00","Action":"run","Package":"waiting-room/internal/installplan","Test":"TestDeterministicPlanAndOwnedSlices/repeat#22"}
{"Time":"2026-09-05T21:59:15.095163+09:00","Action":"output","Package":"waiting-room/internal/installplan","Test":"TestDeterministicPlanAndOwnedSlices/repeat#22","Output":"=== RUN   TestDeterministicPlanAndOwnedSlices/repeat#22\n"}
{"Time":"2026-09-05T21:59:15.09518+09:00","Action":"output","Package":"waiting-room/internal/installplan","Test":"TestDeterministicPlanAndOwnedSlices/repeat#22","Output":"=== PAUSE TestDeterministicPlanAndOwnedSlices/repeat#22\n"}
{"Time":"2026-09-05T21:59:15.095183+09:00","Action":"pause","Package":"waiting-room/internal/installplan","Test":"TestDeterministicPlanAndOwnedSlices/repeat#22"}
{"Time":"2026-09-05T21:59:15.095209+09:00","Action":"run","Package":"waiting-room/internal/installplan","Test":"TestDeterministicPlanAndOwnedSlices/repeat#23"}
{"Time":"2026-09-05T21:59:15.095213+09:00","Action":"output","Package":"waiting-room/internal/installplan","Test":"TestDeterministicPlanAndOwnedSlices/repeat#23","Output":"=== RUN   TestDeterministicPlanAndOwnedSlices/repeat#23\n"}
{"Time":"2026-09-05T21:59:15.095231+09:00","Action":"output","Package":"waiting-room/internal/installplan","Test":"TestDeterministicPlanAndOwnedSlices/repeat#23","Output":"=== PAUSE TestDeterministicPlanAndOwnedSlices/repeat#23\n"}
{"Time":"2026-09-05T21:59:15.095234+09:00","Action":"pause","Package":"waiting-room/internal/installplan","Test":"TestDeterministicPlanAndOwnedSlices/repeat#23"}
{"Time":"2026-09-05T21:59:15.095254+09:00","Action":"run","Package":"waiting-room/internal/installplan","Test":"TestDeterministicPlanAndOwnedSlices/repeat#24"}
{"Time":"2026-09-05T21:59:15.095257+09:00","Action":"output","Package":"waiting-room/internal/installplan","Test":"TestDeterministicPlanAndOwnedSlices/repeat#24","Output":"=== RUN   TestDeterministicPlanAndOwnedSlices/repeat#24\n"}
{"Time":"2026-09-05T21:59:15.095278+09:00","Action":"output","Package":"waiting-room/internal/installplan","Test":"TestDeterministicPlanAndOwnedSlices/repeat#24","Output":"=== PAUSE TestDeterministicPlanAndOwnedSlices/repeat#24\n"}
{"Time":"2026-09-05T21:59:15.09528+09:00","Action":"pause","Package":"waiting-room/internal/installplan","Test":"TestDeterministicPlanAndOwnedSlices/repeat#24"}
{"Time":"2026-09-05T21:59:15.095299+09:00","Action":"run","Package":"waiting-room/internal/installplan","Test":"TestDeterministicPlanAndOwnedSlices/repeat#25"}
{"Time":"2026-09-05T21:59:15.095302+09:00","Action":"output","Package":"waiting-room/internal/installplan","Test":"TestDeterministicPlanAndOwnedSlices/repeat#25","Output":"=== RUN   TestDeterministicPlanAndOwnedSlices/repeat#25\n"}
{"Time":"2026-09-05T21:59:15.095325+09:00","Action":"output","Package":"waiting-room/internal/installplan","Test":"TestDeterministicPlanAndOwnedSlices/repeat#25","Output":"=== PAUSE TestDeterministicPlanAndOwnedSlices/repeat#25\n"}
{"Time":"2026-09-05T21:59:15.095329+09:00","Action":"pause","Package":"waiting-room/internal/installplan","Test":"TestDeterministicPlanAndOwnedSlices/repeat#25"}
{"Time":"2026-09-05T21:59:15.095352+09:00","Action":"run","Package":"waiting-room/internal/installplan","Test":"TestDeterministicPlanAndOwnedSlices/repeat#26"}
{"Time":"2026-09-05T21:59:15.095356+09:00","Action":"output","Package":"waiting-room/internal/installplan","Test":"TestDeterministicPlanAndOwnedSlices/repeat#26","Output":"=== RUN   TestDeterministicPlanAndOwnedSlices/repeat#26\n"}
{"Time":"2026-09-05T21:59:15.095374+09:00","Action":"output","Package":"waiting-room/internal/installplan","Test":"TestDeterministicPlanAndOwnedSlices/repeat#26","Output":"=== PAUSE TestDeterministicPlanAndOwnedSlices/repeat#26\n"}
{"Time":"2026-09-05T21:59:15.095378+09:00","Action":"pause","Package":"waiting-room/internal/installplan","Test":"TestDeterministicPlanAndOwnedSlices/repeat#26"}
{"Time":"2026-09-05T21:59:15.095393+09:00","Action":"run","Package":"waiting-room/internal/installplan","Test":"TestDeterministicPlanAndOwnedSlices/repeat#27"}
{"Time":"2026-09-05T21:59:15.095401+09:00","Action":"output","Package":"waiting-room/internal/installplan","Test":"TestDeterministicPlanAndOwnedSlices/repeat#27","Output":"=== RUN   TestDeterministicPlanAndOwnedSlices/repeat#27\n"}
{"Time":"2026-09-05T21:59:15.095451+09:00","Action":"output","Package":"waiting-room/internal/installplan","Test":"TestDeterministicPlanAndOwnedSlices/repeat#27","Output":"=== PAUSE TestDeterministicPlanAndOwnedSlices/repeat#27\n"}
{"Time":"2026-09-05T21:59:15.095474+09:00","Action":"pause","Package":"waiting-room/internal/installplan","Test":"TestDeterministicPlanAndOwnedSlices/repeat#27"}
{"Time":"2026-09-05T21:59:15.095478+09:00","Action":"run","Package":"waiting-room/internal/installplan","Test":"TestDeterministicPlanAndOwnedSlices/repeat#28"}
{"Time":"2026-09-05T21:59:15.095482+09:00","Action":"output","Package":"waiting-room/internal/installplan","Test":"TestDeterministicPlanAndOwnedSlices/repeat#28","Output":"=== RUN   TestDeterministicPlanAndOwnedSlices/repeat#28\n"}
{"Time":"2026-09-05T21:59:15.095489+09:00","Action":"output","Package":"waiting-room/internal/installplan","Test":"TestDeterministicPlanAndOwnedSlices/repeat#28","Output":"=== PAUSE TestDeterministicPlanAndOwnedSlices/repeat#28\n"}
{"Time":"2026-09-05T21:59:15.095493+09:00","Action":"pause","Package":"waiting-room/internal/installplan","Test":"TestDeterministicPlanAndOwnedSlices/repeat#28"}
{"Time":"2026-09-05T21:59:15.095497+09:00","Action":"run","Package":"waiting-room/internal/installplan","Test":"TestDeterministicPlanAndOwnedSlices/repeat#29"}
{"Time":"2026-09-05T21:59:15.095499+09:00","Action":"output","Package":"waiting-room/internal/installplan","Test":"TestDeterministicPlanAndOwnedSlices/repeat#29","Output":"=== RUN   TestDeterministicPlanAndOwnedSlices/repeat#29\n"}
{"Time":"2026-09-05T21:59:15.095504+09:00","Action":"output","Package":"waiting-room/internal/installplan","Test":"TestDeterministicPlanAndOwnedSlices/repeat#29","Output":"=== PAUSE TestDeterministicPlanAndOwnedSlices/repeat#29\n"}
{"Time":"2026-09-05T21:59:15.095518+09:00","Action":"pause","Package":"waiting-room/internal/installplan","Test":"TestDeterministicPlanAndOwnedSlices/repeat#29"}
{"Time":"2026-09-05T21:59:15.095526+09:00","Action":"run","Package":"waiting-room/internal/installplan","Test":"TestDeterministicPlanAndOwnedSlices/repeat#30"}
{"Time":"2026-09-05T21:59:15.095528+09:00","Action":"output","Package":"waiting-room/internal/installplan","Test":"TestDeterministicPlanAndOwnedSlices/repeat#30","Output":"=== RUN   TestDeterministicPlanAndOwnedSlices/repeat#30\n"}
{"Time":"2026-09-05T21:59:15.095554+09:00","Action":"output","Package":"waiting-room/internal/installplan","Test":"TestDeterministicPlanAndOwnedSlices/repeat#30","Output":"=== PAUSE TestDeterministicPlanAndOwnedSlices/repeat#30\n"}
{"Time":"2026-09-05T21:59:15.095559+09:00","Action":"pause","Package":"waiting-room/internal/installplan","Test":"TestDeterministicPlanAndOwnedSlices/repeat#30"}
{"Time":"2026-09-05T21:59:15.095608+09:00","Action":"run","Package":"waiting-room/internal/installplan","Test":"TestDeterministicPlanAndOwnedSlices/repeat#31"}
{"Time":"2026-09-05T21:59:15.095611+09:00","Action":"output","Package":"waiting-room/internal/installplan","Test":"TestDeterministicPlanAndOwnedSlices/repeat#31","Output":"=== RUN   TestDeterministicPlanAndOwnedSlices/repeat#31\n"}
{"Time":"2026-09-05T21:59:15.095653+09:00","Action":"output","Package":"waiting-room/internal/installplan","Test":"TestDeterministicPlanAndOwnedSlices/repeat#31","Output":"=== PAUSE TestDeterministicPlanAndOwnedSlices/repeat#31\n"}
{"Time":"2026-09-05T21:59:15.095657+09:00","Action":"pause","Package":"waiting-room/internal/installplan","Test":"TestDeterministicPlanAndOwnedSlices/repeat#31"}
{"Time":"2026-09-05T21:59:15.095739+09:00","Action":"run","Package":"waiting-room/internal/installplan","Test":"TestDeterministicPlanAndOwnedSlices/repeat#32"}
{"Time":"2026-09-05T21:59:15.095743+09:00","Action":"output","Package":"waiting-room/internal/installplan","Test":"TestDeterministicPlanAndOwnedSlices/repeat#32","Output":"=== RUN   TestDeterministicPlanAndOwnedSlices/repeat#32\n"}
{"Time":"2026-09-05T21:59:15.095847+09:00","Action":"output","Package":"waiting-room/internal/installplan","Test":"TestDeterministicPlanAndOwnedSlices/repeat#32","Output":"=== PAUSE TestDeterministicPlanAndOwnedSlices/repeat#32\n"}
{"Time":"2026-09-05T21:59:15.095851+09:00","Action":"pause","Package":"waiting-room/internal/installplan","Test":"TestDeterministicPlanAndOwnedSlices/repeat#32"}
{"Time":"2026-09-05T21:59:15.09587+09:00","Action":"run","Package":"waiting-room/internal/installplan","Test":"TestDeterministicPlanAndOwnedSlices/repeat#33"}
{"Time":"2026-09-05T21:59:15.095873+09:00","Action":"output","Package":"waiting-room/internal/installplan","Test":"TestDeterministicPlanAndOwnedSlices/repeat#33","Output":"=== RUN   TestDeterministicPlanAndOwnedSlices/repeat#33\n"}
{"Time":"2026-09-05T21:59:15.095891+09:00","Action":"output","Package":"waiting-room/internal/installplan","Test":"TestDeterministicPlanAndOwnedSlices/repeat#33","Output":"=== PAUSE TestDeterministicPlanAndOwnedSlices/repeat#33\n"}
{"Time":"2026-09-05T21:59:15.095898+09:00","Action":"pause","Package":"waiting-room/internal/installplan","Test":"TestDeterministicPlanAndOwnedSlices/repeat#33"}
{"Time":"2026-09-05T21:59:15.095915+09:00","Action":"run","Package":"waiting-room/internal/installplan","Test":"TestDeterministicPlanAndOwnedSlices/repeat#34"}
{"Time":"2026-09-05T21:59:15.095918+09:00","Action":"output","Package":"waiting-room/internal/installplan","Test":"TestDeterministicPlanAndOwnedSlices/repeat#34","Output":"=== RUN   TestDeterministicPlanAndOwnedSlices/repeat#34\n"}
{"Time":"2026-09-05T21:59:15.095932+09:00","Action":"output","Package":"waiting-room/internal/installplan","Test":"TestDeterministicPlanAndOwnedSlices/repeat#34","Output":"=== PAUSE TestDeterministicPlanAndOwnedSlices/repeat#34\n"}
{"Time":"2026-09-05T21:59:15.095935+09:00","Action":"pause","Package":"waiting-room/internal/installplan","Test":"TestDeterministicPlanAndOwnedSlices/repeat#34"}
{"Time":"2026-09-05T21:59:15.095954+09:00","Action":"run","Package":"waiting-room/internal/installplan","Test":"TestDeterministicPlanAndOwnedSlices/repeat#35"}
{"Time":"2026-09-05T21:59:15.095957+09:00","Action":"output","Package":"waiting-room/internal/installplan","Test":"TestDeterministicPlanAndOwnedSlices/repeat#35","Output":"=== RUN   TestDeterministicPlanAndOwnedSlices/repeat#35\n"}
{"Time":"2026-09-05T21:59:15.095971+09:00","Action":"output","Package":"waiting-room/internal/installplan","Test":"TestDeterministicPlanAndOwnedSlices/repeat#35","Output":"=== PAUSE TestDeterministicPlanAndOwnedSlices/repeat#35\n"}
{"Time":"2026-09-05T21:59:15.095974+09:00","Action":"pause","Package":"waiting-room/internal/installplan","Test":"TestDeterministicPlanAndOwnedSlices/repeat#35"}
{"Time":"2026-09-05T21:59:15.095992+09:00","Action":"run","Package":"waiting-room/internal/installplan","Test":"TestDeterministicPlanAndOwnedSlices/repeat#36"}
{"Time":"2026-09-05T21:59:15.095995+09:00","Action":"output","Package":"waiting-room/internal/installplan","Test":"TestDeterministicPlanAndOwnedSlices/repeat#36","Output":"=== RUN   TestDeterministicPlanAndOwnedSlices/repeat#36\n"}
{"Time":"2026-09-05T21:59:15.096012+09:00","Action":"output","Package":"waiting-room/internal/installplan","Test":"TestDeterministicPlanAndOwnedSlices/repeat#36","Output":"=== PAUSE TestDeterministicPlanAndOwnedSlices/repeat#36\n"}
{"Time":"2026-09-05T21:59:15.096015+09:00","Action":"pause","Package":"waiting-room/internal/installplan","Test":"TestDeterministicPlanAndOwnedSlices/repeat#36"}
{"Time":"2026-09-05T21:59:15.096033+09:00","Action":"run","Package":"waiting-room/internal/installplan","Test":"TestDeterministicPlanAndOwnedSlices/repeat#37"}
{"Time":"2026-09-05T21:59:15.096036+09:00","Action":"output","Package":"waiting-room/internal/installplan","Test":"TestDeterministicPlanAndOwnedSlices/repeat#37","Output":"=== RUN   TestDeterministicPlanAndOwnedSlices/repeat#37\n"}
{"Time":"2026-09-05T21:59:15.096053+09:00","Action":"output","Package":"waiting-room/internal/installplan","Test":"TestDeterministicPlanAndOwnedSlices/repeat#37","Output":"=== PAUSE TestDeterministicPlanAndOwnedSlices/repeat#37\n"}
{"Time":"2026-09-05T21:59:15.096057+09:00","Action":"pause","Package":"waiting-room/internal/installplan","Test":"TestDeterministicPlanAndOwnedSlices/repeat#37"}
{"Time":"2026-09-05T21:59:15.096077+09:00","Action":"run","Package":"waiting-room/internal/installplan","Test":"TestDeterministicPlanAndOwnedSlices/repeat#38"}
{"Time":"2026-09-05T21:59:15.09608+09:00","Action":"output","Package":"waiting-room/internal/installplan","Test":"TestDeterministicPlanAndOwnedSlices/repeat#38","Output":"=== RUN   TestDeterministicPlanAndOwnedSlices/repeat#38\n"}
{"Time":"2026-09-05T21:59:15.09609+09:00","Action":"output","Package":"waiting-room/internal/installplan","Test":"TestDeterministicPlanAndOwnedSlices/repeat#38","Output":"=== PAUSE TestDeterministicPlanAndOwnedSlices/repeat#38\n"}
{"Time":"2026-09-05T21:59:15.096094+09:00","Action":"pause","Package":"waiting-room/internal/installplan","Test":"TestDeterministicPlanAndOwnedSlices/repeat#38"}
{"Time":"2026-09-05T21:59:15.096112+09:00","Action":"run","Package":"waiting-room/internal/installplan","Test":"TestDeterministicPlanAndOwnedSlices/repeat#39"}
{"Time":"2026-09-05T21:59:15.096115+09:00","Action":"output","Package":"waiting-room/internal/installplan","Test":"TestDeterministicPlanAndOwnedSlices/repeat#39","Output":"=== RUN   TestDeterministicPlanAndOwnedSlices/repeat#39\n"}
{"Time":"2026-09-05T21:59:15.096129+09:00","Action":"output","Package":"waiting-room/internal/installplan","Test":"TestDeterministicPlanAndOwnedSlices/repeat#39","Output":"=== PAUSE TestDeterministicPlanAndOwnedSlices/repeat#39\n"}
{"Time":"2026-09-05T21:59:15.096132+09:00","Action":"pause","Package":"waiting-room/internal/installplan","Test":"TestDeterministicPlanAndOwnedSlices/repeat#39"}
{"Time":"2026-09-05T21:59:15.096147+09:00","Action":"run","Package":"waiting-room/internal/installplan","Test":"TestDeterministicPlanAndOwnedSlices/repeat#40"}
{"Time":"2026-09-05T21:59:15.096149+09:00","Action":"output","Package":"waiting-room/internal/installplan","Test":"TestDeterministicPlanAndOwnedSlices/repeat#40","Output":"=== RUN   TestDeterministicPlanAndOwnedSlices/repeat#40\n"}
{"Time":"2026-09-05T21:59:15.096173+09:00","Action":"output","Package":"waiting-room/internal/installplan","Test":"TestDeterministicPlanAndOwnedSlices/repeat#40","Output":"=== PAUSE TestDeterministicPlanAndOwnedSlices/repeat#40\n"}
{"Time":"2026-09-05T21:59:15.096176+09:00","Action":"pause","Package":"waiting-room/internal/installplan","Test":"TestDeterministicPlanAndOwnedSlices/repeat#40"}
{"Time":"2026-09-05T21:59:15.096193+09:00","Action":"run","Package":"waiting-room/internal/installplan","Test":"TestDeterministicPlanAndOwnedSlices/repeat#41"}
{"Time":"2026-09-05T21:59:15.096197+09:00","Action":"output","Package":"waiting-room/internal/installplan","Test":"TestDeterministicPlanAndOwnedSlices/repeat#41","Output":"=== RUN   TestDeterministicPlanAndOwnedSlices/repeat#41\n"}
{"Time":"2026-09-05T21:59:15.096211+09:00","Action":"output","Package":"waiting-room/internal/installplan","Test":"TestDeterministicPlanAndOwnedSlices/repeat#41","Output":"=== PAUSE TestDeterministicPlanAndOwnedSlices/repeat#41\n"}
{"Time":"2026-09-05T21:59:15.096213+09:00","Action":"pause","Package":"waiting-room/internal/installplan","Test":"TestDeterministicPlanAndOwnedSlices/repeat#41"}
{"Time":"2026-09-05T21:59:15.096232+09:00","Action":"run","Package":"waiting-room/internal/installplan","Test":"TestDeterministicPlanAndOwnedSlices/repeat#42"}
{"Time":"2026-09-05T21:59:15.096235+09:00","Action":"output","Package":"waiting-room/internal/installplan","Test":"TestDeterministicPlanAndOwnedSlices/repeat#42","Output":"=== RUN   TestDeterministicPlanAndOwnedSlices/repeat#42\n"}
{"Time":"2026-09-05T21:59:15.096248+09:00","Action":"output","Package":"waiting-room/internal/installplan","Test":"TestDeterministicPlanAndOwnedSlices/repeat#42","Output":"=== PAUSE TestDeterministicPlanAndOwnedSlices/repeat#42\n"}
{"Time":"2026-09-05T21:59:15.096251+09:00","Action":"pause","Package":"waiting-room/internal/installplan","Test":"TestDeterministicPlanAndOwnedSlices/repeat#42"}
{"Time":"2026-09-05T21:59:15.096269+09:00","Action":"run","Package":"waiting-room/internal/installplan","Test":"TestDeterministicPlanAndOwnedSlices/repeat#43"}
{"Time":"2026-09-05T21:59:15.096273+09:00","Action":"output","Package":"waiting-room/internal/installplan","Test":"TestDeterministicPlanAndOwnedSlices/repeat#43","Output":"=== RUN   TestDeterministicPlanAndOwnedSlices/repeat#43\n"}
{"Time":"2026-09-05T21:59:15.096287+09:00","Action":"output","Package":"waiting-room/internal/installplan","Test":"TestDeterministicPlanAndOwnedSlices/repeat#43","Output":"=== PAUSE TestDeterministicPlanAndOwnedSlices/repeat#43\n"}
{"Time":"2026-09-05T21:59:15.09629+09:00","Action":"pause","Package":"waiting-room/internal/installplan","Test":"TestDeterministicPlanAndOwnedSlices/repeat#43"}
{"Time":"2026-09-05T21:59:15.09631+09:00","Action":"run","Package":"waiting-room/internal/installplan","Test":"TestDeterministicPlanAndOwnedSlices/repeat#44"}
{"Time":"2026-09-05T21:59:15.096313+09:00","Action":"output","Package":"waiting-room/internal/installplan","Test":"TestDeterministicPlanAndOwnedSlices/repeat#44","Output":"=== RUN   TestDeterministicPlanAndOwnedSlices/repeat#44\n"}
{"Time":"2026-09-05T21:59:15.096332+09:00","Action":"output","Package":"waiting-room/internal/installplan","Test":"TestDeterministicPlanAndOwnedSlices/repeat#44","Output":"=== PAUSE TestDeterministicPlanAndOwnedSlices/repeat#44\n"}
{"Time":"2026-09-05T21:59:15.096334+09:00","Action":"pause","Package":"waiting-room/internal/installplan","Test":"TestDeterministicPlanAndOwnedSlices/repeat#44"}
{"Time":"2026-09-05T21:59:15.096354+09:00","Action":"run","Package":"waiting-room/internal/installplan","Test":"TestDeterministicPlanAndOwnedSlices/repeat#45"}
{"Time":"2026-09-05T21:59:15.096356+09:00","Action":"output","Package":"waiting-room/internal/installplan","Test":"TestDeterministicPlanAndOwnedSlices/repeat#45","Output":"=== RUN   TestDeterministicPlanAndOwnedSlices/repeat#45\n"}
{"Time":"2026-09-05T21:59:15.096375+09:00","Action":"output","Package":"waiting-room/internal/installplan","Test":"TestDeterministicPlanAndOwnedSlices/repeat#45","Output":"=== PAUSE TestDeterministicPlanAndOwnedSlices/repeat#45\n"}
{"Time":"2026-09-05T21:59:15.096379+09:00","Action":"pause","Package":"waiting-room/internal/installplan","Test":"TestDeterministicPlanAndOwnedSlices/repeat#45"}
{"Time":"2026-09-05T21:59:15.096402+09:00","Action":"run","Package":"waiting-room/internal/installplan","Test":"TestDeterministicPlanAndOwnedSlices/repeat#46"}
{"Time":"2026-09-05T21:59:15.096406+09:00","Action":"output","Package":"waiting-room/internal/installplan","Test":"TestDeterministicPlanAndOwnedSlices/repeat#46","Output":"=== RUN   TestDeterministicPlanAndOwnedSlices/repeat#46\n"}
{"Time":"2026-09-05T21:59:15.096424+09:00","Action":"output","Package":"waiting-room/internal/installplan","Test":"TestDeterministicPlanAndOwnedSlices/repeat#46","Output":"=== PAUSE TestDeterministicPlanAndOwnedSlices/repeat#46\n"}
{"Time":"2026-09-05T21:59:15.096427+09:00","Action":"pause","Package":"waiting-room/internal/installplan","Test":"TestDeterministicPlanAndOwnedSlices/repeat#46"}
{"Time":"2026-09-05T21:59:15.096445+09:00","Action":"run","Package":"waiting-room/internal/installplan","Test":"TestDeterministicPlanAndOwnedSlices/repeat#47"}
{"Time":"2026-09-05T21:59:15.09645+09:00","Action":"output","Package":"waiting-room/internal/installplan","Test":"TestDeterministicPlanAndOwnedSlices/repeat#47","Output":"=== RUN   TestDeterministicPlanAndOwnedSlices/repeat#47\n"}
{"Time":"2026-09-05T21:59:15.096467+09:00","Action":"output","Package":"waiting-room/internal/installplan","Test":"TestDeterministicPlanAndOwnedSlices/repeat#47","Output":"=== PAUSE TestDeterministicPlanAndOwnedSlices/repeat#47\n"}
{"Time":"2026-09-05T21:59:15.096469+09:00","Action":"pause","Package":"waiting-room/internal/installplan","Test":"TestDeterministicPlanAndOwnedSlices/repeat#47"}
{"Time":"2026-09-05T21:59:15.096489+09:00","Action":"run","Package":"waiting-room/internal/installplan","Test":"TestDeterministicPlanAndOwnedSlices/repeat#48"}
{"Time":"2026-09-05T21:59:15.096492+09:00","Action":"output","Package":"waiting-room/internal/installplan","Test":"TestDeterministicPlanAndOwnedSlices/repeat#48","Output":"=== RUN   TestDeterministicPlanAndOwnedSlices/repeat#48\n"}
{"Time":"2026-09-05T21:59:15.096517+09:00","Action":"output","Package":"waiting-room/internal/installplan","Test":"TestDeterministicPlanAndOwnedSlices/repeat#48","Output":"=== PAUSE TestDeterministicPlanAndOwnedSlices/repeat#48\n"}
{"Time":"2026-09-05T21:59:15.09652+09:00","Action":"pause","Package":"waiting-room/internal/installplan","Test":"TestDeterministicPlanAndOwnedSlices/repeat#48"}
{"Time":"2026-09-05T21:59:15.09654+09:00","Action":"run","Package":"waiting-room/internal/installplan","Test":"TestDeterministicPlanAndOwnedSlices/repeat#49"}
{"Time":"2026-09-05T21:59:15.096543+09:00","Action":"output","Package":"waiting-room/internal/installplan","Test":"TestDeterministicPlanAndOwnedSlices/repeat#49","Output":"=== RUN   TestDeterministicPlanAndOwnedSlices/repeat#49\n"}
{"Time":"2026-09-05T21:59:15.09656+09:00","Action":"output","Package":"waiting-room/internal/installplan","Test":"TestDeterministicPlanAndOwnedSlices/repeat#49","Output":"=== PAUSE TestDeterministicPlanAndOwnedSlices/repeat#49\n"}
{"Time":"2026-09-05T21:59:15.096563+09:00","Action":"pause","Package":"waiting-room/internal/installplan","Test":"TestDeterministicPlanAndOwnedSlices/repeat#49"}
{"Time":"2026-09-05T21:59:15.096579+09:00","Action":"run","Package":"waiting-room/internal/installplan","Test":"TestDeterministicPlanAndOwnedSlices/repeat#50"}
{"Time":"2026-09-05T21:59:15.096582+09:00","Action":"output","Package":"waiting-room/internal/installplan","Test":"TestDeterministicPlanAndOwnedSlices/repeat#50","Output":"=== RUN   TestDeterministicPlanAndOwnedSlices/repeat#50\n"}
{"Time":"2026-09-05T21:59:15.096598+09:00","Action":"output","Package":"waiting-room/internal/installplan","Test":"TestDeterministicPlanAndOwnedSlices/repeat#50","Output":"=== PAUSE TestDeterministicPlanAndOwnedSlices/repeat#50\n"}
{"Time":"2026-09-05T21:59:15.096601+09:00","Action":"pause","Package":"waiting-room/internal/installplan","Test":"TestDeterministicPlanAndOwnedSlices/repeat#50"}
{"Time":"2026-09-05T21:59:15.096617+09:00","Action":"run","Package":"waiting-room/internal/installplan","Test":"TestDeterministicPlanAndOwnedSlices/repeat#51"}
{"Time":"2026-09-05T21:59:15.09662+09:00","Action":"output","Package":"waiting-room/internal/installplan","Test":"TestDeterministicPlanAndOwnedSlices/repeat#51","Output":"=== RUN   TestDeterministicPlanAndOwnedSlices/repeat#51\n"}
{"Time":"2026-09-05T21:59:15.096637+09:00","Action":"output","Package":"waiting-room/internal/installplan","Test":"TestDeterministicPlanAndOwnedSlices/repeat#51","Output":"=== PAUSE TestDeterministicPlanAndOwnedSlices/repeat#51\n"}
{"Time":"2026-09-05T21:59:15.096639+09:00","Action":"pause","Package":"waiting-room/internal/installplan","Test":"TestDeterministicPlanAndOwnedSlices/repeat#51"}
{"Time":"2026-09-05T21:59:15.096657+09:00","Action":"run","Package":"waiting-room/internal/installplan","Test":"TestDeterministicPlanAndOwnedSlices/repeat#52"}
{"Time":"2026-09-05T21:59:15.096662+09:00","Action":"output","Package":"waiting-room/internal/installplan","Test":"TestDeterministicPlanAndOwnedSlices/repeat#52","Output":"=== RUN   TestDeterministicPlanAndOwnedSlices/repeat#52\n"}
{"Time":"2026-09-05T21:59:15.096681+09:00","Action":"output","Package":"waiting-room/internal/installplan","Test":"TestDeterministicPlanAndOwnedSlices/repeat#52","Output":"=== PAUSE TestDeterministicPlanAndOwnedSlices/repeat#52\n"}
{"Time":"2026-09-05T21:59:15.096683+09:00","Action":"pause","Package":"waiting-room/internal/installplan","Test":"TestDeterministicPlanAndOwnedSlices/repeat#52"}
{"Time":"2026-09-05T21:59:15.0967+09:00","Action":"run","Package":"waiting-room/internal/installplan","Test":"TestDeterministicPlanAndOwnedSlices/repeat#53"}
{"Time":"2026-09-05T21:59:15.096702+09:00","Action":"output","Package":"waiting-room/internal/installplan","Test":"TestDeterministicPlanAndOwnedSlices/repeat#53","Output":"=== RUN   TestDeterministicPlanAndOwnedSlices/repeat#53\n"}
{"Time":"2026-09-05T21:59:15.096719+09:00","Action":"output","Package":"waiting-room/internal/installplan","Test":"TestDeterministicPlanAndOwnedSlices/repeat#53","Output":"=== PAUSE TestDeterministicPlanAndOwnedSlices/repeat#53\n"}
{"Time":"2026-09-05T21:59:15.096722+09:00","Action":"pause","Package":"waiting-room/internal/installplan","Test":"TestDeterministicPlanAndOwnedSlices/repeat#53"}
{"Time":"2026-09-05T21:59:15.096736+09:00","Action":"run","Package":"waiting-room/internal/installplan","Test":"TestDeterministicPlanAndOwnedSlices/repeat#54"}
{"Time":"2026-09-05T21:59:15.09674+09:00","Action":"output","Package":"waiting-room/internal/installplan","Test":"TestDeterministicPlanAndOwnedSlices/repeat#54","Output":"=== RUN   TestDeterministicPlanAndOwnedSlices/repeat#54\n"}
{"Time":"2026-09-05T21:59:15.09676+09:00","Action":"output","Package":"waiting-room/internal/installplan","Test":"TestDeterministicPlanAndOwnedSlices/repeat#54","Output":"=== PAUSE TestDeterministicPlanAndOwnedSlices/repeat#54\n"}
{"Time":"2026-09-05T21:59:15.096764+09:00","Action":"pause","Package":"waiting-room/internal/installplan","Test":"TestDeterministicPlanAndOwnedSlices/repeat#54"}
{"Time":"2026-09-05T21:59:15.09678+09:00","Action":"run","Package":"waiting-room/internal/installplan","Test":"TestDeterministicPlanAndOwnedSlices/repeat#55"}
{"Time":"2026-09-05T21:59:15.096782+09:00","Action":"output","Package":"waiting-room/internal/installplan","Test":"TestDeterministicPlanAndOwnedSlices/repeat#55","Output":"=== RUN   TestDeterministicPlanAndOwnedSlices/repeat#55\n"}
{"Time":"2026-09-05T21:59:15.096792+09:00","Action":"output","Package":"waiting-room/internal/installplan","Test":"TestDeterministicPlanAndOwnedSlices/repeat#55","Output":"=== PAUSE TestDeterministicPlanAndOwnedSlices/repeat#55\n"}
{"Time":"2026-09-05T21:59:15.096794+09:00","Action":"pause","Package":"waiting-room/internal/installplan","Test":"TestDeterministicPlanAndOwnedSlices/repeat#55"}
{"Time":"2026-09-05T21:59:15.096808+09:00","Action":"run","Package":"waiting-room/internal/installplan","Test":"TestDeterministicPlanAndOwnedSlices/repeat#56"}
{"Time":"2026-09-05T21:59:15.09681+09:00","Action":"output","Package":"waiting-room/internal/installplan","Test":"TestDeterministicPlanAndOwnedSlices/repeat#56","Output":"=== RUN   TestDeterministicPlanAndOwnedSlices/repeat#56\n"}
{"Time":"2026-09-05T21:59:15.096824+09:00","Action":"output","Package":"waiting-room/internal/installplan","Test":"TestDeterministicPlanAndOwnedSlices/repeat#56","Output":"=== PAUSE TestDeterministicPlanAndOwnedSlices/repeat#56\n"}
{"Time":"2026-09-05T21:59:15.096826+09:00","Action":"pause","Package":"waiting-room/internal/installplan","Test":"TestDeterministicPlanAndOwnedSlices/repeat#56"}
{"Time":"2026-09-05T21:59:15.096839+09:00","Action":"run","Package":"waiting-room/internal/installplan","Test":"TestDeterministicPlanAndOwnedSlices/repeat#57"}
{"Time":"2026-09-05T21:59:15.096841+09:00","Action":"output","Package":"waiting-room/internal/installplan","Test":"TestDeterministicPlanAndOwnedSlices/repeat#57","Output":"=== RUN   TestDeterministicPlanAndOwnedSlices/repeat#57\n"}
{"Time":"2026-09-05T21:59:15.096853+09:00","Action":"output","Package":"waiting-room/internal/installplan","Test":"TestDeterministicPlanAndOwnedSlices/repeat#57","Output":"=== PAUSE TestDeterministicPlanAndOwnedSlices/repeat#57\n"}
{"Time":"2026-09-05T21:59:15.096854+09:00","Action":"pause","Package":"waiting-room/internal/installplan","Test":"TestDeterministicPlanAndOwnedSlices/repeat#57"}
{"Time":"2026-09-05T21:59:15.096865+09:00","Action":"run","Package":"waiting-room/internal/installplan","Test":"TestDeterministicPlanAndOwnedSlices/repeat#58"}
{"Time":"2026-09-05T21:59:15.096866+09:00","Action":"output","Package":"waiting-room/internal/installplan","Test":"TestDeterministicPlanAndOwnedSlices/repeat#58","Output":"=== RUN   TestDeterministicPlanAndOwnedSlices/repeat#58\n"}
{"Time":"2026-09-05T21:59:15.096875+09:00","Action":"output","Package":"waiting-room/internal/installplan","Test":"TestDeterministicPlanAndOwnedSlices/repeat#58","Output":"=== PAUSE TestDeterministicPlanAndOwnedSlices/repeat#58\n"}
{"Time":"2026-09-05T21:59:15.096877+09:00","Action":"pause","Package":"waiting-room/internal/installplan","Test":"TestDeterministicPlanAndOwnedSlices/repeat#58"}
{"Time":"2026-09-05T21:59:15.096887+09:00","Action":"run","Package":"waiting-room/internal/installplan","Test":"TestDeterministicPlanAndOwnedSlices/repeat#59"}
{"Time":"2026-09-05T21:59:15.096889+09:00","Action":"output","Package":"waiting-room/internal/installplan","Test":"TestDeterministicPlanAndOwnedSlices/repeat#59","Output":"=== RUN   TestDeterministicPlanAndOwnedSlices/repeat#59\n"}
{"Time":"2026-09-05T21:59:15.096902+09:00","Action":"output","Package":"waiting-room/internal/installplan","Test":"TestDeterministicPlanAndOwnedSlices/repeat#59","Output":"=== PAUSE TestDeterministicPlanAndOwnedSlices/repeat#59\n"}
{"Time":"2026-09-05T21:59:15.096904+09:00","Action":"pause","Package":"waiting-room/internal/installplan","Test":"TestDeterministicPlanAndOwnedSlices/repeat#59"}
{"Time":"2026-09-05T21:59:15.096918+09:00","Action":"run","Package":"waiting-room/internal/installplan","Test":"TestDeterministicPlanAndOwnedSlices/repeat#60"}
{"Time":"2026-09-05T21:59:15.096923+09:00","Action":"output","Package":"waiting-room/internal/installplan","Test":"TestDeterministicPlanAndOwnedSlices/repeat#60","Output":"=== RUN   TestDeterministicPlanAndOwnedSlices/repeat#60\n"}
{"Time":"2026-09-05T21:59:15.09694+09:00","Action":"output","Package":"waiting-room/internal/installplan","Test":"TestDeterministicPlanAndOwnedSlices/repeat#60","Output":"=== PAUSE TestDeterministicPlanAndOwnedSlices/repeat#60\n"}
{"Time":"2026-09-05T21:59:15.096943+09:00","Action":"pause","Package":"waiting-room/internal/installplan","Test":"TestDeterministicPlanAndOwnedSlices/repeat#60"}
{"Time":"2026-09-05T21:59:15.096954+09:00","Action":"run","Package":"waiting-room/internal/installplan","Test":"TestDeterministicPlanAndOwnedSlices/repeat#61"}
{"Time":"2026-09-05T21:59:15.096959+09:00","Action":"output","Package":"waiting-room/internal/installplan","Test":"TestDeterministicPlanAndOwnedSlices/repeat#61","Output":"=== RUN   TestDeterministicPlanAndOwnedSlices/repeat#61\n"}
{"Time":"2026-09-05T21:59:15.096961+09:00","Action":"output","Package":"waiting-room/internal/installplan","Test":"TestDeterministicPlanAndOwnedSlices/repeat#61","Output":"=== PAUSE TestDeterministicPlanAndOwnedSlices/repeat#61\n"}
{"Time":"2026-09-05T21:59:15.096962+09:00","Action":"pause","Package":"waiting-room/internal/installplan","Test":"TestDeterministicPlanAndOwnedSlices/repeat#61"}
{"Time":"2026-09-05T21:59:15.096977+09:00","Action":"run","Package":"waiting-room/internal/installplan","Test":"TestDeterministicPlanAndOwnedSlices/repeat#62"}
{"Time":"2026-09-05T21:59:15.096979+09:00","Action":"output","Package":"waiting-room/internal/installplan","Test":"TestDeterministicPlanAndOwnedSlices/repeat#62","Output":"=== RUN   TestDeterministicPlanAndOwnedSlices/repeat#62\n"}
{"Time":"2026-09-05T21:59:15.09699+09:00","Action":"output","Package":"waiting-room/internal/installplan","Test":"TestDeterministicPlanAndOwnedSlices/repeat#62","Output":"=== PAUSE TestDeterministicPlanAndOwnedSlices/repeat#62\n"}
{"Time":"2026-09-05T21:59:15.096992+09:00","Action":"pause","Package":"waiting-room/internal/installplan","Test":"TestDeterministicPlanAndOwnedSlices/repeat#62"}
{"Time":"2026-09-05T21:59:15.097005+09:00","Action":"run","Package":"waiting-room/internal/installplan","Test":"TestDeterministicPlanAndOwnedSlices/repeat#63"}
{"Time":"2026-09-05T21:59:15.097007+09:00","Action":"output","Package":"waiting-room/internal/installplan","Test":"TestDeterministicPlanAndOwnedSlices/repeat#63","Output":"=== RUN   TestDeterministicPlanAndOwnedSlices/repeat#63\n"}
{"Time":"2026-09-05T21:59:15.097017+09:00","Action":"output","Package":"waiting-room/internal/installplan","Test":"TestDeterministicPlanAndOwnedSlices/repeat#63","Output":"=== PAUSE TestDeterministicPlanAndOwnedSlices/repeat#63\n"}
{"Time":"2026-09-05T21:59:15.097021+09:00","Action":"pause","Package":"waiting-room/internal/installplan","Test":"TestDeterministicPlanAndOwnedSlices/repeat#63"}
{"Time":"2026-09-05T21:59:15.097031+09:00","Action":"run","Package":"waiting-room/internal/installplan","Test":"TestDeterministicPlanAndOwnedSlices/repeat#64"}
{"Time":"2026-09-05T21:59:15.097035+09:00","Action":"output","Package":"waiting-room/internal/installplan","Test":"TestDeterministicPlanAndOwnedSlices/repeat#64","Output":"=== RUN   TestDeterministicPlanAndOwnedSlices/repeat#64\n"}
{"Time":"2026-09-05T21:59:15.097051+09:00","Action":"output","Package":"waiting-room/internal/installplan","Test":"TestDeterministicPlanAndOwnedSlices/repeat#64","Output":"=== PAUSE TestDeterministicPlanAndOwnedSlices/repeat#64\n"}
{"Time":"2026-09-05T21:59:15.097052+09:00","Action":"pause","Package":"waiting-room/internal/installplan","Test":"TestDeterministicPlanAndOwnedSlices/repeat#64"}
{"Time":"2026-09-05T21:59:15.097067+09:00","Action":"run","Package":"waiting-room/internal/installplan","Test":"TestDeterministicPlanAndOwnedSlices/repeat#65"}
{"Time":"2026-09-05T21:59:15.097069+09:00","Action":"output","Package":"waiting-room/internal/installplan","Test":"TestDeterministicPlanAndOwnedSlices/repeat#65","Output":"=== RUN   TestDeterministicPlanAndOwnedSlices/repeat#65\n"}
{"Time":"2026-09-05T21:59:15.097084+09:00","Action":"output","Package":"waiting-room/internal/installplan","Test":"TestDeterministicPlanAndOwnedSlices/repeat#65","Output":"=== PAUSE TestDeterministicPlanAndOwnedSlices/repeat#65\n"}
{"Time":"2026-09-05T21:59:15.097085+09:00","Action":"pause","Package":"waiting-room/internal/installplan","Test":"TestDeterministicPlanAndOwnedSlices/repeat#65"}
{"Time":"2026-09-05T21:59:15.097098+09:00","Action":"run","Package":"waiting-room/internal/installplan","Test":"TestDeterministicPlanAndOwnedSlices/repeat#66"}
{"Time":"2026-09-05T21:59:15.0971+09:00","Action":"output","Package":"waiting-room/internal/installplan","Test":"TestDeterministicPlanAndOwnedSlices/repeat#66","Output":"=== RUN   TestDeterministicPlanAndOwnedSlices/repeat#66\n"}
{"Time":"2026-09-05T21:59:15.097109+09:00","Action":"output","Package":"waiting-room/internal/installplan","Test":"TestDeterministicPlanAndOwnedSlices/repeat#66","Output":"=== PAUSE TestDeterministicPlanAndOwnedSlices/repeat#66\n"}
{"Time":"2026-09-05T21:59:15.097113+09:00","Action":"pause","Package":"waiting-room/internal/installplan","Test":"TestDeterministicPlanAndOwnedSlices/repeat#66"}
{"Time":"2026-09-05T21:59:15.09712+09:00","Action":"run","Package":"waiting-room/internal/installplan","Test":"TestDeterministicPlanAndOwnedSlices/repeat#67"}
{"Time":"2026-09-05T21:59:15.097122+09:00","Action":"output","Package":"waiting-room/internal/installplan","Test":"TestDeterministicPlanAndOwnedSlices/repeat#67","Output":"=== RUN   TestDeterministicPlanAndOwnedSlices/repeat#67\n"}
{"Time":"2026-09-05T21:59:15.097133+09:00","Action":"output","Package":"waiting-room/internal/installplan","Test":"TestDeterministicPlanAndOwnedSlices/repeat#67","Output":"=== PAUSE TestDeterministicPlanAndOwnedSlices/repeat#67\n"}
{"Time":"2026-09-05T21:59:15.097135+09:00","Action":"pause","Package":"waiting-room/internal/installplan","Test":"TestDeterministicPlanAndOwnedSlices/repeat#67"}
{"Time":"2026-09-05T21:59:15.097146+09:00","Action":"run","Package":"waiting-room/internal/installplan","Test":"TestDeterministicPlanAndOwnedSlices/repeat#68"}
{"Time":"2026-09-05T21:59:15.097149+09:00","Action":"output","Package":"waiting-room/internal/installplan","Test":"TestDeterministicPlanAndOwnedSlices/repeat#68","Output":"=== RUN   TestDeterministicPlanAndOwnedSlices/repeat#68\n"}
{"Time":"2026-09-05T21:59:15.097163+09:00","Action":"output","Package":"waiting-room/internal/installplan","Test":"TestDeterministicPlanAndOwnedSlices/repeat#68","Output":"=== PAUSE TestDeterministicPlanAndOwnedSlices/repeat#68\n"}
{"Time":"2026-09-05T21:59:15.097165+09:00","Action":"pause","Package":"waiting-room/internal/installplan","Test":"TestDeterministicPlanAndOwnedSlices/repeat#68"}
{"Time":"2026-09-05T21:59:15.097177+09:00","Action":"run","Package":"waiting-room/internal/installplan","Test":"TestDeterministicPlanAndOwnedSlices/repeat#69"}
{"Time":"2026-09-05T21:59:15.097179+09:00","Action":"output","Package":"waiting-room/internal/installplan","Test":"TestDeterministicPlanAndOwnedSlices/repeat#69","Output":"=== RUN   TestDeterministicPlanAndOwnedSlices/repeat#69\n"}
{"Time":"2026-09-05T21:59:15.09719+09:00","Action":"output","Package":"waiting-room/internal/installplan","Test":"TestDeterministicPlanAndOwnedSlices/repeat#69","Output":"=== PAUSE TestDeterministicPlanAndOwnedSlices/repeat#69\n"}
{"Time":"2026-09-05T21:59:15.097192+09:00","Action":"pause","Package":"waiting-room/internal/installplan","Test":"TestDeterministicPlanAndOwnedSlices/repeat#69"}
{"Time":"2026-09-05T21:59:15.097207+09:00","Action":"run","Package":"waiting-room/internal/installplan","Test":"TestDeterministicPlanAndOwnedSlices/repeat#70"}
{"Time":"2026-09-05T21:59:15.097208+09:00","Action":"output","Package":"waiting-room/internal/installplan","Test":"TestDeterministicPlanAndOwnedSlices/repeat#70","Output":"=== RUN   TestDeterministicPlanAndOwnedSlices/repeat#70\n"}
{"Time":"2026-09-05T21:59:15.097229+09:00","Action":"output","Package":"waiting-room/internal/installplan","Test":"TestDeterministicPlanAndOwnedSlices/repeat#70","Output":"=== PAUSE TestDeterministicPlanAndOwnedSlices/repeat#70\n"}
{"Time":"2026-09-05T21:59:15.097232+09:00","Action":"pause","Package":"waiting-room/internal/installplan","Test":"TestDeterministicPlanAndOwnedSlices/repeat#70"}
{"Time":"2026-09-05T21:59:15.09724+09:00","Action":"run","Package":"waiting-room/internal/installplan","Test":"TestDeterministicPlanAndOwnedSlices/repeat#71"}
{"Time":"2026-09-05T21:59:15.097242+09:00","Action":"output","Package":"waiting-room/internal/installplan","Test":"TestDeterministicPlanAndOwnedSlices/repeat#71","Output":"=== RUN   TestDeterministicPlanAndOwnedSlices/repeat#71\n"}
{"Time":"2026-09-05T21:59:15.097254+09:00","Action":"output","Package":"waiting-room/internal/installplan","Test":"TestDeterministicPlanAndOwnedSlices/repeat#71","Output":"=== PAUSE TestDeterministicPlanAndOwnedSlices/repeat#71\n"}
{"Time":"2026-09-05T21:59:15.097256+09:00","Action":"pause","Package":"waiting-room/internal/installplan","Test":"TestDeterministicPlanAndOwnedSlices/repeat#71"}
{"Time":"2026-09-05T21:59:15.09727+09:00","Action":"run","Package":"waiting-room/internal/installplan","Test":"TestDeterministicPlanAndOwnedSlices/repeat#72"}
{"Time":"2026-09-05T21:59:15.097273+09:00","Action":"output","Package":"waiting-room/internal/installplan","Test":"TestDeterministicPlanAndOwnedSlices/repeat#72","Output":"=== RUN   TestDeterministicPlanAndOwnedSlices/repeat#72\n"}
{"Time":"2026-09-05T21:59:15.097283+09:00","Action":"output","Package":"waiting-room/internal/installplan","Test":"TestDeterministicPlanAndOwnedSlices/repeat#72","Output":"=== PAUSE TestDeterministicPlanAndOwnedSlices/repeat#72\n"}
{"Time":"2026-09-05T21:59:15.097286+09:00","Action":"pause","Package":"waiting-room/internal/installplan","Test":"TestDeterministicPlanAndOwnedSlices/repeat#72"}
{"Time":"2026-09-05T21:59:15.097297+09:00","Action":"run","Package":"waiting-room/internal/installplan","Test":"TestDeterministicPlanAndOwnedSlices/repeat#73"}
{"Time":"2026-09-05T21:59:15.097299+09:00","Action":"output","Package":"waiting-room/internal/installplan","Test":"TestDeterministicPlanAndOwnedSlices/repeat#73","Output":"=== RUN   TestDeterministicPlanAndOwnedSlices/repeat#73\n"}
{"Time":"2026-09-05T21:59:15.097314+09:00","Action":"output","Package":"waiting-room/internal/installplan","Test":"TestDeterministicPlanAndOwnedSlices/repeat#73","Output":"=== PAUSE TestDeterministicPlanAndOwnedSlices/repeat#73\n"}
{"Time":"2026-09-05T21:59:15.097316+09:00","Action":"pause","Package":"waiting-room/internal/installplan","Test":"TestDeterministicPlanAndOwnedSlices/repeat#73"}
{"Time":"2026-09-05T21:59:15.097326+09:00","Action":"run","Package":"waiting-room/internal/installplan","Test":"TestDeterministicPlanAndOwnedSlices/repeat#74"}
{"Time":"2026-09-05T21:59:15.097329+09:00","Action":"output","Package":"waiting-room/internal/installplan","Test":"TestDeterministicPlanAndOwnedSlices/repeat#74","Output":"=== RUN   TestDeterministicPlanAndOwnedSlices/repeat#74\n"}
{"Time":"2026-09-05T21:59:15.097341+09:00","Action":"output","Package":"waiting-room/internal/installplan","Test":"TestDeterministicPlanAndOwnedSlices/repeat#74","Output":"=== PAUSE TestDeterministicPlanAndOwnedSlices/repeat#74\n"}
{"Time":"2026-09-05T21:59:15.097342+09:00","Action":"pause","Package":"waiting-room/internal/installplan","Test":"TestDeterministicPlanAndOwnedSlices/repeat#74"}
{"Time":"2026-09-05T21:59:15.097355+09:00","Action":"run","Package":"waiting-room/internal/installplan","Test":"TestDeterministicPlanAndOwnedSlices/repeat#75"}
{"Time":"2026-09-05T21:59:15.097357+09:00","Action":"output","Package":"waiting-room/internal/installplan","Test":"TestDeterministicPlanAndOwnedSlices/repeat#75","Output":"=== RUN   TestDeterministicPlanAndOwnedSlices/repeat#75\n"}
{"Time":"2026-09-05T21:59:15.097367+09:00","Action":"output","Package":"waiting-room/internal/installplan","Test":"TestDeterministicPlanAndOwnedSlices/repeat#75","Output":"=== PAUSE TestDeterministicPlanAndOwnedSlices/repeat#75\n"}
{"Time":"2026-09-05T21:59:15.097369+09:00","Action":"pause","Package":"waiting-room/internal/installplan","Test":"TestDeterministicPlanAndOwnedSlices/repeat#75"}
{"Time":"2026-09-05T21:59:15.097381+09:00","Action":"run","Package":"waiting-room/internal/installplan","Test":"TestDeterministicPlanAndOwnedSlices/repeat#76"}
{"Time":"2026-09-05T21:59:15.097383+09:00","Action":"output","Package":"waiting-room/internal/installplan","Test":"TestDeterministicPlanAndOwnedSlices/repeat#76","Output":"=== RUN   TestDeterministicPlanAndOwnedSlices/repeat#76\n"}
{"Time":"2026-09-05T21:59:15.097397+09:00","Action":"output","Package":"waiting-room/internal/installplan","Test":"TestDeterministicPlanAndOwnedSlices/repeat#76","Output":"=== PAUSE TestDeterministicPlanAndOwnedSlices/repeat#76\n"}
{"Time":"2026-09-05T21:59:15.097399+09:00","Action":"pause","Package":"waiting-room/internal/installplan","Test":"TestDeterministicPlanAndOwnedSlices/repeat#76"}
{"Time":"2026-09-05T21:59:15.09741+09:00","Action":"run","Package":"waiting-room/internal/installplan","Test":"TestDeterministicPlanAndOwnedSlices/repeat#77"}
{"Time":"2026-09-05T21:59:15.097412+09:00","Action":"output","Package":"waiting-room/internal/installplan","Test":"TestDeterministicPlanAndOwnedSlices/repeat#77","Output":"=== RUN   TestDeterministicPlanAndOwnedSlices/repeat#77\n"}
{"Time":"2026-09-05T21:59:15.097424+09:00","Action":"output","Package":"waiting-room/internal/installplan","Test":"TestDeterministicPlanAndOwnedSlices/repeat#77","Output":"=== PAUSE TestDeterministicPlanAndOwnedSlices/repeat#77\n"}
{"Time":"2026-09-05T21:59:15.097426+09:00","Action":"pause","Package":"waiting-room/internal/installplan","Test":"TestDeterministicPlanAndOwnedSlices/repeat#77"}
{"Time":"2026-09-05T21:59:15.097438+09:00","Action":"run","Package":"waiting-room/internal/installplan","Test":"TestDeterministicPlanAndOwnedSlices/repeat#78"}
{"Time":"2026-09-05T21:59:15.09744+09:00","Action":"output","Package":"waiting-room/internal/installplan","Test":"TestDeterministicPlanAndOwnedSlices/repeat#78","Output":"=== RUN   TestDeterministicPlanAndOwnedSlices/repeat#78\n"}
{"Time":"2026-09-05T21:59:15.09745+09:00","Action":"output","Package":"waiting-room/internal/installplan","Test":"TestDeterministicPlanAndOwnedSlices/repeat#78","Output":"=== PAUSE TestDeterministicPlanAndOwnedSlices/repeat#78\n"}
{"Time":"2026-09-05T21:59:15.097455+09:00","Action":"pause","Package":"waiting-room/internal/installplan","Test":"TestDeterministicPlanAndOwnedSlices/repeat#78"}
{"Time":"2026-09-05T21:59:15.097467+09:00","Action":"run","Package":"waiting-room/internal/installplan","Test":"TestDeterministicPlanAndOwnedSlices/repeat#79"}
{"Time":"2026-09-05T21:59:15.097469+09:00","Action":"output","Package":"waiting-room/internal/installplan","Test":"TestDeterministicPlanAndOwnedSlices/repeat#79","Output":"=== RUN   TestDeterministicPlanAndOwnedSlices/repeat#79\n"}
{"Time":"2026-09-05T21:59:15.097477+09:00","Action":"output","Package":"waiting-room/internal/installplan","Test":"TestDeterministicPlanAndOwnedSlices/repeat#79","Output":"=== PAUSE TestDeterministicPlanAndOwnedSlices/repeat#79\n"}
{"Time":"2026-09-05T21:59:15.097478+09:00","Action":"pause","Package":"waiting-room/internal/installplan","Test":"TestDeterministicPlanAndOwnedSlices/repeat#79"}
{"Time":"2026-09-05T21:59:15.097489+09:00","Action":"run","Package":"waiting-room/internal/installplan","Test":"TestDeterministicPlanAndOwnedSlices/repeat#80"}
{"Time":"2026-09-05T21:59:15.09749+09:00","Action":"output","Package":"waiting-room/internal/installplan","Test":"TestDeterministicPlanAndOwnedSlices/repeat#80","Output":"=== RUN   TestDeterministicPlanAndOwnedSlices/repeat#80\n"}
{"Time":"2026-09-05T21:59:15.097506+09:00","Action":"output","Package":"waiting-room/internal/installplan","Test":"TestDeterministicPlanAndOwnedSlices/repeat#80","Output":"=== PAUSE TestDeterministicPlanAndOwnedSlices/repeat#80\n"}
{"Time":"2026-09-05T21:59:15.097507+09:00","Action":"pause","Package":"waiting-room/internal/installplan","Test":"TestDeterministicPlanAndOwnedSlices/repeat#80"}
{"Time":"2026-09-05T21:59:15.097519+09:00","Action":"run","Package":"waiting-room/internal/installplan","Test":"TestDeterministicPlanAndOwnedSlices/repeat#81"}
{"Time":"2026-09-05T21:59:15.097521+09:00","Action":"output","Package":"waiting-room/internal/installplan","Test":"TestDeterministicPlanAndOwnedSlices/repeat#81","Output":"=== RUN   TestDeterministicPlanAndOwnedSlices/repeat#81\n"}
{"Time":"2026-09-05T21:59:15.097534+09:00","Action":"output","Package":"waiting-room/internal/installplan","Test":"TestDeterministicPlanAndOwnedSlices/repeat#81","Output":"=== PAUSE TestDeterministicPlanAndOwnedSlices/repeat#81\n"}
{"Time":"2026-09-05T21:59:15.097535+09:00","Action":"pause","Package":"waiting-room/internal/installplan","Test":"TestDeterministicPlanAndOwnedSlices/repeat#81"}
{"Time":"2026-09-05T21:59:15.097546+09:00","Action":"run","Package":"waiting-room/internal/installplan","Test":"TestDeterministicPlanAndOwnedSlices/repeat#82"}
{"Time":"2026-09-05T21:59:15.097547+09:00","Action":"output","Package":"waiting-room/internal/installplan","Test":"TestDeterministicPlanAndOwnedSlices/repeat#82","Output":"=== RUN   TestDeterministicPlanAndOwnedSlices/repeat#82\n"}
{"Time":"2026-09-05T21:59:15.097556+09:00","Action":"output","Package":"waiting-room/internal/installplan","Test":"TestDeterministicPlanAndOwnedSlices/repeat#82","Output":"=== PAUSE TestDeterministicPlanAndOwnedSlices/repeat#82\n"}
{"Time":"2026-09-05T21:59:15.097558+09:00","Action":"pause","Package":"waiting-room/internal/installplan","Test":"TestDeterministicPlanAndOwnedSlices/repeat#82"}
{"Time":"2026-09-05T21:59:15.09757+09:00","Action":"run","Package":"waiting-room/internal/installplan","Test":"TestDeterministicPlanAndOwnedSlices/repeat#83"}
{"Time":"2026-09-05T21:59:15.097572+09:00","Action":"output","Package":"waiting-room/internal/installplan","Test":"TestDeterministicPlanAndOwnedSlices/repeat#83","Output":"=== RUN   TestDeterministicPlanAndOwnedSlices/repeat#83\n"}
{"Time":"2026-09-05T21:59:15.097581+09:00","Action":"output","Package":"waiting-room/internal/installplan","Test":"TestDeterministicPlanAndOwnedSlices/repeat#83","Output":"=== PAUSE TestDeterministicPlanAndOwnedSlices/repeat#83\n"}
{"Time":"2026-09-05T21:59:15.097583+09:00","Action":"pause","Package":"waiting-room/internal/installplan","Test":"TestDeterministicPlanAndOwnedSlices/repeat#83"}
{"Time":"2026-09-05T21:59:15.097596+09:00","Action":"run","Package":"waiting-room/internal/installplan","Test":"TestDeterministicPlanAndOwnedSlices/repeat#84"}
{"Time":"2026-09-05T21:59:15.097597+09:00","Action":"output","Package":"waiting-room/internal/installplan","Test":"TestDeterministicPlanAndOwnedSlices/repeat#84","Output":"=== RUN   TestDeterministicPlanAndOwnedSlices/repeat#84\n"}
{"Time":"2026-09-05T21:59:15.097614+09:00","Action":"output","Package":"waiting-room/internal/installplan","Test":"TestDeterministicPlanAndOwnedSlices/repeat#84","Output":"=== PAUSE TestDeterministicPlanAndOwnedSlices/repeat#84\n"}
{"Time":"2026-09-05T21:59:15.097616+09:00","Action":"pause","Package":"waiting-room/internal/installplan","Test":"TestDeterministicPlanAndOwnedSlices/repeat#84"}
{"Time":"2026-09-05T21:59:15.097625+09:00","Action":"run","Package":"waiting-room/internal/installplan","Test":"TestDeterministicPlanAndOwnedSlices/repeat#85"}
{"Time":"2026-09-05T21:59:15.097627+09:00","Action":"output","Package":"waiting-room/internal/installplan","Test":"TestDeterministicPlanAndOwnedSlices/repeat#85","Output":"=== RUN   TestDeterministicPlanAndOwnedSlices/repeat#85\n"}
{"Time":"2026-09-05T21:59:15.097637+09:00","Action":"output","Package":"waiting-room/internal/installplan","Test":"TestDeterministicPlanAndOwnedSlices/repeat#85","Output":"=== PAUSE TestDeterministicPlanAndOwnedSlices/repeat#85\n"}
{"Time":"2026-09-05T21:59:15.097638+09:00","Action":"pause","Package":"waiting-room/internal/installplan","Test":"TestDeterministicPlanAndOwnedSlices/repeat#85"}
{"Time":"2026-09-05T21:59:15.097649+09:00","Action":"run","Package":"waiting-room/internal/installplan","Test":"TestDeterministicPlanAndOwnedSlices/repeat#86"}
{"Time":"2026-09-05T21:59:15.09765+09:00","Action":"output","Package":"waiting-room/internal/installplan","Test":"TestDeterministicPlanAndOwnedSlices/repeat#86","Output":"=== RUN   TestDeterministicPlanAndOwnedSlices/repeat#86\n"}
{"Time":"2026-09-05T21:59:15.097661+09:00","Action":"output","Package":"waiting-room/internal/installplan","Test":"TestDeterministicPlanAndOwnedSlices/repeat#86","Output":"=== PAUSE TestDeterministicPlanAndOwnedSlices/repeat#86\n"}
{"Time":"2026-09-05T21:59:15.097663+09:00","Action":"pause","Package":"waiting-room/internal/installplan","Test":"TestDeterministicPlanAndOwnedSlices/repeat#86"}
{"Time":"2026-09-05T21:59:15.097675+09:00","Action":"run","Package":"waiting-room/internal/installplan","Test":"TestDeterministicPlanAndOwnedSlices/repeat#87"}
{"Time":"2026-09-05T21:59:15.097677+09:00","Action":"output","Package":"waiting-room/internal/installplan","Test":"TestDeterministicPlanAndOwnedSlices/repeat#87","Output":"=== RUN   TestDeterministicPlanAndOwnedSlices/repeat#87\n"}
{"Time":"2026-09-05T21:59:15.097703+09:00","Action":"output","Package":"waiting-room/internal/installplan","Test":"TestDeterministicPlanAndOwnedSlices/repeat#87","Output":"=== PAUSE TestDeterministicPlanAndOwnedSlices/repeat#87\n"}
{"Time":"2026-09-05T21:59:15.097705+09:00","Action":"pause","Package":"waiting-room/internal/installplan","Test":"TestDeterministicPlanAndOwnedSlices/repeat#87"}
{"Time":"2026-09-05T21:59:15.097716+09:00","Action":"run","Package":"waiting-room/internal/installplan","Test":"TestDeterministicPlanAndOwnedSlices/repeat#88"}
{"Time":"2026-09-05T21:59:15.097719+09:00","Action":"output","Package":"waiting-room/internal/installplan","Test":"TestDeterministicPlanAndOwnedSlices/repeat#88","Output":"=== RUN   TestDeterministicPlanAndOwnedSlices/repeat#88\n"}
{"Time":"2026-09-05T21:59:15.097733+09:00","Action":"output","Package":"waiting-room/internal/installplan","Test":"TestDeterministicPlanAndOwnedSlices/repeat#88","Output":"=== PAUSE TestDeterministicPlanAndOwnedSlices/repeat#88\n"}
{"Time":"2026-09-05T21:59:15.097734+09:00","Action":"pause","Package":"waiting-room/internal/installplan","Test":"TestDeterministicPlanAndOwnedSlices/repeat#88"}
{"Time":"2026-09-05T21:59:15.097746+09:00","Action":"run","Package":"waiting-room/internal/installplan","Test":"TestDeterministicPlanAndOwnedSlices/repeat#89"}
{"Time":"2026-09-05T21:59:15.097748+09:00","Action":"output","Package":"waiting-room/internal/installplan","Test":"TestDeterministicPlanAndOwnedSlices/repeat#89","Output":"=== RUN   TestDeterministicPlanAndOwnedSlices/repeat#89\n"}
{"Time":"2026-09-05T21:59:15.097759+09:00","Action":"output","Package":"waiting-room/internal/installplan","Test":"TestDeterministicPlanAndOwnedSlices/repeat#89","Output":"=== PAUSE TestDeterministicPlanAndOwnedSlices/repeat#89\n"}
{"Time":"2026-09-05T21:59:15.097761+09:00","Action":"pause","Package":"waiting-room/internal/installplan","Test":"TestDeterministicPlanAndOwnedSlices/repeat#89"}
{"Time":"2026-09-05T21:59:15.097777+09:00","Action":"run","Package":"waiting-room/internal/installplan","Test":"TestDeterministicPlanAndOwnedSlices/repeat#90"}
{"Time":"2026-09-05T21:59:15.097779+09:00","Action":"output","Package":"waiting-room/internal/installplan","Test":"TestDeterministicPlanAndOwnedSlices/repeat#90","Output":"=== RUN   TestDeterministicPlanAndOwnedSlices/repeat#90\n"}
{"Time":"2026-09-05T21:59:15.09779+09:00","Action":"output","Package":"waiting-room/internal/installplan","Test":"TestDeterministicPlanAndOwnedSlices/repeat#90","Output":"=== PAUSE TestDeterministicPlanAndOwnedSlices/repeat#90\n"}
{"Time":"2026-09-05T21:59:15.097792+09:00","Action":"pause","Package":"waiting-room/internal/installplan","Test":"TestDeterministicPlanAndOwnedSlices/repeat#90"}
{"Time":"2026-09-05T21:59:15.097803+09:00","Action":"run","Package":"waiting-room/internal/installplan","Test":"TestDeterministicPlanAndOwnedSlices/repeat#91"}
{"Time":"2026-09-05T21:59:15.097805+09:00","Action":"output","Package":"waiting-room/internal/installplan","Test":"TestDeterministicPlanAndOwnedSlices/repeat#91","Output":"=== RUN   TestDeterministicPlanAndOwnedSlices/repeat#91\n"}
{"Time":"2026-09-05T21:59:15.097816+09:00","Action":"output","Package":"waiting-room/internal/installplan","Test":"TestDeterministicPlanAndOwnedSlices/repeat#91","Output":"=== PAUSE TestDeterministicPlanAndOwnedSlices/repeat#91\n"}
{"Time":"2026-09-05T21:59:15.097818+09:00","Action":"pause","Package":"waiting-room/internal/installplan","Test":"TestDeterministicPlanAndOwnedSlices/repeat#91"}
{"Time":"2026-09-05T21:59:15.09783+09:00","Action":"run","Package":"waiting-room/internal/installplan","Test":"TestDeterministicPlanAndOwnedSlices/repeat#92"}
{"Time":"2026-09-05T21:59:15.097831+09:00","Action":"output","Package":"waiting-room/internal/installplan","Test":"TestDeterministicPlanAndOwnedSlices/repeat#92","Output":"=== RUN   TestDeterministicPlanAndOwnedSlices/repeat#92\n"}
{"Time":"2026-09-05T21:59:15.097848+09:00","Action":"output","Package":"waiting-room/internal/installplan","Test":"TestDeterministicPlanAndOwnedSlices/repeat#92","Output":"=== PAUSE TestDeterministicPlanAndOwnedSlices/repeat#92\n"}
{"Time":"2026-09-05T21:59:15.097849+09:00","Action":"pause","Package":"waiting-room/internal/installplan","Test":"TestDeterministicPlanAndOwnedSlices/repeat#92"}
{"Time":"2026-09-05T21:59:15.097851+09:00","Action":"run","Package":"waiting-room/internal/installplan","Test":"TestDeterministicPlanAndOwnedSlices/repeat#93"}
{"Time":"2026-09-05T21:59:15.097852+09:00","Action":"output","Package":"waiting-room/internal/installplan","Test":"TestDeterministicPlanAndOwnedSlices/repeat#93","Output":"=== RUN   TestDeterministicPlanAndOwnedSlices/repeat#93\n"}
{"Time":"2026-09-05T21:59:15.097867+09:00","Action":"output","Package":"waiting-room/internal/installplan","Test":"TestDeterministicPlanAndOwnedSlices/repeat#93","Output":"=== PAUSE TestDeterministicPlanAndOwnedSlices/repeat#93\n"}
{"Time":"2026-09-05T21:59:15.097868+09:00","Action":"pause","Package":"waiting-room/internal/installplan","Test":"TestDeterministicPlanAndOwnedSlices/repeat#93"}
{"Time":"2026-09-05T21:59:15.097881+09:00","Action":"run","Package":"waiting-room/internal/installplan","Test":"TestDeterministicPlanAndOwnedSlices/repeat#94"}
{"Time":"2026-09-05T21:59:15.097882+09:00","Action":"output","Package":"waiting-room/internal/installplan","Test":"TestDeterministicPlanAndOwnedSlices/repeat#94","Output":"=== RUN   TestDeterministicPlanAndOwnedSlices/repeat#94\n"}
{"Time":"2026-09-05T21:59:15.097893+09:00","Action":"output","Package":"waiting-room/internal/installplan","Test":"TestDeterministicPlanAndOwnedSlices/repeat#94","Output":"=== PAUSE TestDeterministicPlanAndOwnedSlices/repeat#94\n"}
{"Time":"2026-09-05T21:59:15.097895+09:00","Action":"pause","Package":"waiting-room/internal/installplan","Test":"TestDeterministicPlanAndOwnedSlices/repeat#94"}
{"Time":"2026-09-05T21:59:15.097909+09:00","Action":"run","Package":"waiting-room/internal/installplan","Test":"TestDeterministicPlanAndOwnedSlices/repeat#95"}
{"Time":"2026-09-05T21:59:15.09791+09:00","Action":"output","Package":"waiting-room/internal/installplan","Test":"TestDeterministicPlanAndOwnedSlices/repeat#95","Output":"=== RUN   TestDeterministicPlanAndOwnedSlices/repeat#95\n"}
{"Time":"2026-09-05T21:59:15.097921+09:00","Action":"output","Package":"waiting-room/internal/installplan","Test":"TestDeterministicPlanAndOwnedSlices/repeat#95","Output":"=== PAUSE TestDeterministicPlanAndOwnedSlices/repeat#95\n"}
{"Time":"2026-09-05T21:59:15.097923+09:00","Action":"pause","Package":"waiting-room/internal/installplan","Test":"TestDeterministicPlanAndOwnedSlices/repeat#95"}
{"Time":"2026-09-05T21:59:15.097938+09:00","Action":"run","Package":"waiting-room/internal/installplan","Test":"TestDeterministicPlanAndOwnedSlices/repeat#96"}
{"Time":"2026-09-05T21:59:15.097941+09:00","Action":"output","Package":"waiting-room/internal/installplan","Test":"TestDeterministicPlanAndOwnedSlices/repeat#96","Output":"=== RUN   TestDeterministicPlanAndOwnedSlices/repeat#96\n"}
{"Time":"2026-09-05T21:59:15.097956+09:00","Action":"output","Package":"waiting-room/internal/installplan","Test":"TestDeterministicPlanAndOwnedSlices/repeat#96","Output":"=== PAUSE TestDeterministicPlanAndOwnedSlices/repeat#96\n"}
{"Time":"2026-09-05T21:59:15.097958+09:00","Action":"pause","Package":"waiting-room/internal/installplan","Test":"TestDeterministicPlanAndOwnedSlices/repeat#96"}
{"Time":"2026-09-05T21:59:15.09797+09:00","Action":"run","Package":"waiting-room/internal/installplan","Test":"TestDeterministicPlanAndOwnedSlices/repeat#97"}
{"Time":"2026-09-05T21:59:15.097972+09:00","Action":"output","Package":"waiting-room/internal/installplan","Test":"TestDeterministicPlanAndOwnedSlices/repeat#97","Output":"=== RUN   TestDeterministicPlanAndOwnedSlices/repeat#97\n"}
{"Time":"2026-09-05T21:59:15.097982+09:00","Action":"output","Package":"waiting-room/internal/installplan","Test":"TestDeterministicPlanAndOwnedSlices/repeat#97","Output":"=== PAUSE TestDeterministicPlanAndOwnedSlices/repeat#97\n"}
{"Time":"2026-09-05T21:59:15.097984+09:00","Action":"pause","Package":"waiting-room/internal/installplan","Test":"TestDeterministicPlanAndOwnedSlices/repeat#97"}
{"Time":"2026-09-05T21:59:15.097996+09:00","Action":"run","Package":"waiting-room/internal/installplan","Test":"TestDeterministicPlanAndOwnedSlices/repeat#98"}
{"Time":"2026-09-05T21:59:15.097998+09:00","Action":"output","Package":"waiting-room/internal/installplan","Test":"TestDeterministicPlanAndOwnedSlices/repeat#98","Output":"=== RUN   TestDeterministicPlanAndOwnedSlices/repeat#98\n"}
{"Time":"2026-09-05T21:59:15.098015+09:00","Action":"output","Package":"waiting-room/internal/installplan","Test":"TestDeterministicPlanAndOwnedSlices/repeat#98","Output":"=== PAUSE TestDeterministicPlanAndOwnedSlices/repeat#98\n"}
{"Time":"2026-09-05T21:59:15.098017+09:00","Action":"pause","Package":"waiting-room/internal/installplan","Test":"TestDeterministicPlanAndOwnedSlices/repeat#98"}
{"Time":"2026-09-05T21:59:15.098038+09:00","Action":"run","Package":"waiting-room/internal/installplan","Test":"TestDeterministicPlanAndOwnedSlices/repeat#99"}
{"Time":"2026-09-05T21:59:15.09804+09:00","Action":"output","Package":"waiting-room/internal/installplan","Test":"TestDeterministicPlanAndOwnedSlices/repeat#99","Output":"=== RUN   TestDeterministicPlanAndOwnedSlices/repeat#99\n"}
{"Time":"2026-09-05T21:59:15.098055+09:00","Action":"output","Package":"waiting-room/internal/installplan","Test":"TestDeterministicPlanAndOwnedSlices/repeat#99","Output":"=== PAUSE TestDeterministicPlanAndOwnedSlices/repeat#99\n"}
{"Time":"2026-09-05T21:59:15.098064+09:00","Action":"pause","Package":"waiting-room/internal/installplan","Test":"TestDeterministicPlanAndOwnedSlices/repeat#99"}
{"Time":"2026-09-05T21:59:15.098091+09:00","Action":"cont","Package":"waiting-room/internal/installplan","Test":"TestDeterministicPlanAndOwnedSlices/repeat#02"}
{"Time":"2026-09-05T21:59:15.098095+09:00","Action":"output","Package":"waiting-room/internal/installplan","Test":"TestDeterministicPlanAndOwnedSlices/repeat#02","Output":"=== CONT  TestDeterministicPlanAndOwnedSlices/repeat#02\n"}
{"Time":"2026-09-05T21:59:15.098109+09:00","Action":"cont","Package":"waiting-room/internal/installplan","Test":"TestDeterministicPlanAndOwnedSlices/repeat#50"}
{"Time":"2026-09-05T21:59:15.098112+09:00","Action":"output","Package":"waiting-room/internal/installplan","Test":"TestDeterministicPlanAndOwnedSlices/repeat#50","Output":"=== CONT  TestDeterministicPlanAndOwnedSlices/repeat#50\n"}
{"Time":"2026-09-05T21:59:15.098155+09:00","Action":"cont","Package":"waiting-room/internal/installplan","Test":"TestDeterministicPlanAndOwnedSlices/repeat#74"}
{"Time":"2026-09-05T21:59:15.098168+09:00","Action":"output","Package":"waiting-room/internal/installplan","Test":"TestDeterministicPlanAndOwnedSlices/repeat#74","Output":"=== CONT  TestDeterministicPlanAndOwnedSlices/repeat#74\n"}
{"Time":"2026-09-05T21:59:15.098225+09:00","Action":"cont","Package":"waiting-room/internal/installplan","Test":"TestDeterministicPlanAndOwnedSlices/repeat#25"}
{"Time":"2026-09-05T21:59:15.098235+09:00","Action":"output","Package":"waiting-room/internal/installplan","Test":"TestDeterministicPlanAndOwnedSlices/repeat#25","Output":"=== CONT  TestDeterministicPlanAndOwnedSlices/repeat#25\n"}
{"Time":"2026-09-05T21:59:15.098369+09:00","Action":"cont","Package":"waiting-room/internal/installplan","Test":"TestDeterministicPlanAndOwnedSlices/repeat#87"}
{"Time":"2026-09-05T21:59:15.098378+09:00","Action":"output","Package":"waiting-room/internal/installplan","Test":"TestDeterministicPlanAndOwnedSlices/repeat#87","Output":"=== CONT  TestDeterministicPlanAndOwnedSlices/repeat#87\n"}
{"Time":"2026-09-05T21:59:15.098448+09:00","Action":"cont","Package":"waiting-room/internal/installplan","Test":"TestDeterministicPlanAndOwnedSlices/repeat#37"}
{"Time":"2026-09-05T21:59:15.098459+09:00","Action":"output","Package":"waiting-room/internal/installplan","Test":"TestDeterministicPlanAndOwnedSlices/repeat#37","Output":"=== CONT  TestDeterministicPlanAndOwnedSlices/repeat#37\n"}
{"Time":"2026-09-05T21:59:15.09851+09:00","Action":"cont","Package":"waiting-room/internal/installplan","Test":"TestDeterministicPlanAndOwnedSlices/repeat#62"}
{"Time":"2026-09-05T21:59:15.098517+09:00","Action":"output","Package":"waiting-room/internal/installplan","Test":"TestDeterministicPlanAndOwnedSlices/repeat#62","Output":"=== CONT  TestDeterministicPlanAndOwnedSlices/repeat#62\n"}
{"Time":"2026-09-05T21:59:15.098548+09:00","Action":"cont","Package":"waiting-room/internal/installplan","Test":"TestDeterministicPlanAndOwnedSlices/repeat#78"}
{"Time":"2026-09-05T21:59:15.098552+09:00","Action":"output","Package":"waiting-room/internal/installplan","Test":"TestDeterministicPlanAndOwnedSlices/repeat#78","Output":"=== CONT  TestDeterministicPlanAndOwnedSlices/repeat#78\n"}
{"Time":"2026-09-05T21:59:15.098635+09:00","Action":"output","Package":"waiting-room/internal/installplan","Test":"TestDeterministicPlanAndOwnedSlices/repeat#74","Output":"--- PASS: TestDeterministicPlanAndOwnedSlices/repeat#74 (0.00s)\n"}
{"Time":"2026-09-05T21:59:15.098697+09:00","Action":"pass","Package":"waiting-room/internal/installplan","Test":"TestDeterministicPlanAndOwnedSlices/repeat#74","Elapsed":0}
{"Time":"2026-09-05T21:59:15.098702+09:00","Action":"cont","Package":"waiting-room/internal/installplan","Test":"TestDeterministicPlanAndOwnedSlices/repeat#86"}
{"Time":"2026-09-05T21:59:15.098705+09:00","Action":"output","Package":"waiting-room/internal/installplan","Test":"TestDeterministicPlanAndOwnedSlices/repeat#86","Output":"=== CONT  TestDeterministicPlanAndOwnedSlices/repeat#86\n"}
{"Time":"2026-09-05T21:59:15.098741+09:00","Action":"cont","Package":"waiting-room/internal/installplan","Test":"TestDeterministicPlanAndOwnedSlices/repeat#77"}
{"Time":"2026-09-05T21:59:15.098745+09:00","Action":"output","Package":"waiting-room/internal/installplan","Test":"TestDeterministicPlanAndOwnedSlices/repeat#77","Output":"=== CONT  TestDeterministicPlanAndOwnedSlices/repeat#77\n"}
{"Time":"2026-09-05T21:59:15.098909+09:00","Action":"cont","Package":"waiting-room/internal/installplan","Test":"TestDeterministicPlanAndOwnedSlices/repeat#75"}
{"Time":"2026-09-05T21:59:15.098914+09:00","Action":"output","Package":"waiting-room/internal/installplan","Test":"TestDeterministicPlanAndOwnedSlices/repeat#75","Output":"=== CONT  TestDeterministicPlanAndOwnedSlices/repeat#75\n"}
{"Time":"2026-09-05T21:59:15.098918+09:00","Action":"cont","Package":"waiting-room/internal/installplan","Test":"TestDeterministicPlanAndOwnedSlices/repeat#24"}
{"Time":"2026-09-05T21:59:15.098919+09:00","Action":"output","Package":"waiting-room/internal/installplan","Test":"TestDeterministicPlanAndOwnedSlices/repeat#24","Output":"=== CONT  TestDeterministicPlanAndOwnedSlices/repeat#24\n"}
{"Time":"2026-09-05T21:59:15.099099+09:00","Action":"cont","Package":"waiting-room/internal/installplan","Test":"TestDeterministicPlanAndOwnedSlices/repeat#88"}
{"Time":"2026-09-05T21:59:15.099132+09:00","Action":"output","Package":"waiting-room/internal/installplan","Test":"TestDeterministicPlanAndOwnedSlices/repeat#88","Output":"=== CONT  TestDeterministicPlanAndOwnedSlices/repeat#88\n"}
{"Time":"2026-09-05T21:59:15.099134+09:00","Action":"cont","Package":"waiting-room/internal/installplan","Test":"TestDeterministicPlanAndOwnedSlices/repeat#85"}
{"Time":"2026-09-05T21:59:15.099136+09:00","Action":"output","Package":"waiting-room/internal/installplan","Test":"TestDeterministicPlanAndOwnedSlices/repeat#85","Output":"=== CONT  TestDeterministicPlanAndOwnedSlices/repeat#85\n"}
{"Time":"2026-09-05T21:59:15.099137+09:00","Action":"cont","Package":"waiting-room/internal/installplan","Test":"TestDeterministicPlanAndOwnedSlices/repeat#34"}
{"Time":"2026-09-05T21:59:15.099139+09:00","Action":"output","Package":"waiting-room/internal/installplan","Test":"TestDeterministicPlanAndOwnedSlices/repeat#34","Output":"=== CONT  TestDeterministicPlanAndOwnedSlices/repeat#34\n"}
{"Time":"2026-09-05T21:59:15.09914+09:00","Action":"cont","Package":"waiting-room/internal/installplan","Test":"TestDeterministicPlanAndOwnedSlices/repeat#21"}
{"Time":"2026-09-05T21:59:15.099142+09:00","Action":"output","Package":"waiting-room/internal/installplan","Test":"TestDeterministicPlanAndOwnedSlices/repeat#21","Output":"=== CONT  TestDeterministicPlanAndOwnedSlices/repeat#21\n"}
{"Time":"2026-09-05T21:59:15.099143+09:00","Action":"cont","Package":"waiting-room/internal/installplan","Test":"TestDeterministicPlanAndOwnedSlices/repeat#39"}
{"Time":"2026-09-05T21:59:15.099145+09:00","Action":"output","Package":"waiting-room/internal/installplan","Test":"TestDeterministicPlanAndOwnedSlices/repeat#39","Output":"=== CONT  TestDeterministicPlanAndOwnedSlices/repeat#39\n"}
{"Time":"2026-09-05T21:59:15.099146+09:00","Action":"cont","Package":"waiting-room/internal/installplan","Test":"TestDeterministicPlanAndOwnedSlices/repeat#84"}
{"Time":"2026-09-05T21:59:15.099147+09:00","Action":"output","Package":"waiting-room/internal/installplan","Test":"TestDeterministicPlanAndOwnedSlices/repeat#84","Output":"=== CONT  TestDeterministicPlanAndOwnedSlices/repeat#84\n"}
{"Time":"2026-09-05T21:59:15.099235+09:00","Action":"cont","Package":"waiting-room/internal/installplan","Test":"TestDeterministicPlanAndOwnedSlices/repeat#22"}
{"Time":"2026-09-05T21:59:15.099247+09:00","Action":"output","Package":"waiting-room/internal/installplan","Test":"TestDeterministicPlanAndOwnedSlices/repeat#22","Output":"=== CONT  TestDeterministicPlanAndOwnedSlices/repeat#22\n"}
{"Time":"2026-09-05T21:59:15.099283+09:00","Action":"cont","Package":"waiting-room/internal/installplan","Test":"TestDeterministicPlanAndOwnedSlices/repeat#30"}
{"Time":"2026-09-05T21:59:15.099287+09:00","Action":"output","Package":"waiting-room/internal/installplan","Test":"TestDeterministicPlanAndOwnedSlices/repeat#30","Output":"=== CONT  TestDeterministicPlanAndOwnedSlices/repeat#30\n"}
{"Time":"2026-09-05T21:59:15.099422+09:00","Action":"cont","Package":"waiting-room/internal/installplan","Test":"TestDeterministicPlanAndOwnedSlices/repeat#20"}
{"Time":"2026-09-05T21:59:15.099428+09:00","Action":"output","Package":"waiting-room/internal/installplan","Test":"TestDeterministicPlanAndOwnedSlices/repeat#20","Output":"=== CONT  TestDeterministicPlanAndOwnedSlices/repeat#20\n"}
{"Time":"2026-09-05T21:59:15.099445+09:00","Action":"cont","Package":"waiting-room/internal/installplan","Test":"TestDeterministicPlanAndOwnedSlices/repeat#31"}
{"Time":"2026-09-05T21:59:15.09945+09:00","Action":"output","Package":"waiting-room/internal/installplan","Test":"TestDeterministicPlanAndOwnedSlices/repeat#31","Output":"=== CONT  TestDeterministicPlanAndOwnedSlices/repeat#31\n"}
{"Time":"2026-09-05T21:59:15.099807+09:00","Action":"cont","Package":"waiting-room/internal/installplan","Test":"TestDeterministicPlanAndOwnedSlices/repeat#18"}
{"Time":"2026-09-05T21:59:15.099811+09:00","Action":"output","Package":"waiting-room/internal/installplan","Test":"TestDeterministicPlanAndOwnedSlices/repeat#18","Output":"=== CONT  TestDeterministicPlanAndOwnedSlices/repeat#18\n"}
{"Time":"2026-09-05T21:59:15.099813+09:00","Action":"cont","Package":"waiting-room/internal/installplan","Test":"TestDeterministicPlanAndOwnedSlices/repeat#96"}
{"Time":"2026-09-05T21:59:15.099814+09:00","Action":"output","Package":"waiting-room/internal/installplan","Test":"TestDeterministicPlanAndOwnedSlices/repeat#96","Output":"=== CONT  TestDeterministicPlanAndOwnedSlices/repeat#96\n"}
{"Time":"2026-09-05T21:59:15.099816+09:00","Action":"cont","Package":"waiting-room/internal/installplan","Test":"TestDeterministicPlanAndOwnedSlices/repeat#57"}
{"Time":"2026-09-05T21:59:15.099818+09:00","Action":"output","Package":"waiting-room/internal/installplan","Test":"TestDeterministicPlanAndOwnedSlices/repeat#57","Output":"=== CONT  TestDeterministicPlanAndOwnedSlices/repeat#57\n"}
{"Time":"2026-09-05T21:59:15.099819+09:00","Action":"cont","Package":"waiting-room/internal/installplan","Test":"TestDeterministicPlanAndOwnedSlices/repeat#97"}
{"Time":"2026-09-05T21:59:15.099821+09:00","Action":"output","Package":"waiting-room/internal/installplan","Test":"TestDeterministicPlanAndOwnedSlices/repeat#97","Output":"=== CONT  TestDeterministicPlanAndOwnedSlices/repeat#97\n"}
{"Time":"2026-09-05T21:59:15.099822+09:00","Action":"cont","Package":"waiting-room/internal/installplan","Test":"TestDeterministicPlanAndOwnedSlices/repeat#82"}
{"Time":"2026-09-05T21:59:15.099824+09:00","Action":"output","Package":"waiting-room/internal/installplan","Test":"TestDeterministicPlanAndOwnedSlices/repeat#82","Output":"=== CONT  TestDeterministicPlanAndOwnedSlices/repeat#82\n"}
{"Time":"2026-09-05T21:59:15.099825+09:00","Action":"cont","Package":"waiting-room/internal/installplan","Test":"TestDeterministicPlanAndOwnedSlices/repeat#15"}
{"Time":"2026-09-05T21:59:15.099826+09:00","Action":"output","Package":"waiting-room/internal/installplan","Test":"TestDeterministicPlanAndOwnedSlices/repeat#15","Output":"=== CONT  TestDeterministicPlanAndOwnedSlices/repeat#15\n"}
{"Time":"2026-09-05T21:59:15.10022+09:00","Action":"cont","Package":"waiting-room/internal/installplan","Test":"TestDeterministicPlanAndOwnedSlices/repeat#81"}
{"Time":"2026-09-05T21:59:15.100224+09:00","Action":"output","Package":"waiting-room/internal/installplan","Test":"TestDeterministicPlanAndOwnedSlices/repeat#81","Output":"=== CONT  TestDeterministicPlanAndOwnedSlices/repeat#81\n"}
{"Time":"2026-09-05T21:59:15.100226+09:00","Action":"cont","Package":"waiting-room/internal/installplan","Test":"TestDeterministicPlanAndOwnedSlices/repeat#80"}
{"Time":"2026-09-05T21:59:15.100228+09:00","Action":"output","Package":"waiting-room/internal/installplan","Test":"TestDeterministicPlanAndOwnedSlices/repeat#80","Output":"=== CONT  TestDeterministicPlanAndOwnedSlices/repeat#80\n"}
{"Time":"2026-09-05T21:59:15.100557+09:00","Action":"cont","Package":"waiting-room/internal/installplan","Test":"TestDeterministicPlanAndOwnedSlices/repeat#79"}
{"Time":"2026-09-05T21:59:15.100565+09:00","Action":"output","Package":"waiting-room/internal/installplan","Test":"TestDeterministicPlanAndOwnedSlices/repeat#79","Output":"=== CONT  TestDeterministicPlanAndOwnedSlices/repeat#79\n"}
{"Time":"2026-09-05T21:59:15.100567+09:00","Action":"cont","Package":"waiting-room/internal/installplan","Test":"TestDeterministicPlanAndOwnedSlices/repeat#26"}
{"Time":"2026-09-05T21:59:15.100569+09:00","Action":"output","Package":"waiting-room/internal/installplan","Test":"TestDeterministicPlanAndOwnedSlices/repeat#26","Output":"=== CONT  TestDeterministicPlanAndOwnedSlices/repeat#26\n"}
{"Time":"2026-09-05T21:59:15.100571+09:00","Action":"cont","Package":"waiting-room/internal/installplan","Test":"TestDeterministicPlanAndOwnedSlices/repeat#23"}
{"Time":"2026-09-05T21:59:15.100573+09:00","Action":"output","Package":"waiting-room/internal/installplan","Test":"TestDeterministicPlanAndOwnedSlices/repeat#23","Output":"=== CONT  TestDeterministicPlanAndOwnedSlices/repeat#23\n"}
{"Time":"2026-09-05T21:59:15.100575+09:00","Action":"output","Package":"waiting-room/internal/installplan","Test":"TestDeterministicPlanAndOwnedSlices/repeat#02","Output":"--- PASS: TestDeterministicPlanAndOwnedSlices/repeat#02 (0.00s)\n"}
{"Time":"2026-09-05T21:59:15.100577+09:00","Action":"pass","Package":"waiting-room/internal/installplan","Test":"TestDeterministicPlanAndOwnedSlices/repeat#02","Elapsed":0}
{"Time":"2026-09-05T21:59:15.100579+09:00","Action":"cont","Package":"waiting-room/internal/installplan","Test":"TestDeterministicPlanAndOwnedSlices/repeat#95"}
{"Time":"2026-09-05T21:59:15.100581+09:00","Action":"output","Package":"waiting-room/internal/installplan","Test":"TestDeterministicPlanAndOwnedSlices/repeat#95","Output":"=== CONT  TestDeterministicPlanAndOwnedSlices/repeat#95\n"}
{"Time":"2026-09-05T21:59:15.100585+09:00","Action":"cont","Package":"waiting-room/internal/installplan","Test":"TestDeterministicPlanAndOwnedSlices/repeat#29"}
{"Time":"2026-09-05T21:59:15.100592+09:00","Action":"output","Package":"waiting-room/internal/installplan","Test":"TestDeterministicPlanAndOwnedSlices/repeat#29","Output":"=== CONT  TestDeterministicPlanAndOwnedSlices/repeat#29\n"}
{"Time":"2026-09-05T21:59:15.100596+09:00","Action":"output","Package":"waiting-room/internal/installplan","Test":"TestDeterministicPlanAndOwnedSlices/repeat#50","Output":"--- PASS: TestDeterministicPlanAndOwnedSlices/repeat#50 (0.00s)\n"}
{"Time":"2026-09-05T21:59:15.100598+09:00","Action":"pass","Package":"waiting-room/internal/installplan","Test":"TestDeterministicPlanAndOwnedSlices/repeat#50","Elapsed":0}
{"Time":"2026-09-05T21:59:15.1006+09:00","Action":"output","Package":"waiting-room/internal/installplan","Test":"TestDeterministicPlanAndOwnedSlices/repeat#25","Output":"--- PASS: TestDeterministicPlanAndOwnedSlices/repeat#25 (0.00s)\n"}
{"Time":"2026-09-05T21:59:15.100601+09:00","Action":"pass","Package":"waiting-room/internal/installplan","Test":"TestDeterministicPlanAndOwnedSlices/repeat#25","Elapsed":0}
{"Time":"2026-09-05T21:59:15.100603+09:00","Action":"cont","Package":"waiting-room/internal/installplan","Test":"TestDeterministicPlanAndOwnedSlices/repeat#53"}
{"Time":"2026-09-05T21:59:15.100605+09:00","Action":"output","Package":"waiting-room/internal/installplan","Test":"TestDeterministicPlanAndOwnedSlices/repeat#53","Output":"=== CONT  TestDeterministicPlanAndOwnedSlices/repeat#53\n"}
{"Time":"2026-09-05T21:59:15.10061+09:00","Action":"cont","Package":"waiting-room/internal/installplan","Test":"TestDeterministicPlanAndOwnedSlices/repeat#19"}
{"Time":"2026-09-05T21:59:15.100611+09:00","Action":"output","Package":"waiting-room/internal/installplan","Test":"TestDeterministicPlanAndOwnedSlices/repeat#19","Output":"=== CONT  TestDeterministicPlanAndOwnedSlices/repeat#19\n"}
{"Time":"2026-09-05T21:59:15.100613+09:00","Action":"cont","Package":"waiting-room/internal/installplan","Test":"TestDeterministicPlanAndOwnedSlices/repeat#69"}
{"Time":"2026-09-05T21:59:15.100616+09:00","Action":"output","Package":"waiting-room/internal/installplan","Test":"TestDeterministicPlanAndOwnedSlices/repeat#69","Output":"=== CONT  TestDeterministicPlanAndOwnedSlices/repeat#69\n"}
{"Time":"2026-09-05T21:59:15.100719+09:00","Action":"cont","Package":"waiting-room/internal/installplan","Test":"TestDeterministicPlanAndOwnedSlices/repeat#13"}
{"Time":"2026-09-05T21:59:15.100732+09:00","Action":"output","Package":"waiting-room/internal/installplan","Test":"TestDeterministicPlanAndOwnedSlices/repeat#13","Output":"=== CONT  TestDeterministicPlanAndOwnedSlices/repeat#13\n"}
{"Time":"2026-09-05T21:59:15.101328+09:00","Action":"cont","Package":"waiting-room/internal/installplan","Test":"TestDeterministicPlanAndOwnedSlices/repeat#67"}
{"Time":"2026-09-05T21:59:15.101332+09:00","Action":"output","Package":"waiting-room/internal/installplan","Test":"TestDeterministicPlanAndOwnedSlices/repeat#67","Output":"=== CONT  TestDeterministicPlanAndOwnedSlices/repeat#67\n"}
{"Time":"2026-09-05T21:59:15.101333+09:00","Action":"cont","Package":"waiting-room/internal/installplan","Test":"TestDeterministicPlanAndOwnedSlices/repeat#38"}
{"Time":"2026-09-05T21:59:15.101338+09:00","Action":"output","Package":"waiting-room/internal/installplan","Test":"TestDeterministicPlanAndOwnedSlices/repeat#38","Output":"=== CONT  TestDeterministicPlanAndOwnedSlices/repeat#38\n"}
{"Time":"2026-09-05T21:59:15.101361+09:00","Action":"cont","Package":"waiting-room/internal/installplan","Test":"TestDeterministicPlanAndOwnedSlices/repeat#27"}
{"Time":"2026-09-05T21:59:15.101366+09:00","Action":"output","Package":"waiting-room/internal/installplan","Test":"TestDeterministicPlanAndOwnedSlices/repeat#27","Output":"=== CONT  TestDeterministicPlanAndOwnedSlices/repeat#27\n"}
{"Time":"2026-09-05T21:59:15.101367+09:00","Action":"cont","Package":"waiting-room/internal/installplan","Test":"TestDeterministicPlanAndOwnedSlices/repeat#35"}
{"Time":"2026-09-05T21:59:15.101367+09:00","Action":"output","Package":"waiting-room/internal/installplan","Test":"TestDeterministicPlanAndOwnedSlices/repeat#35","Output":"=== CONT  TestDeterministicPlanAndOwnedSlices/repeat#35\n"}
{"Time":"2026-09-05T21:59:15.101402+09:00","Action":"cont","Package":"waiting-room/internal/installplan","Test":"TestDeterministicPlanAndOwnedSlices/repeat#52"}
{"Time":"2026-09-05T21:59:15.101416+09:00","Action":"output","Package":"waiting-room/internal/installplan","Test":"TestDeterministicPlanAndOwnedSlices/repeat#52","Output":"=== CONT  TestDeterministicPlanAndOwnedSlices/repeat#52\n"}
{"Time":"2026-09-05T21:59:15.101421+09:00","Action":"cont","Package":"waiting-room/internal/installplan","Test":"TestDeterministicPlanAndOwnedSlices/repeat#12"}
{"Time":"2026-09-05T21:59:15.101424+09:00","Action":"output","Package":"waiting-room/internal/installplan","Test":"TestDeterministicPlanAndOwnedSlices/repeat#12","Output":"=== CONT  TestDeterministicPlanAndOwnedSlices/repeat#12\n"}
{"Time":"2026-09-05T21:59:15.101487+09:00","Action":"output","Package":"waiting-room/internal/installplan","Test":"TestDeterministicPlanAndOwnedSlices/repeat#81","Output":"--- PASS: TestDeterministicPlanAndOwnedSlices/repeat#81 (0.00s)\n"}
{"Time":"2026-09-05T21:59:15.101496+09:00","Action":"pass","Package":"waiting-room/internal/installplan","Test":"TestDeterministicPlanAndOwnedSlices/repeat#81","Elapsed":0}
{"Time":"2026-09-05T21:59:15.1015+09:00","Action":"cont","Package":"waiting-room/internal/installplan","Test":"TestDeterministicPlanAndOwnedSlices/repeat#89"}
{"Time":"2026-09-05T21:59:15.101502+09:00","Action":"output","Package":"waiting-room/internal/installplan","Test":"TestDeterministicPlanAndOwnedSlices/repeat#89","Output":"=== CONT  TestDeterministicPlanAndOwnedSlices/repeat#89\n"}
{"Time":"2026-09-05T21:59:15.101562+09:00","Action":"cont","Package":"waiting-room/internal/installplan","Test":"TestDeterministicPlanAndOwnedSlices/repeat#93"}
{"Time":"2026-09-05T21:59:15.10158+09:00","Action":"output","Package":"waiting-room/internal/installplan","Test":"TestDeterministicPlanAndOwnedSlices/repeat#93","Output":"=== CONT  TestDeterministicPlanAndOwnedSlices/repeat#93\n"}
{"Time":"2026-09-05T21:59:15.101586+09:00","Action":"cont","Package":"waiting-room/internal/installplan","Test":"TestDeterministicPlanAndOwnedSlices/repeat#60"}
{"Time":"2026-09-05T21:59:15.101589+09:00","Action":"output","Package":"waiting-room/internal/installplan","Test":"TestDeterministicPlanAndOwnedSlices/repeat#60","Output":"=== CONT  TestDeterministicPlanAndOwnedSlices/repeat#60\n"}
{"Time":"2026-09-05T21:59:15.101593+09:00","Action":"output","Package":"waiting-room/internal/installplan","Test":"TestDeterministicPlanAndOwnedSlices/repeat#69","Output":"--- PASS: TestDeterministicPlanAndOwnedSlices/repeat#69 (0.00s)\n"}
{"Time":"2026-09-05T21:59:15.101709+09:00","Action":"pass","Package":"waiting-room/internal/installplan","Test":"TestDeterministicPlanAndOwnedSlices/repeat#69","Elapsed":0}
{"Time":"2026-09-05T21:59:15.101716+09:00","Action":"cont","Package":"waiting-room/internal/installplan","Test":"TestDeterministicPlanAndOwnedSlices/repeat#44"}
{"Time":"2026-09-05T21:59:15.101718+09:00","Action":"output","Package":"waiting-room/internal/installplan","Test":"TestDeterministicPlanAndOwnedSlices/repeat#44","Output":"=== CONT  TestDeterministicPlanAndOwnedSlices/repeat#44\n"}
{"Time":"2026-09-05T21:59:15.101721+09:00","Action":"output","Package":"waiting-room/internal/installplan","Test":"TestDeterministicPlanAndOwnedSlices/repeat#15","Output":"--- PASS: TestDeterministicPlanAndOwnedSlices/repeat#15 (0.00s)\n"}
{"Time":"2026-09-05T21:59:15.101723+09:00","Action":"pass","Package":"waiting-room/internal/installplan","Test":"TestDeterministicPlanAndOwnedSlices/repeat#15","Elapsed":0}
{"Time":"2026-09-05T21:59:15.101725+09:00","Action":"cont","Package":"waiting-room/internal/installplan","Test":"TestDeterministicPlanAndOwnedSlices/repeat#61"}
{"Time":"2026-09-05T21:59:15.101728+09:00","Action":"output","Package":"waiting-room/internal/installplan","Test":"TestDeterministicPlanAndOwnedSlices/repeat#61","Output":"=== CONT  TestDeterministicPlanAndOwnedSlices/repeat#61\n"}
{"Time":"2026-09-05T21:59:15.101729+09:00","Action":"cont","Package":"waiting-room/internal/installplan","Test":"TestDeterministicPlanAndOwnedSlices/repeat#59"}
{"Time":"2026-09-05T21:59:15.101735+09:00","Action":"output","Package":"waiting-room/internal/installplan","Test":"TestDeterministicPlanAndOwnedSlices/repeat#59","Output":"=== CONT  TestDeterministicPlanAndOwnedSlices/repeat#59\n"}
{"Time":"2026-09-05T21:59:15.101739+09:00","Action":"output","Package":"waiting-room/internal/installplan","Test":"TestDeterministicPlanAndOwnedSlices/repeat#38","Output":"--- PASS: TestDeterministicPlanAndOwnedSlices/repeat#38 (0.00s)\n"}
{"Time":"2026-09-05T21:59:15.101741+09:00","Action":"pass","Package":"waiting-room/internal/installplan","Test":"TestDeterministicPlanAndOwnedSlices/repeat#38","Elapsed":0}
{"Time":"2026-09-05T21:59:15.101743+09:00","Action":"cont","Package":"waiting-room/internal/installplan","Test":"TestDeterministicPlanAndOwnedSlices/repeat#17"}
{"Time":"2026-09-05T21:59:15.101744+09:00","Action":"output","Package":"waiting-room/internal/installplan","Test":"TestDeterministicPlanAndOwnedSlices/repeat#17","Output":"=== CONT  TestDeterministicPlanAndOwnedSlices/repeat#17\n"}
{"Time":"2026-09-05T21:59:15.101791+09:00","Action":"output","Package":"waiting-room/internal/installplan","Test":"TestDeterministicPlanAndOwnedSlices/repeat#35","Output":"--- PASS: TestDeterministicPlanAndOwnedSlices/repeat#35 (0.00s)\n"}
{"Time":"2026-09-05T21:59:15.101798+09:00","Action":"pass","Package":"waiting-room/internal/installplan","Test":"TestDeterministicPlanAndOwnedSlices/repeat#35","Elapsed":0}
{"Time":"2026-09-05T21:59:15.1018+09:00","Action":"output","Package":"waiting-room/internal/installplan","Test":"TestDeterministicPlanAndOwnedSlices/repeat#62","Output":"--- PASS: TestDeterministicPlanAndOwnedSlices/repeat#62 (0.00s)\n"}
{"Time":"2026-09-05T21:59:15.101803+09:00","Action":"pass","Package":"waiting-room/internal/installplan","Test":"TestDeterministicPlanAndOwnedSlices/repeat#62","Elapsed":0}
{"Time":"2026-09-05T21:59:15.101805+09:00","Action":"cont","Package":"waiting-room/internal/installplan","Test":"TestDeterministicPlanAndOwnedSlices/repeat#65"}
{"Time":"2026-09-05T21:59:15.101806+09:00","Action":"output","Package":"waiting-room/internal/installplan","Test":"TestDeterministicPlanAndOwnedSlices/repeat#65","Output":"=== CONT  TestDeterministicPlanAndOwnedSlices/repeat#65\n"}
{"Time":"2026-09-05T21:59:15.10181+09:00","Action":"output","Package":"waiting-room/internal/installplan","Test":"TestDeterministicPlanAndOwnedSlices/repeat#75","Output":"--- PASS: TestDeterministicPlanAndOwnedSlices/repeat#75 (0.00s)\n"}
{"Time":"2026-09-05T21:59:15.101849+09:00","Action":"pass","Package":"waiting-room/internal/installplan","Test":"TestDeterministicPlanAndOwnedSlices/repeat#75","Elapsed":0}
{"Time":"2026-09-05T21:59:15.10186+09:00","Action":"cont","Package":"waiting-room/internal/installplan","Test":"TestDeterministicPlanAndOwnedSlices/repeat#58"}
{"Time":"2026-09-05T21:59:15.101863+09:00","Action":"output","Package":"waiting-room/internal/installplan","Test":"TestDeterministicPlanAndOwnedSlices/repeat#58","Output":"=== CONT  TestDeterministicPlanAndOwnedSlices/repeat#58\n"}
{"Time":"2026-09-05T21:59:15.101867+09:00","Action":"output","Package":"waiting-room/internal/installplan","Test":"TestDeterministicPlanAndOwnedSlices/repeat#89","Output":"--- PASS: TestDeterministicPlanAndOwnedSlices/repeat#89 (0.00s)\n"}
{"Time":"2026-09-05T21:59:15.102145+09:00","Action":"pass","Package":"waiting-room/internal/installplan","Test":"TestDeterministicPlanAndOwnedSlices/repeat#89","Elapsed":0}
{"Time":"2026-09-05T21:59:15.10215+09:00","Action":"cont","Package":"waiting-room/internal/installplan","Test":"TestDeterministicPlanAndOwnedSlices/repeat#16"}
{"Time":"2026-09-05T21:59:15.102151+09:00","Action":"output","Package":"waiting-room/internal/installplan","Test":"TestDeterministicPlanAndOwnedSlices/repeat#16","Output":"=== CONT  TestDeterministicPlanAndOwnedSlices/repeat#16\n"}
{"Time":"2026-09-05T21:59:15.102356+09:00","Action":"cont","Package":"waiting-room/internal/installplan","Test":"TestDeterministicPlanAndOwnedSlices/repeat#64"}
{"Time":"2026-09-05T21:59:15.102363+09:00","Action":"output","Package":"waiting-room/internal/installplan","Test":"TestDeterministicPlanAndOwnedSlices/repeat#64","Output":"=== CONT  TestDeterministicPlanAndOwnedSlices/repeat#64\n"}
{"Time":"2026-09-05T21:59:15.103141+09:00","Action":"cont","Package":"waiting-room/internal/installplan","Test":"TestDeterministicPlanAndOwnedSlices/repeat#99"}
{"Time":"2026-09-05T21:59:15.103146+09:00","Action":"output","Package":"waiting-room/internal/installplan","Test":"TestDeterministicPlanAndOwnedSlices/repeat#99","Output":"=== CONT  TestDeterministicPlanAndOwnedSlices/repeat#99\n"}
{"Time":"2026-09-05T21:59:15.103148+09:00","Action":"cont","Package":"waiting-room/internal/installplan","Test":"TestDeterministicPlanAndOwnedSlices/repeat#14"}
{"Time":"2026-09-05T21:59:15.10315+09:00","Action":"output","Package":"waiting-room/internal/installplan","Test":"TestDeterministicPlanAndOwnedSlices/repeat#14","Output":"=== CONT  TestDeterministicPlanAndOwnedSlices/repeat#14\n"}
{"Time":"2026-09-05T21:59:15.103182+09:00","Action":"cont","Package":"waiting-room/internal/installplan","Test":"TestDeterministicPlanAndOwnedSlices/repeat#51"}
{"Time":"2026-09-05T21:59:15.103188+09:00","Action":"output","Package":"waiting-room/internal/installplan","Test":"TestDeterministicPlanAndOwnedSlices/repeat#51","Output":"=== CONT  TestDeterministicPlanAndOwnedSlices/repeat#51\n"}
{"Time":"2026-09-05T21:59:15.103191+09:00","Action":"cont","Package":"waiting-room/internal/installplan","Test":"TestDeterministicPlanAndOwnedSlices/repeat#11"}
{"Time":"2026-09-05T21:59:15.103194+09:00","Action":"output","Package":"waiting-room/internal/installplan","Test":"TestDeterministicPlanAndOwnedSlices/repeat#11","Output":"=== CONT  TestDeterministicPlanAndOwnedSlices/repeat#11\n"}
{"Time":"2026-09-05T21:59:15.103199+09:00","Action":"cont","Package":"waiting-room/internal/installplan","Test":"TestDeterministicPlanAndOwnedSlices/repeat#28"}
{"Time":"2026-09-05T21:59:15.103201+09:00","Action":"output","Package":"waiting-room/internal/installplan","Test":"TestDeterministicPlanAndOwnedSlices/repeat#28","Output":"=== CONT  TestDeterministicPlanAndOwnedSlices/repeat#28\n"}
{"Time":"2026-09-05T21:59:15.103202+09:00","Action":"cont","Package":"waiting-room/internal/installplan","Test":"TestDeterministicPlanAndOwnedSlices/repeat#08"}
{"Time":"2026-09-05T21:59:15.103205+09:00","Action":"output","Package":"waiting-room/internal/installplan","Test":"TestDeterministicPlanAndOwnedSlices/repeat#08","Output":"=== CONT  TestDeterministicPlanAndOwnedSlices/repeat#08\n"}
{"Time":"2026-09-05T21:59:15.103209+09:00","Action":"cont","Package":"waiting-room/internal/installplan","Test":"TestDeterministicPlanAndOwnedSlices/repeat#06"}
{"Time":"2026-09-05T21:59:15.103214+09:00","Action":"output","Package":"waiting-room/internal/installplan","Test":"TestDeterministicPlanAndOwnedSlices/repeat#06","Output":"=== CONT  TestDeterministicPlanAndOwnedSlices/repeat#06\n"}
{"Time":"2026-09-05T21:59:15.103216+09:00","Action":"cont","Package":"waiting-room/internal/installplan","Test":"TestDeterministicPlanAndOwnedSlices/repeat#98"}
{"Time":"2026-09-05T21:59:15.103234+09:00","Action":"output","Package":"waiting-room/internal/installplan","Test":"TestDeterministicPlanAndOwnedSlices/repeat#98","Output":"=== CONT  TestDeterministicPlanAndOwnedSlices/repeat#98\n"}
{"Time":"2026-09-05T21:59:15.103237+09:00","Action":"cont","Package":"waiting-room/internal/installplan","Test":"TestDeterministicPlanAndOwnedSlices/repeat#56"}
{"Time":"2026-09-05T21:59:15.103238+09:00","Action":"output","Package":"waiting-room/internal/installplan","Test":"TestDeterministicPlanAndOwnedSlices/repeat#56","Output":"=== CONT  TestDeterministicPlanAndOwnedSlices/repeat#56\n"}
{"Time":"2026-09-05T21:59:15.10336+09:00","Action":"output","Package":"waiting-room/internal/installplan","Test":"TestDeterministicPlanAndOwnedSlices/repeat#27","Output":"--- PASS: TestDeterministicPlanAndOwnedSlices/repeat#27 (0.00s)\n"}
{"Time":"2026-09-05T21:59:15.103365+09:00","Action":"pass","Package":"waiting-room/internal/installplan","Test":"TestDeterministicPlanAndOwnedSlices/repeat#27","Elapsed":0}
{"Time":"2026-09-05T21:59:15.103367+09:00","Action":"cont","Package":"waiting-room/internal/installplan","Test":"TestDeterministicPlanAndOwnedSlices/repeat#54"}
{"Time":"2026-09-05T21:59:15.103368+09:00","Action":"output","Package":"waiting-room/internal/installplan","Test":"TestDeterministicPlanAndOwnedSlices/repeat#54","Output":"=== CONT  TestDeterministicPlanAndOwnedSlices/repeat#54\n"}
{"Time":"2026-09-05T21:59:15.10337+09:00","Action":"cont","Package":"waiting-room/internal/installplan","Test":"TestDeterministicPlanAndOwnedSlices/repeat#94"}
{"Time":"2026-09-05T21:59:15.103371+09:00","Action":"output","Package":"waiting-room/internal/installplan","Test":"TestDeterministicPlanAndOwnedSlices/repeat#94","Output":"=== CONT  TestDeterministicPlanAndOwnedSlices/repeat#94\n"}
{"Time":"2026-09-05T21:59:15.103373+09:00","Action":"cont","Package":"waiting-room/internal/installplan","Test":"TestDeterministicPlanAndOwnedSlices/repeat#55"}
{"Time":"2026-09-05T21:59:15.103374+09:00","Action":"output","Package":"waiting-room/internal/installplan","Test":"TestDeterministicPlanAndOwnedSlices/repeat#55","Output":"=== CONT  TestDeterministicPlanAndOwnedSlices/repeat#55\n"}
{"Time":"2026-09-05T21:59:15.103376+09:00","Action":"cont","Package":"waiting-room/internal/installplan","Test":"TestDeterministicPlanAndOwnedSlices/repeat#10"}
{"Time":"2026-09-05T21:59:15.103377+09:00","Action":"output","Package":"waiting-room/internal/installplan","Test":"TestDeterministicPlanAndOwnedSlices/repeat#10","Output":"=== CONT  TestDeterministicPlanAndOwnedSlices/repeat#10\n"}
{"Time":"2026-09-05T21:59:15.10364+09:00","Action":"output","Package":"waiting-room/internal/installplan","Test":"TestDeterministicPlanAndOwnedSlices/repeat#85","Output":"--- PASS: TestDeterministicPlanAndOwnedSlices/repeat#85 (0.00s)\n"}
{"Time":"2026-09-05T21:59:15.103651+09:00","Action":"pass","Package":"waiting-room/internal/installplan","Test":"TestDeterministicPlanAndOwnedSlices/repeat#85","Elapsed":0}
{"Time":"2026-09-05T21:59:15.103654+09:00","Action":"output","Package":"waiting-room/internal/installplan","Test":"TestDeterministicPlanAndOwnedSlices/repeat#26","Output":"--- PASS: TestDeterministicPlanAndOwnedSlices/repeat#26 (0.00s)\n"}
{"Time":"2026-09-05T21:59:15.103656+09:00","Action":"pass","Package":"waiting-room/internal/installplan","Test":"TestDeterministicPlanAndOwnedSlices/repeat#26","Elapsed":0}
{"Time":"2026-09-05T21:59:15.103657+09:00","Action":"output","Package":"waiting-room/internal/installplan","Test":"TestDeterministicPlanAndOwnedSlices/repeat#14","Output":"--- PASS: TestDeterministicPlanAndOwnedSlices/repeat#14 (0.00s)\n"}
{"Time":"2026-09-05T21:59:15.103659+09:00","Action":"pass","Package":"waiting-room/internal/installplan","Test":"TestDeterministicPlanAndOwnedSlices/repeat#14","Elapsed":0}
{"Time":"2026-09-05T21:59:15.10366+09:00","Action":"cont","Package":"waiting-room/internal/installplan","Test":"TestDeterministicPlanAndOwnedSlices/repeat#04"}
{"Time":"2026-09-05T21:59:15.103662+09:00","Action":"output","Package":"waiting-room/internal/installplan","Test":"TestDeterministicPlanAndOwnedSlices/repeat#04","Output":"=== CONT  TestDeterministicPlanAndOwnedSlices/repeat#04\n"}
{"Time":"2026-09-05T21:59:15.103664+09:00","Action":"output","Package":"waiting-room/internal/installplan","Test":"TestDeterministicPlanAndOwnedSlices/repeat#29","Output":"--- PASS: TestDeterministicPlanAndOwnedSlices/repeat#29 (0.00s)\n"}
{"Time":"2026-09-05T21:59:15.103665+09:00","Action":"pass","Package":"waiting-room/internal/installplan","Test":"TestDeterministicPlanAndOwnedSlices/repeat#29","Elapsed":0}
{"Time":"2026-09-05T21:59:15.103667+09:00","Action":"cont","Package":"waiting-room/internal/installplan","Test":"TestDeterministicPlanAndOwnedSlices/repeat#09"}
{"Time":"2026-09-05T21:59:15.103673+09:00","Action":"output","Package":"waiting-room/internal/installplan","Test":"TestDeterministicPlanAndOwnedSlices/repeat#09","Output":"=== CONT  TestDeterministicPlanAndOwnedSlices/repeat#09\n"}
{"Time":"2026-09-05T21:59:15.103675+09:00","Action":"cont","Package":"waiting-room/internal/installplan","Test":"TestDeterministicPlanAndOwnedSlices/repeat#05"}
{"Time":"2026-09-05T21:59:15.103677+09:00","Action":"output","Package":"waiting-room/internal/installplan","Test":"TestDeterministicPlanAndOwnedSlices/repeat#05","Output":"=== CONT  TestDeterministicPlanAndOwnedSlices/repeat#05\n"}
{"Time":"2026-09-05T21:59:15.103678+09:00","Action":"cont","Package":"waiting-room/internal/installplan","Test":"TestDeterministicPlanAndOwnedSlices/repeat#07"}
{"Time":"2026-09-05T21:59:15.10368+09:00","Action":"output","Package":"waiting-room/internal/installplan","Test":"TestDeterministicPlanAndOwnedSlices/repeat#07","Output":"=== CONT  TestDeterministicPlanAndOwnedSlices/repeat#07\n"}
{"Time":"2026-09-05T21:59:15.103681+09:00","Action":"cont","Package":"waiting-room/internal/installplan","Test":"TestDeterministicPlanAndOwnedSlices/repeat#03"}
{"Time":"2026-09-05T21:59:15.103682+09:00","Action":"output","Package":"waiting-room/internal/installplan","Test":"TestDeterministicPlanAndOwnedSlices/repeat#03","Output":"=== CONT  TestDeterministicPlanAndOwnedSlices/repeat#03\n"}
{"Time":"2026-09-05T21:59:15.103684+09:00","Action":"cont","Package":"waiting-room/internal/installplan","Test":"TestDeterministicPlanAndOwnedSlices/repeat#01"}
{"Time":"2026-09-05T21:59:15.103688+09:00","Action":"output","Package":"waiting-room/internal/installplan","Test":"TestDeterministicPlanAndOwnedSlices/repeat#01","Output":"=== CONT  TestDeterministicPlanAndOwnedSlices/repeat#01\n"}
{"Time":"2026-09-05T21:59:15.103691+09:00","Action":"cont","Package":"waiting-room/internal/installplan","Test":"TestDeterministicPlanAndOwnedSlices/repeat#83"}
{"Time":"2026-09-05T21:59:15.103693+09:00","Action":"output","Package":"waiting-room/internal/installplan","Test":"TestDeterministicPlanAndOwnedSlices/repeat#83","Output":"=== CONT  TestDeterministicPlanAndOwnedSlices/repeat#83\n"}
{"Time":"2026-09-05T21:59:15.103719+09:00","Action":"cont","Package":"waiting-room/internal/installplan","Test":"TestDeterministicPlanAndOwnedSlices/repeat#36"}
{"Time":"2026-09-05T21:59:15.103722+09:00","Action":"output","Package":"waiting-room/internal/installplan","Test":"TestDeterministicPlanAndOwnedSlices/repeat#36","Output":"=== CONT  TestDeterministicPlanAndOwnedSlices/repeat#36\n"}
{"Time":"2026-09-05T21:59:15.103785+09:00","Action":"cont","Package":"waiting-room/internal/installplan","Test":"TestDeterministicPlanAndOwnedSlices/repeat#90"}
{"Time":"2026-09-05T21:59:15.103793+09:00","Action":"output","Package":"waiting-room/internal/installplan","Test":"TestDeterministicPlanAndOwnedSlices/repeat#90","Output":"=== CONT  TestDeterministicPlanAndOwnedSlices/repeat#90\n"}
{"Time":"2026-09-05T21:59:15.104069+09:00","Action":"cont","Package":"waiting-room/internal/installplan","Test":"TestDeterministicPlanAndOwnedSlices/repeat"}
{"Time":"2026-09-05T21:59:15.104073+09:00","Action":"output","Package":"waiting-room/internal/installplan","Test":"TestDeterministicPlanAndOwnedSlices/repeat","Output":"=== CONT  TestDeterministicPlanAndOwnedSlices/repeat\n"}
{"Time":"2026-09-05T21:59:15.104099+09:00","Action":"output","Package":"waiting-room/internal/installplan","Test":"TestDeterministicPlanAndOwnedSlices/repeat#53","Output":"--- PASS: TestDeterministicPlanAndOwnedSlices/repeat#53 (0.00s)\n"}
{"Time":"2026-09-05T21:59:15.104144+09:00","Action":"pass","Package":"waiting-room/internal/installplan","Test":"TestDeterministicPlanAndOwnedSlices/repeat#53","Elapsed":0}
{"Time":"2026-09-05T21:59:15.104151+09:00","Action":"cont","Package":"waiting-room/internal/installplan","Test":"TestDeterministicPlanAndOwnedSlices/repeat#33"}
{"Time":"2026-09-05T21:59:15.104153+09:00","Action":"output","Package":"waiting-room/internal/installplan","Test":"TestDeterministicPlanAndOwnedSlices/repeat#33","Output":"=== CONT  TestDeterministicPlanAndOwnedSlices/repeat#33\n"}
{"Time":"2026-09-05T21:59:15.104157+09:00","Action":"cont","Package":"waiting-room/internal/installplan","Test":"TestDeterministicPlanAndOwnedSlices/repeat#92"}
{"Time":"2026-09-05T21:59:15.104158+09:00","Action":"output","Package":"waiting-room/internal/installplan","Test":"TestDeterministicPlanAndOwnedSlices/repeat#92","Output":"=== CONT  TestDeterministicPlanAndOwnedSlices/repeat#92\n"}
{"Time":"2026-09-05T21:59:15.104164+09:00","Action":"cont","Package":"waiting-room/internal/installplan","Test":"TestDeterministicPlanAndOwnedSlices/repeat#46"}
{"Time":"2026-09-05T21:59:15.104166+09:00","Action":"output","Package":"waiting-room/internal/installplan","Test":"TestDeterministicPlanAndOwnedSlices/repeat#46","Output":"=== CONT  TestDeterministicPlanAndOwnedSlices/repeat#46\n"}
{"Time":"2026-09-05T21:59:15.104251+09:00","Action":"output","Package":"waiting-room/internal/installplan","Test":"TestDeterministicPlanAndOwnedSlices/repeat#13","Output":"--- PASS: TestDeterministicPlanAndOwnedSlices/repeat#13 (0.00s)\n"}
{"Time":"2026-09-05T21:59:15.104474+09:00","Action":"pass","Package":"waiting-room/internal/installplan","Test":"TestDeterministicPlanAndOwnedSlices/repeat#13","Elapsed":0}
{"Time":"2026-09-05T21:59:15.10448+09:00","Action":"cont","Package":"waiting-room/internal/installplan","Test":"TestDeterministicPlanAndOwnedSlices/repeat#49"}
{"Time":"2026-09-05T21:59:15.104482+09:00","Action":"output","Package":"waiting-room/internal/installplan","Test":"TestDeterministicPlanAndOwnedSlices/repeat#49","Output":"=== CONT  TestDeterministicPlanAndOwnedSlices/repeat#49\n"}
{"Time":"2026-09-05T21:59:15.104487+09:00","Action":"cont","Package":"waiting-room/internal/installplan","Test":"TestDeterministicPlanAndOwnedSlices/repeat#91"}
{"Time":"2026-09-05T21:59:15.104489+09:00","Action":"output","Package":"waiting-room/internal/installplan","Test":"TestDeterministicPlanAndOwnedSlices/repeat#91","Output":"=== CONT  TestDeterministicPlanAndOwnedSlices/repeat#91\n"}
{"Time":"2026-09-05T21:59:15.104655+09:00","Action":"cont","Package":"waiting-room/internal/installplan","Test":"TestDeterministicPlanAndOwnedSlices/repeat#48"}
{"Time":"2026-09-05T21:59:15.104659+09:00","Action":"output","Package":"waiting-room/internal/installplan","Test":"TestDeterministicPlanAndOwnedSlices/repeat#48","Output":"=== CONT  TestDeterministicPlanAndOwnedSlices/repeat#48\n"}
{"Time":"2026-09-05T21:59:15.105143+09:00","Action":"output","Package":"waiting-room/internal/installplan","Test":"TestDeterministicPlanAndOwnedSlices/repeat#23","Output":"--- PASS: TestDeterministicPlanAndOwnedSlices/repeat#23 (0.00s)\n"}
{"Time":"2026-09-05T21:59:15.10516+09:00","Action":"pass","Package":"waiting-room/internal/installplan","Test":"TestDeterministicPlanAndOwnedSlices/repeat#23","Elapsed":0}
{"Time":"2026-09-05T21:59:15.105164+09:00","Action":"output","Package":"waiting-room/internal/installplan","Test":"TestDeterministicPlanAndOwnedSlices/repeat#78","Output":"--- PASS: TestDeterministicPlanAndOwnedSlices/repeat#78 (0.00s)\n"}
{"Time":"2026-09-05T21:59:15.105178+09:00","Action":"pass","Package":"waiting-room/internal/installplan","Test":"TestDeterministicPlanAndOwnedSlices/repeat#78","Elapsed":0}
{"Time":"2026-09-05T21:59:15.105181+09:00","Action":"cont","Package":"waiting-room/internal/installplan","Test":"TestDeterministicPlanAndOwnedSlices/repeat#70"}
{"Time":"2026-09-05T21:59:15.105183+09:00","Action":"output","Package":"waiting-room/internal/installplan","Test":"TestDeterministicPlanAndOwnedSlices/repeat#70","Output":"=== CONT  TestDeterministicPlanAndOwnedSlices/repeat#70\n"}
{"Time":"2026-09-05T21:59:15.105199+09:00","Action":"cont","Package":"waiting-room/internal/installplan","Test":"TestDeterministicPlanAndOwnedSlices/repeat#68"}
{"Time":"2026-09-05T21:59:15.105201+09:00","Action":"output","Package":"waiting-room/internal/installplan","Test":"TestDeterministicPlanAndOwnedSlices/repeat#68","Output":"=== CONT  TestDeterministicPlanAndOwnedSlices/repeat#68\n"}
{"Time":"2026-09-05T21:59:15.105227+09:00","Action":"cont","Package":"waiting-room/internal/installplan","Test":"TestDeterministicPlanAndOwnedSlices/repeat#76"}
{"Time":"2026-09-05T21:59:15.10523+09:00","Action":"output","Package":"waiting-room/internal/installplan","Test":"TestDeterministicPlanAndOwnedSlices/repeat#76","Output":"=== CONT  TestDeterministicPlanAndOwnedSlices/repeat#76\n"}
{"Time":"2026-09-05T21:59:15.105251+09:00","Action":"cont","Package":"waiting-room/internal/installplan","Test":"TestDeterministicPlanAndOwnedSlices/repeat#32"}
{"Time":"2026-09-05T21:59:15.105257+09:00","Action":"output","Package":"waiting-room/internal/installplan","Test":"TestDeterministicPlanAndOwnedSlices/repeat#32","Output":"=== CONT  TestDeterministicPlanAndOwnedSlices/repeat#32\n"}
{"Time":"2026-09-05T21:59:15.10526+09:00","Action":"cont","Package":"waiting-room/internal/installplan","Test":"TestDeterministicPlanAndOwnedSlices/repeat#73"}
{"Time":"2026-09-05T21:59:15.105261+09:00","Action":"output","Package":"waiting-room/internal/installplan","Test":"TestDeterministicPlanAndOwnedSlices/repeat#73","Output":"=== CONT  TestDeterministicPlanAndOwnedSlices/repeat#73\n"}
{"Time":"2026-09-05T21:59:15.105306+09:00","Action":"cont","Package":"waiting-room/internal/installplan","Test":"TestDeterministicPlanAndOwnedSlices/repeat#42"}
{"Time":"2026-09-05T21:59:15.105311+09:00","Action":"output","Package":"waiting-room/internal/installplan","Test":"TestDeterministicPlanAndOwnedSlices/repeat#42","Output":"=== CONT  TestDeterministicPlanAndOwnedSlices/repeat#42\n"}
{"Time":"2026-09-05T21:59:15.105329+09:00","Action":"cont","Package":"waiting-room/internal/installplan","Test":"TestDeterministicPlanAndOwnedSlices/repeat#71"}
{"Time":"2026-09-05T21:59:15.105332+09:00","Action":"output","Package":"waiting-room/internal/installplan","Test":"TestDeterministicPlanAndOwnedSlices/repeat#71","Output":"=== CONT  TestDeterministicPlanAndOwnedSlices/repeat#71\n"}
{"Time":"2026-09-05T21:59:15.105352+09:00","Action":"cont","Package":"waiting-room/internal/installplan","Test":"TestDeterministicPlanAndOwnedSlices/repeat#66"}
{"Time":"2026-09-05T21:59:15.105356+09:00","Action":"output","Package":"waiting-room/internal/installplan","Test":"TestDeterministicPlanAndOwnedSlices/repeat#66","Output":"=== CONT  TestDeterministicPlanAndOwnedSlices/repeat#66\n"}
{"Time":"2026-09-05T21:59:15.105359+09:00","Action":"cont","Package":"waiting-room/internal/installplan","Test":"TestDeterministicPlanAndOwnedSlices/repeat#72"}
{"Time":"2026-09-05T21:59:15.105361+09:00","Action":"output","Package":"waiting-room/internal/installplan","Test":"TestDeterministicPlanAndOwnedSlices/repeat#72","Output":"=== CONT  TestDeterministicPlanAndOwnedSlices/repeat#72\n"}
{"Time":"2026-09-05T21:59:15.105394+09:00","Action":"cont","Package":"waiting-room/internal/installplan","Test":"TestDeterministicPlanAndOwnedSlices/repeat#45"}
{"Time":"2026-09-05T21:59:15.1054+09:00","Action":"output","Package":"waiting-room/internal/installplan","Test":"TestDeterministicPlanAndOwnedSlices/repeat#45","Output":"=== CONT  TestDeterministicPlanAndOwnedSlices/repeat#45\n"}
{"Time":"2026-09-05T21:59:15.105446+09:00","Action":"cont","Package":"waiting-room/internal/installplan","Test":"TestDeterministicPlanAndOwnedSlices/repeat#47"}
{"Time":"2026-09-05T21:59:15.105461+09:00","Action":"output","Package":"waiting-room/internal/installplan","Test":"TestDeterministicPlanAndOwnedSlices/repeat#47","Output":"=== CONT  TestDeterministicPlanAndOwnedSlices/repeat#47\n"}
{"Time":"2026-09-05T21:59:15.105485+09:00","Action":"cont","Package":"waiting-room/internal/installplan","Test":"TestDeterministicPlanAndOwnedSlices/repeat#63"}
{"Time":"2026-09-05T21:59:15.105496+09:00","Action":"output","Package":"waiting-room/internal/installplan","Test":"TestDeterministicPlanAndOwnedSlices/repeat#63","Output":"=== CONT  TestDeterministicPlanAndOwnedSlices/repeat#63\n"}
{"Time":"2026-09-05T21:59:15.105544+09:00","Action":"cont","Package":"waiting-room/internal/installplan","Test":"TestDeterministicPlanAndOwnedSlices/repeat#40"}
{"Time":"2026-09-05T21:59:15.10555+09:00","Action":"output","Package":"waiting-room/internal/installplan","Test":"TestDeterministicPlanAndOwnedSlices/repeat#40","Output":"=== CONT  TestDeterministicPlanAndOwnedSlices/repeat#40\n"}
{"Time":"2026-09-05T21:59:15.10559+09:00","Action":"cont","Package":"waiting-room/internal/installplan","Test":"TestDeterministicPlanAndOwnedSlices/repeat#43"}
{"Time":"2026-09-05T21:59:15.105597+09:00","Action":"output","Package":"waiting-room/internal/installplan","Test":"TestDeterministicPlanAndOwnedSlices/repeat#43","Output":"=== CONT  TestDeterministicPlanAndOwnedSlices/repeat#43\n"}
{"Time":"2026-09-05T21:59:15.105599+09:00","Action":"cont","Package":"waiting-room/internal/installplan","Test":"TestDeterministicPlanAndOwnedSlices/repeat#41"}
{"Time":"2026-09-05T21:59:15.105607+09:00","Action":"output","Package":"waiting-room/internal/installplan","Test":"TestDeterministicPlanAndOwnedSlices/repeat#41","Output":"=== CONT  TestDeterministicPlanAndOwnedSlices/repeat#41\n"}
{"Time":"2026-09-05T21:59:15.105629+09:00","Action":"output","Package":"waiting-room/internal/installplan","Test":"TestDeterministicPlanAndOwnedSlices/repeat#67","Output":"--- PASS: TestDeterministicPlanAndOwnedSlices/repeat#67 (0.00s)\n"}
{"Time":"2026-09-05T21:59:15.105697+09:00","Action":"pass","Package":"waiting-room/internal/installplan","Test":"TestDeterministicPlanAndOwnedSlices/repeat#67","Elapsed":0}
{"Time":"2026-09-05T21:59:15.105704+09:00","Action":"output","Package":"waiting-room/internal/installplan","Test":"TestDeterministicPlanAndOwnedSlices/repeat#21","Output":"--- PASS: TestDeterministicPlanAndOwnedSlices/repeat#21 (0.00s)\n"}
{"Time":"2026-09-05T21:59:15.105706+09:00","Action":"pass","Package":"waiting-room/internal/installplan","Test":"TestDeterministicPlanAndOwnedSlices/repeat#21","Elapsed":0}
{"Time":"2026-09-05T21:59:15.105708+09:00","Action":"output","Package":"waiting-room/internal/installplan","Test":"TestDeterministicPlanAndOwnedSlices/repeat#84","Output":"--- PASS: TestDeterministicPlanAndOwnedSlices/repeat#84 (0.00s)\n"}
{"Time":"2026-09-05T21:59:15.10571+09:00","Action":"pass","Package":"waiting-room/internal/installplan","Test":"TestDeterministicPlanAndOwnedSlices/repeat#84","Elapsed":0}
{"Time":"2026-09-05T21:59:15.105713+09:00","Action":"output","Package":"waiting-room/internal/installplan","Test":"TestDeterministicPlanAndOwnedSlices/repeat#34","Output":"--- PASS: TestDeterministicPlanAndOwnedSlices/repeat#34 (0.00s)\n"}
{"Time":"2026-09-05T21:59:15.105725+09:00","Action":"pass","Package":"waiting-room/internal/installplan","Test":"TestDeterministicPlanAndOwnedSlices/repeat#34","Elapsed":0}
{"Time":"2026-09-05T21:59:15.105729+09:00","Action":"output","Package":"waiting-room/internal/installplan","Test":"TestDeterministicPlanAndOwnedSlices/repeat#24","Output":"--- PASS: TestDeterministicPlanAndOwnedSlices/repeat#24 (0.00s)\n"}
{"Time":"2026-09-05T21:59:15.105745+09:00","Action":"pass","Package":"waiting-room/internal/installplan","Test":"TestDeterministicPlanAndOwnedSlices/repeat#24","Elapsed":0}
{"Time":"2026-09-05T21:59:15.105747+09:00","Action":"output","Package":"waiting-room/internal/installplan","Test":"TestDeterministicPlanAndOwnedSlices/repeat#22","Output":"--- PASS: TestDeterministicPlanAndOwnedSlices/repeat#22 (0.00s)\n"}
{"Time":"2026-09-05T21:59:15.105763+09:00","Action":"pass","Package":"waiting-room/internal/installplan","Test":"TestDeterministicPlanAndOwnedSlices/repeat#22","Elapsed":0}
{"Time":"2026-09-05T21:59:15.105767+09:00","Action":"output","Package":"waiting-room/internal/installplan","Test":"TestDeterministicPlanAndOwnedSlices/repeat#39","Output":"--- PASS: TestDeterministicPlanAndOwnedSlices/repeat#39 (0.00s)\n"}
{"Time":"2026-09-05T21:59:15.105785+09:00","Action":"pass","Package":"waiting-room/internal/installplan","Test":"TestDeterministicPlanAndOwnedSlices/repeat#39","Elapsed":0}
{"Time":"2026-09-05T21:59:15.105794+09:00","Action":"output","Package":"waiting-room/internal/installplan","Test":"TestDeterministicPlanAndOwnedSlices/repeat#18","Output":"--- PASS: TestDeterministicPlanAndOwnedSlices/repeat#18 (0.00s)\n"}
{"Time":"2026-09-05T21:59:15.105799+09:00","Action":"pass","Package":"waiting-room/internal/installplan","Test":"TestDeterministicPlanAndOwnedSlices/repeat#18","Elapsed":0}
{"Time":"2026-09-05T21:59:15.105803+09:00","Action":"output","Package":"waiting-room/internal/installplan","Test":"TestDeterministicPlanAndOwnedSlices/repeat#20","Output":"--- PASS: TestDeterministicPlanAndOwnedSlices/repeat#20 (0.00s)\n"}
{"Time":"2026-09-05T21:59:15.105818+09:00","Action":"pass","Package":"waiting-room/internal/installplan","Test":"TestDeterministicPlanAndOwnedSlices/repeat#20","Elapsed":0}
{"Time":"2026-09-05T21:59:15.105823+09:00","Action":"output","Package":"waiting-room/internal/installplan","Test":"TestDeterministicPlanAndOwnedSlices/repeat#97","Output":"--- PASS: TestDeterministicPlanAndOwnedSlices/repeat#97 (0.00s)\n"}
{"Time":"2026-09-05T21:59:15.105845+09:00","Action":"pass","Package":"waiting-room/internal/installplan","Test":"TestDeterministicPlanAndOwnedSlices/repeat#97","Elapsed":0}
{"Time":"2026-09-05T21:59:15.105849+09:00","Action":"output","Package":"waiting-room/internal/installplan","Test":"TestDeterministicPlanAndOwnedSlices/repeat#86","Output":"--- PASS: TestDeterministicPlanAndOwnedSlices/repeat#86 (0.00s)\n"}
{"Time":"2026-09-05T21:59:15.105864+09:00","Action":"pass","Package":"waiting-room/internal/installplan","Test":"TestDeterministicPlanAndOwnedSlices/repeat#86","Elapsed":0}
{"Time":"2026-09-05T21:59:15.105872+09:00","Action":"output","Package":"waiting-room/internal/installplan","Test":"TestDeterministicPlanAndOwnedSlices/repeat#40","Output":"--- PASS: TestDeterministicPlanAndOwnedSlices/repeat#40 (0.00s)\n"}
{"Time":"2026-09-05T21:59:15.105892+09:00","Action":"pass","Package":"waiting-room/internal/installplan","Test":"TestDeterministicPlanAndOwnedSlices/repeat#40","Elapsed":0}
{"Time":"2026-09-05T21:59:15.105895+09:00","Action":"output","Package":"waiting-room/internal/installplan","Test":"TestDeterministicPlanAndOwnedSlices/repeat#43","Output":"--- PASS: TestDeterministicPlanAndOwnedSlices/repeat#43 (0.00s)\n"}
{"Time":"2026-09-05T21:59:15.10591+09:00","Action":"pass","Package":"waiting-room/internal/installplan","Test":"TestDeterministicPlanAndOwnedSlices/repeat#43","Elapsed":0}
{"Time":"2026-09-05T21:59:15.105913+09:00","Action":"output","Package":"waiting-room/internal/installplan","Test":"TestDeterministicPlanAndOwnedSlices/repeat#82","Output":"--- PASS: TestDeterministicPlanAndOwnedSlices/repeat#82 (0.00s)\n"}
{"Time":"2026-09-05T21:59:15.105923+09:00","Action":"pass","Package":"waiting-room/internal/installplan","Test":"TestDeterministicPlanAndOwnedSlices/repeat#82","Elapsed":0}
{"Time":"2026-09-05T21:59:15.105925+09:00","Action":"output","Package":"waiting-room/internal/installplan","Test":"TestDeterministicPlanAndOwnedSlices/repeat#57","Output":"--- PASS: TestDeterministicPlanAndOwnedSlices/repeat#57 (0.00s)\n"}
{"Time":"2026-09-05T21:59:15.105942+09:00","Action":"pass","Package":"waiting-room/internal/installplan","Test":"TestDeterministicPlanAndOwnedSlices/repeat#57","Elapsed":0}
{"Time":"2026-09-05T21:59:15.105945+09:00","Action":"output","Package":"waiting-room/internal/installplan","Test":"TestDeterministicPlanAndOwnedSlices/repeat#96","Output":"--- PASS: TestDeterministicPlanAndOwnedSlices/repeat#96 (0.00s)\n"}
{"Time":"2026-09-05T21:59:15.105961+09:00","Action":"pass","Package":"waiting-room/internal/installplan","Test":"TestDeterministicPlanAndOwnedSlices/repeat#96","Elapsed":0}
{"Time":"2026-09-05T21:59:15.105966+09:00","Action":"output","Package":"waiting-room/internal/installplan","Test":"TestDeterministicPlanAndOwnedSlices/repeat#87","Output":"--- PASS: TestDeterministicPlanAndOwnedSlices/repeat#87 (0.00s)\n"}
{"Time":"2026-09-05T21:59:15.10597+09:00","Action":"pass","Package":"waiting-room/internal/installplan","Test":"TestDeterministicPlanAndOwnedSlices/repeat#87","Elapsed":0}
{"Time":"2026-09-05T21:59:15.105971+09:00","Action":"output","Package":"waiting-room/internal/installplan","Test":"TestDeterministicPlanAndOwnedSlices/repeat#79","Output":"--- PASS: TestDeterministicPlanAndOwnedSlices/repeat#79 (0.00s)\n"}
{"Time":"2026-09-05T21:59:15.105975+09:00","Action":"pass","Package":"waiting-room/internal/installplan","Test":"TestDeterministicPlanAndOwnedSlices/repeat#79","Elapsed":0}
{"Time":"2026-09-05T21:59:15.105976+09:00","Action":"output","Package":"waiting-room/internal/installplan","Test":"TestDeterministicPlanAndOwnedSlices/repeat#37","Output":"--- PASS: TestDeterministicPlanAndOwnedSlices/repeat#37 (0.00s)\n"}
{"Time":"2026-09-05T21:59:15.106019+09:00","Action":"pass","Package":"waiting-room/internal/installplan","Test":"TestDeterministicPlanAndOwnedSlices/repeat#37","Elapsed":0}
{"Time":"2026-09-05T21:59:15.106026+09:00","Action":"output","Package":"waiting-room/internal/installplan","Test":"TestDeterministicPlanAndOwnedSlices/repeat#10","Output":"--- PASS: TestDeterministicPlanAndOwnedSlices/repeat#10 (0.00s)\n"}
{"Time":"2026-09-05T21:59:15.106045+09:00","Action":"pass","Package":"waiting-room/internal/installplan","Test":"TestDeterministicPlanAndOwnedSlices/repeat#10","Elapsed":0}
{"Time":"2026-09-05T21:59:15.106048+09:00","Action":"output","Package":"waiting-room/internal/installplan","Test":"TestDeterministicPlanAndOwnedSlices/repeat#01","Output":"--- PASS: TestDeterministicPlanAndOwnedSlices/repeat#01 (0.00s)\n"}
{"Time":"2026-09-05T21:59:15.106094+09:00","Action":"pass","Package":"waiting-room/internal/installplan","Test":"TestDeterministicPlanAndOwnedSlices/repeat#01","Elapsed":0}
{"Time":"2026-09-05T21:59:15.106099+09:00","Action":"output","Package":"waiting-room/internal/installplan","Test":"TestDeterministicPlanAndOwnedSlices/repeat#33","Output":"--- PASS: TestDeterministicPlanAndOwnedSlices/repeat#33 (0.00s)\n"}
{"Time":"2026-09-05T21:59:15.106101+09:00","Action":"pass","Package":"waiting-room/internal/installplan","Test":"TestDeterministicPlanAndOwnedSlices/repeat#33","Elapsed":0}
{"Time":"2026-09-05T21:59:15.106102+09:00","Action":"output","Package":"waiting-room/internal/installplan","Test":"TestDeterministicPlanAndOwnedSlices/repeat#05","Output":"--- PASS: TestDeterministicPlanAndOwnedSlices/repeat#05 (0.00s)\n"}
{"Time":"2026-09-05T21:59:15.106119+09:00","Action":"pass","Package":"waiting-room/internal/installplan","Test":"TestDeterministicPlanAndOwnedSlices/repeat#05","Elapsed":0}
{"Time":"2026-09-05T21:59:15.106122+09:00","Action":"output","Package":"waiting-room/internal/installplan","Test":"TestDeterministicPlanAndOwnedSlices/repeat#36","Output":"--- PASS: TestDeterministicPlanAndOwnedSlices/repeat#36 (0.00s)\n"}
{"Time":"2026-09-05T21:59:15.106148+09:00","Action":"pass","Package":"waiting-room/internal/installplan","Test":"TestDeterministicPlanAndOwnedSlices/repeat#36","Elapsed":0}
{"Time":"2026-09-05T21:59:15.106155+09:00","Action":"output","Package":"waiting-room/internal/installplan","Test":"TestDeterministicPlanAndOwnedSlices/repeat#19","Output":"--- PASS: TestDeterministicPlanAndOwnedSlices/repeat#19 (0.00s)\n"}
{"Time":"2026-09-05T21:59:15.106181+09:00","Action":"pass","Package":"waiting-room/internal/installplan","Test":"TestDeterministicPlanAndOwnedSlices/repeat#19","Elapsed":0}
{"Time":"2026-09-05T21:59:15.106186+09:00","Action":"output","Package":"waiting-room/internal/installplan","Test":"TestDeterministicPlanAndOwnedSlices/repeat#49","Output":"--- PASS: TestDeterministicPlanAndOwnedSlices/repeat#49 (0.00s)\n"}
{"Time":"2026-09-05T21:59:15.106188+09:00","Action":"pass","Package":"waiting-room/internal/installplan","Test":"TestDeterministicPlanAndOwnedSlices/repeat#49","Elapsed":0}
{"Time":"2026-09-05T21:59:15.10619+09:00","Action":"output","Package":"waiting-room/internal/installplan","Test":"TestDeterministicPlanAndOwnedSlices/repeat#77","Output":"--- PASS: TestDeterministicPlanAndOwnedSlices/repeat#77 (0.00s)\n"}
{"Time":"2026-09-05T21:59:15.106193+09:00","Action":"pass","Package":"waiting-room/internal/installplan","Test":"TestDeterministicPlanAndOwnedSlices/repeat#77","Elapsed":0}
{"Time":"2026-09-05T21:59:15.106196+09:00","Action":"output","Package":"waiting-room/internal/installplan","Test":"TestDeterministicPlanAndOwnedSlices/repeat#12","Output":"--- PASS: TestDeterministicPlanAndOwnedSlices/repeat#12 (0.00s)\n"}
{"Time":"2026-09-05T21:59:15.106213+09:00","Action":"pass","Package":"waiting-room/internal/installplan","Test":"TestDeterministicPlanAndOwnedSlices/repeat#12","Elapsed":0}
{"Time":"2026-09-05T21:59:15.10622+09:00","Action":"output","Package":"waiting-room/internal/installplan","Test":"TestDeterministicPlanAndOwnedSlices/repeat#52","Output":"--- PASS: TestDeterministicPlanAndOwnedSlices/repeat#52 (0.00s)\n"}
{"Time":"2026-09-05T21:59:15.106223+09:00","Action":"pass","Package":"waiting-room/internal/installplan","Test":"TestDeterministicPlanAndOwnedSlices/repeat#52","Elapsed":0}
{"Time":"2026-09-05T21:59:15.106224+09:00","Action":"output","Package":"waiting-room/internal/installplan","Test":"TestDeterministicPlanAndOwnedSlices/repeat#88","Output":"--- PASS: TestDeterministicPlanAndOwnedSlices/repeat#88 (0.00s)\n"}
{"Time":"2026-09-05T21:59:15.10624+09:00","Action":"pass","Package":"waiting-room/internal/installplan","Test":"TestDeterministicPlanAndOwnedSlices/repeat#88","Elapsed":0}
{"Time":"2026-09-05T21:59:15.106244+09:00","Action":"output","Package":"waiting-room/internal/installplan","Test":"TestDeterministicPlanAndOwnedSlices/repeat#91","Output":"--- PASS: TestDeterministicPlanAndOwnedSlices/repeat#91 (0.00s)\n"}
{"Time":"2026-09-05T21:59:15.106256+09:00","Action":"pass","Package":"waiting-room/internal/installplan","Test":"TestDeterministicPlanAndOwnedSlices/repeat#91","Elapsed":0}
{"Time":"2026-09-05T21:59:15.106261+09:00","Action":"output","Package":"waiting-room/internal/installplan","Test":"TestDeterministicPlanAndOwnedSlices/repeat#48","Output":"--- PASS: TestDeterministicPlanAndOwnedSlices/repeat#48 (0.00s)\n"}
{"Time":"2026-09-05T21:59:15.106284+09:00","Action":"pass","Package":"waiting-room/internal/installplan","Test":"TestDeterministicPlanAndOwnedSlices/repeat#48","Elapsed":0}
{"Time":"2026-09-05T21:59:15.10629+09:00","Action":"output","Package":"waiting-room/internal/installplan","Test":"TestDeterministicPlanAndOwnedSlices/repeat#70","Output":"--- PASS: TestDeterministicPlanAndOwnedSlices/repeat#70 (0.00s)\n"}
{"Time":"2026-09-05T21:59:15.106306+09:00","Action":"pass","Package":"waiting-room/internal/installplan","Test":"TestDeterministicPlanAndOwnedSlices/repeat#70","Elapsed":0}
{"Time":"2026-09-05T21:59:15.106309+09:00","Action":"output","Package":"waiting-room/internal/installplan","Test":"TestDeterministicPlanAndOwnedSlices/repeat#68","Output":"--- PASS: TestDeterministicPlanAndOwnedSlices/repeat#68 (0.00s)\n"}
{"Time":"2026-09-05T21:59:15.106332+09:00","Action":"pass","Package":"waiting-room/internal/installplan","Test":"TestDeterministicPlanAndOwnedSlices/repeat#68","Elapsed":0}
{"Time":"2026-09-05T21:59:15.106336+09:00","Action":"output","Package":"waiting-room/internal/installplan","Test":"TestDeterministicPlanAndOwnedSlices/repeat#76","Output":"--- PASS: TestDeterministicPlanAndOwnedSlices/repeat#76 (0.00s)\n"}
{"Time":"2026-09-05T21:59:15.106354+09:00","Action":"pass","Package":"waiting-room/internal/installplan","Test":"TestDeterministicPlanAndOwnedSlices/repeat#76","Elapsed":0}
{"Time":"2026-09-05T21:59:15.106357+09:00","Action":"output","Package":"waiting-room/internal/installplan","Test":"TestDeterministicPlanAndOwnedSlices/repeat#32","Output":"--- PASS: TestDeterministicPlanAndOwnedSlices/repeat#32 (0.00s)\n"}
{"Time":"2026-09-05T21:59:15.106379+09:00","Action":"pass","Package":"waiting-room/internal/installplan","Test":"TestDeterministicPlanAndOwnedSlices/repeat#32","Elapsed":0}
{"Time":"2026-09-05T21:59:15.106384+09:00","Action":"output","Package":"waiting-room/internal/installplan","Test":"TestDeterministicPlanAndOwnedSlices/repeat#73","Output":"--- PASS: TestDeterministicPlanAndOwnedSlices/repeat#73 (0.00s)\n"}
{"Time":"2026-09-05T21:59:15.106396+09:00","Action":"pass","Package":"waiting-room/internal/installplan","Test":"TestDeterministicPlanAndOwnedSlices/repeat#73","Elapsed":0}
{"Time":"2026-09-05T21:59:15.106399+09:00","Action":"output","Package":"waiting-room/internal/installplan","Test":"TestDeterministicPlanAndOwnedSlices/repeat#42","Output":"--- PASS: TestDeterministicPlanAndOwnedSlices/repeat#42 (0.00s)\n"}
{"Time":"2026-09-05T21:59:15.106416+09:00","Action":"pass","Package":"waiting-room/internal/installplan","Test":"TestDeterministicPlanAndOwnedSlices/repeat#42","Elapsed":0}
{"Time":"2026-09-05T21:59:15.106418+09:00","Action":"output","Package":"waiting-room/internal/installplan","Test":"TestDeterministicPlanAndOwnedSlices/repeat#60","Output":"--- PASS: TestDeterministicPlanAndOwnedSlices/repeat#60 (0.00s)\n"}
{"Time":"2026-09-05T21:59:15.106445+09:00","Action":"pass","Package":"waiting-room/internal/installplan","Test":"TestDeterministicPlanAndOwnedSlices/repeat#60","Elapsed":0}
{"Time":"2026-09-05T21:59:15.106447+09:00","Action":"output","Package":"waiting-room/internal/installplan","Test":"TestDeterministicPlanAndOwnedSlices/repeat#17","Output":"--- PASS: TestDeterministicPlanAndOwnedSlices/repeat#17 (0.00s)\n"}
{"Time":"2026-09-05T21:59:15.106462+09:00","Action":"pass","Package":"waiting-room/internal/installplan","Test":"TestDeterministicPlanAndOwnedSlices/repeat#17","Elapsed":0}
{"Time":"2026-09-05T21:59:15.106464+09:00","Action":"output","Package":"waiting-room/internal/installplan","Test":"TestDeterministicPlanAndOwnedSlices/repeat#65","Output":"--- PASS: TestDeterministicPlanAndOwnedSlices/repeat#65 (0.00s)\n"}
{"Time":"2026-09-05T21:59:15.106483+09:00","Action":"pass","Package":"waiting-room/internal/installplan","Test":"TestDeterministicPlanAndOwnedSlices/repeat#65","Elapsed":0}
{"Time":"2026-09-05T21:59:15.106487+09:00","Action":"output","Package":"waiting-room/internal/installplan","Test":"TestDeterministicPlanAndOwnedSlices/repeat#66","Output":"--- PASS: TestDeterministicPlanAndOwnedSlices/repeat#66 (0.00s)\n"}
{"Time":"2026-09-05T21:59:15.106498+09:00","Action":"pass","Package":"waiting-room/internal/installplan","Test":"TestDeterministicPlanAndOwnedSlices/repeat#66","Elapsed":0}
{"Time":"2026-09-05T21:59:15.106501+09:00","Action":"output","Package":"waiting-room/internal/installplan","Test":"TestDeterministicPlanAndOwnedSlices/repeat#59","Output":"--- PASS: TestDeterministicPlanAndOwnedSlices/repeat#59 (0.00s)\n"}
{"Time":"2026-09-05T21:59:15.106517+09:00","Action":"pass","Package":"waiting-room/internal/installplan","Test":"TestDeterministicPlanAndOwnedSlices/repeat#59","Elapsed":0}
{"Time":"2026-09-05T21:59:15.10652+09:00","Action":"output","Package":"waiting-room/internal/installplan","Test":"TestDeterministicPlanAndOwnedSlices/repeat#61","Output":"--- PASS: TestDeterministicPlanAndOwnedSlices/repeat#61 (0.00s)\n"}
{"Time":"2026-09-05T21:59:15.106535+09:00","Action":"pass","Package":"waiting-room/internal/installplan","Test":"TestDeterministicPlanAndOwnedSlices/repeat#61","Elapsed":0}
{"Time":"2026-09-05T21:59:15.106539+09:00","Action":"output","Package":"waiting-room/internal/installplan","Test":"TestDeterministicPlanAndOwnedSlices/repeat#93","Output":"--- PASS: TestDeterministicPlanAndOwnedSlices/repeat#93 (0.00s)\n"}
{"Time":"2026-09-05T21:59:15.10655+09:00","Action":"pass","Package":"waiting-room/internal/installplan","Test":"TestDeterministicPlanAndOwnedSlices/repeat#93","Elapsed":0}
{"Time":"2026-09-05T21:59:15.106553+09:00","Action":"output","Package":"waiting-room/internal/installplan","Test":"TestDeterministicPlanAndOwnedSlices/repeat#44","Output":"--- PASS: TestDeterministicPlanAndOwnedSlices/repeat#44 (0.00s)\n"}
{"Time":"2026-09-05T21:59:15.106566+09:00","Action":"pass","Package":"waiting-room/internal/installplan","Test":"TestDeterministicPlanAndOwnedSlices/repeat#44","Elapsed":0}
{"Time":"2026-09-05T21:59:15.106568+09:00","Action":"output","Package":"waiting-room/internal/installplan","Test":"TestDeterministicPlanAndOwnedSlices/repeat#16","Output":"--- PASS: TestDeterministicPlanAndOwnedSlices/repeat#16 (0.00s)\n"}
{"Time":"2026-09-05T21:59:15.106581+09:00","Action":"pass","Package":"waiting-room/internal/installplan","Test":"TestDeterministicPlanAndOwnedSlices/repeat#16","Elapsed":0}
{"Time":"2026-09-05T21:59:15.106584+09:00","Action":"output","Package":"waiting-room/internal/installplan","Test":"TestDeterministicPlanAndOwnedSlices/repeat#58","Output":"--- PASS: TestDeterministicPlanAndOwnedSlices/repeat#58 (0.00s)\n"}
{"Time":"2026-09-05T21:59:15.106598+09:00","Action":"pass","Package":"waiting-room/internal/installplan","Test":"TestDeterministicPlanAndOwnedSlices/repeat#58","Elapsed":0}
{"Time":"2026-09-05T21:59:15.106601+09:00","Action":"output","Package":"waiting-room/internal/installplan","Test":"TestDeterministicPlanAndOwnedSlices/repeat#64","Output":"--- PASS: TestDeterministicPlanAndOwnedSlices/repeat#64 (0.00s)\n"}
{"Time":"2026-09-05T21:59:15.106645+09:00","Action":"pass","Package":"waiting-room/internal/installplan","Test":"TestDeterministicPlanAndOwnedSlices/repeat#64","Elapsed":0}
{"Time":"2026-09-05T21:59:15.106648+09:00","Action":"output","Package":"waiting-room/internal/installplan","Test":"TestDeterministicPlanAndOwnedSlices/repeat#72","Output":"--- PASS: TestDeterministicPlanAndOwnedSlices/repeat#72 (0.00s)\n"}
{"Time":"2026-09-05T21:59:15.106664+09:00","Action":"pass","Package":"waiting-room/internal/installplan","Test":"TestDeterministicPlanAndOwnedSlices/repeat#72","Elapsed":0}
{"Time":"2026-09-05T21:59:15.106666+09:00","Action":"output","Package":"waiting-room/internal/installplan","Test":"TestDeterministicPlanAndOwnedSlices/repeat#47","Output":"--- PASS: TestDeterministicPlanAndOwnedSlices/repeat#47 (0.00s)\n"}
{"Time":"2026-09-05T21:59:15.106678+09:00","Action":"pass","Package":"waiting-room/internal/installplan","Test":"TestDeterministicPlanAndOwnedSlices/repeat#47","Elapsed":0}
{"Time":"2026-09-05T21:59:15.106682+09:00","Action":"output","Package":"waiting-room/internal/installplan","Test":"TestDeterministicPlanAndOwnedSlices/repeat#30","Output":"--- PASS: TestDeterministicPlanAndOwnedSlices/repeat#30 (0.00s)\n"}
{"Time":"2026-09-05T21:59:15.1067+09:00","Action":"pass","Package":"waiting-room/internal/installplan","Test":"TestDeterministicPlanAndOwnedSlices/repeat#30","Elapsed":0}
{"Time":"2026-09-05T21:59:15.106703+09:00","Action":"output","Package":"waiting-room/internal/installplan","Test":"TestDeterministicPlanAndOwnedSlices/repeat#63","Output":"--- PASS: TestDeterministicPlanAndOwnedSlices/repeat#63 (0.00s)\n"}
{"Time":"2026-09-05T21:59:15.106714+09:00","Action":"pass","Package":"waiting-room/internal/installplan","Test":"TestDeterministicPlanAndOwnedSlices/repeat#63","Elapsed":0}
{"Time":"2026-09-05T21:59:15.106718+09:00","Action":"output","Package":"waiting-room/internal/installplan","Test":"TestDeterministicPlanAndOwnedSlices/repeat#45","Output":"--- PASS: TestDeterministicPlanAndOwnedSlices/repeat#45 (0.00s)\n"}
{"Time":"2026-09-05T21:59:15.10673+09:00","Action":"pass","Package":"waiting-room/internal/installplan","Test":"TestDeterministicPlanAndOwnedSlices/repeat#45","Elapsed":0}
{"Time":"2026-09-05T21:59:15.106734+09:00","Action":"output","Package":"waiting-room/internal/installplan","Test":"TestDeterministicPlanAndOwnedSlices/repeat#31","Output":"--- PASS: TestDeterministicPlanAndOwnedSlices/repeat#31 (0.00s)\n"}
{"Time":"2026-09-05T21:59:15.106752+09:00","Action":"pass","Package":"waiting-room/internal/installplan","Test":"TestDeterministicPlanAndOwnedSlices/repeat#31","Elapsed":0}
{"Time":"2026-09-05T21:59:15.106755+09:00","Action":"output","Package":"waiting-room/internal/installplan","Test":"TestDeterministicPlanAndOwnedSlices/repeat#41","Output":"--- PASS: TestDeterministicPlanAndOwnedSlices/repeat#41 (0.00s)\n"}
{"Time":"2026-09-05T21:59:15.106809+09:00","Action":"pass","Package":"waiting-room/internal/installplan","Test":"TestDeterministicPlanAndOwnedSlices/repeat#41","Elapsed":0}
{"Time":"2026-09-05T21:59:15.106815+09:00","Action":"output","Package":"waiting-room/internal/installplan","Test":"TestDeterministicPlanAndOwnedSlices/repeat#95","Output":"--- PASS: TestDeterministicPlanAndOwnedSlices/repeat#95 (0.00s)\n"}
{"Time":"2026-09-05T21:59:15.106824+09:00","Action":"pass","Package":"waiting-room/internal/installplan","Test":"TestDeterministicPlanAndOwnedSlices/repeat#95","Elapsed":0}
{"Time":"2026-09-05T21:59:15.106827+09:00","Action":"output","Package":"waiting-room/internal/installplan","Test":"TestDeterministicPlanAndOwnedSlices/repeat#80","Output":"--- PASS: TestDeterministicPlanAndOwnedSlices/repeat#80 (0.00s)\n"}
{"Time":"2026-09-05T21:59:15.106842+09:00","Action":"pass","Package":"waiting-room/internal/installplan","Test":"TestDeterministicPlanAndOwnedSlices/repeat#80","Elapsed":0}
{"Time":"2026-09-05T21:59:15.106846+09:00","Action":"output","Package":"waiting-room/internal/installplan","Test":"TestDeterministicPlanAndOwnedSlices/repeat#51","Output":"--- PASS: TestDeterministicPlanAndOwnedSlices/repeat#51 (0.00s)\n"}
{"Time":"2026-09-05T21:59:15.106854+09:00","Action":"pass","Package":"waiting-room/internal/installplan","Test":"TestDeterministicPlanAndOwnedSlices/repeat#51","Elapsed":0}
{"Time":"2026-09-05T21:59:15.106856+09:00","Action":"output","Package":"waiting-room/internal/installplan","Test":"TestDeterministicPlanAndOwnedSlices/repeat#11","Output":"--- PASS: TestDeterministicPlanAndOwnedSlices/repeat#11 (0.00s)\n"}
{"Time":"2026-09-05T21:59:15.106873+09:00","Action":"pass","Package":"waiting-room/internal/installplan","Test":"TestDeterministicPlanAndOwnedSlices/repeat#11","Elapsed":0}
{"Time":"2026-09-05T21:59:15.106876+09:00","Action":"output","Package":"waiting-room/internal/installplan","Test":"TestDeterministicPlanAndOwnedSlices/repeat#98","Output":"--- PASS: TestDeterministicPlanAndOwnedSlices/repeat#98 (0.00s)\n"}
{"Time":"2026-09-05T21:59:15.106889+09:00","Action":"pass","Package":"waiting-room/internal/installplan","Test":"TestDeterministicPlanAndOwnedSlices/repeat#98","Elapsed":0}
{"Time":"2026-09-05T21:59:15.106894+09:00","Action":"output","Package":"waiting-room/internal/installplan","Test":"TestDeterministicPlanAndOwnedSlices/repeat#99","Output":"--- PASS: TestDeterministicPlanAndOwnedSlices/repeat#99 (0.00s)\n"}
{"Time":"2026-09-05T21:59:15.106905+09:00","Action":"pass","Package":"waiting-room/internal/installplan","Test":"TestDeterministicPlanAndOwnedSlices/repeat#99","Elapsed":0}
{"Time":"2026-09-05T21:59:15.106908+09:00","Action":"output","Package":"waiting-room/internal/installplan","Test":"TestDeterministicPlanAndOwnedSlices/repeat#28","Output":"--- PASS: TestDeterministicPlanAndOwnedSlices/repeat#28 (0.00s)\n"}
{"Time":"2026-09-05T21:59:15.106916+09:00","Action":"pass","Package":"waiting-room/internal/installplan","Test":"TestDeterministicPlanAndOwnedSlices/repeat#28","Elapsed":0}
{"Time":"2026-09-05T21:59:15.106919+09:00","Action":"output","Package":"waiting-room/internal/installplan","Test":"TestDeterministicPlanAndOwnedSlices/repeat#06","Output":"--- PASS: TestDeterministicPlanAndOwnedSlices/repeat#06 (0.00s)\n"}
{"Time":"2026-09-05T21:59:15.106936+09:00","Action":"pass","Package":"waiting-room/internal/installplan","Test":"TestDeterministicPlanAndOwnedSlices/repeat#06","Elapsed":0}
{"Time":"2026-09-05T21:59:15.106938+09:00","Action":"output","Package":"waiting-room/internal/installplan","Test":"TestDeterministicPlanAndOwnedSlices/repeat#56","Output":"--- PASS: TestDeterministicPlanAndOwnedSlices/repeat#56 (0.00s)\n"}
{"Time":"2026-09-05T21:59:15.106957+09:00","Action":"pass","Package":"waiting-room/internal/installplan","Test":"TestDeterministicPlanAndOwnedSlices/repeat#56","Elapsed":0}
{"Time":"2026-09-05T21:59:15.10696+09:00","Action":"output","Package":"waiting-room/internal/installplan","Test":"TestDeterministicPlanAndOwnedSlices/repeat#08","Output":"--- PASS: TestDeterministicPlanAndOwnedSlices/repeat#08 (0.00s)\n"}
{"Time":"2026-09-05T21:59:15.106977+09:00","Action":"pass","Package":"waiting-room/internal/installplan","Test":"TestDeterministicPlanAndOwnedSlices/repeat#08","Elapsed":0}
{"Time":"2026-09-05T21:59:15.106981+09:00","Action":"output","Package":"waiting-room/internal/installplan","Test":"TestDeterministicPlanAndOwnedSlices/repeat#55","Output":"--- PASS: TestDeterministicPlanAndOwnedSlices/repeat#55 (0.00s)\n"}
{"Time":"2026-09-05T21:59:15.10699+09:00","Action":"pass","Package":"waiting-room/internal/installplan","Test":"TestDeterministicPlanAndOwnedSlices/repeat#55","Elapsed":0}
{"Time":"2026-09-05T21:59:15.106995+09:00","Action":"output","Package":"waiting-room/internal/installplan","Test":"TestDeterministicPlanAndOwnedSlices/repeat#94","Output":"--- PASS: TestDeterministicPlanAndOwnedSlices/repeat#94 (0.00s)\n"}
{"Time":"2026-09-05T21:59:15.107005+09:00","Action":"pass","Package":"waiting-room/internal/installplan","Test":"TestDeterministicPlanAndOwnedSlices/repeat#94","Elapsed":0}
{"Time":"2026-09-05T21:59:15.107006+09:00","Action":"output","Package":"waiting-room/internal/installplan","Test":"TestDeterministicPlanAndOwnedSlices/repeat#04","Output":"--- PASS: TestDeterministicPlanAndOwnedSlices/repeat#04 (0.00s)\n"}
{"Time":"2026-09-05T21:59:15.107025+09:00","Action":"pass","Package":"waiting-room/internal/installplan","Test":"TestDeterministicPlanAndOwnedSlices/repeat#04","Elapsed":0}
{"Time":"2026-09-05T21:59:15.107031+09:00","Action":"output","Package":"waiting-room/internal/installplan","Test":"TestDeterministicPlanAndOwnedSlices/repeat#03","Output":"--- PASS: TestDeterministicPlanAndOwnedSlices/repeat#03 (0.00s)\n"}
{"Time":"2026-09-05T21:59:15.107041+09:00","Action":"pass","Package":"waiting-room/internal/installplan","Test":"TestDeterministicPlanAndOwnedSlices/repeat#03","Elapsed":0}
{"Time":"2026-09-05T21:59:15.107044+09:00","Action":"output","Package":"waiting-room/internal/installplan","Test":"TestDeterministicPlanAndOwnedSlices/repeat#07","Output":"--- PASS: TestDeterministicPlanAndOwnedSlices/repeat#07 (0.00s)\n"}
{"Time":"2026-09-05T21:59:15.10706+09:00","Action":"pass","Package":"waiting-room/internal/installplan","Test":"TestDeterministicPlanAndOwnedSlices/repeat#07","Elapsed":0}
{"Time":"2026-09-05T21:59:15.107062+09:00","Action":"output","Package":"waiting-room/internal/installplan","Test":"TestDeterministicPlanAndOwnedSlices/repeat#54","Output":"--- PASS: TestDeterministicPlanAndOwnedSlices/repeat#54 (0.00s)\n"}
{"Time":"2026-09-05T21:59:15.107077+09:00","Action":"pass","Package":"waiting-room/internal/installplan","Test":"TestDeterministicPlanAndOwnedSlices/repeat#54","Elapsed":0}
{"Time":"2026-09-05T21:59:15.107081+09:00","Action":"output","Package":"waiting-room/internal/installplan","Test":"TestDeterministicPlanAndOwnedSlices/repeat#90","Output":"--- PASS: TestDeterministicPlanAndOwnedSlices/repeat#90 (0.00s)\n"}
{"Time":"2026-09-05T21:59:15.107091+09:00","Action":"pass","Package":"waiting-room/internal/installplan","Test":"TestDeterministicPlanAndOwnedSlices/repeat#90","Elapsed":0}
{"Time":"2026-09-05T21:59:15.107093+09:00","Action":"output","Package":"waiting-room/internal/installplan","Test":"TestDeterministicPlanAndOwnedSlices/repeat#46","Output":"--- PASS: TestDeterministicPlanAndOwnedSlices/repeat#46 (0.00s)\n"}
{"Time":"2026-09-05T21:59:15.107109+09:00","Action":"pass","Package":"waiting-room/internal/installplan","Test":"TestDeterministicPlanAndOwnedSlices/repeat#46","Elapsed":0}
{"Time":"2026-09-05T21:59:15.107113+09:00","Action":"output","Package":"waiting-room/internal/installplan","Test":"TestDeterministicPlanAndOwnedSlices/repeat#92","Output":"--- PASS: TestDeterministicPlanAndOwnedSlices/repeat#92 (0.00s)\n"}
{"Time":"2026-09-05T21:59:15.10713+09:00","Action":"pass","Package":"waiting-room/internal/installplan","Test":"TestDeterministicPlanAndOwnedSlices/repeat#92","Elapsed":0}
{"Time":"2026-09-05T21:59:15.107132+09:00","Action":"output","Package":"waiting-room/internal/installplan","Test":"TestDeterministicPlanAndOwnedSlices/repeat#09","Output":"--- PASS: TestDeterministicPlanAndOwnedSlices/repeat#09 (0.00s)\n"}
{"Time":"2026-09-05T21:59:15.107143+09:00","Action":"pass","Package":"waiting-room/internal/installplan","Test":"TestDeterministicPlanAndOwnedSlices/repeat#09","Elapsed":0}
{"Time":"2026-09-05T21:59:15.107147+09:00","Action":"output","Package":"waiting-room/internal/installplan","Test":"TestDeterministicPlanAndOwnedSlices/repeat","Output":"--- PASS: TestDeterministicPlanAndOwnedSlices/repeat (0.00s)\n"}
{"Time":"2026-09-05T21:59:15.10715+09:00","Action":"pass","Package":"waiting-room/internal/installplan","Test":"TestDeterministicPlanAndOwnedSlices/repeat","Elapsed":0}
{"Time":"2026-09-05T21:59:15.107151+09:00","Action":"output","Package":"waiting-room/internal/installplan","Test":"TestDeterministicPlanAndOwnedSlices/repeat#83","Output":"--- PASS: TestDeterministicPlanAndOwnedSlices/repeat#83 (0.00s)\n"}
{"Time":"2026-09-05T21:59:15.107207+09:00","Action":"pass","Package":"waiting-room/internal/installplan","Test":"TestDeterministicPlanAndOwnedSlices/repeat#83","Elapsed":0}
{"Time":"2026-09-05T21:59:15.107212+09:00","Action":"output","Package":"waiting-room/internal/installplan","Test":"TestDeterministicPlanAndOwnedSlices/repeat#71","Output":"--- PASS: TestDeterministicPlanAndOwnedSlices/repeat#71 (0.00s)\n"}
{"Time":"2026-09-05T21:59:15.107263+09:00","Action":"pass","Package":"waiting-room/internal/installplan","Test":"TestDeterministicPlanAndOwnedSlices/repeat#71","Elapsed":0}
{"Time":"2026-09-05T21:59:15.107266+09:00","Action":"output","Package":"waiting-room/internal/installplan","Test":"TestDeterministicPlanAndOwnedSlices","Output":"--- PASS: TestDeterministicPlanAndOwnedSlices (0.00s)\n"}
{"Time":"2026-09-05T21:59:15.107269+09:00","Action":"pass","Package":"waiting-room/internal/installplan","Test":"TestDeterministicPlanAndOwnedSlices","Elapsed":0}
{"Time":"2026-09-05T21:59:15.107327+09:00","Action":"run","Package":"waiting-room/internal/installplan","Test":"FuzzDecode"}
{"Time":"2026-09-05T21:59:15.107331+09:00","Action":"output","Package":"waiting-room/internal/installplan","Test":"FuzzDecode","Output":"=== RUN   FuzzDecode\n"}
{"Time":"2026-09-05T21:59:15.107501+09:00","Action":"run","Package":"waiting-room/internal/installplan","Test":"FuzzDecode/seed#0"}
{"Time":"2026-09-05T21:59:15.107505+09:00","Action":"output","Package":"waiting-room/internal/installplan","Test":"FuzzDecode/seed#0","Output":"=== RUN   FuzzDecode/seed#0\n"}
{"Time":"2026-09-05T21:59:15.107725+09:00","Action":"output","Package":"waiting-room/internal/installplan","Test":"FuzzDecode/seed#0","Output":"--- PASS: FuzzDecode/seed#0 (0.00s)\n"}
{"Time":"2026-09-05T21:59:15.107731+09:00","Action":"pass","Package":"waiting-room/internal/installplan","Test":"FuzzDecode/seed#0","Elapsed":0}
{"Time":"2026-09-05T21:59:15.107752+09:00","Action":"run","Package":"waiting-room/internal/installplan","Test":"FuzzDecode/seed#1"}
{"Time":"2026-09-05T21:59:15.107755+09:00","Action":"output","Package":"waiting-room/internal/installplan","Test":"FuzzDecode/seed#1","Output":"=== RUN   FuzzDecode/seed#1\n"}
{"Time":"2026-09-05T21:59:15.107793+09:00","Action":"output","Package":"waiting-room/internal/installplan","Test":"FuzzDecode/seed#1","Output":"--- PASS: FuzzDecode/seed#1 (0.00s)\n"}
{"Time":"2026-09-05T21:59:15.107805+09:00","Action":"pass","Package":"waiting-room/internal/installplan","Test":"FuzzDecode/seed#1","Elapsed":0}
{"Time":"2026-09-05T21:59:15.107821+09:00","Action":"run","Package":"waiting-room/internal/installplan","Test":"FuzzDecode/seed#2"}
{"Time":"2026-09-05T21:59:15.107823+09:00","Action":"output","Package":"waiting-room/internal/installplan","Test":"FuzzDecode/seed#2","Output":"=== RUN   FuzzDecode/seed#2\n"}
{"Time":"2026-09-05T21:59:15.107872+09:00","Action":"output","Package":"waiting-room/internal/installplan","Test":"FuzzDecode/seed#2","Output":"--- PASS: FuzzDecode/seed#2 (0.00s)\n"}
{"Time":"2026-09-05T21:59:15.107877+09:00","Action":"pass","Package":"waiting-room/internal/installplan","Test":"FuzzDecode/seed#2","Elapsed":0}
{"Time":"2026-09-05T21:59:15.107897+09:00","Action":"output","Package":"waiting-room/internal/installplan","Test":"FuzzDecode","Output":"--- PASS: FuzzDecode (0.00s)\n"}
{"Time":"2026-09-05T21:59:15.10791+09:00","Action":"pass","Package":"waiting-room/internal/installplan","Test":"FuzzDecode","Elapsed":0}
{"Time":"2026-09-05T21:59:15.107914+09:00","Action":"output","Package":"waiting-room/internal/installplan","Output":"PASS\n"}
{"Time":"2026-09-05T21:59:15.901517+09:00","Action":"output","Package":"waiting-room/cmd/wrctl","Output":"ok  \twaiting-room/cmd/wrctl\t1.310s\n"}
{"Time":"2026-09-05T21:59:15.90158+09:00","Action":"pass","Package":"waiting-room/cmd/wrctl","Elapsed":1.311}
{"Time":"2026-09-05T21:59:16.120456+09:00","Action":"output","Package":"waiting-room/internal/installplan","Output":"ok  \twaiting-room/internal/installplan\t1.529s\n"}
{"Time":"2026-09-05T21:59:16.120519+09:00","Action":"pass","Package":"waiting-room/internal/installplan","Elapsed":1.53}
