{"Time":"2026-09-05T23:55:25.485084+09:00","Action":"start","Package":"waiting-room/internal/installplan"}
{"Time":"2026-09-05T23:55:25.485202+09:00","Action":"start","Package":"waiting-room/internal/installplan/preflight"}
{"Time":"2026-09-05T23:55:25.51784+09:00","Action":"start","Package":"waiting-room/internal/installplan/preview"}
{"Time":"2026-09-05T23:55:25.517884+09:00","Action":"start","Package":"waiting-room/cmd/wrctl"}
{"Time":"2026-09-05T23:55:25.698877+09:00","Action":"run","Package":"waiting-room/internal/installplan/preflight","Test":"TestClockBoundaries"}
{"Time":"2026-09-05T23:55:25.698919+09:00","Action":"output","Package":"waiting-room/internal/installplan/preflight","Test":"TestClockBoundaries","Output":"=== RUN   TestClockBoundaries\n"}
{"Time":"2026-09-05T23:55:25.699023+09:00","Action":"run","Package":"waiting-room/internal/installplan/preflight","Test":"TestClockBoundaries/zero"}
{"Time":"2026-09-05T23:55:25.69903+09:00","Action":"output","Package":"waiting-room/internal/installplan/preflight","Test":"TestClockBoundaries/zero","Output":"=== RUN   TestClockBoundaries/zero\n"}
{"Time":"2026-09-05T23:55:25.699881+09:00","Action":"output","Package":"waiting-room/internal/installplan/preflight","Test":"TestClockBoundaries/zero","Output":"--- PASS: TestClockBoundaries/zero (0.00s)\n"}
{"Time":"2026-09-05T23:55:25.699888+09:00","Action":"pass","Package":"waiting-room/internal/installplan/preflight","Test":"TestClockBoundaries/zero","Elapsed":0}
{"Time":"2026-09-05T23:55:25.699909+09:00","Action":"run","Package":"waiting-room/internal/installplan/preflight","Test":"TestClockBoundaries/plus2"}
{"Time":"2026-09-05T23:55:25.699913+09:00","Action":"output","Package":"waiting-room/internal/installplan/preflight","Test":"TestClockBoundaries/plus2","Output":"=== RUN   TestClockBoundaries/plus2\n"}
{"Time":"2026-09-05T23:55:25.700281+09:00","Action":"output","Package":"waiting-room/internal/installplan/preflight","Test":"TestClockBoundaries/plus2","Output":"--- PASS: TestClockBoundaries/plus2 (0.00s)\n"}
{"Time":"2026-09-05T23:55:25.700292+09:00","Action":"pass","Package":"waiting-room/internal/installplan/preflight","Test":"TestClockBoundaries/plus2","Elapsed":0}
{"Time":"2026-09-05T23:55:25.700303+09:00","Action":"run","Package":"waiting-room/internal/installplan/preflight","Test":"TestClockBoundaries/minus2"}
{"Time":"2026-09-05T23:55:25.700306+09:00","Action":"output","Package":"waiting-room/internal/installplan/preflight","Test":"TestClockBoundaries/minus2","Output":"=== RUN   TestClockBoundaries/minus2\n"}
{"Time":"2026-09-05T23:55:25.700647+09:00","Action":"output","Package":"waiting-room/internal/installplan/preflight","Test":"TestClockBoundaries/minus2","Output":"--- PASS: TestClockBoundaries/minus2 (0.00s)\n"}
{"Time":"2026-09-05T23:55:25.700654+09:00","Action":"pass","Package":"waiting-room/internal/installplan/preflight","Test":"TestClockBoundaries/minus2","Elapsed":0}
{"Time":"2026-09-05T23:55:25.700672+09:00","Action":"run","Package":"waiting-room/internal/installplan/preflight","Test":"TestClockBoundaries/above2"}
{"Time":"2026-09-05T23:55:25.700674+09:00","Action":"output","Package":"waiting-room/internal/installplan/preflight","Test":"TestClockBoundaries/above2","Output":"=== RUN   TestClockBoundaries/above2\n"}
{"Time":"2026-09-05T23:55:25.701031+09:00","Action":"output","Package":"waiting-room/internal/installplan/preflight","Test":"TestClockBoundaries/above2","Output":"--- PASS: TestClockBoundaries/above2 (0.00s)\n"}
{"Time":"2026-09-05T23:55:25.70104+09:00","Action":"pass","Package":"waiting-room/internal/installplan/preflight","Test":"TestClockBoundaries/above2","Elapsed":0}
{"Time":"2026-09-05T23:55:25.701051+09:00","Action":"run","Package":"waiting-room/internal/installplan/preflight","Test":"TestClockBoundaries/belowMinus2"}
{"Time":"2026-09-05T23:55:25.701057+09:00","Action":"output","Package":"waiting-room/internal/installplan/preflight","Test":"TestClockBoundaries/belowMinus2","Output":"=== RUN   TestClockBoundaries/belowMinus2\n"}
{"Time":"2026-09-05T23:55:25.701401+09:00","Action":"output","Package":"waiting-room/internal/installplan/preflight","Test":"TestClockBoundaries/belowMinus2","Output":"--- PASS: TestClockBoundaries/belowMinus2 (0.00s)\n"}
{"Time":"2026-09-05T23:55:25.701407+09:00","Action":"pass","Package":"waiting-room/internal/installplan/preflight","Test":"TestClockBoundaries/belowMinus2","Elapsed":0}
{"Time":"2026-09-05T23:55:25.70142+09:00","Action":"run","Package":"waiting-room/internal/installplan/preflight","Test":"TestClockBoundaries/plus5"}
{"Time":"2026-09-05T23:55:25.701423+09:00","Action":"output","Package":"waiting-room/internal/installplan/preflight","Test":"TestClockBoundaries/plus5","Output":"=== RUN   TestClockBoundaries/plus5\n"}
{"Time":"2026-09-05T23:55:25.70177+09:00","Action":"output","Package":"waiting-room/internal/installplan/preflight","Test":"TestClockBoundaries/plus5","Output":"--- PASS: TestClockBoundaries/plus5 (0.00s)\n"}
{"Time":"2026-09-05T23:55:25.701776+09:00","Action":"pass","Package":"waiting-room/internal/installplan/preflight","Test":"TestClockBoundaries/plus5","Elapsed":0}
{"Time":"2026-09-05T23:55:25.701809+09:00","Action":"run","Package":"waiting-room/internal/installplan/preflight","Test":"TestClockBoundaries/minus5"}
{"Time":"2026-09-05T23:55:25.701821+09:00","Action":"output","Package":"waiting-room/internal/installplan/preflight","Test":"TestClockBoundaries/minus5","Output":"=== RUN   TestClockBoundaries/minus5\n"}
{"Time":"2026-09-05T23:55:25.70204+09:00","Action":"output","Package":"waiting-room/internal/installplan/preflight","Test":"TestClockBoundaries/minus5","Output":"--- PASS: TestClockBoundaries/minus5 (0.00s)\n"}
{"Time":"2026-09-05T23:55:25.702046+09:00","Action":"pass","Package":"waiting-room/internal/installplan/preflight","Test":"TestClockBoundaries/minus5","Elapsed":0}
{"Time":"2026-09-05T23:55:25.702049+09:00","Action":"run","Package":"waiting-room/internal/installplan/preflight","Test":"TestClockBoundaries/above5"}
{"Time":"2026-09-05T23:55:25.702051+09:00","Action":"output","Package":"waiting-room/internal/installplan/preflight","Test":"TestClockBoundaries/above5","Output":"=== RUN   TestClockBoundaries/above5\n"}
{"Time":"2026-09-05T23:55:25.702293+09:00","Action":"output","Package":"waiting-room/internal/installplan/preflight","Test":"TestClockBoundaries/above5","Output":"--- PASS: TestClockBoundaries/above5 (0.00s)\n"}
{"Time":"2026-09-05T23:55:25.702299+09:00","Action":"pass","Package":"waiting-room/internal/installplan/preflight","Test":"TestClockBoundaries/above5","Elapsed":0}
{"Time":"2026-09-05T23:55:25.70231+09:00","Action":"run","Package":"waiting-room/internal/installplan/preflight","Test":"TestClockBoundaries/belowMinus5"}
{"Time":"2026-09-05T23:55:25.702317+09:00","Action":"output","Package":"waiting-room/internal/installplan/preflight","Test":"TestClockBoundaries/belowMinus5","Output":"=== RUN   TestClockBoundaries/belowMinus5\n"}
{"Time":"2026-09-05T23:55:25.702534+09:00","Action":"output","Package":"waiting-room/internal/installplan/preflight","Test":"TestClockBoundaries/belowMinus5","Output":"--- PASS: TestClockBoundaries/belowMinus5 (0.00s)\n"}
{"Time":"2026-09-05T23:55:25.702543+09:00","Action":"pass","Package":"waiting-room/internal/installplan/preflight","Test":"TestClockBoundaries/belowMinus5","Elapsed":0}
{"Time":"2026-09-05T23:55:25.702545+09:00","Action":"run","Package":"waiting-room/internal/installplan/preflight","Test":"TestClockBoundaries/minDuration"}
{"Time":"2026-09-05T23:55:25.702546+09:00","Action":"output","Package":"waiting-room/internal/installplan/preflight","Test":"TestClockBoundaries/minDuration","Output":"=== RUN   TestClockBoundaries/minDuration\n"}
{"Time":"2026-09-05T23:55:25.702774+09:00","Action":"output","Package":"waiting-room/internal/installplan/preflight","Test":"TestClockBoundaries/minDuration","Output":"--- PASS: TestClockBoundaries/minDuration (0.00s)\n"}
{"Time":"2026-09-05T23:55:25.702777+09:00","Action":"pass","Package":"waiting-room/internal/installplan/preflight","Test":"TestClockBoundaries/minDuration","Elapsed":0}
{"Time":"2026-09-05T23:55:25.702781+09:00","Action":"run","Package":"waiting-room/internal/installplan/preflight","Test":"TestClockBoundaries/maxDuration"}
{"Time":"2026-09-05T23:55:25.702782+09:00","Action":"output","Package":"waiting-room/internal/installplan/preflight","Test":"TestClockBoundaries/maxDuration","Output":"=== RUN   TestClockBoundaries/maxDuration\n"}
{"Time":"2026-09-05T23:55:25.703003+09:00","Action":"output","Package":"waiting-room/internal/installplan/preflight","Test":"TestClockBoundaries/maxDuration","Output":"--- PASS: TestClockBoundaries/maxDuration (0.00s)\n"}
{"Time":"2026-09-05T23:55:25.703006+09:00","Action":"pass","Package":"waiting-room/internal/installplan/preflight","Test":"TestClockBoundaries/maxDuration","Elapsed":0}
{"Time":"2026-09-05T23:55:25.70302+09:00","Action":"output","Package":"waiting-room/internal/installplan/preflight","Test":"TestClockBoundaries","Output":"--- PASS: TestClockBoundaries (0.00s)\n"}
{"Time":"2026-09-05T23:55:25.703032+09:00","Action":"pass","Package":"waiting-room/internal/installplan/preflight","Test":"TestClockBoundaries","Elapsed":0}
{"Time":"2026-09-05T23:55:25.703042+09:00","Action":"run","Package":"waiting-room/internal/installplan/preflight","Test":"TestObservationValidity"}
{"Time":"2026-09-05T23:55:25.703046+09:00","Action":"output","Package":"waiting-room/internal/installplan/preflight","Test":"TestObservationValidity","Output":"=== RUN   TestObservationValidity\n"}
{"Time":"2026-09-05T23:55:25.703083+09:00","Action":"run","Package":"waiting-room/internal/installplan/preflight","Test":"TestObservationValidity/missing"}
{"Time":"2026-09-05T23:55:25.703086+09:00","Action":"output","Package":"waiting-room/internal/installplan/preflight","Test":"TestObservationValidity/missing","Output":"=== RUN   TestObservationValidity/missing\n"}
{"Time":"2026-09-05T23:55:25.703543+09:00","Action":"output","Package":"waiting-room/internal/installplan/preflight","Test":"TestObservationValidity/missing","Output":"--- PASS: TestObservationValidity/missing (0.00s)\n"}
{"Time":"2026-09-05T23:55:25.703556+09:00","Action":"pass","Package":"waiting-room/internal/installplan/preflight","Test":"TestObservationValidity/missing","Elapsed":0}
{"Time":"2026-09-05T23:55:25.703569+09:00","Action":"run","Package":"waiting-room/internal/installplan/preflight","Test":"TestObservationValidity/unsynchronized"}
{"Time":"2026-09-05T23:55:25.703571+09:00","Action":"output","Package":"waiting-room/internal/installplan/preflight","Test":"TestObservationValidity/unsynchronized","Output":"=== RUN   TestObservationValidity/unsynchronized\n"}
{"Time":"2026-09-05T23:55:25.703869+09:00","Action":"output","Package":"waiting-room/internal/installplan/preflight","Test":"TestObservationValidity/unsynchronized","Output":"--- PASS: TestObservationValidity/unsynchronized (0.00s)\n"}
{"Time":"2026-09-05T23:55:25.703872+09:00","Action":"pass","Package":"waiting-room/internal/installplan/preflight","Test":"TestObservationValidity/unsynchronized","Elapsed":0}
{"Time":"2026-09-05T23:55:25.70388+09:00","Action":"run","Package":"waiting-room/internal/installplan/preflight","Test":"TestObservationValidity/future"}
{"Time":"2026-09-05T23:55:25.703882+09:00","Action":"output","Package":"waiting-room/internal/installplan/preflight","Test":"TestObservationValidity/future","Output":"=== RUN   TestObservationValidity/future\n"}
{"Time":"2026-09-05T23:55:25.70417+09:00","Action":"output","Package":"waiting-room/internal/installplan/preflight","Test":"TestObservationValidity/future","Output":"--- PASS: TestObservationValidity/future (0.00s)\n"}
{"Time":"2026-09-05T23:55:25.704174+09:00","Action":"pass","Package":"waiting-room/internal/installplan/preflight","Test":"TestObservationValidity/future","Elapsed":0}
{"Time":"2026-09-05T23:55:25.704186+09:00","Action":"run","Package":"waiting-room/internal/installplan/preflight","Test":"TestObservationValidity/stale"}
{"Time":"2026-09-05T23:55:25.704188+09:00","Action":"output","Package":"waiting-room/internal/installplan/preflight","Test":"TestObservationValidity/stale","Output":"=== RUN   TestObservationValidity/stale\n"}
{"Time":"2026-09-05T23:55:25.704467+09:00","Action":"output","Package":"waiting-room/internal/installplan/preflight","Test":"TestObservationValidity/stale","Output":"--- PASS: TestObservationValidity/stale (0.00s)\n"}
{"Time":"2026-09-05T23:55:25.704469+09:00","Action":"pass","Package":"waiting-room/internal/installplan/preflight","Test":"TestObservationValidity/stale","Elapsed":0}
{"Time":"2026-09-05T23:55:25.70448+09:00","Action":"run","Package":"waiting-room/internal/installplan/preflight","Test":"TestObservationValidity/exact-age"}
{"Time":"2026-09-05T23:55:25.704482+09:00","Action":"output","Package":"waiting-room/internal/installplan/preflight","Test":"TestObservationValidity/exact-age","Output":"=== RUN   TestObservationValidity/exact-age\n"}
{"Time":"2026-09-05T23:55:25.704759+09:00","Action":"output","Package":"waiting-room/internal/installplan/preflight","Test":"TestObservationValidity/exact-age","Output":"--- PASS: TestObservationValidity/exact-age (0.00s)\n"}
{"Time":"2026-09-05T23:55:25.704762+09:00","Action":"pass","Package":"waiting-room/internal/installplan/preflight","Test":"TestObservationValidity/exact-age","Elapsed":0}
{"Time":"2026-09-05T23:55:25.70477+09:00","Action":"run","Package":"waiting-room/internal/installplan/preflight","Test":"TestObservationValidity/wrong-plan"}
{"Time":"2026-09-05T23:55:25.704772+09:00","Action":"output","Package":"waiting-room/internal/installplan/preflight","Test":"TestObservationValidity/wrong-plan","Output":"=== RUN   TestObservationValidity/wrong-plan\n"}
{"Time":"2026-09-05T23:55:25.705037+09:00","Action":"output","Package":"waiting-room/internal/installplan/preflight","Test":"TestObservationValidity/wrong-plan","Output":"--- PASS: TestObservationValidity/wrong-plan (0.00s)\n"}
{"Time":"2026-09-05T23:55:25.705057+09:00","Action":"pass","Package":"waiting-room/internal/installplan/preflight","Test":"TestObservationValidity/wrong-plan","Elapsed":0}
{"Time":"2026-09-05T23:55:25.705068+09:00","Action":"run","Package":"waiting-room/internal/installplan/preflight","Test":"TestObservationValidity/no-artifact"}
{"Time":"2026-09-05T23:55:25.705075+09:00","Action":"output","Package":"waiting-room/internal/installplan/preflight","Test":"TestObservationValidity/no-artifact","Output":"=== RUN   TestObservationValidity/no-artifact\n"}
{"Time":"2026-09-05T23:55:25.705335+09:00","Action":"output","Package":"waiting-room/internal/installplan/preflight","Test":"TestObservationValidity/no-artifact","Output":"--- PASS: TestObservationValidity/no-artifact (0.00s)\n"}
{"Time":"2026-09-05T23:55:25.705339+09:00","Action":"pass","Package":"waiting-room/internal/installplan/preflight","Test":"TestObservationValidity/no-artifact","Elapsed":0}
{"Time":"2026-09-05T23:55:25.705342+09:00","Action":"run","Package":"waiting-room/internal/installplan/preflight","Test":"TestObservationValidity/no-source"}
{"Time":"2026-09-05T23:55:25.705345+09:00","Action":"output","Package":"waiting-room/internal/installplan/preflight","Test":"TestObservationValidity/no-source","Output":"=== RUN   TestObservationValidity/no-source\n"}
{"Time":"2026-09-05T23:55:25.705619+09:00","Action":"output","Package":"waiting-room/internal/installplan/preflight","Test":"TestObservationValidity/no-source","Output":"--- PASS: TestObservationValidity/no-source (0.00s)\n"}
{"Time":"2026-09-05T23:55:25.705623+09:00","Action":"pass","Package":"waiting-room/internal/installplan/preflight","Test":"TestObservationValidity/no-source","Elapsed":0}
{"Time":"2026-09-05T23:55:25.705627+09:00","Action":"run","Package":"waiting-room/internal/installplan/preflight","Test":"TestObservationValidity/unsafe-method"}
{"Time":"2026-09-05T23:55:25.70563+09:00","Action":"output","Package":"waiting-room/internal/installplan/preflight","Test":"TestObservationValidity/unsafe-method","Output":"=== RUN   TestObservationValidity/unsafe-method\n"}
{"Time":"2026-09-05T23:55:25.705916+09:00","Action":"output","Package":"waiting-room/internal/installplan/preflight","Test":"TestObservationValidity/unsafe-method","Output":"--- PASS: TestObservationValidity/unsafe-method (0.00s)\n"}
{"Time":"2026-09-05T23:55:25.70592+09:00","Action":"pass","Package":"waiting-room/internal/installplan/preflight","Test":"TestObservationValidity/unsafe-method","Elapsed":0}
{"Time":"2026-09-05T23:55:25.705934+09:00","Action":"output","Package":"waiting-room/internal/installplan/preflight","Test":"TestObservationValidity","Output":"--- PASS: TestObservationValidity (0.00s)\n"}
{"Time":"2026-09-05T23:55:25.705945+09:00","Action":"pass","Package":"waiting-room/internal/installplan/preflight","Test":"TestObservationValidity","Elapsed":0}
{"Time":"2026-09-05T23:55:25.705955+09:00","Action":"run","Package":"waiting-room/internal/installplan/preflight","Test":"TestStoreSeverityAndResponsibility"}
{"Time":"2026-09-05T23:55:25.705958+09:00","Action":"output","Package":"waiting-room/internal/installplan/preflight","Test":"TestStoreSeverityAndResponsibility","Output":"=== RUN   TestStoreSeverityAndResponsibility\n"}
{"Time":"2026-09-05T23:55:25.708608+09:00","Action":"output","Package":"waiting-room/internal/installplan/preflight","Test":"TestStoreSeverityAndResponsibility","Output":"--- PASS: TestStoreSeverityAndResponsibility (0.00s)\n"}
{"Time":"2026-09-05T23:55:25.708616+09:00","Action":"pass","Package":"waiting-room/internal/installplan/preflight","Test":"TestStoreSeverityAndResponsibility","Elapsed":0}
{"Time":"2026-09-05T23:55:25.708629+09:00","Action":"run","Package":"waiting-room/internal/installplan/preflight","Test":"TestOriginMustHaveActiveProbe"}
{"Time":"2026-09-05T23:55:25.708633+09:00","Action":"output","Package":"waiting-room/internal/installplan/preflight","Test":"TestOriginMustHaveActiveProbe","Output":"=== RUN   TestOriginMustHaveActiveProbe\n"}
{"Time":"2026-09-05T23:55:25.709822+09:00","Action":"output","Package":"waiting-room/internal/installplan/preflight","Test":"TestOriginMustHaveActiveProbe","Output":"--- PASS: TestOriginMustHaveActiveProbe (0.00s)\n"}
{"Time":"2026-09-05T23:55:25.709827+09:00","Action":"pass","Package":"waiting-room/internal/installplan/preflight","Test":"TestOriginMustHaveActiveProbe","Elapsed":0}
{"Time":"2026-09-05T23:55:25.709839+09:00","Action":"run","Package":"waiting-room/internal/installplan/preflight","Test":"TestEventDeadlineBoundaries"}
{"Time":"2026-09-05T23:55:25.709845+09:00","Action":"output","Package":"waiting-room/internal/installplan/preflight","Test":"TestEventDeadlineBoundaries","Output":"=== RUN   TestEventDeadlineBoundaries\n"}
{"Time":"2026-09-05T23:55:25.711958+09:00","Action":"output","Package":"waiting-room/internal/installplan/preflight","Test":"TestEventDeadlineBoundaries","Output":"--- PASS: TestEventDeadlineBoundaries (0.00s)\n"}
{"Time":"2026-09-05T23:55:25.711969+09:00","Action":"pass","Package":"waiting-room/internal/installplan/preflight","Test":"TestEventDeadlineBoundaries","Elapsed":0}
{"Time":"2026-09-05T23:55:25.711972+09:00","Action":"run","Package":"waiting-room/internal/installplan/preflight","Test":"TestEventReadinessFailures"}
{"Time":"2026-09-05T23:55:25.711975+09:00","Action":"output","Package":"waiting-room/internal/installplan/preflight","Test":"TestEventReadinessFailures","Output":"=== RUN   TestEventReadinessFailures\n"}
{"Time":"2026-09-05T23:55:25.711993+09:00","Action":"run","Package":"waiting-room/internal/installplan/preflight","Test":"TestEventReadinessFailures/lessGateway"}
{"Time":"2026-09-05T23:55:25.712002+09:00","Action":"output","Package":"waiting-room/internal/installplan/preflight","Test":"TestEventReadinessFailures/lessGateway","Output":"=== RUN   TestEventReadinessFailures/lessGateway\n"}
{"Time":"2026-09-05T23:55:25.712277+09:00","Action":"output","Package":"waiting-room/internal/installplan/preflight","Test":"TestEventReadinessFailures/lessGateway","Output":"--- PASS: TestEventReadinessFailures/lessGateway (0.00s)\n"}
{"Time":"2026-09-05T23:55:25.712283+09:00","Action":"pass","Package":"waiting-room/internal/installplan/preflight","Test":"TestEventReadinessFailures/lessGateway","Elapsed":0}
{"Time":"2026-09-05T23:55:25.71229+09:00","Action":"run","Package":"waiting-room/internal/installplan/preflight","Test":"TestEventReadinessFailures/lessCoordinator"}
{"Time":"2026-09-05T23:55:25.712293+09:00","Action":"output","Package":"waiting-room/internal/installplan/preflight","Test":"TestEventReadinessFailures/lessCoordinator","Output":"=== RUN   TestEventReadinessFailures/lessCoordinator\n"}
{"Time":"2026-09-05T23:55:25.712558+09:00","Action":"output","Package":"waiting-room/internal/installplan/preflight","Test":"TestEventReadinessFailures/lessCoordinator","Output":"--- PASS: TestEventReadinessFailures/lessCoordinator (0.00s)\n"}
{"Time":"2026-09-05T23:55:25.712564+09:00","Action":"pass","Package":"waiting-room/internal/installplan/preflight","Test":"TestEventReadinessFailures/lessCoordinator","Elapsed":0}
{"Time":"2026-09-05T23:55:25.712584+09:00","Action":"run","Package":"waiting-room/internal/installplan/preflight","Test":"TestEventReadinessFailures/pendingGateway"}
{"Time":"2026-09-05T23:55:25.712588+09:00","Action":"output","Package":"waiting-room/internal/installplan/preflight","Test":"TestEventReadinessFailures/pendingGateway","Output":"=== RUN   TestEventReadinessFailures/pendingGateway\n"}
{"Time":"2026-09-05T23:55:25.712842+09:00","Action":"output","Package":"waiting-room/internal/installplan/preflight","Test":"TestEventReadinessFailures/pendingGateway","Output":"--- PASS: TestEventReadinessFailures/pendingGateway (0.00s)\n"}
{"Time":"2026-09-05T23:55:25.712846+09:00","Action":"pass","Package":"waiting-room/internal/installplan/preflight","Test":"TestEventReadinessFailures/pendingGateway","Elapsed":0}
{"Time":"2026-09-05T23:55:25.712858+09:00","Action":"run","Package":"waiting-room/internal/installplan/preflight","Test":"TestEventReadinessFailures/pendingCoordinator"}
{"Time":"2026-09-05T23:55:25.712861+09:00","Action":"output","Package":"waiting-room/internal/installplan/preflight","Test":"TestEventReadinessFailures/pendingCoordinator","Output":"=== RUN   TestEventReadinessFailures/pendingCoordinator\n"}
{"Time":"2026-09-05T23:55:25.713127+09:00","Action":"output","Package":"waiting-room/internal/installplan/preflight","Test":"TestEventReadinessFailures/pendingCoordinator","Output":"--- PASS: TestEventReadinessFailures/pendingCoordinator (0.00s)\n"}
{"Time":"2026-09-05T23:55:25.713131+09:00","Action":"pass","Package":"waiting-room/internal/installplan/preflight","Test":"TestEventReadinessFailures/pendingCoordinator","Elapsed":0}
{"Time":"2026-09-05T23:55:25.713142+09:00","Action":"run","Package":"waiting-room/internal/installplan/preflight","Test":"TestEventReadinessFailures/pendingControl"}
{"Time":"2026-09-05T23:55:25.713144+09:00","Action":"output","Package":"waiting-room/internal/installplan/preflight","Test":"TestEventReadinessFailures/pendingControl","Output":"=== RUN   TestEventReadinessFailures/pendingControl\n"}
{"Time":"2026-09-05T23:55:25.713406+09:00","Action":"output","Package":"waiting-room/internal/installplan/preflight","Test":"TestEventReadinessFailures/pendingControl","Output":"--- PASS: TestEventReadinessFailures/pendingControl (0.00s)\n"}
{"Time":"2026-09-05T23:55:25.71341+09:00","Action":"pass","Package":"waiting-room/internal/installplan/preflight","Test":"TestEventReadinessFailures/pendingControl","Elapsed":0}
{"Time":"2026-09-05T23:55:25.713421+09:00","Action":"run","Package":"waiting-room/internal/installplan/preflight","Test":"TestEventReadinessFailures/invalidCounts"}
{"Time":"2026-09-05T23:55:25.713423+09:00","Action":"output","Package":"waiting-room/internal/installplan/preflight","Test":"TestEventReadinessFailures/invalidCounts","Output":"=== RUN   TestEventReadinessFailures/invalidCounts\n"}
{"Time":"2026-09-05T23:55:25.713692+09:00","Action":"output","Package":"waiting-room/internal/installplan/preflight","Test":"TestEventReadinessFailures/invalidCounts","Output":"--- PASS: TestEventReadinessFailures/invalidCounts (0.00s)\n"}
{"Time":"2026-09-05T23:55:25.713696+09:00","Action":"pass","Package":"waiting-room/internal/installplan/preflight","Test":"TestEventReadinessFailures/invalidCounts","Elapsed":0}
{"Time":"2026-09-05T23:55:25.713707+09:00","Action":"run","Package":"waiting-room/internal/installplan/preflight","Test":"TestEventReadinessFailures/overMax"}
{"Time":"2026-09-05T23:55:25.71371+09:00","Action":"output","Package":"waiting-room/internal/installplan/preflight","Test":"TestEventReadinessFailures/overMax","Output":"=== RUN   TestEventReadinessFailures/overMax\n"}
{"Time":"2026-09-05T23:55:25.71397+09:00","Action":"output","Package":"waiting-room/internal/installplan/preflight","Test":"TestEventReadinessFailures/overMax","Output":"--- PASS: TestEventReadinessFailures/overMax (0.00s)\n"}
{"Time":"2026-09-05T23:55:25.713984+09:00","Action":"pass","Package":"waiting-room/internal/installplan/preflight","Test":"TestEventReadinessFailures/overMax","Elapsed":0}
{"Time":"2026-09-05T23:55:25.713992+09:00","Action":"run","Package":"waiting-room/internal/installplan/preflight","Test":"TestEventReadinessFailures/negative"}
{"Time":"2026-09-05T23:55:25.713996+09:00","Action":"output","Package":"waiting-room/internal/installplan/preflight","Test":"TestEventReadinessFailures/negative","Output":"=== RUN   TestEventReadinessFailures/negative\n"}
{"Time":"2026-09-05T23:55:25.714266+09:00","Action":"output","Package":"waiting-room/internal/installplan/preflight","Test":"TestEventReadinessFailures/negative","Output":"--- PASS: TestEventReadinessFailures/negative (0.00s)\n"}
{"Time":"2026-09-05T23:55:25.714274+09:00","Action":"pass","Package":"waiting-room/internal/installplan/preflight","Test":"TestEventReadinessFailures/negative","Elapsed":0}
{"Time":"2026-09-05T23:55:25.714278+09:00","Action":"run","Package":"waiting-room/internal/installplan/preflight","Test":"TestEventReadinessFailures/rttExact2"}
{"Time":"2026-09-05T23:55:25.714279+09:00","Action":"output","Package":"waiting-room/internal/installplan/preflight","Test":"TestEventReadinessFailures/rttExact2","Output":"=== RUN   TestEventReadinessFailures/rttExact2\n"}
{"Time":"2026-09-05T23:55:25.71455+09:00","Action":"output","Package":"waiting-room/internal/installplan/preflight","Test":"TestEventReadinessFailures/rttExact2","Output":"--- PASS: TestEventReadinessFailures/rttExact2 (0.00s)\n"}
{"Time":"2026-09-05T23:55:25.714555+09:00","Action":"pass","Package":"waiting-room/internal/installplan/preflight","Test":"TestEventReadinessFailures/rttExact2","Elapsed":0}
{"Time":"2026-09-05T23:55:25.714558+09:00","Action":"run","Package":"waiting-room/internal/installplan/preflight","Test":"TestEventReadinessFailures/rttBelow2"}
{"Time":"2026-09-05T23:55:25.71456+09:00","Action":"output","Package":"waiting-room/internal/installplan/preflight","Test":"TestEventReadinessFailures/rttBelow2","Output":"=== RUN   TestEventReadinessFailures/rttBelow2\n"}
{"Time":"2026-09-05T23:55:25.714817+09:00","Action":"output","Package":"waiting-room/internal/installplan/preflight","Test":"TestEventReadinessFailures/rttBelow2","Output":"--- PASS: TestEventReadinessFailures/rttBelow2 (0.00s)\n"}
{"Time":"2026-09-05T23:55:25.714822+09:00","Action":"pass","Package":"waiting-room/internal/installplan/preflight","Test":"TestEventReadinessFailures/rttBelow2","Elapsed":0}
{"Time":"2026-09-05T23:55:25.714826+09:00","Action":"run","Package":"waiting-room/internal/installplan/preflight","Test":"TestEventReadinessFailures/rttZero"}
{"Time":"2026-09-05T23:55:25.714828+09:00","Action":"output","Package":"waiting-room/internal/installplan/preflight","Test":"TestEventReadinessFailures/rttZero","Output":"=== RUN   TestEventReadinessFailures/rttZero\n"}
{"Time":"2026-09-05T23:55:25.715092+09:00","Action":"output","Package":"waiting-room/internal/installplan/preflight","Test":"TestEventReadinessFailures/rttZero","Output":"--- PASS: TestEventReadinessFailures/rttZero (0.00s)\n"}
{"Time":"2026-09-05T23:55:25.715097+09:00","Action":"pass","Package":"waiting-room/internal/installplan/preflight","Test":"TestEventReadinessFailures/rttZero","Elapsed":0}
{"Time":"2026-09-05T23:55:25.715106+09:00","Action":"run","Package":"waiting-room/internal/installplan/preflight","Test":"TestEventReadinessFailures/rttNegative"}
{"Time":"2026-09-05T23:55:25.71511+09:00","Action":"output","Package":"waiting-room/internal/installplan/preflight","Test":"TestEventReadinessFailures/rttNegative","Output":"=== RUN   TestEventReadinessFailures/rttNegative\n"}
{"Time":"2026-09-05T23:55:25.715358+09:00","Action":"output","Package":"waiting-room/internal/installplan/preflight","Test":"TestEventReadinessFailures/rttNegative","Output":"--- PASS: TestEventReadinessFailures/rttNegative (0.00s)\n"}
{"Time":"2026-09-05T23:55:25.715364+09:00","Action":"pass","Package":"waiting-room/internal/installplan/preflight","Test":"TestEventReadinessFailures/rttNegative","Elapsed":0}
{"Time":"2026-09-05T23:55:25.715377+09:00","Action":"run","Package":"waiting-room/internal/installplan/preflight","Test":"TestEventReadinessFailures/noSamples"}
{"Time":"2026-09-05T23:55:25.71538+09:00","Action":"output","Package":"waiting-room/internal/installplan/preflight","Test":"TestEventReadinessFailures/noSamples","Output":"=== RUN   TestEventReadinessFailures/noSamples\n"}
{"Time":"2026-09-05T23:55:25.715641+09:00","Action":"output","Package":"waiting-room/internal/installplan/preflight","Test":"TestEventReadinessFailures/noSamples","Output":"--- PASS: TestEventReadinessFailures/noSamples (0.00s)\n"}
{"Time":"2026-09-05T23:55:25.715646+09:00","Action":"pass","Package":"waiting-room/internal/installplan/preflight","Test":"TestEventReadinessFailures/noSamples","Elapsed":0}
{"Time":"2026-09-05T23:55:25.715653+09:00","Action":"run","Package":"waiting-room/internal/installplan/preflight","Test":"TestEventReadinessFailures/wrongEvent"}
{"Time":"2026-09-05T23:55:25.715655+09:00","Action":"output","Package":"waiting-room/internal/installplan/preflight","Test":"TestEventReadinessFailures/wrongEvent","Output":"=== RUN   TestEventReadinessFailures/wrongEvent\n"}
{"Time":"2026-09-05T23:55:25.715926+09:00","Action":"output","Package":"waiting-room/internal/installplan/preflight","Test":"TestEventReadinessFailures/wrongEvent","Output":"--- PASS: TestEventReadinessFailures/wrongEvent (0.00s)\n"}
{"Time":"2026-09-05T23:55:25.715931+09:00","Action":"pass","Package":"waiting-room/internal/installplan/preflight","Test":"TestEventReadinessFailures/wrongEvent","Elapsed":0}
{"Time":"2026-09-05T23:55:25.715943+09:00","Action":"output","Package":"waiting-room/internal/installplan/preflight","Test":"TestEventReadinessFailures","Output":"--- PASS: TestEventReadinessFailures (0.00s)\n"}
{"Time":"2026-09-05T23:55:25.715954+09:00","Action":"pass","Package":"waiting-room/internal/installplan/preflight","Test":"TestEventReadinessFailures","Elapsed":0}
{"Time":"2026-09-05T23:55:25.715958+09:00","Action":"run","Package":"waiting-room/internal/installplan/preflight","Test":"TestReportNeverGrantsActivation"}
{"Time":"2026-09-05T23:55:25.71596+09:00","Action":"output","Package":"waiting-room/internal/installplan/preflight","Test":"TestReportNeverGrantsActivation","Output":"=== RUN   TestReportNeverGrantsActivation\n"}
{"Time":"2026-09-05T23:55:25.716703+09:00","Action":"output","Package":"waiting-room/internal/installplan/preflight","Test":"TestReportNeverGrantsActivation","Output":"--- PASS: TestReportNeverGrantsActivation (0.00s)\n"}
{"Time":"2026-09-05T23:55:25.71671+09:00","Action":"pass","Package":"waiting-room/internal/installplan/preflight","Test":"TestReportNeverGrantsActivation","Elapsed":0}
{"Time":"2026-09-05T23:55:25.716719+09:00","Action":"run","Package":"waiting-room/internal/installplan/preflight","Test":"TestMissingAndInvalidEventEvidence"}
{"Time":"2026-09-05T23:55:25.716722+09:00","Action":"output","Package":"waiting-room/internal/installplan/preflight","Test":"TestMissingAndInvalidEventEvidence","Output":"=== RUN   TestMissingAndInvalidEventEvidence\n"}
{"Time":"2026-09-05T23:55:25.716747+09:00","Action":"run","Package":"waiting-room/internal/installplan/preflight","Test":"TestMissingAndInvalidEventEvidence/missing-snapshots"}
{"Time":"2026-09-05T23:55:25.716763+09:00","Action":"output","Package":"waiting-room/internal/installplan/preflight","Test":"TestMissingAndInvalidEventEvidence/missing-snapshots","Output":"=== RUN   TestMissingAndInvalidEventEvidence/missing-snapshots\n"}
{"Time":"2026-09-05T23:55:25.71701+09:00","Action":"output","Package":"waiting-room/internal/installplan/preflight","Test":"TestMissingAndInvalidEventEvidence/missing-snapshots","Output":"--- PASS: TestMissingAndInvalidEventEvidence/missing-snapshots (0.00s)\n"}
{"Time":"2026-09-05T23:55:25.71702+09:00","Action":"pass","Package":"waiting-room/internal/installplan/preflight","Test":"TestMissingAndInvalidEventEvidence/missing-snapshots","Elapsed":0}
{"Time":"2026-09-05T23:55:25.717022+09:00","Action":"run","Package":"waiting-room/internal/installplan/preflight","Test":"TestMissingAndInvalidEventEvidence/invalid-time"}
{"Time":"2026-09-05T23:55:25.717023+09:00","Action":"output","Package":"waiting-room/internal/installplan/preflight","Test":"TestMissingAndInvalidEventEvidence/invalid-time","Output":"=== RUN   TestMissingAndInvalidEventEvidence/invalid-time\n"}
{"Time":"2026-09-05T23:55:25.717265+09:00","Action":"output","Package":"waiting-room/internal/installplan/preflight","Test":"TestMissingAndInvalidEventEvidence/invalid-time","Output":"--- PASS: TestMissingAndInvalidEventEvidence/invalid-time (0.00s)\n"}
{"Time":"2026-09-05T23:55:25.717268+09:00","Action":"pass","Package":"waiting-room/internal/installplan/preflight","Test":"TestMissingAndInvalidEventEvidence/invalid-time","Elapsed":0}
{"Time":"2026-09-05T23:55:25.71727+09:00","Action":"run","Package":"waiting-room/internal/installplan/preflight","Test":"TestMissingAndInvalidEventEvidence/invalid-identity"}
{"Time":"2026-09-05T23:55:25.717271+09:00","Action":"output","Package":"waiting-room/internal/installplan/preflight","Test":"TestMissingAndInvalidEventEvidence/invalid-identity","Output":"=== RUN   TestMissingAndInvalidEventEvidence/invalid-identity\n"}
{"Time":"2026-09-05T23:55:25.717514+09:00","Action":"output","Package":"waiting-room/internal/installplan/preflight","Test":"TestMissingAndInvalidEventEvidence/invalid-identity","Output":"--- PASS: TestMissingAndInvalidEventEvidence/invalid-identity (0.00s)\n"}
{"Time":"2026-09-05T23:55:25.71752+09:00","Action":"pass","Package":"waiting-room/internal/installplan/preflight","Test":"TestMissingAndInvalidEventEvidence/invalid-identity","Elapsed":0}
{"Time":"2026-09-05T23:55:25.717737+09:00","Action":"output","Package":"waiting-room/internal/installplan/preflight","Test":"TestMissingAndInvalidEventEvidence","Output":"--- PASS: TestMissingAndInvalidEventEvidence (0.00s)\n"}
{"Time":"2026-09-05T23:55:25.717742+09:00","Action":"pass","Package":"waiting-room/internal/installplan/preflight","Test":"TestMissingAndInvalidEventEvidence","Elapsed":0}
{"Time":"2026-09-05T23:55:25.717757+09:00","Action":"run","Package":"waiting-room/internal/installplan/preflight","Test":"TestContextBindingAndDeterminism"}
{"Time":"2026-09-05T23:55:25.717762+09:00","Action":"output","Package":"waiting-room/internal/installplan/preflight","Test":"TestContextBindingAndDeterminism","Output":"=== RUN   TestContextBindingAndDeterminism\n"}
{"Time":"2026-09-05T23:55:25.718134+09:00","Action":"run","Package":"waiting-room/internal/installplan/preflight","Test":"TestContextBindingAndDeterminism/repeat"}
{"Time":"2026-09-05T23:55:25.718139+09:00","Action":"output","Package":"waiting-room/internal/installplan/preflight","Test":"TestContextBindingAndDeterminism/repeat","Output":"=== RUN   TestContextBindingAndDeterminism/repeat\n"}
{"Time":"2026-09-05T23:55:25.718142+09:00","Action":"output","Package":"waiting-room/internal/installplan/preflight","Test":"TestContextBindingAndDeterminism/repeat","Output":"=== PAUSE TestContextBindingAndDeterminism/repeat\n"}
{"Time":"2026-09-05T23:55:25.718143+09:00","Action":"pause","Package":"waiting-room/internal/installplan/preflight","Test":"TestContextBindingAndDeterminism/repeat"}
{"Time":"2026-09-05T23:55:25.718165+09:00","Action":"run","Package":"waiting-room/internal/installplan/preflight","Test":"TestContextBindingAndDeterminism/repeat#01"}
{"Time":"2026-09-05T23:55:25.718166+09:00","Action":"output","Package":"waiting-room/internal/installplan/preflight","Test":"TestContextBindingAndDeterminism/repeat#01","Output":"=== RUN   TestContextBindingAndDeterminism/repeat#01\n"}
{"Time":"2026-09-05T23:55:25.71818+09:00","Action":"output","Package":"waiting-room/internal/installplan/preflight","Test":"TestContextBindingAndDeterminism/repeat#01","Output":"=== PAUSE TestContextBindingAndDeterminism/repeat#01\n"}
{"Time":"2026-09-05T23:55:25.718184+09:00","Action":"pause","Package":"waiting-room/internal/installplan/preflight","Test":"TestContextBindingAndDeterminism/repeat#01"}
{"Time":"2026-09-05T23:55:25.718201+09:00","Action":"run","Package":"waiting-room/internal/installplan/preflight","Test":"TestContextBindingAndDeterminism/repeat#02"}
{"Time":"2026-09-05T23:55:25.718203+09:00","Action":"output","Package":"waiting-room/internal/installplan/preflight","Test":"TestContextBindingAndDeterminism/repeat#02","Output":"=== RUN   TestContextBindingAndDeterminism/repeat#02\n"}
{"Time":"2026-09-05T23:55:25.718205+09:00","Action":"output","Package":"waiting-room/internal/installplan/preflight","Test":"TestContextBindingAndDeterminism/repeat#02","Output":"=== PAUSE TestContextBindingAndDeterminism/repeat#02\n"}
{"Time":"2026-09-05T23:55:25.718207+09:00","Action":"pause","Package":"waiting-room/internal/installplan/preflight","Test":"TestContextBindingAndDeterminism/repeat#02"}
{"Time":"2026-09-05T23:55:25.718226+09:00","Action":"run","Package":"waiting-room/internal/installplan/preflight","Test":"TestContextBindingAndDeterminism/repeat#03"}
{"Time":"2026-09-05T23:55:25.718228+09:00","Action":"output","Package":"waiting-room/internal/installplan/preflight","Test":"TestContextBindingAndDeterminism/repeat#03","Output":"=== RUN   TestContextBindingAndDeterminism/repeat#03\n"}
{"Time":"2026-09-05T23:55:25.718235+09:00","Action":"output","Package":"waiting-room/internal/installplan/preflight","Test":"TestContextBindingAndDeterminism/repeat#03","Output":"=== PAUSE TestContextBindingAndDeterminism/repeat#03\n"}
{"Time":"2026-09-05T23:55:25.718238+09:00","Action":"pause","Package":"waiting-room/internal/installplan/preflight","Test":"TestContextBindingAndDeterminism/repeat#03"}
{"Time":"2026-09-05T23:55:25.718259+09:00","Action":"run","Package":"waiting-room/internal/installplan/preflight","Test":"TestContextBindingAndDeterminism/repeat#04"}
{"Time":"2026-09-05T23:55:25.718263+09:00","Action":"output","Package":"waiting-room/internal/installplan/preflight","Test":"TestContextBindingAndDeterminism/repeat#04","Output":"=== RUN   TestContextBindingAndDeterminism/repeat#04\n"}
{"Time":"2026-09-05T23:55:25.718276+09:00","Action":"output","Package":"waiting-room/internal/installplan/preflight","Test":"TestContextBindingAndDeterminism/repeat#04","Output":"=== PAUSE TestContextBindingAndDeterminism/repeat#04\n"}
{"Time":"2026-09-05T23:55:25.718278+09:00","Action":"pause","Package":"waiting-room/internal/installplan/preflight","Test":"TestContextBindingAndDeterminism/repeat#04"}
{"Time":"2026-09-05T23:55:25.718295+09:00","Action":"run","Package":"waiting-room/internal/installplan/preflight","Test":"TestContextBindingAndDeterminism/repeat#05"}
{"Time":"2026-09-05T23:55:25.718302+09:00","Action":"output","Package":"waiting-room/internal/installplan/preflight","Test":"TestContextBindingAndDeterminism/repeat#05","Output":"=== RUN   TestContextBindingAndDeterminism/repeat#05\n"}
{"Time":"2026-09-05T23:55:25.718306+09:00","Action":"output","Package":"waiting-room/internal/installplan/preflight","Test":"TestContextBindingAndDeterminism/repeat#05","Output":"=== PAUSE TestContextBindingAndDeterminism/repeat#05\n"}
{"Time":"2026-09-05T23:55:25.718307+09:00","Action":"pause","Package":"waiting-room/internal/installplan/preflight","Test":"TestContextBindingAndDeterminism/repeat#05"}
{"Time":"2026-09-05T23:55:25.718324+09:00","Action":"run","Package":"waiting-room/internal/installplan/preflight","Test":"TestContextBindingAndDeterminism/repeat#06"}
{"Time":"2026-09-05T23:55:25.718327+09:00","Action":"output","Package":"waiting-room/internal/installplan/preflight","Test":"TestContextBindingAndDeterminism/repeat#06","Output":"=== RUN   TestContextBindingAndDeterminism/repeat#06\n"}
{"Time":"2026-09-05T23:55:25.718339+09:00","Action":"output","Package":"waiting-room/internal/installplan/preflight","Test":"TestContextBindingAndDeterminism/repeat#06","Output":"=== PAUSE TestContextBindingAndDeterminism/repeat#06\n"}
{"Time":"2026-09-05T23:55:25.718341+09:00","Action":"pause","Package":"waiting-room/internal/installplan/preflight","Test":"TestContextBindingAndDeterminism/repeat#06"}
{"Time":"2026-09-05T23:55:25.718353+09:00","Action":"run","Package":"waiting-room/internal/installplan/preflight","Test":"TestContextBindingAndDeterminism/repeat#07"}
{"Time":"2026-09-05T23:55:25.718356+09:00","Action":"output","Package":"waiting-room/internal/installplan/preflight","Test":"TestContextBindingAndDeterminism/repeat#07","Output":"=== RUN   TestContextBindingAndDeterminism/repeat#07\n"}
{"Time":"2026-09-05T23:55:25.718366+09:00","Action":"output","Package":"waiting-room/internal/installplan/preflight","Test":"TestContextBindingAndDeterminism/repeat#07","Output":"=== PAUSE TestContextBindingAndDeterminism/repeat#07\n"}
{"Time":"2026-09-05T23:55:25.718367+09:00","Action":"pause","Package":"waiting-room/internal/installplan/preflight","Test":"TestContextBindingAndDeterminism/repeat#07"}
{"Time":"2026-09-05T23:55:25.71838+09:00","Action":"run","Package":"waiting-room/internal/installplan/preflight","Test":"TestContextBindingAndDeterminism/repeat#08"}
{"Time":"2026-09-05T23:55:25.718383+09:00","Action":"output","Package":"waiting-room/internal/installplan/preflight","Test":"TestContextBindingAndDeterminism/repeat#08","Output":"=== RUN   TestContextBindingAndDeterminism/repeat#08\n"}
{"Time":"2026-09-05T23:55:25.718394+09:00","Action":"output","Package":"waiting-room/internal/installplan/preflight","Test":"TestContextBindingAndDeterminism/repeat#08","Output":"=== PAUSE TestContextBindingAndDeterminism/repeat#08\n"}
{"Time":"2026-09-05T23:55:25.718398+09:00","Action":"pause","Package":"waiting-room/internal/installplan/preflight","Test":"TestContextBindingAndDeterminism/repeat#08"}
{"Time":"2026-09-05T23:55:25.718421+09:00","Action":"run","Package":"waiting-room/internal/installplan/preflight","Test":"TestContextBindingAndDeterminism/repeat#09"}
{"Time":"2026-09-05T23:55:25.718425+09:00","Action":"output","Package":"waiting-room/internal/installplan/preflight","Test":"TestContextBindingAndDeterminism/repeat#09","Output":"=== RUN   TestContextBindingAndDeterminism/repeat#09\n"}
{"Time":"2026-09-05T23:55:25.718427+09:00","Action":"output","Package":"waiting-room/internal/installplan/preflight","Test":"TestContextBindingAndDeterminism/repeat#09","Output":"=== PAUSE TestContextBindingAndDeterminism/repeat#09\n"}
{"Time":"2026-09-05T23:55:25.718428+09:00","Action":"pause","Package":"waiting-room/internal/installplan/preflight","Test":"TestContextBindingAndDeterminism/repeat#09"}
{"Time":"2026-09-05T23:55:25.718444+09:00","Action":"run","Package":"waiting-room/internal/installplan/preflight","Test":"TestContextBindingAndDeterminism/repeat#10"}
{"Time":"2026-09-05T23:55:25.718447+09:00","Action":"output","Package":"waiting-room/internal/installplan/preflight","Test":"TestContextBindingAndDeterminism/repeat#10","Output":"=== RUN   TestContextBindingAndDeterminism/repeat#10\n"}
{"Time":"2026-09-05T23:55:25.718469+09:00","Action":"output","Package":"waiting-room/internal/installplan/preflight","Test":"TestContextBindingAndDeterminism/repeat#10","Output":"=== PAUSE TestContextBindingAndDeterminism/repeat#10\n"}
{"Time":"2026-09-05T23:55:25.718471+09:00","Action":"pause","Package":"waiting-room/internal/installplan/preflight","Test":"TestContextBindingAndDeterminism/repeat#10"}
{"Time":"2026-09-05T23:55:25.718483+09:00","Action":"run","Package":"waiting-room/internal/installplan/preflight","Test":"TestContextBindingAndDeterminism/repeat#11"}
{"Time":"2026-09-05T23:55:25.718486+09:00","Action":"output","Package":"waiting-room/internal/installplan/preflight","Test":"TestContextBindingAndDeterminism/repeat#11","Output":"=== RUN   TestContextBindingAndDeterminism/repeat#11\n"}
{"Time":"2026-09-05T23:55:25.718497+09:00","Action":"output","Package":"waiting-room/internal/installplan/preflight","Test":"TestContextBindingAndDeterminism/repeat#11","Output":"=== PAUSE TestContextBindingAndDeterminism/repeat#11\n"}
{"Time":"2026-09-05T23:55:25.7185+09:00","Action":"pause","Package":"waiting-room/internal/installplan/preflight","Test":"TestContextBindingAndDeterminism/repeat#11"}
{"Time":"2026-09-05T23:55:25.718509+09:00","Action":"run","Package":"waiting-room/internal/installplan/preflight","Test":"TestContextBindingAndDeterminism/repeat#12"}
{"Time":"2026-09-05T23:55:25.718512+09:00","Action":"output","Package":"waiting-room/internal/installplan/preflight","Test":"TestContextBindingAndDeterminism/repeat#12","Output":"=== RUN   TestContextBindingAndDeterminism/repeat#12\n"}
{"Time":"2026-09-05T23:55:25.718527+09:00","Action":"output","Package":"waiting-room/internal/installplan/preflight","Test":"TestContextBindingAndDeterminism/repeat#12","Output":"=== PAUSE TestContextBindingAndDeterminism/repeat#12\n"}
{"Time":"2026-09-05T23:55:25.71853+09:00","Action":"pause","Package":"waiting-room/internal/installplan/preflight","Test":"TestContextBindingAndDeterminism/repeat#12"}
{"Time":"2026-09-05T23:55:25.718546+09:00","Action":"run","Package":"waiting-room/internal/installplan/preflight","Test":"TestContextBindingAndDeterminism/repeat#13"}
{"Time":"2026-09-05T23:55:25.718548+09:00","Action":"output","Package":"waiting-room/internal/installplan/preflight","Test":"TestContextBindingAndDeterminism/repeat#13","Output":"=== RUN   TestContextBindingAndDeterminism/repeat#13\n"}
{"Time":"2026-09-05T23:55:25.71855+09:00","Action":"output","Package":"waiting-room/internal/installplan/preflight","Test":"TestContextBindingAndDeterminism/repeat#13","Output":"=== PAUSE TestContextBindingAndDeterminism/repeat#13\n"}
{"Time":"2026-09-05T23:55:25.718551+09:00","Action":"pause","Package":"waiting-room/internal/installplan/preflight","Test":"TestContextBindingAndDeterminism/repeat#13"}
{"Time":"2026-09-05T23:55:25.718572+09:00","Action":"run","Package":"waiting-room/internal/installplan/preflight","Test":"TestContextBindingAndDeterminism/repeat#14"}
{"Time":"2026-09-05T23:55:25.718575+09:00","Action":"output","Package":"waiting-room/internal/installplan/preflight","Test":"TestContextBindingAndDeterminism/repeat#14","Output":"=== RUN   TestContextBindingAndDeterminism/repeat#14\n"}
{"Time":"2026-09-05T23:55:25.71859+09:00","Action":"output","Package":"waiting-room/internal/installplan/preflight","Test":"TestContextBindingAndDeterminism/repeat#14","Output":"=== PAUSE TestContextBindingAndDeterminism/repeat#14\n"}
{"Time":"2026-09-05T23:55:25.718593+09:00","Action":"pause","Package":"waiting-room/internal/installplan/preflight","Test":"TestContextBindingAndDeterminism/repeat#14"}
{"Time":"2026-09-05T23:55:25.718604+09:00","Action":"run","Package":"waiting-room/internal/installplan/preflight","Test":"TestContextBindingAndDeterminism/repeat#15"}
{"Time":"2026-09-05T23:55:25.718606+09:00","Action":"output","Package":"waiting-room/internal/installplan/preflight","Test":"TestContextBindingAndDeterminism/repeat#15","Output":"=== RUN   TestContextBindingAndDeterminism/repeat#15\n"}
{"Time":"2026-09-05T23:55:25.718624+09:00","Action":"output","Package":"waiting-room/internal/installplan/preflight","Test":"TestContextBindingAndDeterminism/repeat#15","Output":"=== PAUSE TestContextBindingAndDeterminism/repeat#15\n"}
{"Time":"2026-09-05T23:55:25.718627+09:00","Action":"pause","Package":"waiting-room/internal/installplan/preflight","Test":"TestContextBindingAndDeterminism/repeat#15"}
{"Time":"2026-09-05T23:55:25.718645+09:00","Action":"run","Package":"waiting-room/internal/installplan/preflight","Test":"TestContextBindingAndDeterminism/repeat#16"}
{"Time":"2026-09-05T23:55:25.718648+09:00","Action":"output","Package":"waiting-room/internal/installplan/preflight","Test":"TestContextBindingAndDeterminism/repeat#16","Output":"=== RUN   TestContextBindingAndDeterminism/repeat#16\n"}
{"Time":"2026-09-05T23:55:25.71866+09:00","Action":"output","Package":"waiting-room/internal/installplan/preflight","Test":"TestContextBindingAndDeterminism/repeat#16","Output":"=== PAUSE TestContextBindingAndDeterminism/repeat#16\n"}
{"Time":"2026-09-05T23:55:25.718663+09:00","Action":"pause","Package":"waiting-room/internal/installplan/preflight","Test":"TestContextBindingAndDeterminism/repeat#16"}
{"Time":"2026-09-05T23:55:25.718679+09:00","Action":"run","Package":"waiting-room/internal/installplan/preflight","Test":"TestContextBindingAndDeterminism/repeat#17"}
{"Time":"2026-09-05T23:55:25.718682+09:00","Action":"output","Package":"waiting-room/internal/installplan/preflight","Test":"TestContextBindingAndDeterminism/repeat#17","Output":"=== RUN   TestContextBindingAndDeterminism/repeat#17\n"}
{"Time":"2026-09-05T23:55:25.718697+09:00","Action":"output","Package":"waiting-room/internal/installplan/preflight","Test":"TestContextBindingAndDeterminism/repeat#17","Output":"=== PAUSE TestContextBindingAndDeterminism/repeat#17\n"}
{"Time":"2026-09-05T23:55:25.718699+09:00","Action":"pause","Package":"waiting-room/internal/installplan/preflight","Test":"TestContextBindingAndDeterminism/repeat#17"}
{"Time":"2026-09-05T23:55:25.718716+09:00","Action":"run","Package":"waiting-room/internal/installplan/preflight","Test":"TestContextBindingAndDeterminism/repeat#18"}
{"Time":"2026-09-05T23:55:25.718718+09:00","Action":"output","Package":"waiting-room/internal/installplan/preflight","Test":"TestContextBindingAndDeterminism/repeat#18","Output":"=== RUN   TestContextBindingAndDeterminism/repeat#18\n"}
{"Time":"2026-09-05T23:55:25.718734+09:00","Action":"output","Package":"waiting-room/internal/installplan/preflight","Test":"TestContextBindingAndDeterminism/repeat#18","Output":"=== PAUSE TestContextBindingAndDeterminism/repeat#18\n"}
{"Time":"2026-09-05T23:55:25.718737+09:00","Action":"pause","Package":"waiting-room/internal/installplan/preflight","Test":"TestContextBindingAndDeterminism/repeat#18"}
{"Time":"2026-09-05T23:55:25.718754+09:00","Action":"run","Package":"waiting-room/internal/installplan/preflight","Test":"TestContextBindingAndDeterminism/repeat#19"}
{"Time":"2026-09-05T23:55:25.718763+09:00","Action":"output","Package":"waiting-room/internal/installplan/preflight","Test":"TestContextBindingAndDeterminism/repeat#19","Output":"=== RUN   TestContextBindingAndDeterminism/repeat#19\n"}
{"Time":"2026-09-05T23:55:25.718766+09:00","Action":"output","Package":"waiting-room/internal/installplan/preflight","Test":"TestContextBindingAndDeterminism/repeat#19","Output":"=== PAUSE TestContextBindingAndDeterminism/repeat#19\n"}
{"Time":"2026-09-05T23:55:25.718768+09:00","Action":"pause","Package":"waiting-room/internal/installplan/preflight","Test":"TestContextBindingAndDeterminism/repeat#19"}
{"Time":"2026-09-05T23:55:25.718788+09:00","Action":"run","Package":"waiting-room/internal/installplan/preflight","Test":"TestContextBindingAndDeterminism/repeat#20"}
{"Time":"2026-09-05T23:55:25.718792+09:00","Action":"output","Package":"waiting-room/internal/installplan/preflight","Test":"TestContextBindingAndDeterminism/repeat#20","Output":"=== RUN   TestContextBindingAndDeterminism/repeat#20\n"}
{"Time":"2026-09-05T23:55:25.718803+09:00","Action":"output","Package":"waiting-room/internal/installplan/preflight","Test":"TestContextBindingAndDeterminism/repeat#20","Output":"=== PAUSE TestContextBindingAndDeterminism/repeat#20\n"}
{"Time":"2026-09-05T23:55:25.718805+09:00","Action":"pause","Package":"waiting-room/internal/installplan/preflight","Test":"TestContextBindingAndDeterminism/repeat#20"}
{"Time":"2026-09-05T23:55:25.718807+09:00","Action":"run","Package":"waiting-room/internal/installplan/preflight","Test":"TestContextBindingAndDeterminism/repeat#21"}
{"Time":"2026-09-05T23:55:25.718809+09:00","Action":"output","Package":"waiting-room/internal/installplan/preflight","Test":"TestContextBindingAndDeterminism/repeat#21","Output":"=== RUN   TestContextBindingAndDeterminism/repeat#21\n"}
{"Time":"2026-09-05T23:55:25.718826+09:00","Action":"output","Package":"waiting-room/internal/installplan/preflight","Test":"TestContextBindingAndDeterminism/repeat#21","Output":"=== PAUSE TestContextBindingAndDeterminism/repeat#21\n"}
{"Time":"2026-09-05T23:55:25.718828+09:00","Action":"pause","Package":"waiting-room/internal/installplan/preflight","Test":"TestContextBindingAndDeterminism/repeat#21"}
{"Time":"2026-09-05T23:55:25.718845+09:00","Action":"run","Package":"waiting-room/internal/installplan/preflight","Test":"TestContextBindingAndDeterminism/repeat#22"}
{"Time":"2026-09-05T23:55:25.718847+09:00","Action":"output","Package":"waiting-room/internal/installplan/preflight","Test":"TestContextBindingAndDeterminism/repeat#22","Output":"=== RUN   TestContextBindingAndDeterminism/repeat#22\n"}
{"Time":"2026-09-05T23:55:25.718859+09:00","Action":"output","Package":"waiting-room/internal/installplan/preflight","Test":"TestContextBindingAndDeterminism/repeat#22","Output":"=== PAUSE TestContextBindingAndDeterminism/repeat#22\n"}
{"Time":"2026-09-05T23:55:25.718862+09:00","Action":"pause","Package":"waiting-room/internal/installplan/preflight","Test":"TestContextBindingAndDeterminism/repeat#22"}
{"Time":"2026-09-05T23:55:25.718879+09:00","Action":"run","Package":"waiting-room/internal/installplan/preflight","Test":"TestContextBindingAndDeterminism/repeat#23"}
{"Time":"2026-09-05T23:55:25.718882+09:00","Action":"output","Package":"waiting-room/internal/installplan/preflight","Test":"TestContextBindingAndDeterminism/repeat#23","Output":"=== RUN   TestContextBindingAndDeterminism/repeat#23\n"}
{"Time":"2026-09-05T23:55:25.718897+09:00","Action":"output","Package":"waiting-room/internal/installplan/preflight","Test":"TestContextBindingAndDeterminism/repeat#23","Output":"=== PAUSE TestContextBindingAndDeterminism/repeat#23\n"}
{"Time":"2026-09-05T23:55:25.718899+09:00","Action":"pause","Package":"waiting-room/internal/installplan/preflight","Test":"TestContextBindingAndDeterminism/repeat#23"}
{"Time":"2026-09-05T23:55:25.718915+09:00","Action":"run","Package":"waiting-room/internal/installplan/preflight","Test":"TestContextBindingAndDeterminism/repeat#24"}
{"Time":"2026-09-05T23:55:25.718919+09:00","Action":"output","Package":"waiting-room/internal/installplan/preflight","Test":"TestContextBindingAndDeterminism/repeat#24","Output":"=== RUN   TestContextBindingAndDeterminism/repeat#24\n"}
{"Time":"2026-09-05T23:55:25.718933+09:00","Action":"output","Package":"waiting-room/internal/installplan/preflight","Test":"TestContextBindingAndDeterminism/repeat#24","Output":"=== PAUSE TestContextBindingAndDeterminism/repeat#24\n"}
{"Time":"2026-09-05T23:55:25.718936+09:00","Action":"pause","Package":"waiting-room/internal/installplan/preflight","Test":"TestContextBindingAndDeterminism/repeat#24"}
{"Time":"2026-09-05T23:55:25.718943+09:00","Action":"run","Package":"waiting-room/internal/installplan/preflight","Test":"TestContextBindingAndDeterminism/repeat#25"}
{"Time":"2026-09-05T23:55:25.718945+09:00","Action":"output","Package":"waiting-room/internal/installplan/preflight","Test":"TestContextBindingAndDeterminism/repeat#25","Output":"=== RUN   TestContextBindingAndDeterminism/repeat#25\n"}
{"Time":"2026-09-05T23:55:25.718963+09:00","Action":"output","Package":"waiting-room/internal/installplan/preflight","Test":"TestContextBindingAndDeterminism/repeat#25","Output":"=== PAUSE TestContextBindingAndDeterminism/repeat#25\n"}
{"Time":"2026-09-05T23:55:25.718965+09:00","Action":"pause","Package":"waiting-room/internal/installplan/preflight","Test":"TestContextBindingAndDeterminism/repeat#25"}
{"Time":"2026-09-05T23:55:25.719004+09:00","Action":"run","Package":"waiting-room/internal/installplan/preflight","Test":"TestContextBindingAndDeterminism/repeat#26"}
{"Time":"2026-09-05T23:55:25.719006+09:00","Action":"output","Package":"waiting-room/internal/installplan/preflight","Test":"TestContextBindingAndDeterminism/repeat#26","Output":"=== RUN   TestContextBindingAndDeterminism/repeat#26\n"}
{"Time":"2026-09-05T23:55:25.719009+09:00","Action":"output","Package":"waiting-room/internal/installplan/preflight","Test":"TestContextBindingAndDeterminism/repeat#26","Output":"=== PAUSE TestContextBindingAndDeterminism/repeat#26\n"}
{"Time":"2026-09-05T23:55:25.71901+09:00","Action":"pause","Package":"waiting-room/internal/installplan/preflight","Test":"TestContextBindingAndDeterminism/repeat#26"}
{"Time":"2026-09-05T23:55:25.719027+09:00","Action":"run","Package":"waiting-room/internal/installplan/preflight","Test":"TestContextBindingAndDeterminism/repeat#27"}
{"Time":"2026-09-05T23:55:25.719036+09:00","Action":"output","Package":"waiting-room/internal/installplan/preflight","Test":"TestContextBindingAndDeterminism/repeat#27","Output":"=== RUN   TestContextBindingAndDeterminism/repeat#27\n"}
{"Time":"2026-09-05T23:55:25.719039+09:00","Action":"output","Package":"waiting-room/internal/installplan/preflight","Test":"TestContextBindingAndDeterminism/repeat#27","Output":"=== PAUSE TestContextBindingAndDeterminism/repeat#27\n"}
{"Time":"2026-09-05T23:55:25.719041+09:00","Action":"pause","Package":"waiting-room/internal/installplan/preflight","Test":"TestContextBindingAndDeterminism/repeat#27"}
{"Time":"2026-09-05T23:55:25.719056+09:00","Action":"run","Package":"waiting-room/internal/installplan/preflight","Test":"TestContextBindingAndDeterminism/repeat#28"}
{"Time":"2026-09-05T23:55:25.719058+09:00","Action":"output","Package":"waiting-room/internal/installplan/preflight","Test":"TestContextBindingAndDeterminism/repeat#28","Output":"=== RUN   TestContextBindingAndDeterminism/repeat#28\n"}
{"Time":"2026-09-05T23:55:25.719069+09:00","Action":"output","Package":"waiting-room/internal/installplan/preflight","Test":"TestContextBindingAndDeterminism/repeat#28","Output":"=== PAUSE TestContextBindingAndDeterminism/repeat#28\n"}
{"Time":"2026-09-05T23:55:25.719072+09:00","Action":"pause","Package":"waiting-room/internal/installplan/preflight","Test":"TestContextBindingAndDeterminism/repeat#28"}
{"Time":"2026-09-05T23:55:25.719087+09:00","Action":"run","Package":"waiting-room/internal/installplan/preflight","Test":"TestContextBindingAndDeterminism/repeat#29"}
{"Time":"2026-09-05T23:55:25.719089+09:00","Action":"output","Package":"waiting-room/internal/installplan/preflight","Test":"TestContextBindingAndDeterminism/repeat#29","Output":"=== RUN   TestContextBindingAndDeterminism/repeat#29\n"}
{"Time":"2026-09-05T23:55:25.7191+09:00","Action":"output","Package":"waiting-room/internal/installplan/preflight","Test":"TestContextBindingAndDeterminism/repeat#29","Output":"=== PAUSE TestContextBindingAndDeterminism/repeat#29\n"}
{"Time":"2026-09-05T23:55:25.719102+09:00","Action":"pause","Package":"waiting-room/internal/installplan/preflight","Test":"TestContextBindingAndDeterminism/repeat#29"}
{"Time":"2026-09-05T23:55:25.719119+09:00","Action":"run","Package":"waiting-room/internal/installplan/preflight","Test":"TestContextBindingAndDeterminism/repeat#30"}
{"Time":"2026-09-05T23:55:25.719122+09:00","Action":"output","Package":"waiting-room/internal/installplan/preflight","Test":"TestContextBindingAndDeterminism/repeat#30","Output":"=== RUN   TestContextBindingAndDeterminism/repeat#30\n"}
{"Time":"2026-09-05T23:55:25.719137+09:00","Action":"output","Package":"waiting-room/internal/installplan/preflight","Test":"TestContextBindingAndDeterminism/repeat#30","Output":"=== PAUSE TestContextBindingAndDeterminism/repeat#30\n"}
{"Time":"2026-09-05T23:55:25.719141+09:00","Action":"pause","Package":"waiting-room/internal/installplan/preflight","Test":"TestContextBindingAndDeterminism/repeat#30"}
{"Time":"2026-09-05T23:55:25.719162+09:00","Action":"run","Package":"waiting-room/internal/installplan/preflight","Test":"TestContextBindingAndDeterminism/repeat#31"}
{"Time":"2026-09-05T23:55:25.719164+09:00","Action":"output","Package":"waiting-room/internal/installplan/preflight","Test":"TestContextBindingAndDeterminism/repeat#31","Output":"=== RUN   TestContextBindingAndDeterminism/repeat#31\n"}
{"Time":"2026-09-05T23:55:25.719166+09:00","Action":"output","Package":"waiting-room/internal/installplan/preflight","Test":"TestContextBindingAndDeterminism/repeat#31","Output":"=== PAUSE TestContextBindingAndDeterminism/repeat#31\n"}
{"Time":"2026-09-05T23:55:25.719167+09:00","Action":"pause","Package":"waiting-room/internal/installplan/preflight","Test":"TestContextBindingAndDeterminism/repeat#31"}
{"Time":"2026-09-05T23:55:25.719185+09:00","Action":"run","Package":"waiting-room/internal/installplan/preflight","Test":"TestContextBindingAndDeterminism/repeat#32"}
{"Time":"2026-09-05T23:55:25.719188+09:00","Action":"output","Package":"waiting-room/internal/installplan/preflight","Test":"TestContextBindingAndDeterminism/repeat#32","Output":"=== RUN   TestContextBindingAndDeterminism/repeat#32\n"}
{"Time":"2026-09-05T23:55:25.719204+09:00","Action":"output","Package":"waiting-room/internal/installplan/preflight","Test":"TestContextBindingAndDeterminism/repeat#32","Output":"=== PAUSE TestContextBindingAndDeterminism/repeat#32\n"}
{"Time":"2026-09-05T23:55:25.719207+09:00","Action":"pause","Package":"waiting-room/internal/installplan/preflight","Test":"TestContextBindingAndDeterminism/repeat#32"}
{"Time":"2026-09-05T23:55:25.719221+09:00","Action":"run","Package":"waiting-room/internal/installplan/preflight","Test":"TestContextBindingAndDeterminism/repeat#33"}
{"Time":"2026-09-05T23:55:25.719223+09:00","Action":"output","Package":"waiting-room/internal/installplan/preflight","Test":"TestContextBindingAndDeterminism/repeat#33","Output":"=== RUN   TestContextBindingAndDeterminism/repeat#33\n"}
{"Time":"2026-09-05T23:55:25.719233+09:00","Action":"output","Package":"waiting-room/internal/installplan/preflight","Test":"TestContextBindingAndDeterminism/repeat#33","Output":"=== PAUSE TestContextBindingAndDeterminism/repeat#33\n"}
{"Time":"2026-09-05T23:55:25.719236+09:00","Action":"pause","Package":"waiting-room/internal/installplan/preflight","Test":"TestContextBindingAndDeterminism/repeat#33"}
{"Time":"2026-09-05T23:55:25.71925+09:00","Action":"run","Package":"waiting-room/internal/installplan/preflight","Test":"TestContextBindingAndDeterminism/repeat#34"}
{"Time":"2026-09-05T23:55:25.719255+09:00","Action":"output","Package":"waiting-room/internal/installplan/preflight","Test":"TestContextBindingAndDeterminism/repeat#34","Output":"=== RUN   TestContextBindingAndDeterminism/repeat#34\n"}
{"Time":"2026-09-05T23:55:25.719257+09:00","Action":"output","Package":"waiting-room/internal/installplan/preflight","Test":"TestContextBindingAndDeterminism/repeat#34","Output":"=== PAUSE TestContextBindingAndDeterminism/repeat#34\n"}
{"Time":"2026-09-05T23:55:25.719259+09:00","Action":"pause","Package":"waiting-room/internal/installplan/preflight","Test":"TestContextBindingAndDeterminism/repeat#34"}
{"Time":"2026-09-05T23:55:25.719272+09:00","Action":"run","Package":"waiting-room/internal/installplan/preflight","Test":"TestContextBindingAndDeterminism/repeat#35"}
{"Time":"2026-09-05T23:55:25.719275+09:00","Action":"output","Package":"waiting-room/internal/installplan/preflight","Test":"TestContextBindingAndDeterminism/repeat#35","Output":"=== RUN   TestContextBindingAndDeterminism/repeat#35\n"}
{"Time":"2026-09-05T23:55:25.719287+09:00","Action":"output","Package":"waiting-room/internal/installplan/preflight","Test":"TestContextBindingAndDeterminism/repeat#35","Output":"=== PAUSE TestContextBindingAndDeterminism/repeat#35\n"}
{"Time":"2026-09-05T23:55:25.719291+09:00","Action":"pause","Package":"waiting-room/internal/installplan/preflight","Test":"TestContextBindingAndDeterminism/repeat#35"}
{"Time":"2026-09-05T23:55:25.719305+09:00","Action":"run","Package":"waiting-room/internal/installplan/preflight","Test":"TestContextBindingAndDeterminism/repeat#36"}
{"Time":"2026-09-05T23:55:25.719307+09:00","Action":"output","Package":"waiting-room/internal/installplan/preflight","Test":"TestContextBindingAndDeterminism/repeat#36","Output":"=== RUN   TestContextBindingAndDeterminism/repeat#36\n"}
{"Time":"2026-09-05T23:55:25.719318+09:00","Action":"output","Package":"waiting-room/internal/installplan/preflight","Test":"TestContextBindingAndDeterminism/repeat#36","Output":"=== PAUSE TestContextBindingAndDeterminism/repeat#36\n"}
{"Time":"2026-09-05T23:55:25.719321+09:00","Action":"pause","Package":"waiting-room/internal/installplan/preflight","Test":"TestContextBindingAndDeterminism/repeat#36"}
{"Time":"2026-09-05T23:55:25.719338+09:00","Action":"run","Package":"waiting-room/internal/installplan/preflight","Test":"TestContextBindingAndDeterminism/repeat#37"}
{"Time":"2026-09-05T23:55:25.71934+09:00","Action":"output","Package":"waiting-room/internal/installplan/preflight","Test":"TestContextBindingAndDeterminism/repeat#37","Output":"=== RUN   TestContextBindingAndDeterminism/repeat#37\n"}
{"Time":"2026-09-05T23:55:25.719357+09:00","Action":"output","Package":"waiting-room/internal/installplan/preflight","Test":"TestContextBindingAndDeterminism/repeat#37","Output":"=== PAUSE TestContextBindingAndDeterminism/repeat#37\n"}
{"Time":"2026-09-05T23:55:25.719359+09:00","Action":"pause","Package":"waiting-room/internal/installplan/preflight","Test":"TestContextBindingAndDeterminism/repeat#37"}
{"Time":"2026-09-05T23:55:25.719374+09:00","Action":"run","Package":"waiting-room/internal/installplan/preflight","Test":"TestContextBindingAndDeterminism/repeat#38"}
{"Time":"2026-09-05T23:55:25.719383+09:00","Action":"output","Package":"waiting-room/internal/installplan/preflight","Test":"TestContextBindingAndDeterminism/repeat#38","Output":"=== RUN   TestContextBindingAndDeterminism/repeat#38\n"}
{"Time":"2026-09-05T23:55:25.719386+09:00","Action":"output","Package":"waiting-room/internal/installplan/preflight","Test":"TestContextBindingAndDeterminism/repeat#38","Output":"=== PAUSE TestContextBindingAndDeterminism/repeat#38\n"}
{"Time":"2026-09-05T23:55:25.719387+09:00","Action":"pause","Package":"waiting-room/internal/installplan/preflight","Test":"TestContextBindingAndDeterminism/repeat#38"}
{"Time":"2026-09-05T23:55:25.71941+09:00","Action":"run","Package":"waiting-room/internal/installplan/preflight","Test":"TestContextBindingAndDeterminism/repeat#39"}
{"Time":"2026-09-05T23:55:25.719412+09:00","Action":"output","Package":"waiting-room/internal/installplan/preflight","Test":"TestContextBindingAndDeterminism/repeat#39","Output":"=== RUN   TestContextBindingAndDeterminism/repeat#39\n"}
{"Time":"2026-09-05T23:55:25.719426+09:00","Action":"output","Package":"waiting-room/internal/installplan/preflight","Test":"TestContextBindingAndDeterminism/repeat#39","Output":"=== PAUSE TestContextBindingAndDeterminism/repeat#39\n"}
{"Time":"2026-09-05T23:55:25.719428+09:00","Action":"pause","Package":"waiting-room/internal/installplan/preflight","Test":"TestContextBindingAndDeterminism/repeat#39"}
{"Time":"2026-09-05T23:55:25.71944+09:00","Action":"run","Package":"waiting-room/internal/installplan/preflight","Test":"TestContextBindingAndDeterminism/repeat#40"}
{"Time":"2026-09-05T23:55:25.719443+09:00","Action":"output","Package":"waiting-room/internal/installplan/preflight","Test":"TestContextBindingAndDeterminism/repeat#40","Output":"=== RUN   TestContextBindingAndDeterminism/repeat#40\n"}
{"Time":"2026-09-05T23:55:25.719455+09:00","Action":"output","Package":"waiting-room/internal/installplan/preflight","Test":"TestContextBindingAndDeterminism/repeat#40","Output":"=== PAUSE TestContextBindingAndDeterminism/repeat#40\n"}
{"Time":"2026-09-05T23:55:25.719457+09:00","Action":"pause","Package":"waiting-room/internal/installplan/preflight","Test":"TestContextBindingAndDeterminism/repeat#40"}
{"Time":"2026-09-05T23:55:25.719472+09:00","Action":"run","Package":"waiting-room/internal/installplan/preflight","Test":"TestContextBindingAndDeterminism/repeat#41"}
{"Time":"2026-09-05T23:55:25.719474+09:00","Action":"output","Package":"waiting-room/internal/installplan/preflight","Test":"TestContextBindingAndDeterminism/repeat#41","Output":"=== RUN   TestContextBindingAndDeterminism/repeat#41\n"}
{"Time":"2026-09-05T23:55:25.719487+09:00","Action":"output","Package":"waiting-room/internal/installplan/preflight","Test":"TestContextBindingAndDeterminism/repeat#41","Output":"=== PAUSE TestContextBindingAndDeterminism/repeat#41\n"}
{"Time":"2026-09-05T23:55:25.719489+09:00","Action":"pause","Package":"waiting-room/internal/installplan/preflight","Test":"TestContextBindingAndDeterminism/repeat#41"}
{"Time":"2026-09-05T23:55:25.719506+09:00","Action":"run","Package":"waiting-room/internal/installplan/preflight","Test":"TestContextBindingAndDeterminism/repeat#42"}
{"Time":"2026-09-05T23:55:25.719509+09:00","Action":"output","Package":"waiting-room/internal/installplan/preflight","Test":"TestContextBindingAndDeterminism/repeat#42","Output":"=== RUN   TestContextBindingAndDeterminism/repeat#42\n"}
{"Time":"2026-09-05T23:55:25.719522+09:00","Action":"output","Package":"waiting-room/internal/installplan/preflight","Test":"TestContextBindingAndDeterminism/repeat#42","Output":"=== PAUSE TestContextBindingAndDeterminism/repeat#42\n"}
{"Time":"2026-09-05T23:55:25.719524+09:00","Action":"pause","Package":"waiting-room/internal/installplan/preflight","Test":"TestContextBindingAndDeterminism/repeat#42"}
{"Time":"2026-09-05T23:55:25.71954+09:00","Action":"run","Package":"waiting-room/internal/installplan/preflight","Test":"TestContextBindingAndDeterminism/repeat#43"}
{"Time":"2026-09-05T23:55:25.719547+09:00","Action":"output","Package":"waiting-room/internal/installplan/preflight","Test":"TestContextBindingAndDeterminism/repeat#43","Output":"=== RUN   TestContextBindingAndDeterminism/repeat#43\n"}
{"Time":"2026-09-05T23:55:25.71955+09:00","Action":"output","Package":"waiting-room/internal/installplan/preflight","Test":"TestContextBindingAndDeterminism/repeat#43","Output":"=== PAUSE TestContextBindingAndDeterminism/repeat#43\n"}
{"Time":"2026-09-05T23:55:25.719552+09:00","Action":"pause","Package":"waiting-room/internal/installplan/preflight","Test":"TestContextBindingAndDeterminism/repeat#43"}
{"Time":"2026-09-05T23:55:25.719571+09:00","Action":"run","Package":"waiting-room/internal/installplan/preflight","Test":"TestContextBindingAndDeterminism/repeat#44"}
{"Time":"2026-09-05T23:55:25.719574+09:00","Action":"output","Package":"waiting-room/internal/installplan/preflight","Test":"TestContextBindingAndDeterminism/repeat#44","Output":"=== RUN   TestContextBindingAndDeterminism/repeat#44\n"}
{"Time":"2026-09-05T23:55:25.719585+09:00","Action":"output","Package":"waiting-room/internal/installplan/preflight","Test":"TestContextBindingAndDeterminism/repeat#44","Output":"=== PAUSE TestContextBindingAndDeterminism/repeat#44\n"}
{"Time":"2026-09-05T23:55:25.719588+09:00","Action":"pause","Package":"waiting-room/internal/installplan/preflight","Test":"TestContextBindingAndDeterminism/repeat#44"}
{"Time":"2026-09-05T23:55:25.719603+09:00","Action":"run","Package":"waiting-room/internal/installplan/preflight","Test":"TestContextBindingAndDeterminism/repeat#45"}
{"Time":"2026-09-05T23:55:25.719605+09:00","Action":"output","Package":"waiting-room/internal/installplan/preflight","Test":"TestContextBindingAndDeterminism/repeat#45","Output":"=== RUN   TestContextBindingAndDeterminism/repeat#45\n"}
{"Time":"2026-09-05T23:55:25.719618+09:00","Action":"output","Package":"waiting-room/internal/installplan/preflight","Test":"TestContextBindingAndDeterminism/repeat#45","Output":"=== PAUSE TestContextBindingAndDeterminism/repeat#45\n"}
{"Time":"2026-09-05T23:55:25.71962+09:00","Action":"pause","Package":"waiting-room/internal/installplan/preflight","Test":"TestContextBindingAndDeterminism/repeat#45"}
{"Time":"2026-09-05T23:55:25.719632+09:00","Action":"run","Package":"waiting-room/internal/installplan/preflight","Test":"TestContextBindingAndDeterminism/repeat#46"}
{"Time":"2026-09-05T23:55:25.719635+09:00","Action":"output","Package":"waiting-room/internal/installplan/preflight","Test":"TestContextBindingAndDeterminism/repeat#46","Output":"=== RUN   TestContextBindingAndDeterminism/repeat#46\n"}
{"Time":"2026-09-05T23:55:25.719644+09:00","Action":"output","Package":"waiting-room/internal/installplan/preflight","Test":"TestContextBindingAndDeterminism/repeat#46","Output":"=== PAUSE TestContextBindingAndDeterminism/repeat#46\n"}
{"Time":"2026-09-05T23:55:25.719647+09:00","Action":"pause","Package":"waiting-room/internal/installplan/preflight","Test":"TestContextBindingAndDeterminism/repeat#46"}
{"Time":"2026-09-05T23:55:25.719659+09:00","Action":"run","Package":"waiting-room/internal/installplan/preflight","Test":"TestContextBindingAndDeterminism/repeat#47"}
{"Time":"2026-09-05T23:55:25.719662+09:00","Action":"output","Package":"waiting-room/internal/installplan/preflight","Test":"TestContextBindingAndDeterminism/repeat#47","Output":"=== RUN   TestContextBindingAndDeterminism/repeat#47\n"}
{"Time":"2026-09-05T23:55:25.719679+09:00","Action":"output","Package":"waiting-room/internal/installplan/preflight","Test":"TestContextBindingAndDeterminism/repeat#47","Output":"=== PAUSE TestContextBindingAndDeterminism/repeat#47\n"}
{"Time":"2026-09-05T23:55:25.719681+09:00","Action":"pause","Package":"waiting-room/internal/installplan/preflight","Test":"TestContextBindingAndDeterminism/repeat#47"}
{"Time":"2026-09-05T23:55:25.71972+09:00","Action":"run","Package":"waiting-room/internal/installplan/preflight","Test":"TestContextBindingAndDeterminism/repeat#48"}
{"Time":"2026-09-05T23:55:25.719724+09:00","Action":"output","Package":"waiting-room/internal/installplan/preflight","Test":"TestContextBindingAndDeterminism/repeat#48","Output":"=== RUN   TestContextBindingAndDeterminism/repeat#48\n"}
{"Time":"2026-09-05T23:55:25.719726+09:00","Action":"output","Package":"waiting-room/internal/installplan/preflight","Test":"TestContextBindingAndDeterminism/repeat#48","Output":"=== PAUSE TestContextBindingAndDeterminism/repeat#48\n"}
{"Time":"2026-09-05T23:55:25.719728+09:00","Action":"pause","Package":"waiting-room/internal/installplan/preflight","Test":"TestContextBindingAndDeterminism/repeat#48"}
{"Time":"2026-09-05T23:55:25.719751+09:00","Action":"run","Package":"waiting-room/internal/installplan/preflight","Test":"TestContextBindingAndDeterminism/repeat#49"}
{"Time":"2026-09-05T23:55:25.719757+09:00","Action":"output","Package":"waiting-room/internal/installplan/preflight","Test":"TestContextBindingAndDeterminism/repeat#49","Output":"=== RUN   TestContextBindingAndDeterminism/repeat#49\n"}
{"Time":"2026-09-05T23:55:25.719768+09:00","Action":"output","Package":"waiting-room/internal/installplan/preflight","Test":"TestContextBindingAndDeterminism/repeat#49","Output":"=== PAUSE TestContextBindingAndDeterminism/repeat#49\n"}
{"Time":"2026-09-05T23:55:25.719771+09:00","Action":"pause","Package":"waiting-room/internal/installplan/preflight","Test":"TestContextBindingAndDeterminism/repeat#49"}
{"Time":"2026-09-05T23:55:25.720053+09:00","Action":"cont","Package":"waiting-room/internal/installplan/preflight","Test":"TestContextBindingAndDeterminism/repeat#02"}
{"Time":"2026-09-05T23:55:25.720056+09:00","Action":"output","Package":"waiting-room/internal/installplan/preflight","Test":"TestContextBindingAndDeterminism/repeat#02","Output":"=== CONT  TestContextBindingAndDeterminism/repeat#02\n"}
{"Time":"2026-09-05T23:55:25.720102+09:00","Action":"cont","Package":"waiting-room/internal/installplan/preflight","Test":"TestContextBindingAndDeterminism/repeat#14"}
{"Time":"2026-09-05T23:55:25.720108+09:00","Action":"output","Package":"waiting-room/internal/installplan/preflight","Test":"TestContextBindingAndDeterminism/repeat#14","Output":"=== CONT  TestContextBindingAndDeterminism/repeat#14\n"}
{"Time":"2026-09-05T23:55:25.720129+09:00","Action":"cont","Package":"waiting-room/internal/installplan/preflight","Test":"TestContextBindingAndDeterminism/repeat#40"}
{"Time":"2026-09-05T23:55:25.720132+09:00","Action":"output","Package":"waiting-room/internal/installplan/preflight","Test":"TestContextBindingAndDeterminism/repeat#40","Output":"=== CONT  TestContextBindingAndDeterminism/repeat#40\n"}
{"Time":"2026-09-05T23:55:25.72019+09:00","Action":"cont","Package":"waiting-room/internal/installplan/preflight","Test":"TestContextBindingAndDeterminism/repeat#24"}
{"Time":"2026-09-05T23:55:25.720195+09:00","Action":"output","Package":"waiting-room/internal/installplan/preflight","Test":"TestContextBindingAndDeterminism/repeat#24","Output":"=== CONT  TestContextBindingAndDeterminism/repeat#24\n"}
{"Time":"2026-09-05T23:55:25.720249+09:00","Action":"cont","Package":"waiting-room/internal/installplan/preflight","Test":"TestContextBindingAndDeterminism/repeat#18"}
{"Time":"2026-09-05T23:55:25.720252+09:00","Action":"output","Package":"waiting-room/internal/installplan/preflight","Test":"TestContextBindingAndDeterminism/repeat#18","Output":"=== CONT  TestContextBindingAndDeterminism/repeat#18\n"}
{"Time":"2026-09-05T23:55:25.720369+09:00","Action":"output","Package":"waiting-room/internal/installplan/preflight","Test":"TestContextBindingAndDeterminism/repeat#02","Output":"--- PASS: TestContextBindingAndDeterminism/repeat#02 (0.00s)\n"}
{"Time":"2026-09-05T23:55:25.720372+09:00","Action":"pass","Package":"waiting-room/internal/installplan/preflight","Test":"TestContextBindingAndDeterminism/repeat#02","Elapsed":0}
{"Time":"2026-09-05T23:55:25.720374+09:00","Action":"cont","Package":"waiting-room/internal/installplan/preflight","Test":"TestContextBindingAndDeterminism/repeat#27"}
{"Time":"2026-09-05T23:55:25.720375+09:00","Action":"output","Package":"waiting-room/internal/installplan/preflight","Test":"TestContextBindingAndDeterminism/repeat#27","Output":"=== CONT  TestContextBindingAndDeterminism/repeat#27\n"}
{"Time":"2026-09-05T23:55:25.720392+09:00","Action":"cont","Package":"waiting-room/internal/installplan/preflight","Test":"TestContextBindingAndDeterminism/repeat#49"}
{"Time":"2026-09-05T23:55:25.720394+09:00","Action":"output","Package":"waiting-room/internal/installplan/preflight","Test":"TestContextBindingAndDeterminism/repeat#49","Output":"=== CONT  TestContextBindingAndDeterminism/repeat#49\n"}
{"Time":"2026-09-05T23:55:25.720503+09:00","Action":"cont","Package":"waiting-room/internal/installplan/preflight","Test":"TestContextBindingAndDeterminism/repeat#48"}
{"Time":"2026-09-05T23:55:25.720509+09:00","Action":"output","Package":"waiting-room/internal/installplan/preflight","Test":"TestContextBindingAndDeterminism/repeat#48","Output":"=== CONT  TestContextBindingAndDeterminism/repeat#48\n"}
{"Time":"2026-09-05T23:55:25.720527+09:00","Action":"cont","Package":"waiting-room/internal/installplan/preflight","Test":"TestContextBindingAndDeterminism/repeat#47"}
{"Time":"2026-09-05T23:55:25.720533+09:00","Action":"output","Package":"waiting-room/internal/installplan/preflight","Test":"TestContextBindingAndDeterminism/repeat#47","Output":"=== CONT  TestContextBindingAndDeterminism/repeat#47\n"}
{"Time":"2026-09-05T23:55:25.720536+09:00","Action":"cont","Package":"waiting-room/internal/installplan/preflight","Test":"TestContextBindingAndDeterminism/repeat#45"}
{"Time":"2026-09-05T23:55:25.720539+09:00","Action":"output","Package":"waiting-room/internal/installplan/preflight","Test":"TestContextBindingAndDeterminism/repeat#45","Output":"=== CONT  TestContextBindingAndDeterminism/repeat#45\n"}
{"Time":"2026-09-05T23:55:25.720554+09:00","Action":"cont","Package":"waiting-room/internal/installplan/preflight","Test":"TestContextBindingAndDeterminism/repeat#46"}
{"Time":"2026-09-05T23:55:25.720558+09:00","Action":"output","Package":"waiting-room/internal/installplan/preflight","Test":"TestContextBindingAndDeterminism/repeat#46","Output":"=== CONT  TestContextBindingAndDeterminism/repeat#46\n"}
{"Time":"2026-09-05T23:55:25.72108+09:00","Action":"cont","Package":"waiting-room/internal/installplan/preflight","Test":"TestContextBindingAndDeterminism/repeat#43"}
{"Time":"2026-09-05T23:55:25.721085+09:00","Action":"output","Package":"waiting-room/internal/installplan/preflight","Test":"TestContextBindingAndDeterminism/repeat#43","Output":"=== CONT  TestContextBindingAndDeterminism/repeat#43\n"}
{"Time":"2026-09-05T23:55:25.721086+09:00","Action":"cont","Package":"waiting-room/internal/installplan/preflight","Test":"TestContextBindingAndDeterminism/repeat#23"}
{"Time":"2026-09-05T23:55:25.721087+09:00","Action":"output","Package":"waiting-room/internal/installplan/preflight","Test":"TestContextBindingAndDeterminism/repeat#23","Output":"=== CONT  TestContextBindingAndDeterminism/repeat#23\n"}
{"Time":"2026-09-05T23:55:25.721088+09:00","Action":"cont","Package":"waiting-room/internal/installplan/preflight","Test":"TestContextBindingAndDeterminism/repeat#21"}
{"Time":"2026-09-05T23:55:25.721089+09:00","Action":"output","Package":"waiting-room/internal/installplan/preflight","Test":"TestContextBindingAndDeterminism/repeat#21","Output":"=== CONT  TestContextBindingAndDeterminism/repeat#21\n"}
{"Time":"2026-09-05T23:55:25.72166+09:00","Action":"cont","Package":"waiting-room/internal/installplan/preflight","Test":"TestContextBindingAndDeterminism/repeat#44"}
{"Time":"2026-09-05T23:55:25.721664+09:00","Action":"output","Package":"waiting-room/internal/installplan/preflight","Test":"TestContextBindingAndDeterminism/repeat#44","Output":"=== CONT  TestContextBindingAndDeterminism/repeat#44\n"}
{"Time":"2026-09-05T23:55:25.721666+09:00","Action":"cont","Package":"waiting-room/internal/installplan/preflight","Test":"TestContextBindingAndDeterminism/repeat#37"}
{"Time":"2026-09-05T23:55:25.721667+09:00","Action":"output","Package":"waiting-room/internal/installplan/preflight","Test":"TestContextBindingAndDeterminism/repeat#37","Output":"=== CONT  TestContextBindingAndDeterminism/repeat#37\n"}
{"Time":"2026-09-05T23:55:25.721854+09:00","Action":"cont","Package":"waiting-room/internal/installplan/preflight","Test":"TestContextBindingAndDeterminism/repeat#36"}
{"Time":"2026-09-05T23:55:25.721857+09:00","Action":"output","Package":"waiting-room/internal/installplan/preflight","Test":"TestContextBindingAndDeterminism/repeat#36","Output":"=== CONT  TestContextBindingAndDeterminism/repeat#36\n"}
{"Time":"2026-09-05T23:55:25.721858+09:00","Action":"cont","Package":"waiting-room/internal/installplan/preflight","Test":"TestContextBindingAndDeterminism/repeat#42"}
{"Time":"2026-09-05T23:55:25.72186+09:00","Action":"output","Package":"waiting-room/internal/installplan/preflight","Test":"TestContextBindingAndDeterminism/repeat#42","Output":"=== CONT  TestContextBindingAndDeterminism/repeat#42\n"}
{"Time":"2026-09-05T23:55:25.721861+09:00","Action":"cont","Package":"waiting-room/internal/installplan/preflight","Test":"TestContextBindingAndDeterminism/repeat#39"}
{"Time":"2026-09-05T23:55:25.721862+09:00","Action":"output","Package":"waiting-room/internal/installplan/preflight","Test":"TestContextBindingAndDeterminism/repeat#39","Output":"=== CONT  TestContextBindingAndDeterminism/repeat#39\n"}
{"Time":"2026-09-05T23:55:25.72193+09:00","Action":"cont","Package":"waiting-room/internal/installplan/preflight","Test":"TestContextBindingAndDeterminism/repeat#34"}
{"Time":"2026-09-05T23:55:25.721935+09:00","Action":"output","Package":"waiting-room/internal/installplan/preflight","Test":"TestContextBindingAndDeterminism/repeat#34","Output":"=== CONT  TestContextBindingAndDeterminism/repeat#34\n"}
{"Time":"2026-09-05T23:55:25.721962+09:00","Action":"cont","Package":"waiting-room/internal/installplan/preflight","Test":"TestContextBindingAndDeterminism/repeat#22"}
{"Time":"2026-09-05T23:55:25.721966+09:00","Action":"output","Package":"waiting-room/internal/installplan/preflight","Test":"TestContextBindingAndDeterminism/repeat#22","Output":"=== CONT  TestContextBindingAndDeterminism/repeat#22\n"}
{"Time":"2026-09-05T23:55:25.722842+09:00","Action":"cont","Package":"waiting-room/internal/installplan/preflight","Test":"TestContextBindingAndDeterminism/repeat#31"}
{"Time":"2026-09-05T23:55:25.722848+09:00","Action":"output","Package":"waiting-room/internal/installplan/preflight","Test":"TestContextBindingAndDeterminism/repeat#31","Output":"=== CONT  TestContextBindingAndDeterminism/repeat#31\n"}
{"Time":"2026-09-05T23:55:25.722851+09:00","Action":"cont","Package":"waiting-room/internal/installplan/preflight","Test":"TestContextBindingAndDeterminism/repeat#17"}
{"Time":"2026-09-05T23:55:25.722852+09:00","Action":"output","Package":"waiting-room/internal/installplan/preflight","Test":"TestContextBindingAndDeterminism/repeat#17","Output":"=== CONT  TestContextBindingAndDeterminism/repeat#17\n"}
{"Time":"2026-09-05T23:55:25.722853+09:00","Action":"cont","Package":"waiting-room/internal/installplan/preflight","Test":"TestContextBindingAndDeterminism/repeat#19"}
{"Time":"2026-09-05T23:55:25.722854+09:00","Action":"output","Package":"waiting-room/internal/installplan/preflight","Test":"TestContextBindingAndDeterminism/repeat#19","Output":"=== CONT  TestContextBindingAndDeterminism/repeat#19\n"}
{"Time":"2026-09-05T23:55:25.722855+09:00","Action":"cont","Package":"waiting-room/internal/installplan/preflight","Test":"TestContextBindingAndDeterminism/repeat#16"}
{"Time":"2026-09-05T23:55:25.722857+09:00","Action":"output","Package":"waiting-room/internal/installplan/preflight","Test":"TestContextBindingAndDeterminism/repeat#16","Output":"=== CONT  TestContextBindingAndDeterminism/repeat#16\n"}
{"Time":"2026-09-05T23:55:25.722858+09:00","Action":"cont","Package":"waiting-room/internal/installplan/preflight","Test":"TestContextBindingAndDeterminism/repeat#30"}
{"Time":"2026-09-05T23:55:25.722859+09:00","Action":"output","Package":"waiting-room/internal/installplan/preflight","Test":"TestContextBindingAndDeterminism/repeat#30","Output":"=== CONT  TestContextBindingAndDeterminism/repeat#30\n"}
{"Time":"2026-09-05T23:55:25.72286+09:00","Action":"cont","Package":"waiting-room/internal/installplan/preflight","Test":"TestContextBindingAndDeterminism/repeat#33"}
{"Time":"2026-09-05T23:55:25.722861+09:00","Action":"output","Package":"waiting-room/internal/installplan/preflight","Test":"TestContextBindingAndDeterminism/repeat#33","Output":"=== CONT  TestContextBindingAndDeterminism/repeat#33\n"}
{"Time":"2026-09-05T23:55:25.722862+09:00","Action":"cont","Package":"waiting-room/internal/installplan/preflight","Test":"TestContextBindingAndDeterminism/repeat#08"}
{"Time":"2026-09-05T23:55:25.722863+09:00","Action":"output","Package":"waiting-room/internal/installplan/preflight","Test":"TestContextBindingAndDeterminism/repeat#08","Output":"=== CONT  TestContextBindingAndDeterminism/repeat#08\n"}
{"Time":"2026-09-05T23:55:25.722864+09:00","Action":"cont","Package":"waiting-room/internal/installplan/preflight","Test":"TestContextBindingAndDeterminism/repeat#12"}
{"Time":"2026-09-05T23:55:25.722865+09:00","Action":"output","Package":"waiting-room/internal/installplan/preflight","Test":"TestContextBindingAndDeterminism/repeat#12","Output":"=== CONT  TestContextBindingAndDeterminism/repeat#12\n"}
{"Time":"2026-09-05T23:55:25.722866+09:00","Action":"cont","Package":"waiting-room/internal/installplan/preflight","Test":"TestContextBindingAndDeterminism/repeat#10"}
{"Time":"2026-09-05T23:55:25.722867+09:00","Action":"output","Package":"waiting-room/internal/installplan/preflight","Test":"TestContextBindingAndDeterminism/repeat#10","Output":"=== CONT  TestContextBindingAndDeterminism/repeat#10\n"}
{"Time":"2026-09-05T23:55:25.722868+09:00","Action":"cont","Package":"waiting-room/internal/installplan/preflight","Test":"TestContextBindingAndDeterminism/repeat#09"}
{"Time":"2026-09-05T23:55:25.722869+09:00","Action":"output","Package":"waiting-room/internal/installplan/preflight","Test":"TestContextBindingAndDeterminism/repeat#09","Output":"=== CONT  TestContextBindingAndDeterminism/repeat#09\n"}
{"Time":"2026-09-05T23:55:25.72287+09:00","Action":"cont","Package":"waiting-room/internal/installplan/preflight","Test":"TestContextBindingAndDeterminism/repeat#11"}
{"Time":"2026-09-05T23:55:25.722875+09:00","Action":"output","Package":"waiting-room/internal/installplan/preflight","Test":"TestContextBindingAndDeterminism/repeat#11","Output":"=== CONT  TestContextBindingAndDeterminism/repeat#11\n"}
{"Time":"2026-09-05T23:55:25.722876+09:00","Action":"cont","Package":"waiting-room/internal/installplan/preflight","Test":"TestContextBindingAndDeterminism/repeat#41"}
{"Time":"2026-09-05T23:55:25.722877+09:00","Action":"output","Package":"waiting-room/internal/installplan/preflight","Test":"TestContextBindingAndDeterminism/repeat#41","Output":"=== CONT  TestContextBindingAndDeterminism/repeat#41\n"}
{"Time":"2026-09-05T23:55:25.722879+09:00","Action":"output","Package":"waiting-room/internal/installplan/preflight","Test":"TestContextBindingAndDeterminism/repeat#14","Output":"--- PASS: TestContextBindingAndDeterminism/repeat#14 (0.00s)\n"}
{"Time":"2026-09-05T23:55:25.722881+09:00","Action":"pass","Package":"waiting-room/internal/installplan/preflight","Test":"TestContextBindingAndDeterminism/repeat#14","Elapsed":0}
{"Time":"2026-09-05T23:55:25.722882+09:00","Action":"output","Package":"waiting-room/internal/installplan/preflight","Test":"TestContextBindingAndDeterminism/repeat#40","Output":"--- PASS: TestContextBindingAndDeterminism/repeat#40 (0.00s)\n"}
{"Time":"2026-09-05T23:55:25.722883+09:00","Action":"pass","Package":"waiting-room/internal/installplan/preflight","Test":"TestContextBindingAndDeterminism/repeat#40","Elapsed":0}
{"Time":"2026-09-05T23:55:25.722884+09:00","Action":"output","Package":"waiting-room/internal/installplan/preflight","Test":"TestContextBindingAndDeterminism/repeat#33","Output":"--- PASS: TestContextBindingAndDeterminism/repeat#33 (0.00s)\n"}
{"Time":"2026-09-05T23:55:25.722885+09:00","Action":"pass","Package":"waiting-room/internal/installplan/preflight","Test":"TestContextBindingAndDeterminism/repeat#33","Elapsed":0}
{"Time":"2026-09-05T23:55:25.722887+09:00","Action":"cont","Package":"waiting-room/internal/installplan/preflight","Test":"TestContextBindingAndDeterminism/repeat#07"}
{"Time":"2026-09-05T23:55:25.722888+09:00","Action":"output","Package":"waiting-room/internal/installplan/preflight","Test":"TestContextBindingAndDeterminism/repeat#07","Output":"=== CONT  TestContextBindingAndDeterminism/repeat#07\n"}
{"Time":"2026-09-05T23:55:25.722889+09:00","Action":"cont","Package":"waiting-room/internal/installplan/preflight","Test":"TestContextBindingAndDeterminism/repeat#20"}
{"Time":"2026-09-05T23:55:25.722889+09:00","Action":"output","Package":"waiting-room/internal/installplan/preflight","Test":"TestContextBindingAndDeterminism/repeat#20","Output":"=== CONT  TestContextBindingAndDeterminism/repeat#20\n"}
{"Time":"2026-09-05T23:55:25.72289+09:00","Action":"output","Package":"waiting-room/internal/installplan/preflight","Test":"TestContextBindingAndDeterminism/repeat#08","Output":"--- PASS: TestContextBindingAndDeterminism/repeat#08 (0.00s)\n"}
{"Time":"2026-09-05T23:55:25.722891+09:00","Action":"pass","Package":"waiting-room/internal/installplan/preflight","Test":"TestContextBindingAndDeterminism/repeat#08","Elapsed":0}
{"Time":"2026-09-05T23:55:25.722892+09:00","Action":"cont","Package":"waiting-room/internal/installplan/preflight","Test":"TestContextBindingAndDeterminism/repeat#03"}
{"Time":"2026-09-05T23:55:25.722893+09:00","Action":"output","Package":"waiting-room/internal/installplan/preflight","Test":"TestContextBindingAndDeterminism/repeat#03","Output":"=== CONT  TestContextBindingAndDeterminism/repeat#03\n"}
{"Time":"2026-09-05T23:55:25.722894+09:00","Action":"output","Package":"waiting-room/internal/installplan/preflight","Test":"TestContextBindingAndDeterminism/repeat#12","Output":"--- PASS: TestContextBindingAndDeterminism/repeat#12 (0.00s)\n"}
{"Time":"2026-09-05T23:55:25.722895+09:00","Action":"pass","Package":"waiting-room/internal/installplan/preflight","Test":"TestContextBindingAndDeterminism/repeat#12","Elapsed":0}
{"Time":"2026-09-05T23:55:25.722896+09:00","Action":"cont","Package":"waiting-room/internal/installplan/preflight","Test":"TestContextBindingAndDeterminism/repeat#05"}
{"Time":"2026-09-05T23:55:25.722897+09:00","Action":"output","Package":"waiting-room/internal/installplan/preflight","Test":"TestContextBindingAndDeterminism/repeat#05","Output":"=== CONT  TestContextBindingAndDeterminism/repeat#05\n"}
{"Time":"2026-09-05T23:55:25.722898+09:00","Action":"output","Package":"waiting-room/internal/installplan/preflight","Test":"TestContextBindingAndDeterminism/repeat#10","Output":"--- PASS: TestContextBindingAndDeterminism/repeat#10 (0.00s)\n"}
{"Time":"2026-09-05T23:55:25.722898+09:00","Action":"pass","Package":"waiting-room/internal/installplan/preflight","Test":"TestContextBindingAndDeterminism/repeat#10","Elapsed":0}
{"Time":"2026-09-05T23:55:25.722899+09:00","Action":"cont","Package":"waiting-room/internal/installplan/preflight","Test":"TestContextBindingAndDeterminism/repeat#04"}
{"Time":"2026-09-05T23:55:25.7229+09:00","Action":"output","Package":"waiting-room/internal/installplan/preflight","Test":"TestContextBindingAndDeterminism/repeat#04","Output":"=== CONT  TestContextBindingAndDeterminism/repeat#04\n"}
{"Time":"2026-09-05T23:55:25.722901+09:00","Action":"cont","Package":"waiting-room/internal/installplan/preflight","Test":"TestContextBindingAndDeterminism/repeat#01"}
{"Time":"2026-09-05T23:55:25.722902+09:00","Action":"output","Package":"waiting-room/internal/installplan/preflight","Test":"TestContextBindingAndDeterminism/repeat#01","Output":"=== CONT  TestContextBindingAndDeterminism/repeat#01\n"}
{"Time":"2026-09-05T23:55:25.722904+09:00","Action":"output","Package":"waiting-room/internal/installplan/preflight","Test":"TestContextBindingAndDeterminism/repeat#11","Output":"--- PASS: TestContextBindingAndDeterminism/repeat#11 (0.00s)\n"}
{"Time":"2026-09-05T23:55:25.722905+09:00","Action":"pass","Package":"waiting-room/internal/installplan/preflight","Test":"TestContextBindingAndDeterminism/repeat#11","Elapsed":0}
{"Time":"2026-09-05T23:55:25.722906+09:00","Action":"cont","Package":"waiting-room/internal/installplan/preflight","Test":"TestContextBindingAndDeterminism/repeat#06"}
{"Time":"2026-09-05T23:55:25.722907+09:00","Action":"output","Package":"waiting-room/internal/installplan/preflight","Test":"TestContextBindingAndDeterminism/repeat#06","Output":"=== CONT  TestContextBindingAndDeterminism/repeat#06\n"}
{"Time":"2026-09-05T23:55:25.72291+09:00","Action":"output","Package":"waiting-room/internal/installplan/preflight","Test":"TestContextBindingAndDeterminism/repeat#41","Output":"--- PASS: TestContextBindingAndDeterminism/repeat#41 (0.00s)\n"}
{"Time":"2026-09-05T23:55:25.722912+09:00","Action":"pass","Package":"waiting-room/internal/installplan/preflight","Test":"TestContextBindingAndDeterminism/repeat#41","Elapsed":0}
{"Time":"2026-09-05T23:55:25.722913+09:00","Action":"cont","Package":"waiting-room/internal/installplan/preflight","Test":"TestContextBindingAndDeterminism/repeat#29"}
{"Time":"2026-09-05T23:55:25.722914+09:00","Action":"output","Package":"waiting-room/internal/installplan/preflight","Test":"TestContextBindingAndDeterminism/repeat#29","Output":"=== CONT  TestContextBindingAndDeterminism/repeat#29\n"}
{"Time":"2026-09-05T23:55:25.722922+09:00","Action":"cont","Package":"waiting-room/internal/installplan/preflight","Test":"TestContextBindingAndDeterminism/repeat#15"}
{"Time":"2026-09-05T23:55:25.722923+09:00","Action":"output","Package":"waiting-room/internal/installplan/preflight","Test":"TestContextBindingAndDeterminism/repeat#15","Output":"=== CONT  TestContextBindingAndDeterminism/repeat#15\n"}
{"Time":"2026-09-05T23:55:25.723354+09:00","Action":"cont","Package":"waiting-room/internal/installplan/preflight","Test":"TestContextBindingAndDeterminism/repeat#32"}
{"Time":"2026-09-05T23:55:25.723357+09:00","Action":"output","Package":"waiting-room/internal/installplan/preflight","Test":"TestContextBindingAndDeterminism/repeat#32","Output":"=== CONT  TestContextBindingAndDeterminism/repeat#32\n"}
{"Time":"2026-09-05T23:55:25.723358+09:00","Action":"cont","Package":"waiting-room/internal/installplan/preflight","Test":"TestContextBindingAndDeterminism/repeat#13"}
{"Time":"2026-09-05T23:55:25.723359+09:00","Action":"output","Package":"waiting-room/internal/installplan/preflight","Test":"TestContextBindingAndDeterminism/repeat#13","Output":"=== CONT  TestContextBindingAndDeterminism/repeat#13\n"}
{"Time":"2026-09-05T23:55:25.723363+09:00","Action":"cont","Package":"waiting-room/internal/installplan/preflight","Test":"TestContextBindingAndDeterminism/repeat"}
{"Time":"2026-09-05T23:55:25.723364+09:00","Action":"output","Package":"waiting-room/internal/installplan/preflight","Test":"TestContextBindingAndDeterminism/repeat","Output":"=== CONT  TestContextBindingAndDeterminism/repeat\n"}
{"Time":"2026-09-05T23:55:25.723365+09:00","Action":"cont","Package":"waiting-room/internal/installplan/preflight","Test":"TestContextBindingAndDeterminism/repeat#25"}
{"Time":"2026-09-05T23:55:25.723366+09:00","Action":"output","Package":"waiting-room/internal/installplan/preflight","Test":"TestContextBindingAndDeterminism/repeat#25","Output":"=== CONT  TestContextBindingAndDeterminism/repeat#25\n"}
{"Time":"2026-09-05T23:55:25.723367+09:00","Action":"cont","Package":"waiting-room/internal/installplan/preflight","Test":"TestContextBindingAndDeterminism/repeat#28"}
{"Time":"2026-09-05T23:55:25.723368+09:00","Action":"output","Package":"waiting-room/internal/installplan/preflight","Test":"TestContextBindingAndDeterminism/repeat#28","Output":"=== CONT  TestContextBindingAndDeterminism/repeat#28\n"}
{"Time":"2026-09-05T23:55:25.723369+09:00","Action":"cont","Package":"waiting-room/internal/installplan/preflight","Test":"TestContextBindingAndDeterminism/repeat#35"}
{"Time":"2026-09-05T23:55:25.723371+09:00","Action":"output","Package":"waiting-room/internal/installplan/preflight","Test":"TestContextBindingAndDeterminism/repeat#35","Output":"=== CONT  TestContextBindingAndDeterminism/repeat#35\n"}
{"Time":"2026-09-05T23:55:25.723376+09:00","Action":"cont","Package":"waiting-room/internal/installplan/preflight","Test":"TestContextBindingAndDeterminism/repeat#26"}
{"Time":"2026-09-05T23:55:25.723377+09:00","Action":"output","Package":"waiting-room/internal/installplan/preflight","Test":"TestContextBindingAndDeterminism/repeat#26","Output":"=== CONT  TestContextBindingAndDeterminism/repeat#26\n"}
{"Time":"2026-09-05T23:55:25.723379+09:00","Action":"output","Package":"waiting-room/internal/installplan/preflight","Test":"TestContextBindingAndDeterminism/repeat#07","Output":"--- PASS: TestContextBindingAndDeterminism/repeat#07 (0.00s)\n"}
{"Time":"2026-09-05T23:55:25.723381+09:00","Action":"pass","Package":"waiting-room/internal/installplan/preflight","Test":"TestContextBindingAndDeterminism/repeat#07","Elapsed":0}
{"Time":"2026-09-05T23:55:25.723382+09:00","Action":"output","Package":"waiting-room/internal/installplan/preflight","Test":"TestContextBindingAndDeterminism/repeat#09","Output":"--- PASS: TestContextBindingAndDeterminism/repeat#09 (0.00s)\n"}
{"Time":"2026-09-05T23:55:25.723383+09:00","Action":"pass","Package":"waiting-room/internal/installplan/preflight","Test":"TestContextBindingAndDeterminism/repeat#09","Elapsed":0}
{"Time":"2026-09-05T23:55:25.723384+09:00","Action":"output","Package":"waiting-room/internal/installplan/preflight","Test":"TestContextBindingAndDeterminism/repeat#24","Output":"--- PASS: TestContextBindingAndDeterminism/repeat#24 (0.00s)\n"}
{"Time":"2026-09-05T23:55:25.723385+09:00","Action":"pass","Package":"waiting-room/internal/installplan/preflight","Test":"TestContextBindingAndDeterminism/repeat#24","Elapsed":0}
{"Time":"2026-09-05T23:55:25.723386+09:00","Action":"output","Package":"waiting-room/internal/installplan/preflight","Test":"TestContextBindingAndDeterminism/repeat#27","Output":"--- PASS: TestContextBindingAndDeterminism/repeat#27 (0.00s)\n"}
{"Time":"2026-09-05T23:55:25.723387+09:00","Action":"pass","Package":"waiting-room/internal/installplan/preflight","Test":"TestContextBindingAndDeterminism/repeat#27","Elapsed":0}
{"Time":"2026-09-05T23:55:25.723388+09:00","Action":"output","Package":"waiting-room/internal/installplan/preflight","Test":"TestContextBindingAndDeterminism/repeat#18","Output":"--- PASS: TestContextBindingAndDeterminism/repeat#18 (0.00s)\n"}
{"Time":"2026-09-05T23:55:25.723389+09:00","Action":"pass","Package":"waiting-room/internal/installplan/preflight","Test":"TestContextBindingAndDeterminism/repeat#18","Elapsed":0}
{"Time":"2026-09-05T23:55:25.72339+09:00","Action":"output","Package":"waiting-room/internal/installplan/preflight","Test":"TestContextBindingAndDeterminism/repeat#45","Output":"--- PASS: TestContextBindingAndDeterminism/repeat#45 (0.00s)\n"}
{"Time":"2026-09-05T23:55:25.723392+09:00","Action":"pass","Package":"waiting-room/internal/installplan/preflight","Test":"TestContextBindingAndDeterminism/repeat#45","Elapsed":0}
{"Time":"2026-09-05T23:55:25.723392+09:00","Action":"output","Package":"waiting-room/internal/installplan/preflight","Test":"TestContextBindingAndDeterminism/repeat#32","Output":"--- PASS: TestContextBindingAndDeterminism/repeat#32 (0.00s)\n"}
{"Time":"2026-09-05T23:55:25.723399+09:00","Action":"pass","Package":"waiting-room/internal/installplan/preflight","Test":"TestContextBindingAndDeterminism/repeat#32","Elapsed":0}
{"Time":"2026-09-05T23:55:25.7234+09:00","Action":"output","Package":"waiting-room/internal/installplan/preflight","Test":"TestContextBindingAndDeterminism/repeat#13","Output":"--- PASS: TestContextBindingAndDeterminism/repeat#13 (0.00s)\n"}
{"Time":"2026-09-05T23:55:25.723401+09:00","Action":"pass","Package":"waiting-room/internal/installplan/preflight","Test":"TestContextBindingAndDeterminism/repeat#13","Elapsed":0}
{"Time":"2026-09-05T23:55:25.723402+09:00","Action":"output","Package":"waiting-room/internal/installplan/preflight","Test":"TestContextBindingAndDeterminism/repeat#21","Output":"--- PASS: TestContextBindingAndDeterminism/repeat#21 (0.00s)\n"}
{"Time":"2026-09-05T23:55:25.723403+09:00","Action":"pass","Package":"waiting-room/internal/installplan/preflight","Test":"TestContextBindingAndDeterminism/repeat#21","Elapsed":0}
{"Time":"2026-09-05T23:55:25.723404+09:00","Action":"output","Package":"waiting-room/internal/installplan/preflight","Test":"TestContextBindingAndDeterminism/repeat#44","Output":"--- PASS: TestContextBindingAndDeterminism/repeat#44 (0.00s)\n"}
{"Time":"2026-09-05T23:55:25.723488+09:00","Action":"pass","Package":"waiting-room/internal/installplan/preflight","Test":"TestContextBindingAndDeterminism/repeat#44","Elapsed":0}
{"Time":"2026-09-05T23:55:25.723494+09:00","Action":"output","Package":"waiting-room/internal/installplan/preflight","Test":"TestContextBindingAndDeterminism/repeat#43","Output":"--- PASS: TestContextBindingAndDeterminism/repeat#43 (0.00s)\n"}
{"Time":"2026-09-05T23:55:25.723501+09:00","Action":"pass","Package":"waiting-room/internal/installplan/preflight","Test":"TestContextBindingAndDeterminism/repeat#43","Elapsed":0}
{"Time":"2026-09-05T23:55:25.723503+09:00","Action":"cont","Package":"waiting-room/internal/installplan/preflight","Test":"TestContextBindingAndDeterminism/repeat#38"}
{"Time":"2026-09-05T23:55:25.723505+09:00","Action":"output","Package":"waiting-room/internal/installplan/preflight","Test":"TestContextBindingAndDeterminism/repeat#38","Output":"=== CONT  TestContextBindingAndDeterminism/repeat#38\n"}
{"Time":"2026-09-05T23:55:25.723507+09:00","Action":"output","Package":"waiting-room/internal/installplan/preflight","Test":"TestContextBindingAndDeterminism/repeat#19","Output":"--- PASS: TestContextBindingAndDeterminism/repeat#19 (0.00s)\n"}
{"Time":"2026-09-05T23:55:25.723508+09:00","Action":"pass","Package":"waiting-room/internal/installplan/preflight","Test":"TestContextBindingAndDeterminism/repeat#19","Elapsed":0}
{"Time":"2026-09-05T23:55:25.723509+09:00","Action":"output","Package":"waiting-room/internal/installplan/preflight","Test":"TestContextBindingAndDeterminism/repeat#16","Output":"--- PASS: TestContextBindingAndDeterminism/repeat#16 (0.00s)\n"}
{"Time":"2026-09-05T23:55:25.72351+09:00","Action":"pass","Package":"waiting-room/internal/installplan/preflight","Test":"TestContextBindingAndDeterminism/repeat#16","Elapsed":0}
{"Time":"2026-09-05T23:55:25.723512+09:00","Action":"output","Package":"waiting-room/internal/installplan/preflight","Test":"TestContextBindingAndDeterminism/repeat#20","Output":"--- PASS: TestContextBindingAndDeterminism/repeat#20 (0.00s)\n"}
{"Time":"2026-09-05T23:55:25.723516+09:00","Action":"pass","Package":"waiting-room/internal/installplan/preflight","Test":"TestContextBindingAndDeterminism/repeat#20","Elapsed":0}
{"Time":"2026-09-05T23:55:25.723519+09:00","Action":"output","Package":"waiting-room/internal/installplan/preflight","Test":"TestContextBindingAndDeterminism/repeat#04","Output":"--- PASS: TestContextBindingAndDeterminism/repeat#04 (0.00s)\n"}
{"Time":"2026-09-05T23:55:25.72352+09:00","Action":"pass","Package":"waiting-room/internal/installplan/preflight","Test":"TestContextBindingAndDeterminism/repeat#04","Elapsed":0}
{"Time":"2026-09-05T23:55:25.723521+09:00","Action":"output","Package":"waiting-room/internal/installplan/preflight","Test":"TestContextBindingAndDeterminism/repeat#25","Output":"--- PASS: TestContextBindingAndDeterminism/repeat#25 (0.00s)\n"}
{"Time":"2026-09-05T23:55:25.723533+09:00","Action":"pass","Package":"waiting-room/internal/installplan/preflight","Test":"TestContextBindingAndDeterminism/repeat#25","Elapsed":0}
{"Time":"2026-09-05T23:55:25.723536+09:00","Action":"output","Package":"waiting-room/internal/installplan/preflight","Test":"TestContextBindingAndDeterminism/repeat#28","Output":"--- PASS: TestContextBindingAndDeterminism/repeat#28 (0.00s)\n"}
{"Time":"2026-09-05T23:55:25.723573+09:00","Action":"pass","Package":"waiting-room/internal/installplan/preflight","Test":"TestContextBindingAndDeterminism/repeat#28","Elapsed":0}
{"Time":"2026-09-05T23:55:25.723581+09:00","Action":"output","Package":"waiting-room/internal/installplan/preflight","Test":"TestContextBindingAndDeterminism/repeat#29","Output":"--- PASS: TestContextBindingAndDeterminism/repeat#29 (0.00s)\n"}
{"Time":"2026-09-05T23:55:25.723713+09:00","Action":"pass","Package":"waiting-room/internal/installplan/preflight","Test":"TestContextBindingAndDeterminism/repeat#29","Elapsed":0}
{"Time":"2026-09-05T23:55:25.723717+09:00","Action":"output","Package":"waiting-room/internal/installplan/preflight","Test":"TestContextBindingAndDeterminism/repeat#30","Output":"--- PASS: TestContextBindingAndDeterminism/repeat#30 (0.00s)\n"}
{"Time":"2026-09-05T23:55:25.723719+09:00","Action":"pass","Package":"waiting-room/internal/installplan/preflight","Test":"TestContextBindingAndDeterminism/repeat#30","Elapsed":0}
{"Time":"2026-09-05T23:55:25.72372+09:00","Action":"output","Package":"waiting-room/internal/installplan/preflight","Test":"TestContextBindingAndDeterminism/repeat#49","Output":"--- PASS: TestContextBindingAndDeterminism/repeat#49 (0.00s)\n"}
{"Time":"2026-09-05T23:55:25.723762+09:00","Action":"pass","Package":"waiting-room/internal/installplan/preflight","Test":"TestContextBindingAndDeterminism/repeat#49","Elapsed":0}
{"Time":"2026-09-05T23:55:25.723767+09:00","Action":"output","Package":"waiting-room/internal/installplan/preflight","Test":"TestContextBindingAndDeterminism/repeat#23","Output":"--- PASS: TestContextBindingAndDeterminism/repeat#23 (0.00s)\n"}
{"Time":"2026-09-05T23:55:25.72377+09:00","Action":"pass","Package":"waiting-room/internal/installplan/preflight","Test":"TestContextBindingAndDeterminism/repeat#23","Elapsed":0}
{"Time":"2026-09-05T23:55:25.723772+09:00","Action":"output","Package":"waiting-room/internal/installplan/preflight","Test":"TestContextBindingAndDeterminism/repeat#37","Output":"--- PASS: TestContextBindingAndDeterminism/repeat#37 (0.00s)\n"}
{"Time":"2026-09-05T23:55:25.723794+09:00","Action":"pass","Package":"waiting-room/internal/installplan/preflight","Test":"TestContextBindingAndDeterminism/repeat#37","Elapsed":0}
{"Time":"2026-09-05T23:55:25.723798+09:00","Action":"output","Package":"waiting-room/internal/installplan/preflight","Test":"TestContextBindingAndDeterminism/repeat#36","Output":"--- PASS: TestContextBindingAndDeterminism/repeat#36 (0.00s)\n"}
{"Time":"2026-09-05T23:55:25.723816+09:00","Action":"pass","Package":"waiting-room/internal/installplan/preflight","Test":"TestContextBindingAndDeterminism/repeat#36","Elapsed":0}
{"Time":"2026-09-05T23:55:25.723823+09:00","Action":"output","Package":"waiting-room/internal/installplan/preflight","Test":"TestContextBindingAndDeterminism/repeat#46","Output":"--- PASS: TestContextBindingAndDeterminism/repeat#46 (0.00s)\n"}
{"Time":"2026-09-05T23:55:25.723858+09:00","Action":"pass","Package":"waiting-room/internal/installplan/preflight","Test":"TestContextBindingAndDeterminism/repeat#46","Elapsed":0}
{"Time":"2026-09-05T23:55:25.723866+09:00","Action":"output","Package":"waiting-room/internal/installplan/preflight","Test":"TestContextBindingAndDeterminism/repeat#42","Output":"--- PASS: TestContextBindingAndDeterminism/repeat#42 (0.00s)\n"}
{"Time":"2026-09-05T23:55:25.724127+09:00","Action":"pass","Package":"waiting-room/internal/installplan/preflight","Test":"TestContextBindingAndDeterminism/repeat#42","Elapsed":0}
{"Time":"2026-09-05T23:55:25.72413+09:00","Action":"output","Package":"waiting-room/internal/installplan/preflight","Test":"TestContextBindingAndDeterminism/repeat","Output":"--- PASS: TestContextBindingAndDeterminism/repeat (0.00s)\n"}
{"Time":"2026-09-05T23:55:25.724144+09:00","Action":"pass","Package":"waiting-room/internal/installplan/preflight","Test":"TestContextBindingAndDeterminism/repeat","Elapsed":0}
{"Time":"2026-09-05T23:55:25.724147+09:00","Action":"output","Package":"waiting-room/internal/installplan/preflight","Test":"TestContextBindingAndDeterminism/repeat#39","Output":"--- PASS: TestContextBindingAndDeterminism/repeat#39 (0.00s)\n"}
{"Time":"2026-09-05T23:55:25.724168+09:00","Action":"pass","Package":"waiting-room/internal/installplan/preflight","Test":"TestContextBindingAndDeterminism/repeat#39","Elapsed":0}
{"Time":"2026-09-05T23:55:25.724172+09:00","Action":"output","Package":"waiting-room/internal/installplan/preflight","Test":"TestContextBindingAndDeterminism/repeat#34","Output":"--- PASS: TestContextBindingAndDeterminism/repeat#34 (0.00s)\n"}
{"Time":"2026-09-05T23:55:25.724186+09:00","Action":"pass","Package":"waiting-room/internal/installplan/preflight","Test":"TestContextBindingAndDeterminism/repeat#34","Elapsed":0}
{"Time":"2026-09-05T23:55:25.724188+09:00","Action":"output","Package":"waiting-room/internal/installplan/preflight","Test":"TestContextBindingAndDeterminism/repeat#22","Output":"--- PASS: TestContextBindingAndDeterminism/repeat#22 (0.00s)\n"}
{"Time":"2026-09-05T23:55:25.724208+09:00","Action":"pass","Package":"waiting-room/internal/installplan/preflight","Test":"TestContextBindingAndDeterminism/repeat#22","Elapsed":0}
{"Time":"2026-09-05T23:55:25.724213+09:00","Action":"output","Package":"waiting-room/internal/installplan/preflight","Test":"TestContextBindingAndDeterminism/repeat#17","Output":"--- PASS: TestContextBindingAndDeterminism/repeat#17 (0.00s)\n"}
{"Time":"2026-09-05T23:55:25.724217+09:00","Action":"pass","Package":"waiting-room/internal/installplan/preflight","Test":"TestContextBindingAndDeterminism/repeat#17","Elapsed":0}
{"Time":"2026-09-05T23:55:25.72422+09:00","Action":"output","Package":"waiting-room/internal/installplan/preflight","Test":"TestContextBindingAndDeterminism/repeat#38","Output":"--- PASS: TestContextBindingAndDeterminism/repeat#38 (0.00s)\n"}
{"Time":"2026-09-05T23:55:25.724231+09:00","Action":"pass","Package":"waiting-room/internal/installplan/preflight","Test":"TestContextBindingAndDeterminism/repeat#38","Elapsed":0}
{"Time":"2026-09-05T23:55:25.724235+09:00","Action":"output","Package":"waiting-room/internal/installplan/preflight","Test":"TestContextBindingAndDeterminism/repeat#31","Output":"--- PASS: TestContextBindingAndDeterminism/repeat#31 (0.00s)\n"}
{"Time":"2026-09-05T23:55:25.72425+09:00","Action":"pass","Package":"waiting-room/internal/installplan/preflight","Test":"TestContextBindingAndDeterminism/repeat#31","Elapsed":0}
{"Time":"2026-09-05T23:55:25.724253+09:00","Action":"output","Package":"waiting-room/internal/installplan/preflight","Test":"TestContextBindingAndDeterminism/repeat#05","Output":"--- PASS: TestContextBindingAndDeterminism/repeat#05 (0.00s)\n"}
{"Time":"2026-09-05T23:55:25.724269+09:00","Action":"pass","Package":"waiting-room/internal/installplan/preflight","Test":"TestContextBindingAndDeterminism/repeat#05","Elapsed":0}
{"Time":"2026-09-05T23:55:25.724273+09:00","Action":"output","Package":"waiting-room/internal/installplan/preflight","Test":"TestContextBindingAndDeterminism/repeat#03","Output":"--- PASS: TestContextBindingAndDeterminism/repeat#03 (0.00s)\n"}
{"Time":"2026-09-05T23:55:25.724276+09:00","Action":"pass","Package":"waiting-room/internal/installplan/preflight","Test":"TestContextBindingAndDeterminism/repeat#03","Elapsed":0}
{"Time":"2026-09-05T23:55:25.724278+09:00","Action":"output","Package":"waiting-room/internal/installplan/preflight","Test":"TestContextBindingAndDeterminism/repeat#01","Output":"--- PASS: TestContextBindingAndDeterminism/repeat#01 (0.00s)\n"}
{"Time":"2026-09-05T23:55:25.724302+09:00","Action":"pass","Package":"waiting-room/internal/installplan/preflight","Test":"TestContextBindingAndDeterminism/repeat#01","Elapsed":0}
{"Time":"2026-09-05T23:55:25.724306+09:00","Action":"output","Package":"waiting-room/internal/installplan/preflight","Test":"TestContextBindingAndDeterminism/repeat#26","Output":"--- PASS: TestContextBindingAndDeterminism/repeat#26 (0.00s)\n"}
{"Time":"2026-09-05T23:55:25.724316+09:00","Action":"pass","Package":"waiting-room/internal/installplan/preflight","Test":"TestContextBindingAndDeterminism/repeat#26","Elapsed":0}
{"Time":"2026-09-05T23:55:25.724319+09:00","Action":"output","Package":"waiting-room/internal/installplan/preflight","Test":"TestContextBindingAndDeterminism/repeat#35","Output":"--- PASS: TestContextBindingAndDeterminism/repeat#35 (0.00s)\n"}
{"Time":"2026-09-05T23:55:25.724337+09:00","Action":"pass","Package":"waiting-room/internal/installplan/preflight","Test":"TestContextBindingAndDeterminism/repeat#35","Elapsed":0}
{"Time":"2026-09-05T23:55:25.724339+09:00","Action":"output","Package":"waiting-room/internal/installplan/preflight","Test":"TestContextBindingAndDeterminism/repeat#47","Output":"--- PASS: TestContextBindingAndDeterminism/repeat#47 (0.00s)\n"}
{"Time":"2026-09-05T23:55:25.724357+09:00","Action":"pass","Package":"waiting-room/internal/installplan/preflight","Test":"TestContextBindingAndDeterminism/repeat#47","Elapsed":0}
{"Time":"2026-09-05T23:55:25.72436+09:00","Action":"output","Package":"waiting-room/internal/installplan/preflight","Test":"TestContextBindingAndDeterminism/repeat#06","Output":"--- PASS: TestContextBindingAndDeterminism/repeat#06 (0.00s)\n"}
{"Time":"2026-09-05T23:55:25.724387+09:00","Action":"pass","Package":"waiting-room/internal/installplan/preflight","Test":"TestContextBindingAndDeterminism/repeat#06","Elapsed":0}
{"Time":"2026-09-05T23:55:25.724394+09:00","Action":"output","Package":"waiting-room/internal/installplan/preflight","Test":"TestContextBindingAndDeterminism/repeat#15","Output":"--- PASS: TestContextBindingAndDeterminism/repeat#15 (0.00s)\n"}
{"Time":"2026-09-05T23:55:25.724396+09:00","Action":"pass","Package":"waiting-room/internal/installplan/preflight","Test":"TestContextBindingAndDeterminism/repeat#15","Elapsed":0}
{"Time":"2026-09-05T23:55:25.724398+09:00","Action":"output","Package":"waiting-room/internal/installplan/preflight","Test":"TestContextBindingAndDeterminism/repeat#48","Output":"--- PASS: TestContextBindingAndDeterminism/repeat#48 (0.00s)\n"}
{"Time":"2026-09-05T23:55:25.724432+09:00","Action":"pass","Package":"waiting-room/internal/installplan/preflight","Test":"TestContextBindingAndDeterminism/repeat#48","Elapsed":0}
{"Time":"2026-09-05T23:55:25.724436+09:00","Action":"output","Package":"waiting-room/internal/installplan/preflight","Test":"TestContextBindingAndDeterminism","Output":"--- PASS: TestContextBindingAndDeterminism (0.00s)\n"}
{"Time":"2026-09-05T23:55:25.724438+09:00","Action":"pass","Package":"waiting-room/internal/installplan/preflight","Test":"TestContextBindingAndDeterminism","Elapsed":0}
{"Time":"2026-09-05T23:55:25.724484+09:00","Action":"run","Package":"waiting-room/internal/installplan/preflight","Test":"FuzzClockFailClosed"}
{"Time":"2026-09-05T23:55:25.724488+09:00","Action":"output","Package":"waiting-room/internal/installplan/preflight","Test":"FuzzClockFailClosed","Output":"=== RUN   FuzzClockFailClosed\n"}
{"Time":"2026-09-05T23:55:25.724579+09:00","Action":"run","Package":"waiting-room/internal/installplan/preflight","Test":"FuzzClockFailClosed/seed#0"}
{"Time":"2026-09-05T23:55:25.724587+09:00","Action":"output","Package":"waiting-room/internal/installplan/preflight","Test":"FuzzClockFailClosed/seed#0","Output":"=== RUN   FuzzClockFailClosed/seed#0\n"}
{"Time":"2026-09-05T23:55:25.724918+09:00","Action":"output","Package":"waiting-room/internal/installplan/preflight","Test":"FuzzClockFailClosed/seed#0","Output":"--- PASS: FuzzClockFailClosed/seed#0 (0.00s)\n"}
{"Time":"2026-09-05T23:55:25.724922+09:00","Action":"pass","Package":"waiting-room/internal/installplan/preflight","Test":"FuzzClockFailClosed/seed#0","Elapsed":0}
{"Time":"2026-09-05T23:55:25.724939+09:00","Action":"run","Package":"waiting-room/internal/installplan/preflight","Test":"FuzzClockFailClosed/seed#1"}
{"Time":"2026-09-05T23:55:25.724942+09:00","Action":"output","Package":"waiting-room/internal/installplan/preflight","Test":"FuzzClockFailClosed/seed#1","Output":"=== RUN   FuzzClockFailClosed/seed#1\n"}
{"Time":"2026-09-05T23:55:25.725188+09:00","Action":"output","Package":"waiting-room/internal/installplan/preflight","Test":"FuzzClockFailClosed/seed#1","Output":"--- PASS: FuzzClockFailClosed/seed#1 (0.00s)\n"}
{"Time":"2026-09-05T23:55:25.725196+09:00","Action":"pass","Package":"waiting-room/internal/installplan/preflight","Test":"FuzzClockFailClosed/seed#1","Elapsed":0}
{"Time":"2026-09-05T23:55:25.725206+09:00","Action":"run","Package":"waiting-room/internal/installplan/preflight","Test":"FuzzClockFailClosed/seed#2"}
{"Time":"2026-09-05T23:55:25.725215+09:00","Action":"output","Package":"waiting-room/internal/installplan/preflight","Test":"FuzzClockFailClosed/seed#2","Output":"=== RUN   FuzzClockFailClosed/seed#2\n"}
{"Time":"2026-09-05T23:55:25.725506+09:00","Action":"output","Package":"waiting-room/internal/installplan/preflight","Test":"FuzzClockFailClosed/seed#2","Output":"--- PASS: FuzzClockFailClosed/seed#2 (0.00s)\n"}
{"Time":"2026-09-05T23:55:25.725513+09:00","Action":"pass","Package":"waiting-room/internal/installplan/preflight","Test":"FuzzClockFailClosed/seed#2","Elapsed":0}
{"Time":"2026-09-05T23:55:25.72553+09:00","Action":"output","Package":"waiting-room/internal/installplan/preflight","Test":"FuzzClockFailClosed","Output":"--- PASS: FuzzClockFailClosed (0.00s)\n"}
{"Time":"2026-09-05T23:55:25.725542+09:00","Action":"pass","Package":"waiting-room/internal/installplan/preflight","Test":"FuzzClockFailClosed","Elapsed":0}
{"Time":"2026-09-05T23:55:25.725547+09:00","Action":"output","Package":"waiting-room/internal/installplan/preflight","Output":"PASS\n"}
{"Time":"2026-09-05T23:55:25.868222+09:00","Action":"run","Package":"waiting-room/internal/installplan","Test":"TestCostReferenceSubtotals"}
{"Time":"2026-09-05T23:55:25.868246+09:00","Action":"output","Package":"waiting-room/internal/installplan","Test":"TestCostReferenceSubtotals","Output":"=== RUN   TestCostReferenceSubtotals\n"}
{"Time":"2026-09-05T23:55:25.868878+09:00","Action":"output","Package":"waiting-room/internal/installplan","Test":"TestCostReferenceSubtotals","Output":"--- PASS: TestCostReferenceSubtotals (0.00s)\n"}
{"Time":"2026-09-05T23:55:25.868883+09:00","Action":"pass","Package":"waiting-room/internal/installplan","Test":"TestCostReferenceSubtotals","Elapsed":0}
{"Time":"2026-09-05T23:55:25.868886+09:00","Action":"run","Package":"waiting-room/internal/installplan","Test":"TestCostRoundingAndZero"}
{"Time":"2026-09-05T23:55:25.868888+09:00","Action":"output","Package":"waiting-room/internal/installplan","Test":"TestCostRoundingAndZero","Output":"=== RUN   TestCostRoundingAndZero\n"}
{"Time":"2026-09-05T23:55:25.869324+09:00","Action":"output","Package":"waiting-room/internal/installplan","Test":"TestCostRoundingAndZero","Output":"--- PASS: TestCostRoundingAndZero (0.00s)\n"}
{"Time":"2026-09-05T23:55:25.869329+09:00","Action":"pass","Package":"waiting-room/internal/installplan","Test":"TestCostRoundingAndZero","Elapsed":0}
{"Time":"2026-09-05T23:55:25.86934+09:00","Action":"run","Package":"waiting-room/internal/installplan","Test":"TestCostInvalidInputs"}
{"Time":"2026-09-05T23:55:25.869343+09:00","Action":"output","Package":"waiting-room/internal/installplan","Test":"TestCostInvalidInputs","Output":"=== RUN   TestCostInvalidInputs\n"}
{"Time":"2026-09-05T23:55:25.869395+09:00","Action":"run","Package":"waiting-room/internal/installplan","Test":"TestCostInvalidInputs/version"}
{"Time":"2026-09-05T23:55:25.869398+09:00","Action":"output","Package":"waiting-room/internal/installplan","Test":"TestCostInvalidInputs/version","Output":"=== RUN   TestCostInvalidInputs/version\n"}
{"Time":"2026-09-05T23:55:25.869596+09:00","Action":"output","Package":"waiting-room/internal/installplan","Test":"TestCostInvalidInputs/version","Output":"--- PASS: TestCostInvalidInputs/version (0.00s)\n"}
{"Time":"2026-09-05T23:55:25.869605+09:00","Action":"pass","Package":"waiting-room/internal/installplan","Test":"TestCostInvalidInputs/version","Elapsed":0}
{"Time":"2026-09-05T23:55:25.869616+09:00","Action":"run","Package":"waiting-room/internal/installplan","Test":"TestCostInvalidInputs/provider"}
{"Time":"2026-09-05T23:55:25.869618+09:00","Action":"output","Package":"waiting-room/internal/installplan","Test":"TestCostInvalidInputs/provider","Output":"=== RUN   TestCostInvalidInputs/provider\n"}
{"Time":"2026-09-05T23:55:25.869808+09:00","Action":"output","Package":"waiting-room/internal/installplan","Test":"TestCostInvalidInputs/provider","Output":"--- PASS: TestCostInvalidInputs/provider (0.00s)\n"}
{"Time":"2026-09-05T23:55:25.869816+09:00","Action":"pass","Package":"waiting-room/internal/installplan","Test":"TestCostInvalidInputs/provider","Elapsed":0}
{"Time":"2026-09-05T23:55:25.869848+09:00","Action":"run","Package":"waiting-room/internal/installplan","Test":"TestCostInvalidInputs/currency"}
{"Time":"2026-09-05T23:55:25.869869+09:00","Action":"output","Package":"waiting-room/internal/installplan","Test":"TestCostInvalidInputs/currency","Output":"=== RUN   TestCostInvalidInputs/currency\n"}
{"Time":"2026-09-05T23:55:25.870024+09:00","Action":"output","Package":"waiting-room/internal/installplan","Test":"TestCostInvalidInputs/currency","Output":"--- PASS: TestCostInvalidInputs/currency (0.00s)\n"}
{"Time":"2026-09-05T23:55:25.870032+09:00","Action":"pass","Package":"waiting-room/internal/installplan","Test":"TestCostInvalidInputs/currency","Elapsed":0}
{"Time":"2026-09-05T23:55:25.87004+09:00","Action":"run","Package":"waiting-room/internal/installplan","Test":"TestCostInvalidInputs/storage-high"}
{"Time":"2026-09-05T23:55:25.870042+09:00","Action":"output","Package":"waiting-room/internal/installplan","Test":"TestCostInvalidInputs/storage-high","Output":"=== RUN   TestCostInvalidInputs/storage-high\n"}
{"Time":"2026-09-05T23:55:25.870227+09:00","Action":"output","Package":"waiting-room/internal/installplan","Test":"TestCostInvalidInputs/storage-high","Output":"--- PASS: TestCostInvalidInputs/storage-high (0.00s)\n"}
{"Time":"2026-09-05T23:55:25.870232+09:00","Action":"pass","Package":"waiting-room/internal/installplan","Test":"TestCostInvalidInputs/storage-high","Elapsed":0}
{"Time":"2026-09-05T23:55:25.870246+09:00","Action":"run","Package":"waiting-room/internal/installplan","Test":"TestCostInvalidInputs/missing-date"}
{"Time":"2026-09-05T23:55:25.870248+09:00","Action":"output","Package":"waiting-room/internal/installplan","Test":"TestCostInvalidInputs/missing-date","Output":"=== RUN   TestCostInvalidInputs/missing-date\n"}
{"Time":"2026-09-05T23:55:25.870428+09:00","Action":"output","Package":"waiting-room/internal/installplan","Test":"TestCostInvalidInputs/missing-date","Output":"--- PASS: TestCostInvalidInputs/missing-date (0.00s)\n"}
{"Time":"2026-09-05T23:55:25.870431+09:00","Action":"pass","Package":"waiting-room/internal/installplan","Test":"TestCostInvalidInputs/missing-date","Elapsed":0}
{"Time":"2026-09-05T23:55:25.87044+09:00","Action":"run","Package":"waiting-room/internal/installplan","Test":"TestCostInvalidInputs/hours-high"}
{"Time":"2026-09-05T23:55:25.870442+09:00","Action":"output","Package":"waiting-room/internal/installplan","Test":"TestCostInvalidInputs/hours-high","Output":"=== RUN   TestCostInvalidInputs/hours-high\n"}
{"Time":"2026-09-05T23:55:25.870629+09:00","Action":"output","Package":"waiting-room/internal/installplan","Test":"TestCostInvalidInputs/hours-high","Output":"--- PASS: TestCostInvalidInputs/hours-high (0.00s)\n"}
{"Time":"2026-09-05T23:55:25.870633+09:00","Action":"pass","Package":"waiting-room/internal/installplan","Test":"TestCostInvalidInputs/hours-high","Elapsed":0}
{"Time":"2026-09-05T23:55:25.870656+09:00","Action":"run","Package":"waiting-room/internal/installplan","Test":"TestCostInvalidInputs/egress-high"}
{"Time":"2026-09-05T23:55:25.870683+09:00","Action":"output","Package":"waiting-room/internal/installplan","Test":"TestCostInvalidInputs/egress-high","Output":"=== RUN   TestCostInvalidInputs/egress-high\n"}
{"Time":"2026-09-05T23:55:25.870838+09:00","Action":"output","Package":"waiting-room/internal/installplan","Test":"TestCostInvalidInputs/egress-high","Output":"--- PASS: TestCostInvalidInputs/egress-high (0.00s)\n"}
{"Time":"2026-09-05T23:55:25.870846+09:00","Action":"pass","Package":"waiting-room/internal/installplan","Test":"TestCostInvalidInputs/egress-high","Elapsed":0}
{"Time":"2026-09-05T23:55:25.870853+09:00","Action":"run","Package":"waiting-room/internal/installplan","Test":"TestCostInvalidInputs/region"}
{"Time":"2026-09-05T23:55:25.870854+09:00","Action":"output","Package":"waiting-room/internal/installplan","Test":"TestCostInvalidInputs/region","Output":"=== RUN   TestCostInvalidInputs/region\n"}
{"Time":"2026-09-05T23:55:25.871038+09:00","Action":"output","Package":"waiting-room/internal/installplan","Test":"TestCostInvalidInputs/region","Output":"--- PASS: TestCostInvalidInputs/region (0.00s)\n"}
{"Time":"2026-09-05T23:55:25.871043+09:00","Action":"pass","Package":"waiting-room/internal/installplan","Test":"TestCostInvalidInputs/region","Elapsed":0}
{"Time":"2026-09-05T23:55:25.871051+09:00","Action":"run","Package":"waiting-room/internal/installplan","Test":"TestCostInvalidInputs/date"}
{"Time":"2026-09-05T23:55:25.871053+09:00","Action":"output","Package":"waiting-room/internal/installplan","Test":"TestCostInvalidInputs/date","Output":"=== RUN   TestCostInvalidInputs/date\n"}
{"Time":"2026-09-05T23:55:25.871241+09:00","Action":"output","Package":"waiting-room/internal/installplan","Test":"TestCostInvalidInputs/date","Output":"--- PASS: TestCostInvalidInputs/date (0.00s)\n"}
{"Time":"2026-09-05T23:55:25.871244+09:00","Action":"pass","Package":"waiting-room/internal/installplan","Test":"TestCostInvalidInputs/date","Elapsed":0}
{"Time":"2026-09-05T23:55:25.87125+09:00","Action":"run","Package":"waiting-room/internal/installplan","Test":"TestCostInvalidInputs/date-year"}
{"Time":"2026-09-05T23:55:25.871252+09:00","Action":"output","Package":"waiting-room/internal/installplan","Test":"TestCostInvalidInputs/date-year","Output":"=== RUN   TestCostInvalidInputs/date-year\n"}
{"Time":"2026-09-05T23:55:25.87142+09:00","Action":"output","Package":"waiting-room/internal/installplan","Test":"TestCostInvalidInputs/date-year","Output":"--- PASS: TestCostInvalidInputs/date-year (0.00s)\n"}
{"Time":"2026-09-05T23:55:25.871424+09:00","Action":"pass","Package":"waiting-room/internal/installplan","Test":"TestCostInvalidInputs/date-year","Elapsed":0}
{"Time":"2026-09-05T23:55:25.871445+09:00","Action":"run","Package":"waiting-room/internal/installplan","Test":"TestCostInvalidInputs/hours-low"}
{"Time":"2026-09-05T23:55:25.871455+09:00","Action":"output","Package":"waiting-room/internal/installplan","Test":"TestCostInvalidInputs/hours-low","Output":"=== RUN   TestCostInvalidInputs/hours-low\n"}
{"Time":"2026-09-05T23:55:25.871623+09:00","Action":"output","Package":"waiting-room/internal/installplan","Test":"TestCostInvalidInputs/hours-low","Output":"--- PASS: TestCostInvalidInputs/hours-low (0.00s)\n"}
{"Time":"2026-09-05T23:55:25.871628+09:00","Action":"pass","Package":"waiting-room/internal/installplan","Test":"TestCostInvalidInputs/hours-low","Elapsed":0}
{"Time":"2026-09-05T23:55:25.871639+09:00","Action":"run","Package":"waiting-room/internal/installplan","Test":"TestCostInvalidInputs/egress-low"}
{"Time":"2026-09-05T23:55:25.871641+09:00","Action":"output","Package":"waiting-room/internal/installplan","Test":"TestCostInvalidInputs/egress-low","Output":"=== RUN   TestCostInvalidInputs/egress-low\n"}
{"Time":"2026-09-05T23:55:25.871831+09:00","Action":"output","Package":"waiting-room/internal/installplan","Test":"TestCostInvalidInputs/egress-low","Output":"--- PASS: TestCostInvalidInputs/egress-low (0.00s)\n"}
{"Time":"2026-09-05T23:55:25.871835+09:00","Action":"pass","Package":"waiting-room/internal/installplan","Test":"TestCostInvalidInputs/egress-low","Elapsed":0}
{"Time":"2026-09-05T23:55:25.871846+09:00","Action":"run","Package":"waiting-room/internal/installplan","Test":"TestCostInvalidInputs/precision-low"}
{"Time":"2026-09-05T23:55:25.871847+09:00","Action":"output","Package":"waiting-room/internal/installplan","Test":"TestCostInvalidInputs/precision-low","Output":"=== RUN   TestCostInvalidInputs/precision-low\n"}
{"Time":"2026-09-05T23:55:25.872045+09:00","Action":"output","Package":"waiting-room/internal/installplan","Test":"TestCostInvalidInputs/precision-low","Output":"--- PASS: TestCostInvalidInputs/precision-low (0.00s)\n"}
{"Time":"2026-09-05T23:55:25.872048+09:00","Action":"pass","Package":"waiting-room/internal/installplan","Test":"TestCostInvalidInputs/precision-low","Elapsed":0}
{"Time":"2026-09-05T23:55:25.872058+09:00","Action":"run","Package":"waiting-room/internal/installplan","Test":"TestCostInvalidInputs/precision-high"}
{"Time":"2026-09-05T23:55:25.87206+09:00","Action":"output","Package":"waiting-room/internal/installplan","Test":"TestCostInvalidInputs/precision-high","Output":"=== RUN   TestCostInvalidInputs/precision-high\n"}
{"Time":"2026-09-05T23:55:25.872278+09:00","Action":"output","Package":"waiting-room/internal/installplan","Test":"TestCostInvalidInputs/precision-high","Output":"--- PASS: TestCostInvalidInputs/precision-high (0.00s)\n"}
{"Time":"2026-09-05T23:55:25.872282+09:00","Action":"pass","Package":"waiting-room/internal/installplan","Test":"TestCostInvalidInputs/precision-high","Elapsed":0}
{"Time":"2026-09-05T23:55:25.872294+09:00","Action":"run","Package":"waiting-room/internal/installplan","Test":"TestCostInvalidInputs/storage-low"}
{"Time":"2026-09-05T23:55:25.872296+09:00","Action":"output","Package":"waiting-room/internal/installplan","Test":"TestCostInvalidInputs/storage-low","Output":"=== RUN   TestCostInvalidInputs/storage-low\n"}
{"Time":"2026-09-05T23:55:25.872485+09:00","Action":"output","Package":"waiting-room/internal/installplan","Test":"TestCostInvalidInputs/storage-low","Output":"--- PASS: TestCostInvalidInputs/storage-low (0.00s)\n"}
{"Time":"2026-09-05T23:55:25.872489+09:00","Action":"pass","Package":"waiting-room/internal/installplan","Test":"TestCostInvalidInputs/storage-low","Elapsed":0}
{"Time":"2026-09-05T23:55:25.8725+09:00","Action":"run","Package":"waiting-room/internal/installplan","Test":"TestCostInvalidInputs/host/"}
{"Time":"2026-09-05T23:55:25.872502+09:00","Action":"output","Package":"waiting-room/internal/installplan","Test":"TestCostInvalidInputs/host/","Output":"=== RUN   TestCostInvalidInputs/host/\n"}
{"Time":"2026-09-05T23:55:25.872698+09:00","Action":"output","Package":"waiting-room/internal/installplan","Test":"TestCostInvalidInputs/host/","Output":"--- PASS: TestCostInvalidInputs/host/ (0.00s)\n"}
{"Time":"2026-09-05T23:55:25.872702+09:00","Action":"pass","Package":"waiting-room/internal/installplan","Test":"TestCostInvalidInputs/host/","Elapsed":0}
{"Time":"2026-09-05T23:55:25.872713+09:00","Action":"run","Package":"waiting-room/internal/installplan","Test":"TestCostInvalidInputs/worker/"}
{"Time":"2026-09-05T23:55:25.872715+09:00","Action":"output","Package":"waiting-room/internal/installplan","Test":"TestCostInvalidInputs/worker/","Output":"=== RUN   TestCostInvalidInputs/worker/\n"}
{"Time":"2026-09-05T23:55:25.872984+09:00","Action":"output","Package":"waiting-room/internal/installplan","Test":"TestCostInvalidInputs/worker/","Output":"--- PASS: TestCostInvalidInputs/worker/ (0.00s)\n"}
{"Time":"2026-09-05T23:55:25.873021+09:00","Action":"pass","Package":"waiting-room/internal/installplan","Test":"TestCostInvalidInputs/worker/","Elapsed":0}
{"Time":"2026-09-05T23:55:25.87306+09:00","Action":"run","Package":"waiting-room/internal/installplan","Test":"TestCostInvalidInputs/volume/"}
{"Time":"2026-09-05T23:55:25.873063+09:00","Action":"output","Package":"waiting-room/internal/installplan","Test":"TestCostInvalidInputs/volume/","Output":"=== RUN   TestCostInvalidInputs/volume/\n"}
{"Time":"2026-09-05T23:55:25.8735+09:00","Action":"output","Package":"waiting-room/internal/installplan","Test":"TestCostInvalidInputs/volume/","Output":"--- PASS: TestCostInvalidInputs/volume/ (0.00s)\n"}
{"Time":"2026-09-05T23:55:25.873514+09:00","Action":"pass","Package":"waiting-room/internal/installplan","Test":"TestCostInvalidInputs/volume/","Elapsed":0}
{"Time":"2026-09-05T23:55:25.873537+09:00","Action":"run","Package":"waiting-room/internal/installplan","Test":"TestCostInvalidInputs/host/-1"}
{"Time":"2026-09-05T23:55:25.87354+09:00","Action":"output","Package":"waiting-room/internal/installplan","Test":"TestCostInvalidInputs/host/-1","Output":"=== RUN   TestCostInvalidInputs/host/-1\n"}
{"Time":"2026-09-05T23:55:25.873907+09:00","Action":"output","Package":"waiting-room/internal/installplan","Test":"TestCostInvalidInputs/host/-1","Output":"--- PASS: TestCostInvalidInputs/host/-1 (0.00s)\n"}
{"Time":"2026-09-05T23:55:25.87392+09:00","Action":"pass","Package":"waiting-room/internal/installplan","Test":"TestCostInvalidInputs/host/-1","Elapsed":0}
{"Time":"2026-09-05T23:55:25.873936+09:00","Action":"run","Package":"waiting-room/internal/installplan","Test":"TestCostInvalidInputs/worker/-1"}
{"Time":"2026-09-05T23:55:25.873939+09:00","Action":"output","Package":"waiting-room/internal/installplan","Test":"TestCostInvalidInputs/worker/-1","Output":"=== RUN   TestCostInvalidInputs/worker/-1\n"}
{"Time":"2026-09-05T23:55:25.874298+09:00","Action":"output","Package":"waiting-room/internal/installplan","Test":"TestCostInvalidInputs/worker/-1","Output":"--- PASS: TestCostInvalidInputs/worker/-1 (0.00s)\n"}
{"Time":"2026-09-05T23:55:25.874308+09:00","Action":"pass","Package":"waiting-room/internal/installplan","Test":"TestCostInvalidInputs/worker/-1","Elapsed":0}
{"Time":"2026-09-05T23:55:25.874313+09:00","Action":"run","Package":"waiting-room/internal/installplan","Test":"TestCostInvalidInputs/volume/-1"}
{"Time":"2026-09-05T23:55:25.874316+09:00","Action":"output","Package":"waiting-room/internal/installplan","Test":"TestCostInvalidInputs/volume/-1","Output":"=== RUN   TestCostInvalidInputs/volume/-1\n"}
{"Time":"2026-09-05T23:55:25.874636+09:00","Action":"output","Package":"waiting-room/internal/installplan","Test":"TestCostInvalidInputs/volume/-1","Output":"--- PASS: TestCostInvalidInputs/volume/-1 (0.00s)\n"}
{"Time":"2026-09-05T23:55:25.87464+09:00","Action":"pass","Package":"waiting-room/internal/installplan","Test":"TestCostInvalidInputs/volume/-1","Elapsed":0}
{"Time":"2026-09-05T23:55:25.874656+09:00","Action":"run","Package":"waiting-room/internal/installplan","Test":"TestCostInvalidInputs/host/+1"}
{"Time":"2026-09-05T23:55:25.874657+09:00","Action":"output","Package":"waiting-room/internal/installplan","Test":"TestCostInvalidInputs/host/+1","Output":"=== RUN   TestCostInvalidInputs/host/+1\n"}
{"Time":"2026-09-05T23:55:25.874967+09:00","Action":"output","Package":"waiting-room/internal/installplan","Test":"TestCostInvalidInputs/host/+1","Output":"--- PASS: TestCostInvalidInputs/host/+1 (0.00s)\n"}
{"Time":"2026-09-05T23:55:25.874983+09:00","Action":"pass","Package":"waiting-room/internal/installplan","Test":"TestCostInvalidInputs/host/+1","Elapsed":0}
{"Time":"2026-09-05T23:55:25.874999+09:00","Action":"run","Package":"waiting-room/internal/installplan","Test":"TestCostInvalidInputs/worker/+1"}
{"Time":"2026-09-05T23:55:25.875002+09:00","Action":"output","Package":"waiting-room/internal/installplan","Test":"TestCostInvalidInputs/worker/+1","Output":"=== RUN   TestCostInvalidInputs/worker/+1\n"}
{"Time":"2026-09-05T23:55:25.875316+09:00","Action":"output","Package":"waiting-room/internal/installplan","Test":"TestCostInvalidInputs/worker/+1","Output":"--- PASS: TestCostInvalidInputs/worker/+1 (0.00s)\n"}
{"Time":"2026-09-05T23:55:25.87533+09:00","Action":"pass","Package":"waiting-room/internal/installplan","Test":"TestCostInvalidInputs/worker/+1","Elapsed":0}
{"Time":"2026-09-05T23:55:25.875343+09:00","Action":"run","Package":"waiting-room/internal/installplan","Test":"TestCostInvalidInputs/volume/+1"}
{"Time":"2026-09-05T23:55:25.875347+09:00","Action":"output","Package":"waiting-room/internal/installplan","Test":"TestCostInvalidInputs/volume/+1","Output":"=== RUN   TestCostInvalidInputs/volume/+1\n"}
{"Time":"2026-09-05T23:55:25.875664+09:00","Action":"output","Package":"waiting-room/internal/installplan","Test":"TestCostInvalidInputs/volume/+1","Output":"--- PASS: TestCostInvalidInputs/volume/+1 (0.00s)\n"}
{"Time":"2026-09-05T23:55:25.875678+09:00","Action":"pass","Package":"waiting-room/internal/installplan","Test":"TestCostInvalidInputs/volume/+1","Elapsed":0}
{"Time":"2026-09-05T23:55:25.875692+09:00","Action":"run","Package":"waiting-room/internal/installplan","Test":"TestCostInvalidInputs/host/1e3"}
{"Time":"2026-09-05T23:55:25.875695+09:00","Action":"output","Package":"waiting-room/internal/installplan","Test":"TestCostInvalidInputs/host/1e3","Output":"=== RUN   TestCostInvalidInputs/host/1e3\n"}
{"Time":"2026-09-05T23:55:25.876006+09:00","Action":"output","Package":"waiting-room/internal/installplan","Test":"TestCostInvalidInputs/host/1e3","Output":"--- PASS: TestCostInvalidInputs/host/1e3 (0.00s)\n"}
{"Time":"2026-09-05T23:55:25.876025+09:00","Action":"pass","Package":"waiting-room/internal/installplan","Test":"TestCostInvalidInputs/host/1e3","Elapsed":0}
{"Time":"2026-09-05T23:55:25.876044+09:00","Action":"run","Package":"waiting-room/internal/installplan","Test":"TestCostInvalidInputs/worker/1e3"}
{"Time":"2026-09-05T23:55:25.876047+09:00","Action":"output","Package":"waiting-room/internal/installplan","Test":"TestCostInvalidInputs/worker/1e3","Output":"=== RUN   TestCostInvalidInputs/worker/1e3\n"}
{"Time":"2026-09-05T23:55:25.876366+09:00","Action":"output","Package":"waiting-room/internal/installplan","Test":"TestCostInvalidInputs/worker/1e3","Output":"--- PASS: TestCostInvalidInputs/worker/1e3 (0.00s)\n"}
{"Time":"2026-09-05T23:55:25.876371+09:00","Action":"pass","Package":"waiting-room/internal/installplan","Test":"TestCostInvalidInputs/worker/1e3","Elapsed":0}
{"Time":"2026-09-05T23:55:25.876395+09:00","Action":"run","Package":"waiting-room/internal/installplan","Test":"TestCostInvalidInputs/volume/1e3"}
{"Time":"2026-09-05T23:55:25.876399+09:00","Action":"output","Package":"waiting-room/internal/installplan","Test":"TestCostInvalidInputs/volume/1e3","Output":"=== RUN   TestCostInvalidInputs/volume/1e3\n"}
{"Time":"2026-09-05T23:55:25.876699+09:00","Action":"output","Package":"waiting-room/internal/installplan","Test":"TestCostInvalidInputs/volume/1e3","Output":"--- PASS: TestCostInvalidInputs/volume/1e3 (0.00s)\n"}
{"Time":"2026-09-05T23:55:25.876713+09:00","Action":"pass","Package":"waiting-room/internal/installplan","Test":"TestCostInvalidInputs/volume/1e3","Elapsed":0}
{"Time":"2026-09-05T23:55:25.876728+09:00","Action":"run","Package":"waiting-room/internal/installplan","Test":"TestCostInvalidInputs/host/NaN"}
{"Time":"2026-09-05T23:55:25.876733+09:00","Action":"output","Package":"waiting-room/internal/installplan","Test":"TestCostInvalidInputs/host/NaN","Output":"=== RUN   TestCostInvalidInputs/host/NaN\n"}
{"Time":"2026-09-05T23:55:25.876975+09:00","Action":"output","Package":"waiting-room/internal/installplan","Test":"TestCostInvalidInputs/host/NaN","Output":"--- PASS: TestCostInvalidInputs/host/NaN (0.00s)\n"}
{"Time":"2026-09-05T23:55:25.87698+09:00","Action":"pass","Package":"waiting-room/internal/installplan","Test":"TestCostInvalidInputs/host/NaN","Elapsed":0}
{"Time":"2026-09-05T23:55:25.876995+09:00","Action":"run","Package":"waiting-room/internal/installplan","Test":"TestCostInvalidInputs/worker/NaN"}
{"Time":"2026-09-05T23:55:25.876997+09:00","Action":"output","Package":"waiting-room/internal/installplan","Test":"TestCostInvalidInputs/worker/NaN","Output":"=== RUN   TestCostInvalidInputs/worker/NaN\n"}
{"Time":"2026-09-05T23:55:25.877207+09:00","Action":"output","Package":"waiting-room/internal/installplan","Test":"TestCostInvalidInputs/worker/NaN","Output":"--- PASS: TestCostInvalidInputs/worker/NaN (0.00s)\n"}
{"Time":"2026-09-05T23:55:25.87721+09:00","Action":"pass","Package":"waiting-room/internal/installplan","Test":"TestCostInvalidInputs/worker/NaN","Elapsed":0}
{"Time":"2026-09-05T23:55:25.877229+09:00","Action":"run","Package":"waiting-room/internal/installplan","Test":"TestCostInvalidInputs/volume/NaN"}
{"Time":"2026-09-05T23:55:25.877232+09:00","Action":"output","Package":"waiting-room/internal/installplan","Test":"TestCostInvalidInputs/volume/NaN","Output":"=== RUN   TestCostInvalidInputs/volume/NaN\n"}
{"Time":"2026-09-05T23:55:25.877422+09:00","Action":"output","Package":"waiting-room/internal/installplan","Test":"TestCostInvalidInputs/volume/NaN","Output":"--- PASS: TestCostInvalidInputs/volume/NaN (0.00s)\n"}
{"Time":"2026-09-05T23:55:25.877427+09:00","Action":"pass","Package":"waiting-room/internal/installplan","Test":"TestCostInvalidInputs/volume/NaN","Elapsed":0}
{"Time":"2026-09-05T23:55:25.877437+09:00","Action":"run","Package":"waiting-room/internal/installplan","Test":"TestCostInvalidInputs/host/Inf"}
{"Time":"2026-09-05T23:55:25.87744+09:00","Action":"output","Package":"waiting-room/internal/installplan","Test":"TestCostInvalidInputs/host/Inf","Output":"=== RUN   TestCostInvalidInputs/host/Inf\n"}
{"Time":"2026-09-05T23:55:25.877717+09:00","Action":"output","Package":"waiting-room/internal/installplan","Test":"TestCostInvalidInputs/host/Inf","Output":"--- PASS: TestCostInvalidInputs/host/Inf (0.00s)\n"}
{"Time":"2026-09-05T23:55:25.877729+09:00","Action":"pass","Package":"waiting-room/internal/installplan","Test":"TestCostInvalidInputs/host/Inf","Elapsed":0}
{"Time":"2026-09-05T23:55:25.87774+09:00","Action":"run","Package":"waiting-room/internal/installplan","Test":"TestCostInvalidInputs/worker/Inf"}
{"Time":"2026-09-05T23:55:25.877748+09:00","Action":"output","Package":"waiting-room/internal/installplan","Test":"TestCostInvalidInputs/worker/Inf","Output":"=== RUN   TestCostInvalidInputs/worker/Inf\n"}
{"Time":"2026-09-05T23:55:25.877993+09:00","Action":"output","Package":"waiting-room/internal/installplan","Test":"TestCostInvalidInputs/worker/Inf","Output":"--- PASS: TestCostInvalidInputs/worker/Inf (0.00s)\n"}
{"Time":"2026-09-05T23:55:25.877997+09:00","Action":"pass","Package":"waiting-room/internal/installplan","Test":"TestCostInvalidInputs/worker/Inf","Elapsed":0}
{"Time":"2026-09-05T23:55:25.878019+09:00","Action":"run","Package":"waiting-room/internal/installplan","Test":"TestCostInvalidInputs/volume/Inf"}
{"Time":"2026-09-05T23:55:25.878023+09:00","Action":"output","Package":"waiting-room/internal/installplan","Test":"TestCostInvalidInputs/volume/Inf","Output":"=== RUN   TestCostInvalidInputs/volume/Inf\n"}
{"Time":"2026-09-05T23:55:25.878252+09:00","Action":"output","Package":"waiting-room/internal/installplan","Test":"TestCostInvalidInputs/volume/Inf","Output":"--- PASS: TestCostInvalidInputs/volume/Inf (0.00s)\n"}
{"Time":"2026-09-05T23:55:25.878256+09:00","Action":"pass","Package":"waiting-room/internal/installplan","Test":"TestCostInvalidInputs/volume/Inf","Elapsed":0}
{"Time":"2026-09-05T23:55:25.878268+09:00","Action":"run","Package":"waiting-room/internal/installplan","Test":"TestCostInvalidInputs/host/1.0000001"}
{"Time":"2026-09-05T23:55:25.87827+09:00","Action":"output","Package":"waiting-room/internal/installplan","Test":"TestCostInvalidInputs/host/1.0000001","Output":"=== RUN   TestCostInvalidInputs/host/1.0000001\n"}
{"Time":"2026-09-05T23:55:25.878481+09:00","Action":"output","Package":"waiting-room/internal/installplan","Test":"TestCostInvalidInputs/host/1.0000001","Output":"--- PASS: TestCostInvalidInputs/host/1.0000001 (0.00s)\n"}
{"Time":"2026-09-05T23:55:25.878484+09:00","Action":"pass","Package":"waiting-room/internal/installplan","Test":"TestCostInvalidInputs/host/1.0000001","Elapsed":0}
{"Time":"2026-09-05T23:55:25.878495+09:00","Action":"run","Package":"waiting-room/internal/installplan","Test":"TestCostInvalidInputs/worker/1.0000001"}
{"Time":"2026-09-05T23:55:25.878496+09:00","Action":"output","Package":"waiting-room/internal/installplan","Test":"TestCostInvalidInputs/worker/1.0000001","Output":"=== RUN   TestCostInvalidInputs/worker/1.0000001\n"}
{"Time":"2026-09-05T23:55:25.878694+09:00","Action":"output","Package":"waiting-room/internal/installplan","Test":"TestCostInvalidInputs/worker/1.0000001","Output":"--- PASS: TestCostInvalidInputs/worker/1.0000001 (0.00s)\n"}
{"Time":"2026-09-05T23:55:25.878698+09:00","Action":"pass","Package":"waiting-room/internal/installplan","Test":"TestCostInvalidInputs/worker/1.0000001","Elapsed":0}
{"Time":"2026-09-05T23:55:25.87871+09:00","Action":"run","Package":"waiting-room/internal/installplan","Test":"TestCostInvalidInputs/volume/1.0000001"}
{"Time":"2026-09-05T23:55:25.878712+09:00","Action":"output","Package":"waiting-room/internal/installplan","Test":"TestCostInvalidInputs/volume/1.0000001","Output":"=== RUN   TestCostInvalidInputs/volume/1.0000001\n"}
{"Time":"2026-09-05T23:55:25.878992+09:00","Action":"output","Package":"waiting-room/internal/installplan","Test":"TestCostInvalidInputs/volume/1.0000001","Output":"--- PASS: TestCostInvalidInputs/volume/1.0000001 (0.00s)\n"}
{"Time":"2026-09-05T23:55:25.878996+09:00","Action":"pass","Package":"waiting-room/internal/installplan","Test":"TestCostInvalidInputs/volume/1.0000001","Elapsed":0}
{"Time":"2026-09-05T23:55:25.879005+09:00","Action":"run","Package":"waiting-room/internal/installplan","Test":"TestCostInvalidInputs/host/01"}
{"Time":"2026-09-05T23:55:25.879007+09:00","Action":"output","Package":"waiting-room/internal/installplan","Test":"TestCostInvalidInputs/host/01","Output":"=== RUN   TestCostInvalidInputs/host/01\n"}
{"Time":"2026-09-05T23:55:25.879205+09:00","Action":"output","Package":"waiting-room/internal/installplan","Test":"TestCostInvalidInputs/host/01","Output":"--- PASS: TestCostInvalidInputs/host/01 (0.00s)\n"}
{"Time":"2026-09-05T23:55:25.879208+09:00","Action":"pass","Package":"waiting-room/internal/installplan","Test":"TestCostInvalidInputs/host/01","Elapsed":0}
{"Time":"2026-09-05T23:55:25.879219+09:00","Action":"run","Package":"waiting-room/internal/installplan","Test":"TestCostInvalidInputs/worker/01"}
{"Time":"2026-09-05T23:55:25.879221+09:00","Action":"output","Package":"waiting-room/internal/installplan","Test":"TestCostInvalidInputs/worker/01","Output":"=== RUN   TestCostInvalidInputs/worker/01\n"}
{"Time":"2026-09-05T23:55:25.879429+09:00","Action":"output","Package":"waiting-room/internal/installplan","Test":"TestCostInvalidInputs/worker/01","Output":"--- PASS: TestCostInvalidInputs/worker/01 (0.00s)\n"}
{"Time":"2026-09-05T23:55:25.879433+09:00","Action":"pass","Package":"waiting-room/internal/installplan","Test":"TestCostInvalidInputs/worker/01","Elapsed":0}
{"Time":"2026-09-05T23:55:25.879444+09:00","Action":"run","Package":"waiting-room/internal/installplan","Test":"TestCostInvalidInputs/volume/01"}
{"Time":"2026-09-05T23:55:25.879446+09:00","Action":"output","Package":"waiting-room/internal/installplan","Test":"TestCostInvalidInputs/volume/01","Output":"=== RUN   TestCostInvalidInputs/volume/01\n"}
{"Time":"2026-09-05T23:55:25.879663+09:00","Action":"output","Package":"waiting-room/internal/installplan","Test":"TestCostInvalidInputs/volume/01","Output":"--- PASS: TestCostInvalidInputs/volume/01 (0.00s)\n"}
{"Time":"2026-09-05T23:55:25.879666+09:00","Action":"pass","Package":"waiting-room/internal/installplan","Test":"TestCostInvalidInputs/volume/01","Elapsed":0}
{"Time":"2026-09-05T23:55:25.879677+09:00","Action":"run","Package":"waiting-room/internal/installplan","Test":"TestCostInvalidInputs/host/.1"}
{"Time":"2026-09-05T23:55:25.879679+09:00","Action":"output","Package":"waiting-room/internal/installplan","Test":"TestCostInvalidInputs/host/.1","Output":"=== RUN   TestCostInvalidInputs/host/.1\n"}
{"Time":"2026-09-05T23:55:25.879895+09:00","Action":"output","Package":"waiting-room/internal/installplan","Test":"TestCostInvalidInputs/host/.1","Output":"--- PASS: TestCostInvalidInputs/host/.1 (0.00s)\n"}
{"Time":"2026-09-05T23:55:25.879898+09:00","Action":"pass","Package":"waiting-room/internal/installplan","Test":"TestCostInvalidInputs/host/.1","Elapsed":0}
{"Time":"2026-09-05T23:55:25.879913+09:00","Action":"run","Package":"waiting-room/internal/installplan","Test":"TestCostInvalidInputs/worker/.1"}
{"Time":"2026-09-05T23:55:25.879919+09:00","Action":"output","Package":"waiting-room/internal/installplan","Test":"TestCostInvalidInputs/worker/.1","Output":"=== RUN   TestCostInvalidInputs/worker/.1\n"}
{"Time":"2026-09-05T23:55:25.880115+09:00","Action":"output","Package":"waiting-room/internal/installplan","Test":"TestCostInvalidInputs/worker/.1","Output":"--- PASS: TestCostInvalidInputs/worker/.1 (0.00s)\n"}
{"Time":"2026-09-05T23:55:25.880119+09:00","Action":"pass","Package":"waiting-room/internal/installplan","Test":"TestCostInvalidInputs/worker/.1","Elapsed":0}
{"Time":"2026-09-05T23:55:25.880131+09:00","Action":"run","Package":"waiting-room/internal/installplan","Test":"TestCostInvalidInputs/volume/.1"}
{"Time":"2026-09-05T23:55:25.880132+09:00","Action":"output","Package":"waiting-room/internal/installplan","Test":"TestCostInvalidInputs/volume/.1","Output":"=== RUN   TestCostInvalidInputs/volume/.1\n"}
{"Time":"2026-09-05T23:55:25.880334+09:00","Action":"output","Package":"waiting-room/internal/installplan","Test":"TestCostInvalidInputs/volume/.1","Output":"--- PASS: TestCostInvalidInputs/volume/.1 (0.00s)\n"}
{"Time":"2026-09-05T23:55:25.880337+09:00","Action":"pass","Package":"waiting-room/internal/installplan","Test":"TestCostInvalidInputs/volume/.1","Elapsed":0}
{"Time":"2026-09-05T23:55:25.880349+09:00","Action":"run","Package":"waiting-room/internal/installplan","Test":"TestCostInvalidInputs/host/1."}
{"Time":"2026-09-05T23:55:25.880353+09:00","Action":"output","Package":"waiting-room/internal/installplan","Test":"TestCostInvalidInputs/host/1.","Output":"=== RUN   TestCostInvalidInputs/host/1.\n"}
{"Time":"2026-09-05T23:55:25.880558+09:00","Action":"output","Package":"waiting-room/internal/installplan","Test":"TestCostInvalidInputs/host/1.","Output":"--- PASS: TestCostInvalidInputs/host/1. (0.00s)\n"}
{"Time":"2026-09-05T23:55:25.880562+09:00","Action":"pass","Package":"waiting-room/internal/installplan","Test":"TestCostInvalidInputs/host/1.","Elapsed":0}
{"Time":"2026-09-05T23:55:25.880571+09:00","Action":"run","Package":"waiting-room/internal/installplan","Test":"TestCostInvalidInputs/worker/1."}
{"Time":"2026-09-05T23:55:25.880573+09:00","Action":"output","Package":"waiting-room/internal/installplan","Test":"TestCostInvalidInputs/worker/1.","Output":"=== RUN   TestCostInvalidInputs/worker/1.\n"}
{"Time":"2026-09-05T23:55:25.880821+09:00","Action":"output","Package":"waiting-room/internal/installplan","Test":"TestCostInvalidInputs/worker/1.","Output":"--- PASS: TestCostInvalidInputs/worker/1. (0.00s)\n"}
{"Time":"2026-09-05T23:55:25.880833+09:00","Action":"pass","Package":"waiting-room/internal/installplan","Test":"TestCostInvalidInputs/worker/1.","Elapsed":0}
{"Time":"2026-09-05T23:55:25.880838+09:00","Action":"run","Package":"waiting-room/internal/installplan","Test":"TestCostInvalidInputs/volume/1."}
{"Time":"2026-09-05T23:55:25.88084+09:00","Action":"output","Package":"waiting-room/internal/installplan","Test":"TestCostInvalidInputs/volume/1.","Output":"=== RUN   TestCostInvalidInputs/volume/1.\n"}
{"Time":"2026-09-05T23:55:25.88111+09:00","Action":"output","Package":"waiting-room/internal/installplan","Test":"TestCostInvalidInputs/volume/1.","Output":"--- PASS: TestCostInvalidInputs/volume/1. (0.00s)\n"}
{"Time":"2026-09-05T23:55:25.881116+09:00","Action":"pass","Package":"waiting-room/internal/installplan","Test":"TestCostInvalidInputs/volume/1.","Elapsed":0}
{"Time":"2026-09-05T23:55:25.881125+09:00","Action":"run","Package":"waiting-room/internal/installplan","Test":"TestCostInvalidInputs/host/1000000000"}
{"Time":"2026-09-05T23:55:25.881127+09:00","Action":"output","Package":"waiting-room/internal/installplan","Test":"TestCostInvalidInputs/host/1000000000","Output":"=== RUN   TestCostInvalidInputs/host/1000000000\n"}
{"Time":"2026-09-05T23:55:25.881314+09:00","Action":"output","Package":"waiting-room/internal/installplan","Test":"TestCostInvalidInputs/host/1000000000","Output":"--- PASS: TestCostInvalidInputs/host/1000000000 (0.00s)\n"}
{"Time":"2026-09-05T23:55:25.881317+09:00","Action":"pass","Package":"waiting-room/internal/installplan","Test":"TestCostInvalidInputs/host/1000000000","Elapsed":0}
{"Time":"2026-09-05T23:55:25.881332+09:00","Action":"run","Package":"waiting-room/internal/installplan","Test":"TestCostInvalidInputs/worker/1000000000"}
{"Time":"2026-09-05T23:55:25.881334+09:00","Action":"output","Package":"waiting-room/internal/installplan","Test":"TestCostInvalidInputs/worker/1000000000","Output":"=== RUN   TestCostInvalidInputs/worker/1000000000\n"}
{"Time":"2026-09-05T23:55:25.881529+09:00","Action":"output","Package":"waiting-room/internal/installplan","Test":"TestCostInvalidInputs/worker/1000000000","Output":"--- PASS: TestCostInvalidInputs/worker/1000000000 (0.00s)\n"}
{"Time":"2026-09-05T23:55:25.881533+09:00","Action":"pass","Package":"waiting-room/internal/installplan","Test":"TestCostInvalidInputs/worker/1000000000","Elapsed":0}
{"Time":"2026-09-05T23:55:25.881547+09:00","Action":"run","Package":"waiting-room/internal/installplan","Test":"TestCostInvalidInputs/volume/1000000000"}
{"Time":"2026-09-05T23:55:25.881549+09:00","Action":"output","Package":"waiting-room/internal/installplan","Test":"TestCostInvalidInputs/volume/1000000000","Output":"=== RUN   TestCostInvalidInputs/volume/1000000000\n"}
{"Time":"2026-09-05T23:55:25.881743+09:00","Action":"output","Package":"waiting-room/internal/installplan","Test":"TestCostInvalidInputs/volume/1000000000","Output":"--- PASS: TestCostInvalidInputs/volume/1000000000 (0.00s)\n"}
{"Time":"2026-09-05T23:55:25.881746+09:00","Action":"pass","Package":"waiting-room/internal/installplan","Test":"TestCostInvalidInputs/volume/1000000000","Elapsed":0}
{"Time":"2026-09-05T23:55:25.881756+09:00","Action":"run","Package":"waiting-room/internal/installplan","Test":"TestCostInvalidInputs/host/0_"}
{"Time":"2026-09-05T23:55:25.881761+09:00","Action":"output","Package":"waiting-room/internal/installplan","Test":"TestCostInvalidInputs/host/0_","Output":"=== RUN   TestCostInvalidInputs/host/0_\n"}
{"Time":"2026-09-05T23:55:25.881953+09:00","Action":"output","Package":"waiting-room/internal/installplan","Test":"TestCostInvalidInputs/host/0_","Output":"--- PASS: TestCostInvalidInputs/host/0_ (0.00s)\n"}
{"Time":"2026-09-05T23:55:25.881957+09:00","Action":"pass","Package":"waiting-room/internal/installplan","Test":"TestCostInvalidInputs/host/0_","Elapsed":0}
{"Time":"2026-09-05T23:55:25.881967+09:00","Action":"run","Package":"waiting-room/internal/installplan","Test":"TestCostInvalidInputs/worker/0_"}
{"Time":"2026-09-05T23:55:25.881968+09:00","Action":"output","Package":"waiting-room/internal/installplan","Test":"TestCostInvalidInputs/worker/0_","Output":"=== RUN   TestCostInvalidInputs/worker/0_\n"}
{"Time":"2026-09-05T23:55:25.882154+09:00","Action":"output","Package":"waiting-room/internal/installplan","Test":"TestCostInvalidInputs/worker/0_","Output":"--- PASS: TestCostInvalidInputs/worker/0_ (0.00s)\n"}
{"Time":"2026-09-05T23:55:25.882159+09:00","Action":"pass","Package":"waiting-room/internal/installplan","Test":"TestCostInvalidInputs/worker/0_","Elapsed":0}
{"Time":"2026-09-05T23:55:25.882168+09:00","Action":"run","Package":"waiting-room/internal/installplan","Test":"TestCostInvalidInputs/volume/0_"}
{"Time":"2026-09-05T23:55:25.882169+09:00","Action":"output","Package":"waiting-room/internal/installplan","Test":"TestCostInvalidInputs/volume/0_","Output":"=== RUN   TestCostInvalidInputs/volume/0_\n"}
{"Time":"2026-09-05T23:55:25.882445+09:00","Action":"output","Package":"waiting-room/internal/installplan","Test":"TestCostInvalidInputs/volume/0_","Output":"--- PASS: TestCostInvalidInputs/volume/0_ (0.00s)\n"}
{"Time":"2026-09-05T23:55:25.88245+09:00","Action":"pass","Package":"waiting-room/internal/installplan","Test":"TestCostInvalidInputs/volume/0_","Elapsed":0}
{"Time":"2026-09-05T23:55:25.882464+09:00","Action":"run","Package":"waiting-room/internal/installplan","Test":"TestCostInvalidInputs/host/DO-NOT-ECHO"}
{"Time":"2026-09-05T23:55:25.882466+09:00","Action":"output","Package":"waiting-room/internal/installplan","Test":"TestCostInvalidInputs/host/DO-NOT-ECHO","Output":"=== RUN   TestCostInvalidInputs/host/DO-NOT-ECHO\n"}
{"Time":"2026-09-05T23:55:25.882749+09:00","Action":"output","Package":"waiting-room/internal/installplan","Test":"TestCostInvalidInputs/host/DO-NOT-ECHO","Output":"--- PASS: TestCostInvalidInputs/host/DO-NOT-ECHO (0.00s)\n"}
{"Time":"2026-09-05T23:55:25.882754+09:00","Action":"pass","Package":"waiting-room/internal/installplan","Test":"TestCostInvalidInputs/host/DO-NOT-ECHO","Elapsed":0}
{"Time":"2026-09-05T23:55:25.882769+09:00","Action":"run","Package":"waiting-room/internal/installplan","Test":"TestCostInvalidInputs/worker/DO-NOT-ECHO"}
{"Time":"2026-09-05T23:55:25.882772+09:00","Action":"output","Package":"waiting-room/internal/installplan","Test":"TestCostInvalidInputs/worker/DO-NOT-ECHO","Output":"=== RUN   TestCostInvalidInputs/worker/DO-NOT-ECHO\n"}
{"Time":"2026-09-05T23:55:25.882982+09:00","Action":"output","Package":"waiting-room/internal/installplan","Test":"TestCostInvalidInputs/worker/DO-NOT-ECHO","Output":"--- PASS: TestCostInvalidInputs/worker/DO-NOT-ECHO (0.00s)\n"}
{"Time":"2026-09-05T23:55:25.882986+09:00","Action":"pass","Package":"waiting-room/internal/installplan","Test":"TestCostInvalidInputs/worker/DO-NOT-ECHO","Elapsed":0}
{"Time":"2026-09-05T23:55:25.882999+09:00","Action":"run","Package":"waiting-room/internal/installplan","Test":"TestCostInvalidInputs/volume/DO-NOT-ECHO"}
{"Time":"2026-09-05T23:55:25.883001+09:00","Action":"output","Package":"waiting-room/internal/installplan","Test":"TestCostInvalidInputs/volume/DO-NOT-ECHO","Output":"=== RUN   TestCostInvalidInputs/volume/DO-NOT-ECHO\n"}
{"Time":"2026-09-05T23:55:25.8832+09:00","Action":"output","Package":"waiting-room/internal/installplan","Test":"TestCostInvalidInputs/volume/DO-NOT-ECHO","Output":"--- PASS: TestCostInvalidInputs/volume/DO-NOT-ECHO (0.00s)\n"}
{"Time":"2026-09-05T23:55:25.883203+09:00","Action":"pass","Package":"waiting-room/internal/installplan","Test":"TestCostInvalidInputs/volume/DO-NOT-ECHO","Elapsed":0}
{"Time":"2026-09-05T23:55:25.88322+09:00","Action":"output","Package":"waiting-room/internal/installplan","Test":"TestCostInvalidInputs","Output":"--- PASS: TestCostInvalidInputs (0.01s)\n"}
{"Time":"2026-09-05T23:55:25.883238+09:00","Action":"pass","Package":"waiting-room/internal/installplan","Test":"TestCostInvalidInputs","Elapsed":0.01}
{"Time":"2026-09-05T23:55:25.883253+09:00","Action":"run","Package":"waiting-room/internal/installplan","Test":"TestCostStrictDecode"}
{"Time":"2026-09-05T23:55:25.883256+09:00","Action":"output","Package":"waiting-room/internal/installplan","Test":"TestCostStrictDecode","Output":"=== RUN   TestCostStrictDecode\n"}
{"Time":"2026-09-05T23:55:25.883326+09:00","Action":"run","Package":"waiting-room/internal/installplan","Test":"TestCostStrictDecode/null"}
{"Time":"2026-09-05T23:55:25.883329+09:00","Action":"output","Package":"waiting-room/internal/installplan","Test":"TestCostStrictDecode/null","Output":"=== RUN   TestCostStrictDecode/null\n"}
{"Time":"2026-09-05T23:55:25.883393+09:00","Action":"output","Package":"waiting-room/internal/installplan","Test":"TestCostStrictDecode/null","Output":"--- PASS: TestCostStrictDecode/null (0.00s)\n"}
{"Time":"2026-09-05T23:55:25.883404+09:00","Action":"pass","Package":"waiting-room/internal/installplan","Test":"TestCostStrictDecode/null","Elapsed":0}
{"Time":"2026-09-05T23:55:25.883409+09:00","Action":"run","Package":"waiting-room/internal/installplan","Test":"TestCostStrictDecode/number-price"}
{"Time":"2026-09-05T23:55:25.883411+09:00","Action":"output","Package":"waiting-room/internal/installplan","Test":"TestCostStrictDecode/number-price","Output":"=== RUN   TestCostStrictDecode/number-price\n"}
{"Time":"2026-09-05T23:55:25.883526+09:00","Action":"output","Package":"waiting-room/internal/installplan","Test":"TestCostStrictDecode/number-price","Output":"--- PASS: TestCostStrictDecode/number-price (0.00s)\n"}
{"Time":"2026-09-05T23:55:25.883539+09:00","Action":"pass","Package":"waiting-room/internal/installplan","Test":"TestCostStrictDecode/number-price","Elapsed":0}
{"Time":"2026-09-05T23:55:25.883554+09:00","Action":"run","Package":"waiting-room/internal/installplan","Test":"TestCostStrictDecode/wrong-case"}
{"Time":"2026-09-05T23:55:25.883555+09:00","Action":"output","Package":"waiting-room/internal/installplan","Test":"TestCostStrictDecode/wrong-case","Output":"=== RUN   TestCostStrictDecode/wrong-case\n"}
{"Time":"2026-09-05T23:55:25.883644+09:00","Action":"output","Package":"waiting-room/internal/installplan","Test":"TestCostStrictDecode/wrong-case","Output":"--- PASS: TestCostStrictDecode/wrong-case (0.00s)\n"}
{"Time":"2026-09-05T23:55:25.883647+09:00","Action":"pass","Package":"waiting-room/internal/installplan","Test":"TestCostStrictDecode/wrong-case","Elapsed":0}
{"Time":"2026-09-05T23:55:25.883656+09:00","Action":"run","Package":"waiting-room/internal/installplan","Test":"TestCostStrictDecode/secret"}
{"Time":"2026-09-05T23:55:25.883658+09:00","Action":"output","Package":"waiting-room/internal/installplan","Test":"TestCostStrictDecode/secret","Output":"=== RUN   TestCostStrictDecode/secret\n"}
{"Time":"2026-09-05T23:55:25.883748+09:00","Action":"output","Package":"waiting-room/internal/installplan","Test":"TestCostStrictDecode/secret","Output":"--- PASS: TestCostStrictDecode/secret (0.00s)\n"}
{"Time":"2026-09-05T23:55:25.883752+09:00","Action":"pass","Package":"waiting-room/internal/installplan","Test":"TestCostStrictDecode/secret","Elapsed":0}
{"Time":"2026-09-05T23:55:25.883762+09:00","Action":"run","Package":"waiting-room/internal/installplan","Test":"TestCostStrictDecode/trailing"}
{"Time":"2026-09-05T23:55:25.883765+09:00","Action":"output","Package":"waiting-room/internal/installplan","Test":"TestCostStrictDecode/trailing","Output":"=== RUN   TestCostStrictDecode/trailing\n"}
{"Time":"2026-09-05T23:55:25.883904+09:00","Action":"output","Package":"waiting-room/internal/installplan","Test":"TestCostStrictDecode/trailing","Output":"--- PASS: TestCostStrictDecode/trailing (0.00s)\n"}
{"Time":"2026-09-05T23:55:25.883909+09:00","Action":"pass","Package":"waiting-room/internal/installplan","Test":"TestCostStrictDecode/trailing","Elapsed":0}
{"Time":"2026-09-05T23:55:25.883921+09:00","Action":"run","Package":"waiting-room/internal/installplan","Test":"TestCostStrictDecode/array"}
{"Time":"2026-09-05T23:55:25.883923+09:00","Action":"output","Package":"waiting-room/internal/installplan","Test":"TestCostStrictDecode/array","Output":"=== RUN   TestCostStrictDecode/array\n"}
{"Time":"2026-09-05T23:55:25.883959+09:00","Action":"output","Package":"waiting-room/internal/installplan","Test":"TestCostStrictDecode/array","Output":"--- PASS: TestCostStrictDecode/array (0.00s)\n"}
{"Time":"2026-09-05T23:55:25.883964+09:00","Action":"pass","Package":"waiting-room/internal/installplan","Test":"TestCostStrictDecode/array","Elapsed":0}
{"Time":"2026-09-05T23:55:25.883981+09:00","Action":"run","Package":"waiting-room/internal/installplan","Test":"TestCostStrictDecode/duplicate"}
{"Time":"2026-09-05T23:55:25.883983+09:00","Action":"output","Package":"waiting-room/internal/installplan","Test":"TestCostStrictDecode/duplicate","Output":"=== RUN   TestCostStrictDecode/duplicate\n"}
{"Time":"2026-09-05T23:55:25.884057+09:00","Action":"output","Package":"waiting-room/internal/installplan","Test":"TestCostStrictDecode/duplicate","Output":"--- PASS: TestCostStrictDecode/duplicate (0.00s)\n"}
{"Time":"2026-09-05T23:55:25.884063+09:00","Action":"pass","Package":"waiting-room/internal/installplan","Test":"TestCostStrictDecode/duplicate","Elapsed":0}
{"Time":"2026-09-05T23:55:25.884076+09:00","Action":"run","Package":"waiting-room/internal/installplan","Test":"TestCostStrictDecode/oversized"}
{"Time":"2026-09-05T23:55:25.884078+09:00","Action":"output","Package":"waiting-room/internal/installplan","Test":"TestCostStrictDecode/oversized","Output":"=== RUN   TestCostStrictDecode/oversized\n"}
{"Time":"2026-09-05T23:55:25.884186+09:00","Action":"output","Package":"waiting-room/internal/installplan","Test":"TestCostStrictDecode/oversized","Output":"--- PASS: TestCostStrictDecode/oversized (0.00s)\n"}
{"Time":"2026-09-05T23:55:25.884191+09:00","Action":"pass","Package":"waiting-room/internal/installplan","Test":"TestCostStrictDecode/oversized","Elapsed":0}
{"Time":"2026-09-05T23:55:25.884202+09:00","Action":"run","Package":"waiting-room/internal/installplan","Test":"TestCostStrictDecode/missing"}
{"Time":"2026-09-05T23:55:25.884204+09:00","Action":"output","Package":"waiting-room/internal/installplan","Test":"TestCostStrictDecode/missing","Output":"=== RUN   TestCostStrictDecode/missing\n"}
{"Time":"2026-09-05T23:55:25.884302+09:00","Action":"output","Package":"waiting-room/internal/installplan","Test":"TestCostStrictDecode/missing","Output":"--- PASS: TestCostStrictDecode/missing (0.00s)\n"}
{"Time":"2026-09-05T23:55:25.884307+09:00","Action":"pass","Package":"waiting-room/internal/installplan","Test":"TestCostStrictDecode/missing","Elapsed":0}
{"Time":"2026-09-05T23:55:25.884371+09:00","Action":"output","Package":"waiting-room/internal/installplan","Test":"TestCostStrictDecode","Output":"--- PASS: TestCostStrictDecode (0.00s)\n"}
{"Time":"2026-09-05T23:55:25.884375+09:00","Action":"pass","Package":"waiting-room/internal/installplan","Test":"TestCostStrictDecode","Elapsed":0}
{"Time":"2026-09-05T23:55:25.884377+09:00","Action":"run","Package":"waiting-room/internal/installplan","Test":"TestCostMaximumAndDeterminism"}
{"Time":"2026-09-05T23:55:25.884378+09:00","Action":"output","Package":"waiting-room/internal/installplan","Test":"TestCostMaximumAndDeterminism","Output":"=== RUN   TestCostMaximumAndDeterminism\n"}
{"Time":"2026-09-05T23:55:25.88483+09:00","Action":"run","Package":"waiting-room/internal/installplan","Test":"TestCostMaximumAndDeterminism/repeat"}
{"Time":"2026-09-05T23:55:25.884835+09:00","Action":"output","Package":"waiting-room/internal/installplan","Test":"TestCostMaximumAndDeterminism/repeat","Output":"=== RUN   TestCostMaximumAndDeterminism/repeat\n"}
{"Time":"2026-09-05T23:55:25.884838+09:00","Action":"output","Package":"waiting-room/internal/installplan","Test":"TestCostMaximumAndDeterminism/repeat","Output":"=== PAUSE TestCostMaximumAndDeterminism/repeat\n"}
{"Time":"2026-09-05T23:55:25.88484+09:00","Action":"pause","Package":"waiting-room/internal/installplan","Test":"TestCostMaximumAndDeterminism/repeat"}
{"Time":"2026-09-05T23:55:25.884862+09:00","Action":"run","Package":"waiting-room/internal/installplan","Test":"TestCostMaximumAndDeterminism/repeat#01"}
{"Time":"2026-09-05T23:55:25.884866+09:00","Action":"output","Package":"waiting-room/internal/installplan","Test":"TestCostMaximumAndDeterminism/repeat#01","Output":"=== RUN   TestCostMaximumAndDeterminism/repeat#01\n"}
{"Time":"2026-09-05T23:55:25.884877+09:00","Action":"output","Package":"waiting-room/internal/installplan","Test":"TestCostMaximumAndDeterminism/repeat#01","Output":"=== PAUSE TestCostMaximumAndDeterminism/repeat#01\n"}
{"Time":"2026-09-05T23:55:25.884879+09:00","Action":"pause","Package":"waiting-room/internal/installplan","Test":"TestCostMaximumAndDeterminism/repeat#01"}
{"Time":"2026-09-05T23:55:25.884893+09:00","Action":"run","Package":"waiting-room/internal/installplan","Test":"TestCostMaximumAndDeterminism/repeat#02"}
{"Time":"2026-09-05T23:55:25.884896+09:00","Action":"output","Package":"waiting-room/internal/installplan","Test":"TestCostMaximumAndDeterminism/repeat#02","Output":"=== RUN   TestCostMaximumAndDeterminism/repeat#02\n"}
{"Time":"2026-09-05T23:55:25.884908+09:00","Action":"output","Package":"waiting-room/internal/installplan","Test":"TestCostMaximumAndDeterminism/repeat#02","Output":"=== PAUSE TestCostMaximumAndDeterminism/repeat#02\n"}
{"Time":"2026-09-05T23:55:25.884911+09:00","Action":"pause","Package":"waiting-room/internal/installplan","Test":"TestCostMaximumAndDeterminism/repeat#02"}
{"Time":"2026-09-05T23:55:25.884928+09:00","Action":"run","Package":"waiting-room/internal/installplan","Test":"TestCostMaximumAndDeterminism/repeat#03"}
{"Time":"2026-09-05T23:55:25.884929+09:00","Action":"output","Package":"waiting-room/internal/installplan","Test":"TestCostMaximumAndDeterminism/repeat#03","Output":"=== RUN   TestCostMaximumAndDeterminism/repeat#03\n"}
{"Time":"2026-09-05T23:55:25.884939+09:00","Action":"output","Package":"waiting-room/internal/installplan","Test":"TestCostMaximumAndDeterminism/repeat#03","Output":"=== PAUSE TestCostMaximumAndDeterminism/repeat#03\n"}
{"Time":"2026-09-05T23:55:25.884941+09:00","Action":"pause","Package":"waiting-room/internal/installplan","Test":"TestCostMaximumAndDeterminism/repeat#03"}
{"Time":"2026-09-05T23:55:25.884953+09:00","Action":"run","Package":"waiting-room/internal/installplan","Test":"TestCostMaximumAndDeterminism/repeat#04"}
{"Time":"2026-09-05T23:55:25.884954+09:00","Action":"output","Package":"waiting-room/internal/installplan","Test":"TestCostMaximumAndDeterminism/repeat#04","Output":"=== RUN   TestCostMaximumAndDeterminism/repeat#04\n"}
{"Time":"2026-09-05T23:55:25.884968+09:00","Action":"output","Package":"waiting-room/internal/installplan","Test":"TestCostMaximumAndDeterminism/repeat#04","Output":"=== PAUSE TestCostMaximumAndDeterminism/repeat#04\n"}
{"Time":"2026-09-05T23:55:25.884971+09:00","Action":"pause","Package":"waiting-room/internal/installplan","Test":"TestCostMaximumAndDeterminism/repeat#04"}
{"Time":"2026-09-05T23:55:25.884984+09:00","Action":"run","Package":"waiting-room/internal/installplan","Test":"TestCostMaximumAndDeterminism/repeat#05"}
{"Time":"2026-09-05T23:55:25.884986+09:00","Action":"output","Package":"waiting-room/internal/installplan","Test":"TestCostMaximumAndDeterminism/repeat#05","Output":"=== RUN   TestCostMaximumAndDeterminism/repeat#05\n"}
{"Time":"2026-09-05T23:55:25.885+09:00","Action":"output","Package":"waiting-room/internal/installplan","Test":"TestCostMaximumAndDeterminism/repeat#05","Output":"=== PAUSE TestCostMaximumAndDeterminism/repeat#05\n"}
{"Time":"2026-09-05T23:55:25.885003+09:00","Action":"pause","Package":"waiting-room/internal/installplan","Test":"TestCostMaximumAndDeterminism/repeat#05"}
{"Time":"2026-09-05T23:55:25.885014+09:00","Action":"run","Package":"waiting-room/internal/installplan","Test":"TestCostMaximumAndDeterminism/repeat#06"}
{"Time":"2026-09-05T23:55:25.885016+09:00","Action":"output","Package":"waiting-room/internal/installplan","Test":"TestCostMaximumAndDeterminism/repeat#06","Output":"=== RUN   TestCostMaximumAndDeterminism/repeat#06\n"}
{"Time":"2026-09-05T23:55:25.88503+09:00","Action":"output","Package":"waiting-room/internal/installplan","Test":"TestCostMaximumAndDeterminism/repeat#06","Output":"=== PAUSE TestCostMaximumAndDeterminism/repeat#06\n"}
{"Time":"2026-09-05T23:55:25.885034+09:00","Action":"pause","Package":"waiting-room/internal/installplan","Test":"TestCostMaximumAndDeterminism/repeat#06"}
{"Time":"2026-09-05T23:55:25.885045+09:00","Action":"run","Package":"waiting-room/internal/installplan","Test":"TestCostMaximumAndDeterminism/repeat#07"}
{"Time":"2026-09-05T23:55:25.885048+09:00","Action":"output","Package":"waiting-room/internal/installplan","Test":"TestCostMaximumAndDeterminism/repeat#07","Output":"=== RUN   TestCostMaximumAndDeterminism/repeat#07\n"}
{"Time":"2026-09-05T23:55:25.88506+09:00","Action":"output","Package":"waiting-room/internal/installplan","Test":"TestCostMaximumAndDeterminism/repeat#07","Output":"=== PAUSE TestCostMaximumAndDeterminism/repeat#07\n"}
{"Time":"2026-09-05T23:55:25.885063+09:00","Action":"pause","Package":"waiting-room/internal/installplan","Test":"TestCostMaximumAndDeterminism/repeat#07"}
{"Time":"2026-09-05T23:55:25.885079+09:00","Action":"run","Package":"waiting-room/internal/installplan","Test":"TestCostMaximumAndDeterminism/repeat#08"}
{"Time":"2026-09-05T23:55:25.885083+09:00","Action":"output","Package":"waiting-room/internal/installplan","Test":"TestCostMaximumAndDeterminism/repeat#08","Output":"=== RUN   TestCostMaximumAndDeterminism/repeat#08\n"}
{"Time":"2026-09-05T23:55:25.885091+09:00","Action":"output","Package":"waiting-room/internal/installplan","Test":"TestCostMaximumAndDeterminism/repeat#08","Output":"=== PAUSE TestCostMaximumAndDeterminism/repeat#08\n"}
{"Time":"2026-09-05T23:55:25.885093+09:00","Action":"pause","Package":"waiting-room/internal/installplan","Test":"TestCostMaximumAndDeterminism/repeat#08"}
{"Time":"2026-09-05T23:55:25.885104+09:00","Action":"run","Package":"waiting-room/internal/installplan","Test":"TestCostMaximumAndDeterminism/repeat#09"}
{"Time":"2026-09-05T23:55:25.885106+09:00","Action":"output","Package":"waiting-room/internal/installplan","Test":"TestCostMaximumAndDeterminism/repeat#09","Output":"=== RUN   TestCostMaximumAndDeterminism/repeat#09\n"}
{"Time":"2026-09-05T23:55:25.885119+09:00","Action":"output","Package":"waiting-room/internal/installplan","Test":"TestCostMaximumAndDeterminism/repeat#09","Output":"=== PAUSE TestCostMaximumAndDeterminism/repeat#09\n"}
{"Time":"2026-09-05T23:55:25.885121+09:00","Action":"pause","Package":"waiting-room/internal/installplan","Test":"TestCostMaximumAndDeterminism/repeat#09"}
{"Time":"2026-09-05T23:55:25.885134+09:00","Action":"run","Package":"waiting-room/internal/installplan","Test":"TestCostMaximumAndDeterminism/repeat#10"}
{"Time":"2026-09-05T23:55:25.885136+09:00","Action":"output","Package":"waiting-room/internal/installplan","Test":"TestCostMaximumAndDeterminism/repeat#10","Output":"=== RUN   TestCostMaximumAndDeterminism/repeat#10\n"}
{"Time":"2026-09-05T23:55:25.885147+09:00","Action":"output","Package":"waiting-room/internal/installplan","Test":"TestCostMaximumAndDeterminism/repeat#10","Output":"=== PAUSE TestCostMaximumAndDeterminism/repeat#10\n"}
{"Time":"2026-09-05T23:55:25.885149+09:00","Action":"pause","Package":"waiting-room/internal/installplan","Test":"TestCostMaximumAndDeterminism/repeat#10"}
{"Time":"2026-09-05T23:55:25.885161+09:00","Action":"run","Package":"waiting-room/internal/installplan","Test":"TestCostMaximumAndDeterminism/repeat#11"}
{"Time":"2026-09-05T23:55:25.885162+09:00","Action":"output","Package":"waiting-room/internal/installplan","Test":"TestCostMaximumAndDeterminism/repeat#11","Output":"=== RUN   TestCostMaximumAndDeterminism/repeat#11\n"}
{"Time":"2026-09-05T23:55:25.885171+09:00","Action":"output","Package":"waiting-room/internal/installplan","Test":"TestCostMaximumAndDeterminism/repeat#11","Output":"=== PAUSE TestCostMaximumAndDeterminism/repeat#11\n"}
{"Time":"2026-09-05T23:55:25.885173+09:00","Action":"pause","Package":"waiting-room/internal/installplan","Test":"TestCostMaximumAndDeterminism/repeat#11"}
{"Time":"2026-09-05T23:55:25.885187+09:00","Action":"run","Package":"waiting-room/internal/installplan","Test":"TestCostMaximumAndDeterminism/repeat#12"}
{"Time":"2026-09-05T23:55:25.885189+09:00","Action":"output","Package":"waiting-room/internal/installplan","Test":"TestCostMaximumAndDeterminism/repeat#12","Output":"=== RUN   TestCostMaximumAndDeterminism/repeat#12\n"}
{"Time":"2026-09-05T23:55:25.885201+09:00","Action":"output","Package":"waiting-room/internal/installplan","Test":"TestCostMaximumAndDeterminism/repeat#12","Output":"=== PAUSE TestCostMaximumAndDeterminism/repeat#12\n"}
{"Time":"2026-09-05T23:55:25.885203+09:00","Action":"pause","Package":"waiting-room/internal/installplan","Test":"TestCostMaximumAndDeterminism/repeat#12"}
{"Time":"2026-09-05T23:55:25.885214+09:00","Action":"run","Package":"waiting-room/internal/installplan","Test":"TestCostMaximumAndDeterminism/repeat#13"}
{"Time":"2026-09-05T23:55:25.885216+09:00","Action":"output","Package":"waiting-room/internal/installplan","Test":"TestCostMaximumAndDeterminism/repeat#13","Output":"=== RUN   TestCostMaximumAndDeterminism/repeat#13\n"}
{"Time":"2026-09-05T23:55:25.885227+09:00","Action":"output","Package":"waiting-room/internal/installplan","Test":"TestCostMaximumAndDeterminism/repeat#13","Output":"=== PAUSE TestCostMaximumAndDeterminism/repeat#13\n"}
{"Time":"2026-09-05T23:55:25.885229+09:00","Action":"pause","Package":"waiting-room/internal/installplan","Test":"TestCostMaximumAndDeterminism/repeat#13"}
{"Time":"2026-09-05T23:55:25.885241+09:00","Action":"run","Package":"waiting-room/internal/installplan","Test":"TestCostMaximumAndDeterminism/repeat#14"}
{"Time":"2026-09-05T23:55:25.885244+09:00","Action":"output","Package":"waiting-room/internal/installplan","Test":"TestCostMaximumAndDeterminism/repeat#14","Output":"=== RUN   TestCostMaximumAndDeterminism/repeat#14\n"}
{"Time":"2026-09-05T23:55:25.885254+09:00","Action":"output","Package":"waiting-room/internal/installplan","Test":"TestCostMaximumAndDeterminism/repeat#14","Output":"=== PAUSE TestCostMaximumAndDeterminism/repeat#14\n"}
{"Time":"2026-09-05T23:55:25.885255+09:00","Action":"pause","Package":"waiting-room/internal/installplan","Test":"TestCostMaximumAndDeterminism/repeat#14"}
{"Time":"2026-09-05T23:55:25.885286+09:00","Action":"run","Package":"waiting-room/internal/installplan","Test":"TestCostMaximumAndDeterminism/repeat#15"}
{"Time":"2026-09-05T23:55:25.885288+09:00","Action":"output","Package":"waiting-room/internal/installplan","Test":"TestCostMaximumAndDeterminism/repeat#15","Output":"=== RUN   TestCostMaximumAndDeterminism/repeat#15\n"}
{"Time":"2026-09-05T23:55:25.8853+09:00","Action":"output","Package":"waiting-room/internal/installplan","Test":"TestCostMaximumAndDeterminism/repeat#15","Output":"=== PAUSE TestCostMaximumAndDeterminism/repeat#15\n"}
{"Time":"2026-09-05T23:55:25.885304+09:00","Action":"pause","Package":"waiting-room/internal/installplan","Test":"TestCostMaximumAndDeterminism/repeat#15"}
{"Time":"2026-09-05T23:55:25.885314+09:00","Action":"run","Package":"waiting-room/internal/installplan","Test":"TestCostMaximumAndDeterminism/repeat#16"}
{"Time":"2026-09-05T23:55:25.885316+09:00","Action":"output","Package":"waiting-room/internal/installplan","Test":"TestCostMaximumAndDeterminism/repeat#16","Output":"=== RUN   TestCostMaximumAndDeterminism/repeat#16\n"}
{"Time":"2026-09-05T23:55:25.885331+09:00","Action":"output","Package":"waiting-room/internal/installplan","Test":"TestCostMaximumAndDeterminism/repeat#16","Output":"=== PAUSE TestCostMaximumAndDeterminism/repeat#16\n"}
{"Time":"2026-09-05T23:55:25.885333+09:00","Action":"pause","Package":"waiting-room/internal/installplan","Test":"TestCostMaximumAndDeterminism/repeat#16"}
{"Time":"2026-09-05T23:55:25.885347+09:00","Action":"run","Package":"waiting-room/internal/installplan","Test":"TestCostMaximumAndDeterminism/repeat#17"}
{"Time":"2026-09-05T23:55:25.88535+09:00","Action":"output","Package":"waiting-room/internal/installplan","Test":"TestCostMaximumAndDeterminism/repeat#17","Output":"=== RUN   TestCostMaximumAndDeterminism/repeat#17\n"}
{"Time":"2026-09-05T23:55:25.885363+09:00","Action":"output","Package":"waiting-room/internal/installplan","Test":"TestCostMaximumAndDeterminism/repeat#17","Output":"=== PAUSE TestCostMaximumAndDeterminism/repeat#17\n"}
{"Time":"2026-09-05T23:55:25.885368+09:00","Action":"pause","Package":"waiting-room/internal/installplan","Test":"TestCostMaximumAndDeterminism/repeat#17"}
{"Time":"2026-09-05T23:55:25.885371+09:00","Action":"run","Package":"waiting-room/internal/installplan","Test":"TestCostMaximumAndDeterminism/repeat#18"}
{"Time":"2026-09-05T23:55:25.885372+09:00","Action":"output","Package":"waiting-room/internal/installplan","Test":"TestCostMaximumAndDeterminism/repeat#18","Output":"=== RUN   TestCostMaximumAndDeterminism/repeat#18\n"}
{"Time":"2026-09-05T23:55:25.885387+09:00","Action":"output","Package":"waiting-room/internal/installplan","Test":"TestCostMaximumAndDeterminism/repeat#18","Output":"=== PAUSE TestCostMaximumAndDeterminism/repeat#18\n"}
{"Time":"2026-09-05T23:55:25.885392+09:00","Action":"pause","Package":"waiting-room/internal/installplan","Test":"TestCostMaximumAndDeterminism/repeat#18"}
{"Time":"2026-09-05T23:55:25.88541+09:00","Action":"run","Package":"waiting-room/internal/installplan","Test":"TestCostMaximumAndDeterminism/repeat#19"}
{"Time":"2026-09-05T23:55:25.885413+09:00","Action":"output","Package":"waiting-room/internal/installplan","Test":"TestCostMaximumAndDeterminism/repeat#19","Output":"=== RUN   TestCostMaximumAndDeterminism/repeat#19\n"}
{"Time":"2026-09-05T23:55:25.885419+09:00","Action":"output","Package":"waiting-room/internal/installplan","Test":"TestCostMaximumAndDeterminism/repeat#19","Output":"=== PAUSE TestCostMaximumAndDeterminism/repeat#19\n"}
{"Time":"2026-09-05T23:55:25.885422+09:00","Action":"pause","Package":"waiting-room/internal/installplan","Test":"TestCostMaximumAndDeterminism/repeat#19"}
{"Time":"2026-09-05T23:55:25.885436+09:00","Action":"run","Package":"waiting-room/internal/installplan","Test":"TestCostMaximumAndDeterminism/repeat#20"}
{"Time":"2026-09-05T23:55:25.885437+09:00","Action":"output","Package":"waiting-room/internal/installplan","Test":"TestCostMaximumAndDeterminism/repeat#20","Output":"=== RUN   TestCostMaximumAndDeterminism/repeat#20\n"}
{"Time":"2026-09-05T23:55:25.88545+09:00","Action":"output","Package":"waiting-room/internal/installplan","Test":"TestCostMaximumAndDeterminism/repeat#20","Output":"=== PAUSE TestCostMaximumAndDeterminism/repeat#20\n"}
{"Time":"2026-09-05T23:55:25.885452+09:00","Action":"pause","Package":"waiting-room/internal/installplan","Test":"TestCostMaximumAndDeterminism/repeat#20"}
{"Time":"2026-09-05T23:55:25.885472+09:00","Action":"run","Package":"waiting-room/internal/installplan","Test":"TestCostMaximumAndDeterminism/repeat#21"}
{"Time":"2026-09-05T23:55:25.885473+09:00","Action":"output","Package":"waiting-room/internal/installplan","Test":"TestCostMaximumAndDeterminism/repeat#21","Output":"=== RUN   TestCostMaximumAndDeterminism/repeat#21\n"}
{"Time":"2026-09-05T23:55:25.885484+09:00","Action":"output","Package":"waiting-room/internal/installplan","Test":"TestCostMaximumAndDeterminism/repeat#21","Output":"=== PAUSE TestCostMaximumAndDeterminism/repeat#21\n"}
{"Time":"2026-09-05T23:55:25.885487+09:00","Action":"pause","Package":"waiting-room/internal/installplan","Test":"TestCostMaximumAndDeterminism/repeat#21"}
{"Time":"2026-09-05T23:55:25.885503+09:00","Action":"run","Package":"waiting-room/internal/installplan","Test":"TestCostMaximumAndDeterminism/repeat#22"}
{"Time":"2026-09-05T23:55:25.885507+09:00","Action":"output","Package":"waiting-room/internal/installplan","Test":"TestCostMaximumAndDeterminism/repeat#22","Output":"=== RUN   TestCostMaximumAndDeterminism/repeat#22\n"}
{"Time":"2026-09-05T23:55:25.885516+09:00","Action":"output","Package":"waiting-room/internal/installplan","Test":"TestCostMaximumAndDeterminism/repeat#22","Output":"=== PAUSE TestCostMaximumAndDeterminism/repeat#22\n"}
{"Time":"2026-09-05T23:55:25.88552+09:00","Action":"pause","Package":"waiting-room/internal/installplan","Test":"TestCostMaximumAndDeterminism/repeat#22"}
{"Time":"2026-09-05T23:55:25.885529+09:00","Action":"run","Package":"waiting-room/internal/installplan","Test":"TestCostMaximumAndDeterminism/repeat#23"}
{"Time":"2026-09-05T23:55:25.885531+09:00","Action":"output","Package":"waiting-room/internal/installplan","Test":"TestCostMaximumAndDeterminism/repeat#23","Output":"=== RUN   TestCostMaximumAndDeterminism/repeat#23\n"}
{"Time":"2026-09-05T23:55:25.88554+09:00","Action":"output","Package":"waiting-room/internal/installplan","Test":"TestCostMaximumAndDeterminism/repeat#23","Output":"=== PAUSE TestCostMaximumAndDeterminism/repeat#23\n"}
{"Time":"2026-09-05T23:55:25.885542+09:00","Action":"pause","Package":"waiting-room/internal/installplan","Test":"TestCostMaximumAndDeterminism/repeat#23"}
{"Time":"2026-09-05T23:55:25.885552+09:00","Action":"run","Package":"waiting-room/internal/installplan","Test":"TestCostMaximumAndDeterminism/repeat#24"}
{"Time":"2026-09-05T23:55:25.885555+09:00","Action":"output","Package":"waiting-room/internal/installplan","Test":"TestCostMaximumAndDeterminism/repeat#24","Output":"=== RUN   TestCostMaximumAndDeterminism/repeat#24\n"}
{"Time":"2026-09-05T23:55:25.885567+09:00","Action":"output","Package":"waiting-room/internal/installplan","Test":"TestCostMaximumAndDeterminism/repeat#24","Output":"=== PAUSE TestCostMaximumAndDeterminism/repeat#24\n"}
{"Time":"2026-09-05T23:55:25.885569+09:00","Action":"pause","Package":"waiting-room/internal/installplan","Test":"TestCostMaximumAndDeterminism/repeat#24"}
{"Time":"2026-09-05T23:55:25.885581+09:00","Action":"run","Package":"waiting-room/internal/installplan","Test":"TestCostMaximumAndDeterminism/repeat#25"}
{"Time":"2026-09-05T23:55:25.885583+09:00","Action":"output","Package":"waiting-room/internal/installplan","Test":"TestCostMaximumAndDeterminism/repeat#25","Output":"=== RUN   TestCostMaximumAndDeterminism/repeat#25\n"}
{"Time":"2026-09-05T23:55:25.885593+09:00","Action":"output","Package":"waiting-room/internal/installplan","Test":"TestCostMaximumAndDeterminism/repeat#25","Output":"=== PAUSE TestCostMaximumAndDeterminism/repeat#25\n"}
{"Time":"2026-09-05T23:55:25.885595+09:00","Action":"pause","Package":"waiting-room/internal/installplan","Test":"TestCostMaximumAndDeterminism/repeat#25"}
{"Time":"2026-09-05T23:55:25.88561+09:00","Action":"run","Package":"waiting-room/internal/installplan","Test":"TestCostMaximumAndDeterminism/repeat#26"}
{"Time":"2026-09-05T23:55:25.885612+09:00","Action":"output","Package":"waiting-room/internal/installplan","Test":"TestCostMaximumAndDeterminism/repeat#26","Output":"=== RUN   TestCostMaximumAndDeterminism/repeat#26\n"}
{"Time":"2026-09-05T23:55:25.885623+09:00","Action":"output","Package":"waiting-room/internal/installplan","Test":"TestCostMaximumAndDeterminism/repeat#26","Output":"=== PAUSE TestCostMaximumAndDeterminism/repeat#26\n"}
{"Time":"2026-09-05T23:55:25.885625+09:00","Action":"pause","Package":"waiting-room/internal/installplan","Test":"TestCostMaximumAndDeterminism/repeat#26"}
{"Time":"2026-09-05T23:55:25.885659+09:00","Action":"run","Package":"waiting-room/internal/installplan","Test":"TestCostMaximumAndDeterminism/repeat#27"}
{"Time":"2026-09-05T23:55:25.885662+09:00","Action":"output","Package":"waiting-room/internal/installplan","Test":"TestCostMaximumAndDeterminism/repeat#27","Output":"=== RUN   TestCostMaximumAndDeterminism/repeat#27\n"}
{"Time":"2026-09-05T23:55:25.885663+09:00","Action":"output","Package":"waiting-room/internal/installplan","Test":"TestCostMaximumAndDeterminism/repeat#27","Output":"=== PAUSE TestCostMaximumAndDeterminism/repeat#27\n"}
{"Time":"2026-09-05T23:55:25.885665+09:00","Action":"pause","Package":"waiting-room/internal/installplan","Test":"TestCostMaximumAndDeterminism/repeat#27"}
{"Time":"2026-09-05T23:55:25.885681+09:00","Action":"run","Package":"waiting-room/internal/installplan","Test":"TestCostMaximumAndDeterminism/repeat#28"}
{"Time":"2026-09-05T23:55:25.885683+09:00","Action":"output","Package":"waiting-room/internal/installplan","Test":"TestCostMaximumAndDeterminism/repeat#28","Output":"=== RUN   TestCostMaximumAndDeterminism/repeat#28\n"}
{"Time":"2026-09-05T23:55:25.885696+09:00","Action":"output","Package":"waiting-room/internal/installplan","Test":"TestCostMaximumAndDeterminism/repeat#28","Output":"=== PAUSE TestCostMaximumAndDeterminism/repeat#28\n"}
{"Time":"2026-09-05T23:55:25.885699+09:00","Action":"pause","Package":"waiting-room/internal/installplan","Test":"TestCostMaximumAndDeterminism/repeat#28"}
{"Time":"2026-09-05T23:55:25.885707+09:00","Action":"run","Package":"waiting-room/internal/installplan","Test":"TestCostMaximumAndDeterminism/repeat#29"}
{"Time":"2026-09-05T23:55:25.885709+09:00","Action":"output","Package":"waiting-room/internal/installplan","Test":"TestCostMaximumAndDeterminism/repeat#29","Output":"=== RUN   TestCostMaximumAndDeterminism/repeat#29\n"}
{"Time":"2026-09-05T23:55:25.885721+09:00","Action":"output","Package":"waiting-room/internal/installplan","Test":"TestCostMaximumAndDeterminism/repeat#29","Output":"=== PAUSE TestCostMaximumAndDeterminism/repeat#29\n"}
{"Time":"2026-09-05T23:55:25.885724+09:00","Action":"pause","Package":"waiting-room/internal/installplan","Test":"TestCostMaximumAndDeterminism/repeat#29"}
{"Time":"2026-09-05T23:55:25.885737+09:00","Action":"run","Package":"waiting-room/internal/installplan","Test":"TestCostMaximumAndDeterminism/repeat#30"}
{"Time":"2026-09-05T23:55:25.885739+09:00","Action":"output","Package":"waiting-room/internal/installplan","Test":"TestCostMaximumAndDeterminism/repeat#30","Output":"=== RUN   TestCostMaximumAndDeterminism/repeat#30\n"}
{"Time":"2026-09-05T23:55:25.885748+09:00","Action":"output","Package":"waiting-room/internal/installplan","Test":"TestCostMaximumAndDeterminism/repeat#30","Output":"=== PAUSE TestCostMaximumAndDeterminism/repeat#30\n"}
{"Time":"2026-09-05T23:55:25.88575+09:00","Action":"pause","Package":"waiting-room/internal/installplan","Test":"TestCostMaximumAndDeterminism/repeat#30"}
{"Time":"2026-09-05T23:55:25.885765+09:00","Action":"run","Package":"waiting-room/internal/installplan","Test":"TestCostMaximumAndDeterminism/repeat#31"}
{"Time":"2026-09-05T23:55:25.885767+09:00","Action":"output","Package":"waiting-room/internal/installplan","Test":"TestCostMaximumAndDeterminism/repeat#31","Output":"=== RUN   TestCostMaximumAndDeterminism/repeat#31\n"}
{"Time":"2026-09-05T23:55:25.885781+09:00","Action":"output","Package":"waiting-room/internal/installplan","Test":"TestCostMaximumAndDeterminism/repeat#31","Output":"=== PAUSE TestCostMaximumAndDeterminism/repeat#31\n"}
{"Time":"2026-09-05T23:55:25.885783+09:00","Action":"pause","Package":"waiting-room/internal/installplan","Test":"TestCostMaximumAndDeterminism/repeat#31"}
{"Time":"2026-09-05T23:55:25.885794+09:00","Action":"run","Package":"waiting-room/internal/installplan","Test":"TestCostMaximumAndDeterminism/repeat#32"}
{"Time":"2026-09-05T23:55:25.885796+09:00","Action":"output","Package":"waiting-room/internal/installplan","Test":"TestCostMaximumAndDeterminism/repeat#32","Output":"=== RUN   TestCostMaximumAndDeterminism/repeat#32\n"}
{"Time":"2026-09-05T23:55:25.885809+09:00","Action":"output","Package":"waiting-room/internal/installplan","Test":"TestCostMaximumAndDeterminism/repeat#32","Output":"=== PAUSE TestCostMaximumAndDeterminism/repeat#32\n"}
{"Time":"2026-09-05T23:55:25.885811+09:00","Action":"pause","Package":"waiting-room/internal/installplan","Test":"TestCostMaximumAndDeterminism/repeat#32"}
{"Time":"2026-09-05T23:55:25.885825+09:00","Action":"run","Package":"waiting-room/internal/installplan","Test":"TestCostMaximumAndDeterminism/repeat#33"}
{"Time":"2026-09-05T23:55:25.885827+09:00","Action":"output","Package":"waiting-room/internal/installplan","Test":"TestCostMaximumAndDeterminism/repeat#33","Output":"=== RUN   TestCostMaximumAndDeterminism/repeat#33\n"}
{"Time":"2026-09-05T23:55:25.885835+09:00","Action":"output","Package":"waiting-room/internal/installplan","Test":"TestCostMaximumAndDeterminism/repeat#33","Output":"=== PAUSE TestCostMaximumAndDeterminism/repeat#33\n"}
{"Time":"2026-09-05T23:55:25.885837+09:00","Action":"pause","Package":"waiting-room/internal/installplan","Test":"TestCostMaximumAndDeterminism/repeat#33"}
{"Time":"2026-09-05T23:55:25.88585+09:00","Action":"run","Package":"waiting-room/internal/installplan","Test":"TestCostMaximumAndDeterminism/repeat#34"}
{"Time":"2026-09-05T23:55:25.885851+09:00","Action":"output","Package":"waiting-room/internal/installplan","Test":"TestCostMaximumAndDeterminism/repeat#34","Output":"=== RUN   TestCostMaximumAndDeterminism/repeat#34\n"}
{"Time":"2026-09-05T23:55:25.885862+09:00","Action":"output","Package":"waiting-room/internal/installplan","Test":"TestCostMaximumAndDeterminism/repeat#34","Output":"=== PAUSE TestCostMaximumAndDeterminism/repeat#34\n"}
{"Time":"2026-09-05T23:55:25.885864+09:00","Action":"pause","Package":"waiting-room/internal/installplan","Test":"TestCostMaximumAndDeterminism/repeat#34"}
{"Time":"2026-09-05T23:55:25.885876+09:00","Action":"run","Package":"waiting-room/internal/installplan","Test":"TestCostMaximumAndDeterminism/repeat#35"}
{"Time":"2026-09-05T23:55:25.885879+09:00","Action":"output","Package":"waiting-room/internal/installplan","Test":"TestCostMaximumAndDeterminism/repeat#35","Output":"=== RUN   TestCostMaximumAndDeterminism/repeat#35\n"}
{"Time":"2026-09-05T23:55:25.885888+09:00","Action":"output","Package":"waiting-room/internal/installplan","Test":"TestCostMaximumAndDeterminism/repeat#35","Output":"=== PAUSE TestCostMaximumAndDeterminism/repeat#35\n"}
{"Time":"2026-09-05T23:55:25.88589+09:00","Action":"pause","Package":"waiting-room/internal/installplan","Test":"TestCostMaximumAndDeterminism/repeat#35"}
{"Time":"2026-09-05T23:55:25.885906+09:00","Action":"run","Package":"waiting-room/internal/installplan","Test":"TestCostMaximumAndDeterminism/repeat#36"}
{"Time":"2026-09-05T23:55:25.885909+09:00","Action":"output","Package":"waiting-room/internal/installplan","Test":"TestCostMaximumAndDeterminism/repeat#36","Output":"=== RUN   TestCostMaximumAndDeterminism/repeat#36\n"}
{"Time":"2026-09-05T23:55:25.885927+09:00","Action":"output","Package":"waiting-room/internal/installplan","Test":"TestCostMaximumAndDeterminism/repeat#36","Output":"=== PAUSE TestCostMaximumAndDeterminism/repeat#36\n"}
{"Time":"2026-09-05T23:55:25.885929+09:00","Action":"pause","Package":"waiting-room/internal/installplan","Test":"TestCostMaximumAndDeterminism/repeat#36"}
{"Time":"2026-09-05T23:55:25.885938+09:00","Action":"run","Package":"waiting-room/internal/installplan","Test":"TestCostMaximumAndDeterminism/repeat#37"}
{"Time":"2026-09-05T23:55:25.88594+09:00","Action":"output","Package":"waiting-room/internal/installplan","Test":"TestCostMaximumAndDeterminism/repeat#37","Output":"=== RUN   TestCostMaximumAndDeterminism/repeat#37\n"}
{"Time":"2026-09-05T23:55:25.885952+09:00","Action":"output","Package":"waiting-room/internal/installplan","Test":"TestCostMaximumAndDeterminism/repeat#37","Output":"=== PAUSE TestCostMaximumAndDeterminism/repeat#37\n"}
{"Time":"2026-09-05T23:55:25.885954+09:00","Action":"pause","Package":"waiting-room/internal/installplan","Test":"TestCostMaximumAndDeterminism/repeat#37"}
{"Time":"2026-09-05T23:55:25.885978+09:00","Action":"run","Package":"waiting-room/internal/installplan","Test":"TestCostMaximumAndDeterminism/repeat#38"}
{"Time":"2026-09-05T23:55:25.885987+09:00","Action":"output","Package":"waiting-room/internal/installplan","Test":"TestCostMaximumAndDeterminism/repeat#38","Output":"=== RUN   TestCostMaximumAndDeterminism/repeat#38\n"}
{"Time":"2026-09-05T23:55:25.885993+09:00","Action":"output","Package":"waiting-room/internal/installplan","Test":"TestCostMaximumAndDeterminism/repeat#38","Output":"=== PAUSE TestCostMaximumAndDeterminism/repeat#38\n"}
{"Time":"2026-09-05T23:55:25.886001+09:00","Action":"pause","Package":"waiting-room/internal/installplan","Test":"TestCostMaximumAndDeterminism/repeat#38"}
{"Time":"2026-09-05T23:55:25.886005+09:00","Action":"run","Package":"waiting-room/internal/installplan","Test":"TestCostMaximumAndDeterminism/repeat#39"}
{"Time":"2026-09-05T23:55:25.88601+09:00","Action":"output","Package":"waiting-room/internal/installplan","Test":"TestCostMaximumAndDeterminism/repeat#39","Output":"=== RUN   TestCostMaximumAndDeterminism/repeat#39\n"}
{"Time":"2026-09-05T23:55:25.886012+09:00","Action":"output","Package":"waiting-room/internal/installplan","Test":"TestCostMaximumAndDeterminism/repeat#39","Output":"=== PAUSE TestCostMaximumAndDeterminism/repeat#39\n"}
{"Time":"2026-09-05T23:55:25.886013+09:00","Action":"pause","Package":"waiting-room/internal/installplan","Test":"TestCostMaximumAndDeterminism/repeat#39"}
{"Time":"2026-09-05T23:55:25.886031+09:00","Action":"run","Package":"waiting-room/internal/installplan","Test":"TestCostMaximumAndDeterminism/repeat#40"}
{"Time":"2026-09-05T23:55:25.886035+09:00","Action":"output","Package":"waiting-room/internal/installplan","Test":"TestCostMaximumAndDeterminism/repeat#40","Output":"=== RUN   TestCostMaximumAndDeterminism/repeat#40\n"}
{"Time":"2026-09-05T23:55:25.886037+09:00","Action":"output","Package":"waiting-room/internal/installplan","Test":"TestCostMaximumAndDeterminism/repeat#40","Output":"=== PAUSE TestCostMaximumAndDeterminism/repeat#40\n"}
{"Time":"2026-09-05T23:55:25.886038+09:00","Action":"pause","Package":"waiting-room/internal/installplan","Test":"TestCostMaximumAndDeterminism/repeat#40"}
{"Time":"2026-09-05T23:55:25.88605+09:00","Action":"run","Package":"waiting-room/internal/installplan","Test":"TestCostMaximumAndDeterminism/repeat#41"}
{"Time":"2026-09-05T23:55:25.886052+09:00","Action":"output","Package":"waiting-room/internal/installplan","Test":"TestCostMaximumAndDeterminism/repeat#41","Output":"=== RUN   TestCostMaximumAndDeterminism/repeat#41\n"}
{"Time":"2026-09-05T23:55:25.886061+09:00","Action":"output","Package":"waiting-room/internal/installplan","Test":"TestCostMaximumAndDeterminism/repeat#41","Output":"=== PAUSE TestCostMaximumAndDeterminism/repeat#41\n"}
{"Time":"2026-09-05T23:55:25.886063+09:00","Action":"pause","Package":"waiting-room/internal/installplan","Test":"TestCostMaximumAndDeterminism/repeat#41"}
{"Time":"2026-09-05T23:55:25.886071+09:00","Action":"run","Package":"waiting-room/internal/installplan","Test":"TestCostMaximumAndDeterminism/repeat#42"}
{"Time":"2026-09-05T23:55:25.886072+09:00","Action":"output","Package":"waiting-room/internal/installplan","Test":"TestCostMaximumAndDeterminism/repeat#42","Output":"=== RUN   TestCostMaximumAndDeterminism/repeat#42\n"}
{"Time":"2026-09-05T23:55:25.886085+09:00","Action":"output","Package":"waiting-room/internal/installplan","Test":"TestCostMaximumAndDeterminism/repeat#42","Output":"=== PAUSE TestCostMaximumAndDeterminism/repeat#42\n"}
{"Time":"2026-09-05T23:55:25.886087+09:00","Action":"pause","Package":"waiting-room/internal/installplan","Test":"TestCostMaximumAndDeterminism/repeat#42"}
{"Time":"2026-09-05T23:55:25.886101+09:00","Action":"run","Package":"waiting-room/internal/installplan","Test":"TestCostMaximumAndDeterminism/repeat#43"}
{"Time":"2026-09-05T23:55:25.886104+09:00","Action":"output","Package":"waiting-room/internal/installplan","Test":"TestCostMaximumAndDeterminism/repeat#43","Output":"=== RUN   TestCostMaximumAndDeterminism/repeat#43\n"}
{"Time":"2026-09-05T23:55:25.886111+09:00","Action":"output","Package":"waiting-room/internal/installplan","Test":"TestCostMaximumAndDeterminism/repeat#43","Output":"=== PAUSE TestCostMaximumAndDeterminism/repeat#43\n"}
{"Time":"2026-09-05T23:55:25.886114+09:00","Action":"pause","Package":"waiting-room/internal/installplan","Test":"TestCostMaximumAndDeterminism/repeat#43"}
{"Time":"2026-09-05T23:55:25.886123+09:00","Action":"run","Package":"waiting-room/internal/installplan","Test":"TestCostMaximumAndDeterminism/repeat#44"}
{"Time":"2026-09-05T23:55:25.886125+09:00","Action":"output","Package":"waiting-room/internal/installplan","Test":"TestCostMaximumAndDeterminism/repeat#44","Output":"=== RUN   TestCostMaximumAndDeterminism/repeat#44\n"}
{"Time":"2026-09-05T23:55:25.886137+09:00","Action":"output","Package":"waiting-room/internal/installplan","Test":"TestCostMaximumAndDeterminism/repeat#44","Output":"=== PAUSE TestCostMaximumAndDeterminism/repeat#44\n"}
{"Time":"2026-09-05T23:55:25.88614+09:00","Action":"pause","Package":"waiting-room/internal/installplan","Test":"TestCostMaximumAndDeterminism/repeat#44"}
{"Time":"2026-09-05T23:55:25.886149+09:00","Action":"run","Package":"waiting-room/internal/installplan","Test":"TestCostMaximumAndDeterminism/repeat#45"}
{"Time":"2026-09-05T23:55:25.88615+09:00","Action":"output","Package":"waiting-room/internal/installplan","Test":"TestCostMaximumAndDeterminism/repeat#45","Output":"=== RUN   TestCostMaximumAndDeterminism/repeat#45\n"}
{"Time":"2026-09-05T23:55:25.886163+09:00","Action":"output","Package":"waiting-room/internal/installplan","Test":"TestCostMaximumAndDeterminism/repeat#45","Output":"=== PAUSE TestCostMaximumAndDeterminism/repeat#45\n"}
{"Time":"2026-09-05T23:55:25.886165+09:00","Action":"pause","Package":"waiting-room/internal/installplan","Test":"TestCostMaximumAndDeterminism/repeat#45"}
{"Time":"2026-09-05T23:55:25.886178+09:00","Action":"run","Package":"waiting-room/internal/installplan","Test":"TestCostMaximumAndDeterminism/repeat#46"}
{"Time":"2026-09-05T23:55:25.88618+09:00","Action":"output","Package":"waiting-room/internal/installplan","Test":"TestCostMaximumAndDeterminism/repeat#46","Output":"=== RUN   TestCostMaximumAndDeterminism/repeat#46\n"}
{"Time":"2026-09-05T23:55:25.886192+09:00","Action":"output","Package":"waiting-room/internal/installplan","Test":"TestCostMaximumAndDeterminism/repeat#46","Output":"=== PAUSE TestCostMaximumAndDeterminism/repeat#46\n"}
{"Time":"2026-09-05T23:55:25.886195+09:00","Action":"pause","Package":"waiting-room/internal/installplan","Test":"TestCostMaximumAndDeterminism/repeat#46"}
{"Time":"2026-09-05T23:55:25.886205+09:00","Action":"run","Package":"waiting-room/internal/installplan","Test":"TestCostMaximumAndDeterminism/repeat#47"}
{"Time":"2026-09-05T23:55:25.886207+09:00","Action":"output","Package":"waiting-room/internal/installplan","Test":"TestCostMaximumAndDeterminism/repeat#47","Output":"=== RUN   TestCostMaximumAndDeterminism/repeat#47\n"}
{"Time":"2026-09-05T23:55:25.886217+09:00","Action":"output","Package":"waiting-room/internal/installplan","Test":"TestCostMaximumAndDeterminism/repeat#47","Output":"=== PAUSE TestCostMaximumAndDeterminism/repeat#47\n"}
{"Time":"2026-09-05T23:55:25.88622+09:00","Action":"pause","Package":"waiting-room/internal/installplan","Test":"TestCostMaximumAndDeterminism/repeat#47"}
{"Time":"2026-09-05T23:55:25.886229+09:00","Action":"run","Package":"waiting-room/internal/installplan","Test":"TestCostMaximumAndDeterminism/repeat#48"}
{"Time":"2026-09-05T23:55:25.886231+09:00","Action":"output","Package":"waiting-room/internal/installplan","Test":"TestCostMaximumAndDeterminism/repeat#48","Output":"=== RUN   TestCostMaximumAndDeterminism/repeat#48\n"}
{"Time":"2026-09-05T23:55:25.886241+09:00","Action":"output","Package":"waiting-room/internal/installplan","Test":"TestCostMaximumAndDeterminism/repeat#48","Output":"=== PAUSE TestCostMaximumAndDeterminism/repeat#48\n"}
{"Time":"2026-09-05T23:55:25.886243+09:00","Action":"pause","Package":"waiting-room/internal/installplan","Test":"TestCostMaximumAndDeterminism/repeat#48"}
{"Time":"2026-09-05T23:55:25.886256+09:00","Action":"run","Package":"waiting-room/internal/installplan","Test":"TestCostMaximumAndDeterminism/repeat#49"}
{"Time":"2026-09-05T23:55:25.886258+09:00","Action":"output","Package":"waiting-room/internal/installplan","Test":"TestCostMaximumAndDeterminism/repeat#49","Output":"=== RUN   TestCostMaximumAndDeterminism/repeat#49\n"}
{"Time":"2026-09-05T23:55:25.886268+09:00","Action":"output","Package":"waiting-room/internal/installplan","Test":"TestCostMaximumAndDeterminism/repeat#49","Output":"=== PAUSE TestCostMaximumAndDeterminism/repeat#49\n"}
{"Time":"2026-09-05T23:55:25.88627+09:00","Action":"pause","Package":"waiting-room/internal/installplan","Test":"TestCostMaximumAndDeterminism/repeat#49"}
{"Time":"2026-09-05T23:55:25.886292+09:00","Action":"cont","Package":"waiting-room/internal/installplan","Test":"TestCostMaximumAndDeterminism/repeat"}
{"Time":"2026-09-05T23:55:25.886295+09:00","Action":"output","Package":"waiting-room/internal/installplan","Test":"TestCostMaximumAndDeterminism/repeat","Output":"=== CONT  TestCostMaximumAndDeterminism/repeat\n"}
{"Time":"2026-09-05T23:55:25.886311+09:00","Action":"cont","Package":"waiting-room/internal/installplan","Test":"TestCostMaximumAndDeterminism/repeat#24"}
{"Time":"2026-09-05T23:55:25.886313+09:00","Action":"output","Package":"waiting-room/internal/installplan","Test":"TestCostMaximumAndDeterminism/repeat#24","Output":"=== CONT  TestCostMaximumAndDeterminism/repeat#24\n"}
{"Time":"2026-09-05T23:55:25.886354+09:00","Action":"cont","Package":"waiting-room/internal/installplan","Test":"TestCostMaximumAndDeterminism/repeat#15"}
{"Time":"2026-09-05T23:55:25.886358+09:00","Action":"output","Package":"waiting-room/internal/installplan","Test":"TestCostMaximumAndDeterminism/repeat#15","Output":"=== CONT  TestCostMaximumAndDeterminism/repeat#15\n"}
{"Time":"2026-09-05T23:55:25.886404+09:00","Action":"cont","Package":"waiting-room/internal/installplan","Test":"TestCostMaximumAndDeterminism/repeat#23"}
{"Time":"2026-09-05T23:55:25.886408+09:00","Action":"output","Package":"waiting-room/internal/installplan","Test":"TestCostMaximumAndDeterminism/repeat#23","Output":"=== CONT  TestCostMaximumAndDeterminism/repeat#23\n"}
{"Time":"2026-09-05T23:55:25.886458+09:00","Action":"output","Package":"waiting-room/internal/installplan","Test":"TestCostMaximumAndDeterminism/repeat","Output":"--- PASS: TestCostMaximumAndDeterminism/repeat (0.00s)\n"}
{"Time":"2026-09-05T23:55:25.886466+09:00","Action":"pass","Package":"waiting-room/internal/installplan","Test":"TestCostMaximumAndDeterminism/repeat","Elapsed":0}
{"Time":"2026-09-05T23:55:25.886468+09:00","Action":"cont","Package":"waiting-room/internal/installplan","Test":"TestCostMaximumAndDeterminism/repeat#04"}
{"Time":"2026-09-05T23:55:25.886469+09:00","Action":"output","Package":"waiting-room/internal/installplan","Test":"TestCostMaximumAndDeterminism/repeat#04","Output":"=== CONT  TestCostMaximumAndDeterminism/repeat#04\n"}
{"Time":"2026-09-05T23:55:25.8865+09:00","Action":"cont","Package":"waiting-room/internal/installplan","Test":"TestCostMaximumAndDeterminism/repeat#22"}
{"Time":"2026-09-05T23:55:25.886505+09:00","Action":"output","Package":"waiting-room/internal/installplan","Test":"TestCostMaximumAndDeterminism/repeat#22","Output":"=== CONT  TestCostMaximumAndDeterminism/repeat#22\n"}
{"Time":"2026-09-05T23:55:25.886596+09:00","Action":"cont","Package":"waiting-room/internal/installplan","Test":"TestCostMaximumAndDeterminism/repeat#21"}
{"Time":"2026-09-05T23:55:25.886601+09:00","Action":"output","Package":"waiting-room/internal/installplan","Test":"TestCostMaximumAndDeterminism/repeat#21","Output":"=== CONT  TestCostMaximumAndDeterminism/repeat#21\n"}
{"Time":"2026-09-05T23:55:25.88661+09:00","Action":"cont","Package":"waiting-room/internal/installplan","Test":"TestCostMaximumAndDeterminism/repeat#05"}
{"Time":"2026-09-05T23:55:25.886612+09:00","Action":"output","Package":"waiting-room/internal/installplan","Test":"TestCostMaximumAndDeterminism/repeat#05","Output":"=== CONT  TestCostMaximumAndDeterminism/repeat#05\n"}
{"Time":"2026-09-05T23:55:25.886666+09:00","Action":"cont","Package":"waiting-room/internal/installplan","Test":"TestCostMaximumAndDeterminism/repeat#09"}
{"Time":"2026-09-05T23:55:25.886671+09:00","Action":"output","Package":"waiting-room/internal/installplan","Test":"TestCostMaximumAndDeterminism/repeat#09","Output":"=== CONT  TestCostMaximumAndDeterminism/repeat#09\n"}
{"Time":"2026-09-05T23:55:25.886674+09:00","Action":"cont","Package":"waiting-room/internal/installplan","Test":"TestCostMaximumAndDeterminism/repeat#25"}
{"Time":"2026-09-05T23:55:25.886675+09:00","Action":"output","Package":"waiting-room/internal/installplan","Test":"TestCostMaximumAndDeterminism/repeat#25","Output":"=== CONT  TestCostMaximumAndDeterminism/repeat#25\n"}
{"Time":"2026-09-05T23:55:25.886708+09:00","Action":"cont","Package":"waiting-room/internal/installplan","Test":"TestCostMaximumAndDeterminism/repeat#06"}
{"Time":"2026-09-05T23:55:25.886714+09:00","Action":"output","Package":"waiting-room/internal/installplan","Test":"TestCostMaximumAndDeterminism/repeat#06","Output":"=== CONT  TestCostMaximumAndDeterminism/repeat#06\n"}
{"Time":"2026-09-05T23:55:25.886717+09:00","Action":"cont","Package":"waiting-room/internal/installplan","Test":"TestCostMaximumAndDeterminism/repeat#19"}
{"Time":"2026-09-05T23:55:25.886719+09:00","Action":"output","Package":"waiting-room/internal/installplan","Test":"TestCostMaximumAndDeterminism/repeat#19","Output":"=== CONT  TestCostMaximumAndDeterminism/repeat#19\n"}
{"Time":"2026-09-05T23:55:25.886747+09:00","Action":"cont","Package":"waiting-room/internal/installplan","Test":"TestCostMaximumAndDeterminism/repeat#11"}
{"Time":"2026-09-05T23:55:25.886752+09:00","Action":"output","Package":"waiting-room/internal/installplan","Test":"TestCostMaximumAndDeterminism/repeat#11","Output":"=== CONT  TestCostMaximumAndDeterminism/repeat#11\n"}
{"Time":"2026-09-05T23:55:25.886799+09:00","Action":"cont","Package":"waiting-room/internal/installplan","Test":"TestCostMaximumAndDeterminism/repeat#18"}
{"Time":"2026-09-05T23:55:25.886802+09:00","Action":"output","Package":"waiting-room/internal/installplan","Test":"TestCostMaximumAndDeterminism/repeat#18","Output":"=== CONT  TestCostMaximumAndDeterminism/repeat#18\n"}
{"Time":"2026-09-05T23:55:25.886883+09:00","Action":"cont","Package":"waiting-room/internal/installplan","Test":"TestCostMaximumAndDeterminism/repeat#12"}
{"Time":"2026-09-05T23:55:25.886889+09:00","Action":"output","Package":"waiting-room/internal/installplan","Test":"TestCostMaximumAndDeterminism/repeat#12","Output":"=== CONT  TestCostMaximumAndDeterminism/repeat#12\n"}
{"Time":"2026-09-05T23:55:25.886891+09:00","Action":"cont","Package":"waiting-room/internal/installplan","Test":"TestCostMaximumAndDeterminism/repeat#10"}
{"Time":"2026-09-05T23:55:25.886892+09:00","Action":"output","Package":"waiting-room/internal/installplan","Test":"TestCostMaximumAndDeterminism/repeat#10","Output":"=== CONT  TestCostMaximumAndDeterminism/repeat#10\n"}
{"Time":"2026-09-05T23:55:25.886908+09:00","Action":"cont","Package":"waiting-room/internal/installplan","Test":"TestCostMaximumAndDeterminism/repeat#38"}
{"Time":"2026-09-05T23:55:25.886912+09:00","Action":"output","Package":"waiting-room/internal/installplan","Test":"TestCostMaximumAndDeterminism/repeat#38","Output":"=== CONT  TestCostMaximumAndDeterminism/repeat#38\n"}
{"Time":"2026-09-05T23:55:25.887201+09:00","Action":"cont","Package":"waiting-room/internal/installplan","Test":"TestCostMaximumAndDeterminism/repeat#17"}
{"Time":"2026-09-05T23:55:25.887209+09:00","Action":"output","Package":"waiting-room/internal/installplan","Test":"TestCostMaximumAndDeterminism/repeat#17","Output":"=== CONT  TestCostMaximumAndDeterminism/repeat#17\n"}
{"Time":"2026-09-05T23:55:25.887246+09:00","Action":"cont","Package":"waiting-room/internal/installplan","Test":"TestCostMaximumAndDeterminism/repeat#16"}
{"Time":"2026-09-05T23:55:25.887254+09:00","Action":"output","Package":"waiting-room/internal/installplan","Test":"TestCostMaximumAndDeterminism/repeat#16","Output":"=== CONT  TestCostMaximumAndDeterminism/repeat#16\n"}
{"Time":"2026-09-05T23:55:25.887257+09:00","Action":"cont","Package":"waiting-room/internal/installplan","Test":"TestCostMaximumAndDeterminism/repeat#44"}
{"Time":"2026-09-05T23:55:25.887258+09:00","Action":"output","Package":"waiting-room/internal/installplan","Test":"TestCostMaximumAndDeterminism/repeat#44","Output":"=== CONT  TestCostMaximumAndDeterminism/repeat#44\n"}
{"Time":"2026-09-05T23:55:25.887789+09:00","Action":"cont","Package":"waiting-room/internal/installplan","Test":"TestCostMaximumAndDeterminism/repeat#20"}
{"Time":"2026-09-05T23:55:25.887792+09:00","Action":"output","Package":"waiting-room/internal/installplan","Test":"TestCostMaximumAndDeterminism/repeat#20","Output":"=== CONT  TestCostMaximumAndDeterminism/repeat#20\n"}
{"Time":"2026-09-05T23:55:25.887815+09:00","Action":"cont","Package":"waiting-room/internal/installplan","Test":"TestCostMaximumAndDeterminism/repeat#47"}
{"Time":"2026-09-05T23:55:25.88782+09:00","Action":"output","Package":"waiting-room/internal/installplan","Test":"TestCostMaximumAndDeterminism/repeat#47","Output":"=== CONT  TestCostMaximumAndDeterminism/repeat#47\n"}
{"Time":"2026-09-05T23:55:25.887823+09:00","Action":"cont","Package":"waiting-room/internal/installplan","Test":"TestCostMaximumAndDeterminism/repeat#14"}
{"Time":"2026-09-05T23:55:25.887824+09:00","Action":"output","Package":"waiting-room/internal/installplan","Test":"TestCostMaximumAndDeterminism/repeat#14","Output":"=== CONT  TestCostMaximumAndDeterminism/repeat#14\n"}
{"Time":"2026-09-05T23:55:25.887825+09:00","Action":"cont","Package":"waiting-room/internal/installplan","Test":"TestCostMaximumAndDeterminism/repeat#13"}
{"Time":"2026-09-05T23:55:25.887827+09:00","Action":"output","Package":"waiting-room/internal/installplan","Test":"TestCostMaximumAndDeterminism/repeat#13","Output":"=== CONT  TestCostMaximumAndDeterminism/repeat#13\n"}
{"Time":"2026-09-05T23:55:25.88783+09:00","Action":"output","Package":"waiting-room/internal/installplan","Test":"TestCostMaximumAndDeterminism/repeat#24","Output":"--- PASS: TestCostMaximumAndDeterminism/repeat#24 (0.00s)\n"}
{"Time":"2026-09-05T23:55:25.887832+09:00","Action":"pass","Package":"waiting-room/internal/installplan","Test":"TestCostMaximumAndDeterminism/repeat#24","Elapsed":0}
{"Time":"2026-09-05T23:55:25.887834+09:00","Action":"cont","Package":"waiting-room/internal/installplan","Test":"TestCostMaximumAndDeterminism/repeat#49"}
{"Time":"2026-09-05T23:55:25.887835+09:00","Action":"output","Package":"waiting-room/internal/installplan","Test":"TestCostMaximumAndDeterminism/repeat#49","Output":"=== CONT  TestCostMaximumAndDeterminism/repeat#49\n"}
{"Time":"2026-09-05T23:55:25.88788+09:00","Action":"cont","Package":"waiting-room/internal/installplan","Test":"TestCostMaximumAndDeterminism/repeat#41"}
{"Time":"2026-09-05T23:55:25.887896+09:00","Action":"output","Package":"waiting-room/internal/installplan","Test":"TestCostMaximumAndDeterminism/repeat#41","Output":"=== CONT  TestCostMaximumAndDeterminism/repeat#41\n"}
{"Time":"2026-09-05T23:55:25.887905+09:00","Action":"output","Package":"waiting-room/internal/installplan","Test":"TestCostMaximumAndDeterminism/repeat#44","Output":"--- PASS: TestCostMaximumAndDeterminism/repeat#44 (0.00s)\n"}
{"Time":"2026-09-05T23:55:25.887912+09:00","Action":"pass","Package":"waiting-room/internal/installplan","Test":"TestCostMaximumAndDeterminism/repeat#44","Elapsed":0}
{"Time":"2026-09-05T23:55:25.887915+09:00","Action":"cont","Package":"waiting-room/internal/installplan","Test":"TestCostMaximumAndDeterminism/repeat#39"}
{"Time":"2026-09-05T23:55:25.887917+09:00","Action":"output","Package":"waiting-room/internal/installplan","Test":"TestCostMaximumAndDeterminism/repeat#39","Output":"=== CONT  TestCostMaximumAndDeterminism/repeat#39\n"}
{"Time":"2026-09-05T23:55:25.88802+09:00","Action":"cont","Package":"waiting-room/internal/installplan","Test":"TestCostMaximumAndDeterminism/repeat#01"}
{"Time":"2026-09-05T23:55:25.888024+09:00","Action":"output","Package":"waiting-room/internal/installplan","Test":"TestCostMaximumAndDeterminism/repeat#01","Output":"=== CONT  TestCostMaximumAndDeterminism/repeat#01\n"}
{"Time":"2026-09-05T23:55:25.888026+09:00","Action":"cont","Package":"waiting-room/internal/installplan","Test":"TestCostMaximumAndDeterminism/repeat#03"}
{"Time":"2026-09-05T23:55:25.888027+09:00","Action":"output","Package":"waiting-room/internal/installplan","Test":"TestCostMaximumAndDeterminism/repeat#03","Output":"=== CONT  TestCostMaximumAndDeterminism/repeat#03\n"}
{"Time":"2026-09-05T23:55:25.88813+09:00","Action":"output","Package":"waiting-room/internal/installplan","Test":"TestCostMaximumAndDeterminism/repeat#18","Output":"--- PASS: TestCostMaximumAndDeterminism/repeat#18 (0.00s)\n"}
{"Time":"2026-09-05T23:55:25.888134+09:00","Action":"pass","Package":"waiting-room/internal/installplan","Test":"TestCostMaximumAndDeterminism/repeat#18","Elapsed":0}
{"Time":"2026-09-05T23:55:25.888136+09:00","Action":"output","Package":"waiting-room/internal/installplan","Test":"TestCostMaximumAndDeterminism/repeat#11","Output":"--- PASS: TestCostMaximumAndDeterminism/repeat#11 (0.00s)\n"}
{"Time":"2026-09-05T23:55:25.888137+09:00","Action":"pass","Package":"waiting-room/internal/installplan","Test":"TestCostMaximumAndDeterminism/repeat#11","Elapsed":0}
{"Time":"2026-09-05T23:55:25.888138+09:00","Action":"cont","Package":"waiting-room/internal/installplan","Test":"TestCostMaximumAndDeterminism/repeat#46"}
{"Time":"2026-09-05T23:55:25.888139+09:00","Action":"output","Package":"waiting-room/internal/installplan","Test":"TestCostMaximumAndDeterminism/repeat#46","Output":"=== CONT  TestCostMaximumAndDeterminism/repeat#46\n"}
{"Time":"2026-09-05T23:55:25.88814+09:00","Action":"output","Package":"waiting-room/internal/installplan","Test":"TestCostMaximumAndDeterminism/repeat#10","Output":"--- PASS: TestCostMaximumAndDeterminism/repeat#10 (0.00s)\n"}
{"Time":"2026-09-05T23:55:25.888141+09:00","Action":"pass","Package":"waiting-room/internal/installplan","Test":"TestCostMaximumAndDeterminism/repeat#10","Elapsed":0}
{"Time":"2026-09-05T23:55:25.888142+09:00","Action":"output","Package":"waiting-room/internal/installplan","Test":"TestCostMaximumAndDeterminism/repeat#47","Output":"--- PASS: TestCostMaximumAndDeterminism/repeat#47 (0.00s)\n"}
{"Time":"2026-09-05T23:55:25.888143+09:00","Action":"pass","Package":"waiting-room/internal/installplan","Test":"TestCostMaximumAndDeterminism/repeat#47","Elapsed":0}
{"Time":"2026-09-05T23:55:25.888144+09:00","Action":"cont","Package":"waiting-room/internal/installplan","Test":"TestCostMaximumAndDeterminism/repeat#07"}
{"Time":"2026-09-05T23:55:25.888145+09:00","Action":"output","Package":"waiting-room/internal/installplan","Test":"TestCostMaximumAndDeterminism/repeat#07","Output":"=== CONT  TestCostMaximumAndDeterminism/repeat#07\n"}
{"Time":"2026-09-05T23:55:25.888147+09:00","Action":"output","Package":"waiting-room/internal/installplan","Test":"TestCostMaximumAndDeterminism/repeat#14","Output":"--- PASS: TestCostMaximumAndDeterminism/repeat#14 (0.00s)\n"}
{"Time":"2026-09-05T23:55:25.88815+09:00","Action":"pass","Package":"waiting-room/internal/installplan","Test":"TestCostMaximumAndDeterminism/repeat#14","Elapsed":0}
{"Time":"2026-09-05T23:55:25.888152+09:00","Action":"output","Package":"waiting-room/internal/installplan","Test":"TestCostMaximumAndDeterminism/repeat#38","Output":"--- PASS: TestCostMaximumAndDeterminism/repeat#38 (0.00s)\n"}
{"Time":"2026-09-05T23:55:25.888153+09:00","Action":"pass","Package":"waiting-room/internal/installplan","Test":"TestCostMaximumAndDeterminism/repeat#38","Elapsed":0}
{"Time":"2026-09-05T23:55:25.888157+09:00","Action":"cont","Package":"waiting-room/internal/installplan","Test":"TestCostMaximumAndDeterminism/repeat#48"}
{"Time":"2026-09-05T23:55:25.888158+09:00","Action":"output","Package":"waiting-room/internal/installplan","Test":"TestCostMaximumAndDeterminism/repeat#48","Output":"=== CONT  TestCostMaximumAndDeterminism/repeat#48\n"}
{"Time":"2026-09-05T23:55:25.88816+09:00","Action":"cont","Package":"waiting-room/internal/installplan","Test":"TestCostMaximumAndDeterminism/repeat#31"}
{"Time":"2026-09-05T23:55:25.888161+09:00","Action":"output","Package":"waiting-room/internal/installplan","Test":"TestCostMaximumAndDeterminism/repeat#31","Output":"=== CONT  TestCostMaximumAndDeterminism/repeat#31\n"}
{"Time":"2026-09-05T23:55:25.888185+09:00","Action":"cont","Package":"waiting-room/internal/installplan","Test":"TestCostMaximumAndDeterminism/repeat#35"}
{"Time":"2026-09-05T23:55:25.88819+09:00","Action":"output","Package":"waiting-room/internal/installplan","Test":"TestCostMaximumAndDeterminism/repeat#35","Output":"=== CONT  TestCostMaximumAndDeterminism/repeat#35\n"}
{"Time":"2026-09-05T23:55:25.888192+09:00","Action":"cont","Package":"waiting-room/internal/installplan","Test":"TestCostMaximumAndDeterminism/repeat#36"}
{"Time":"2026-09-05T23:55:25.888194+09:00","Action":"output","Package":"waiting-room/internal/installplan","Test":"TestCostMaximumAndDeterminism/repeat#36","Output":"=== CONT  TestCostMaximumAndDeterminism/repeat#36\n"}
{"Time":"2026-09-05T23:55:25.888419+09:00","Action":"cont","Package":"waiting-room/internal/installplan","Test":"TestCostMaximumAndDeterminism/repeat#02"}
{"Time":"2026-09-05T23:55:25.888422+09:00","Action":"output","Package":"waiting-room/internal/installplan","Test":"TestCostMaximumAndDeterminism/repeat#02","Output":"=== CONT  TestCostMaximumAndDeterminism/repeat#02\n"}
{"Time":"2026-09-05T23:55:25.888424+09:00","Action":"cont","Package":"waiting-room/internal/installplan","Test":"TestCostMaximumAndDeterminism/repeat#34"}
{"Time":"2026-09-05T23:55:25.888425+09:00","Action":"output","Package":"waiting-room/internal/installplan","Test":"TestCostMaximumAndDeterminism/repeat#34","Output":"=== CONT  TestCostMaximumAndDeterminism/repeat#34\n"}
{"Time":"2026-09-05T23:55:25.888426+09:00","Action":"cont","Package":"waiting-room/internal/installplan","Test":"TestCostMaximumAndDeterminism/repeat#37"}
{"Time":"2026-09-05T23:55:25.888427+09:00","Action":"output","Package":"waiting-room/internal/installplan","Test":"TestCostMaximumAndDeterminism/repeat#37","Output":"=== CONT  TestCostMaximumAndDeterminism/repeat#37\n"}
{"Time":"2026-09-05T23:55:25.888428+09:00","Action":"cont","Package":"waiting-room/internal/installplan","Test":"TestCostMaximumAndDeterminism/repeat#43"}
{"Time":"2026-09-05T23:55:25.888429+09:00","Action":"output","Package":"waiting-room/internal/installplan","Test":"TestCostMaximumAndDeterminism/repeat#43","Output":"=== CONT  TestCostMaximumAndDeterminism/repeat#43\n"}
{"Time":"2026-09-05T23:55:25.88843+09:00","Action":"cont","Package":"waiting-room/internal/installplan","Test":"TestCostMaximumAndDeterminism/repeat#40"}
{"Time":"2026-09-05T23:55:25.888431+09:00","Action":"output","Package":"waiting-room/internal/installplan","Test":"TestCostMaximumAndDeterminism/repeat#40","Output":"=== CONT  TestCostMaximumAndDeterminism/repeat#40\n"}
{"Time":"2026-09-05T23:55:25.888432+09:00","Action":"cont","Package":"waiting-room/internal/installplan","Test":"TestCostMaximumAndDeterminism/repeat#28"}
{"Time":"2026-09-05T23:55:25.888433+09:00","Action":"output","Package":"waiting-room/internal/installplan","Test":"TestCostMaximumAndDeterminism/repeat#28","Output":"=== CONT  TestCostMaximumAndDeterminism/repeat#28\n"}
{"Time":"2026-09-05T23:55:25.888435+09:00","Action":"cont","Package":"waiting-room/internal/installplan","Test":"TestCostMaximumAndDeterminism/repeat#32"}
{"Time":"2026-09-05T23:55:25.888436+09:00","Action":"output","Package":"waiting-room/internal/installplan","Test":"TestCostMaximumAndDeterminism/repeat#32","Output":"=== CONT  TestCostMaximumAndDeterminism/repeat#32\n"}
{"Time":"2026-09-05T23:55:25.888437+09:00","Action":"cont","Package":"waiting-room/internal/installplan","Test":"TestCostMaximumAndDeterminism/repeat#29"}
{"Time":"2026-09-05T23:55:25.888442+09:00","Action":"output","Package":"waiting-room/internal/installplan","Test":"TestCostMaximumAndDeterminism/repeat#29","Output":"=== CONT  TestCostMaximumAndDeterminism/repeat#29\n"}
{"Time":"2026-09-05T23:55:25.888443+09:00","Action":"cont","Package":"waiting-room/internal/installplan","Test":"TestCostMaximumAndDeterminism/repeat#26"}
{"Time":"2026-09-05T23:55:25.888444+09:00","Action":"output","Package":"waiting-room/internal/installplan","Test":"TestCostMaximumAndDeterminism/repeat#26","Output":"=== CONT  TestCostMaximumAndDeterminism/repeat#26\n"}
{"Time":"2026-09-05T23:55:25.888477+09:00","Action":"cont","Package":"waiting-room/internal/installplan","Test":"TestCostMaximumAndDeterminism/repeat#27"}
{"Time":"2026-09-05T23:55:25.888482+09:00","Action":"output","Package":"waiting-room/internal/installplan","Test":"TestCostMaximumAndDeterminism/repeat#27","Output":"=== CONT  TestCostMaximumAndDeterminism/repeat#27\n"}
{"Time":"2026-09-05T23:55:25.888485+09:00","Action":"cont","Package":"waiting-room/internal/installplan","Test":"TestCostMaximumAndDeterminism/repeat#30"}
{"Time":"2026-09-05T23:55:25.888486+09:00","Action":"output","Package":"waiting-room/internal/installplan","Test":"TestCostMaximumAndDeterminism/repeat#30","Output":"=== CONT  TestCostMaximumAndDeterminism/repeat#30\n"}
{"Time":"2026-09-05T23:55:25.888488+09:00","Action":"output","Package":"waiting-room/internal/installplan","Test":"TestCostMaximumAndDeterminism/repeat#41","Output":"--- PASS: TestCostMaximumAndDeterminism/repeat#41 (0.00s)\n"}
{"Time":"2026-09-05T23:55:25.888505+09:00","Action":"pass","Package":"waiting-room/internal/installplan","Test":"TestCostMaximumAndDeterminism/repeat#41","Elapsed":0}
{"Time":"2026-09-05T23:55:25.88851+09:00","Action":"output","Package":"waiting-room/internal/installplan","Test":"TestCostMaximumAndDeterminism/repeat#34","Output":"--- PASS: TestCostMaximumAndDeterminism/repeat#34 (0.00s)\n"}
{"Time":"2026-09-05T23:55:25.888513+09:00","Action":"pass","Package":"waiting-room/internal/installplan","Test":"TestCostMaximumAndDeterminism/repeat#34","Elapsed":0}
{"Time":"2026-09-05T23:55:25.888514+09:00","Action":"cont","Package":"waiting-room/internal/installplan","Test":"TestCostMaximumAndDeterminism/repeat#45"}
{"Time":"2026-09-05T23:55:25.888516+09:00","Action":"output","Package":"waiting-room/internal/installplan","Test":"TestCostMaximumAndDeterminism/repeat#45","Output":"=== CONT  TestCostMaximumAndDeterminism/repeat#45\n"}
{"Time":"2026-09-05T23:55:25.888519+09:00","Action":"cont","Package":"waiting-room/internal/installplan","Test":"TestCostMaximumAndDeterminism/repeat#42"}
{"Time":"2026-09-05T23:55:25.888522+09:00","Action":"output","Package":"waiting-room/internal/installplan","Test":"TestCostMaximumAndDeterminism/repeat#42","Output":"=== CONT  TestCostMaximumAndDeterminism/repeat#42\n"}
{"Time":"2026-09-05T23:55:25.888716+09:00","Action":"output","Package":"waiting-room/internal/installplan","Test":"TestCostMaximumAndDeterminism/repeat#28","Output":"--- PASS: TestCostMaximumAndDeterminism/repeat#28 (0.00s)\n"}
{"Time":"2026-09-05T23:55:25.888724+09:00","Action":"pass","Package":"waiting-room/internal/installplan","Test":"TestCostMaximumAndDeterminism/repeat#28","Elapsed":0}
{"Time":"2026-09-05T23:55:25.888726+09:00","Action":"cont","Package":"waiting-room/internal/installplan","Test":"TestCostMaximumAndDeterminism/repeat#33"}
{"Time":"2026-09-05T23:55:25.888727+09:00","Action":"output","Package":"waiting-room/internal/installplan","Test":"TestCostMaximumAndDeterminism/repeat#33","Output":"=== CONT  TestCostMaximumAndDeterminism/repeat#33\n"}
{"Time":"2026-09-05T23:55:25.888729+09:00","Action":"output","Package":"waiting-room/internal/installplan","Test":"TestCostMaximumAndDeterminism/repeat#32","Output":"--- PASS: TestCostMaximumAndDeterminism/repeat#32 (0.00s)\n"}
{"Time":"2026-09-05T23:55:25.88873+09:00","Action":"pass","Package":"waiting-room/internal/installplan","Test":"TestCostMaximumAndDeterminism/repeat#32","Elapsed":0}
{"Time":"2026-09-05T23:55:25.888732+09:00","Action":"output","Package":"waiting-room/internal/installplan","Test":"TestCostMaximumAndDeterminism/repeat#40","Output":"--- PASS: TestCostMaximumAndDeterminism/repeat#40 (0.00s)\n"}
{"Time":"2026-09-05T23:55:25.888733+09:00","Action":"pass","Package":"waiting-room/internal/installplan","Test":"TestCostMaximumAndDeterminism/repeat#40","Elapsed":0}
{"Time":"2026-09-05T23:55:25.888734+09:00","Action":"output","Package":"waiting-room/internal/installplan","Test":"TestCostMaximumAndDeterminism/repeat#37","Output":"--- PASS: TestCostMaximumAndDeterminism/repeat#37 (0.00s)\n"}
{"Time":"2026-09-05T23:55:25.888735+09:00","Action":"pass","Package":"waiting-room/internal/installplan","Test":"TestCostMaximumAndDeterminism/repeat#37","Elapsed":0}
{"Time":"2026-09-05T23:55:25.888735+09:00","Action":"output","Package":"waiting-room/internal/installplan","Test":"TestCostMaximumAndDeterminism/repeat#17","Output":"--- PASS: TestCostMaximumAndDeterminism/repeat#17 (0.00s)\n"}
{"Time":"2026-09-05T23:55:25.888737+09:00","Action":"pass","Package":"waiting-room/internal/installplan","Test":"TestCostMaximumAndDeterminism/repeat#17","Elapsed":0}
{"Time":"2026-09-05T23:55:25.888738+09:00","Action":"output","Package":"waiting-room/internal/installplan","Test":"TestCostMaximumAndDeterminism/repeat#21","Output":"--- PASS: TestCostMaximumAndDeterminism/repeat#21 (0.00s)\n"}
{"Time":"2026-09-05T23:55:25.888739+09:00","Action":"pass","Package":"waiting-room/internal/installplan","Test":"TestCostMaximumAndDeterminism/repeat#21","Elapsed":0}
{"Time":"2026-09-05T23:55:25.88874+09:00","Action":"output","Package":"waiting-room/internal/installplan","Test":"TestCostMaximumAndDeterminism/repeat#30","Output":"--- PASS: TestCostMaximumAndDeterminism/repeat#30 (0.00s)\n"}
{"Time":"2026-09-05T23:55:25.888741+09:00","Action":"pass","Package":"waiting-room/internal/installplan","Test":"TestCostMaximumAndDeterminism/repeat#30","Elapsed":0}
{"Time":"2026-09-05T23:55:25.888742+09:00","Action":"output","Package":"waiting-room/internal/installplan","Test":"TestCostMaximumAndDeterminism/repeat#20","Output":"--- PASS: TestCostMaximumAndDeterminism/repeat#20 (0.00s)\n"}
{"Time":"2026-09-05T23:55:25.888767+09:00","Action":"pass","Package":"waiting-room/internal/installplan","Test":"TestCostMaximumAndDeterminism/repeat#20","Elapsed":0}
{"Time":"2026-09-05T23:55:25.888773+09:00","Action":"output","Package":"waiting-room/internal/installplan","Test":"TestCostMaximumAndDeterminism/repeat#09","Output":"--- PASS: TestCostMaximumAndDeterminism/repeat#09 (0.00s)\n"}
{"Time":"2026-09-05T23:55:25.888779+09:00","Action":"pass","Package":"waiting-room/internal/installplan","Test":"TestCostMaximumAndDeterminism/repeat#09","Elapsed":0}
{"Time":"2026-09-05T23:55:25.888782+09:00","Action":"cont","Package":"waiting-room/internal/installplan","Test":"TestCostMaximumAndDeterminism/repeat#08"}
{"Time":"2026-09-05T23:55:25.888783+09:00","Action":"output","Package":"waiting-room/internal/installplan","Test":"TestCostMaximumAndDeterminism/repeat#08","Output":"=== CONT  TestCostMaximumAndDeterminism/repeat#08\n"}
{"Time":"2026-09-05T23:55:25.888784+09:00","Action":"output","Package":"waiting-room/internal/installplan","Test":"TestCostMaximumAndDeterminism/repeat#04","Output":"--- PASS: TestCostMaximumAndDeterminism/repeat#04 (0.00s)\n"}
{"Time":"2026-09-05T23:55:25.888788+09:00","Action":"pass","Package":"waiting-room/internal/installplan","Test":"TestCostMaximumAndDeterminism/repeat#04","Elapsed":0}
{"Time":"2026-09-05T23:55:25.88879+09:00","Action":"output","Package":"waiting-room/internal/installplan","Test":"TestCostMaximumAndDeterminism/repeat#23","Output":"--- PASS: TestCostMaximumAndDeterminism/repeat#23 (0.00s)\n"}
{"Time":"2026-09-05T23:55:25.888792+09:00","Action":"pass","Package":"waiting-room/internal/installplan","Test":"TestCostMaximumAndDeterminism/repeat#23","Elapsed":0}
{"Time":"2026-09-05T23:55:25.888793+09:00","Action":"output","Package":"waiting-room/internal/installplan","Test":"TestCostMaximumAndDeterminism/repeat#25","Output":"--- PASS: TestCostMaximumAndDeterminism/repeat#25 (0.00s)\n"}
{"Time":"2026-09-05T23:55:25.888814+09:00","Action":"pass","Package":"waiting-room/internal/installplan","Test":"TestCostMaximumAndDeterminism/repeat#25","Elapsed":0}
{"Time":"2026-09-05T23:55:25.888818+09:00","Action":"output","Package":"waiting-room/internal/installplan","Test":"TestCostMaximumAndDeterminism/repeat#05","Output":"--- PASS: TestCostMaximumAndDeterminism/repeat#05 (0.00s)\n"}
{"Time":"2026-09-05T23:55:25.88882+09:00","Action":"pass","Package":"waiting-room/internal/installplan","Test":"TestCostMaximumAndDeterminism/repeat#05","Elapsed":0}
{"Time":"2026-09-05T23:55:25.888824+09:00","Action":"output","Package":"waiting-room/internal/installplan","Test":"TestCostMaximumAndDeterminism/repeat#22","Output":"--- PASS: TestCostMaximumAndDeterminism/repeat#22 (0.00s)\n"}
{"Time":"2026-09-05T23:55:25.888828+09:00","Action":"pass","Package":"waiting-room/internal/installplan","Test":"TestCostMaximumAndDeterminism/repeat#22","Elapsed":0}
{"Time":"2026-09-05T23:55:25.888829+09:00","Action":"output","Package":"waiting-room/internal/installplan","Test":"TestCostMaximumAndDeterminism/repeat#12","Output":"--- PASS: TestCostMaximumAndDeterminism/repeat#12 (0.00s)\n"}
{"Time":"2026-09-05T23:55:25.888832+09:00","Action":"pass","Package":"waiting-room/internal/installplan","Test":"TestCostMaximumAndDeterminism/repeat#12","Elapsed":0}
{"Time":"2026-09-05T23:55:25.888833+09:00","Action":"output","Package":"waiting-room/internal/installplan","Test":"TestCostMaximumAndDeterminism/repeat#01","Output":"--- PASS: TestCostMaximumAndDeterminism/repeat#01 (0.00s)\n"}
{"Time":"2026-09-05T23:55:25.888846+09:00","Action":"pass","Package":"waiting-room/internal/installplan","Test":"TestCostMaximumAndDeterminism/repeat#01","Elapsed":0}
{"Time":"2026-09-05T23:55:25.888849+09:00","Action":"output","Package":"waiting-room/internal/installplan","Test":"TestCostMaximumAndDeterminism/repeat#19","Output":"--- PASS: TestCostMaximumAndDeterminism/repeat#19 (0.00s)\n"}
{"Time":"2026-09-05T23:55:25.888889+09:00","Action":"pass","Package":"waiting-room/internal/installplan","Test":"TestCostMaximumAndDeterminism/repeat#19","Elapsed":0}
{"Time":"2026-09-05T23:55:25.888894+09:00","Action":"output","Package":"waiting-room/internal/installplan","Test":"TestCostMaximumAndDeterminism/repeat#39","Output":"--- PASS: TestCostMaximumAndDeterminism/repeat#39 (0.00s)\n"}
{"Time":"2026-09-05T23:55:25.888909+09:00","Action":"pass","Package":"waiting-room/internal/installplan","Test":"TestCostMaximumAndDeterminism/repeat#39","Elapsed":0}
{"Time":"2026-09-05T23:55:25.888914+09:00","Action":"output","Package":"waiting-room/internal/installplan","Test":"TestCostMaximumAndDeterminism/repeat#03","Output":"--- PASS: TestCostMaximumAndDeterminism/repeat#03 (0.00s)\n"}
{"Time":"2026-09-05T23:55:25.888918+09:00","Action":"pass","Package":"waiting-room/internal/installplan","Test":"TestCostMaximumAndDeterminism/repeat#03","Elapsed":0}
{"Time":"2026-09-05T23:55:25.888919+09:00","Action":"output","Package":"waiting-room/internal/installplan","Test":"TestCostMaximumAndDeterminism/repeat#49","Output":"--- PASS: TestCostMaximumAndDeterminism/repeat#49 (0.00s)\n"}
{"Time":"2026-09-05T23:55:25.888946+09:00","Action":"pass","Package":"waiting-room/internal/installplan","Test":"TestCostMaximumAndDeterminism/repeat#49","Elapsed":0}
{"Time":"2026-09-05T23:55:25.888951+09:00","Action":"output","Package":"waiting-room/internal/installplan","Test":"TestCostMaximumAndDeterminism/repeat#07","Output":"--- PASS: TestCostMaximumAndDeterminism/repeat#07 (0.00s)\n"}
{"Time":"2026-09-05T23:55:25.888954+09:00","Action":"pass","Package":"waiting-room/internal/installplan","Test":"TestCostMaximumAndDeterminism/repeat#07","Elapsed":0}
{"Time":"2026-09-05T23:55:25.888957+09:00","Action":"output","Package":"waiting-room/internal/installplan","Test":"TestCostMaximumAndDeterminism/repeat#46","Output":"--- PASS: TestCostMaximumAndDeterminism/repeat#46 (0.00s)\n"}
{"Time":"2026-09-05T23:55:25.888976+09:00","Action":"pass","Package":"waiting-room/internal/installplan","Test":"TestCostMaximumAndDeterminism/repeat#46","Elapsed":0}
{"Time":"2026-09-05T23:55:25.888979+09:00","Action":"output","Package":"waiting-room/internal/installplan","Test":"TestCostMaximumAndDeterminism/repeat#27","Output":"--- PASS: TestCostMaximumAndDeterminism/repeat#27 (0.00s)\n"}
{"Time":"2026-09-05T23:55:25.888994+09:00","Action":"pass","Package":"waiting-room/internal/installplan","Test":"TestCostMaximumAndDeterminism/repeat#27","Elapsed":0}
{"Time":"2026-09-05T23:55:25.888999+09:00","Action":"output","Package":"waiting-room/internal/installplan","Test":"TestCostMaximumAndDeterminism/repeat#31","Output":"--- PASS: TestCostMaximumAndDeterminism/repeat#31 (0.00s)\n"}
{"Time":"2026-09-05T23:55:25.889001+09:00","Action":"pass","Package":"waiting-room/internal/installplan","Test":"TestCostMaximumAndDeterminism/repeat#31","Elapsed":0}
{"Time":"2026-09-05T23:55:25.889003+09:00","Action":"output","Package":"waiting-room/internal/installplan","Test":"TestCostMaximumAndDeterminism/repeat#36","Output":"--- PASS: TestCostMaximumAndDeterminism/repeat#36 (0.00s)\n"}
{"Time":"2026-09-05T23:55:25.889009+09:00","Action":"pass","Package":"waiting-room/internal/installplan","Test":"TestCostMaximumAndDeterminism/repeat#36","Elapsed":0}
{"Time":"2026-09-05T23:55:25.88901+09:00","Action":"output","Package":"waiting-room/internal/installplan","Test":"TestCostMaximumAndDeterminism/repeat#08","Output":"--- PASS: TestCostMaximumAndDeterminism/repeat#08 (0.00s)\n"}
{"Time":"2026-09-05T23:55:25.889038+09:00","Action":"pass","Package":"waiting-room/internal/installplan","Test":"TestCostMaximumAndDeterminism/repeat#08","Elapsed":0}
{"Time":"2026-09-05T23:55:25.889047+09:00","Action":"output","Package":"waiting-room/internal/installplan","Test":"TestCostMaximumAndDeterminism/repeat#35","Output":"--- PASS: TestCostMaximumAndDeterminism/repeat#35 (0.00s)\n"}
{"Time":"2026-09-05T23:55:25.88906+09:00","Action":"pass","Package":"waiting-room/internal/installplan","Test":"TestCostMaximumAndDeterminism/repeat#35","Elapsed":0}
{"Time":"2026-09-05T23:55:25.889063+09:00","Action":"output","Package":"waiting-room/internal/installplan","Test":"TestCostMaximumAndDeterminism/repeat#06","Output":"--- PASS: TestCostMaximumAndDeterminism/repeat#06 (0.00s)\n"}
{"Time":"2026-09-05T23:55:25.889072+09:00","Action":"pass","Package":"waiting-room/internal/installplan","Test":"TestCostMaximumAndDeterminism/repeat#06","Elapsed":0}
{"Time":"2026-09-05T23:55:25.889075+09:00","Action":"output","Package":"waiting-room/internal/installplan","Test":"TestCostMaximumAndDeterminism/repeat#15","Output":"--- PASS: TestCostMaximumAndDeterminism/repeat#15 (0.00s)\n"}
{"Time":"2026-09-05T23:55:25.889089+09:00","Action":"pass","Package":"waiting-room/internal/installplan","Test":"TestCostMaximumAndDeterminism/repeat#15","Elapsed":0}
{"Time":"2026-09-05T23:55:25.889091+09:00","Action":"output","Package":"waiting-room/internal/installplan","Test":"TestCostMaximumAndDeterminism/repeat#45","Output":"--- PASS: TestCostMaximumAndDeterminism/repeat#45 (0.00s)\n"}
{"Time":"2026-09-05T23:55:25.889097+09:00","Action":"pass","Package":"waiting-room/internal/installplan","Test":"TestCostMaximumAndDeterminism/repeat#45","Elapsed":0}
{"Time":"2026-09-05T23:55:25.889099+09:00","Action":"output","Package":"waiting-room/internal/installplan","Test":"TestCostMaximumAndDeterminism/repeat#42","Output":"--- PASS: TestCostMaximumAndDeterminism/repeat#42 (0.00s)\n"}
{"Time":"2026-09-05T23:55:25.889131+09:00","Action":"pass","Package":"waiting-room/internal/installplan","Test":"TestCostMaximumAndDeterminism/repeat#42","Elapsed":0}
{"Time":"2026-09-05T23:55:25.889133+09:00","Action":"output","Package":"waiting-room/internal/installplan","Test":"TestCostMaximumAndDeterminism/repeat#26","Output":"--- PASS: TestCostMaximumAndDeterminism/repeat#26 (0.00s)\n"}
{"Time":"2026-09-05T23:55:25.889162+09:00","Action":"pass","Package":"waiting-room/internal/installplan","Test":"TestCostMaximumAndDeterminism/repeat#26","Elapsed":0}
{"Time":"2026-09-05T23:55:25.889164+09:00","Action":"output","Package":"waiting-room/internal/installplan","Test":"TestCostMaximumAndDeterminism/repeat#16","Output":"--- PASS: TestCostMaximumAndDeterminism/repeat#16 (0.00s)\n"}
{"Time":"2026-09-05T23:55:25.889181+09:00","Action":"pass","Package":"waiting-room/internal/installplan","Test":"TestCostMaximumAndDeterminism/repeat#16","Elapsed":0}
{"Time":"2026-09-05T23:55:25.889183+09:00","Action":"output","Package":"waiting-room/internal/installplan","Test":"TestCostMaximumAndDeterminism/repeat#13","Output":"--- PASS: TestCostMaximumAndDeterminism/repeat#13 (0.00s)\n"}
{"Time":"2026-09-05T23:55:25.889198+09:00","Action":"pass","Package":"waiting-room/internal/installplan","Test":"TestCostMaximumAndDeterminism/repeat#13","Elapsed":0}
{"Time":"2026-09-05T23:55:25.889201+09:00","Action":"output","Package":"waiting-room/internal/installplan","Test":"TestCostMaximumAndDeterminism/repeat#29","Output":"--- PASS: TestCostMaximumAndDeterminism/repeat#29 (0.00s)\n"}
{"Time":"2026-09-05T23:55:25.889212+09:00","Action":"pass","Package":"waiting-room/internal/installplan","Test":"TestCostMaximumAndDeterminism/repeat#29","Elapsed":0}
{"Time":"2026-09-05T23:55:25.889215+09:00","Action":"output","Package":"waiting-room/internal/installplan","Test":"TestCostMaximumAndDeterminism/repeat#48","Output":"--- PASS: TestCostMaximumAndDeterminism/repeat#48 (0.00s)\n"}
{"Time":"2026-09-05T23:55:25.889218+09:00","Action":"pass","Package":"waiting-room/internal/installplan","Test":"TestCostMaximumAndDeterminism/repeat#48","Elapsed":0}
{"Time":"2026-09-05T23:55:25.889222+09:00","Action":"output","Package":"waiting-room/internal/installplan","Test":"TestCostMaximumAndDeterminism/repeat#43","Output":"--- PASS: TestCostMaximumAndDeterminism/repeat#43 (0.00s)\n"}
{"Time":"2026-09-05T23:55:25.889238+09:00","Action":"pass","Package":"waiting-room/internal/installplan","Test":"TestCostMaximumAndDeterminism/repeat#43","Elapsed":0}
{"Time":"2026-09-05T23:55:25.889241+09:00","Action":"output","Package":"waiting-room/internal/installplan","Test":"TestCostMaximumAndDeterminism/repeat#33","Output":"--- PASS: TestCostMaximumAndDeterminism/repeat#33 (0.00s)\n"}
{"Time":"2026-09-05T23:55:25.889252+09:00","Action":"pass","Package":"waiting-room/internal/installplan","Test":"TestCostMaximumAndDeterminism/repeat#33","Elapsed":0}
{"Time":"2026-09-05T23:55:25.889254+09:00","Action":"output","Package":"waiting-room/internal/installplan","Test":"TestCostMaximumAndDeterminism/repeat#02","Output":"--- PASS: TestCostMaximumAndDeterminism/repeat#02 (0.00s)\n"}
{"Time":"2026-09-05T23:55:25.889285+09:00","Action":"pass","Package":"waiting-room/internal/installplan","Test":"TestCostMaximumAndDeterminism/repeat#02","Elapsed":0}
{"Time":"2026-09-05T23:55:25.889288+09:00","Action":"output","Package":"waiting-room/internal/installplan","Test":"TestCostMaximumAndDeterminism","Output":"--- PASS: TestCostMaximumAndDeterminism (0.00s)\n"}
{"Time":"2026-09-05T23:55:25.889291+09:00","Action":"pass","Package":"waiting-room/internal/installplan","Test":"TestCostMaximumAndDeterminism","Elapsed":0}
{"Time":"2026-09-05T23:55:25.8893+09:00","Action":"run","Package":"waiting-room/internal/installplan","Test":"TestDigestBindsCanonicalPlan"}
{"Time":"2026-09-05T23:55:25.889306+09:00","Action":"output","Package":"waiting-room/internal/installplan","Test":"TestDigestBindsCanonicalPlan","Output":"=== RUN   TestDigestBindsCanonicalPlan\n"}
{"Time":"2026-09-05T23:55:25.890335+09:00","Action":"output","Package":"waiting-room/internal/installplan","Test":"TestDigestBindsCanonicalPlan","Output":"--- PASS: TestDigestBindsCanonicalPlan (0.00s)\n"}
{"Time":"2026-09-05T23:55:25.89034+09:00","Action":"pass","Package":"waiting-room/internal/installplan","Test":"TestDigestBindsCanonicalPlan","Elapsed":0}
{"Time":"2026-09-05T23:55:25.890355+09:00","Action":"run","Package":"waiting-room/internal/installplan","Test":"TestProfiles"}
{"Time":"2026-09-05T23:55:25.890357+09:00","Action":"output","Package":"waiting-room/internal/installplan","Test":"TestProfiles","Output":"=== RUN   TestProfiles\n"}
{"Time":"2026-09-05T23:55:25.890373+09:00","Action":"run","Package":"waiting-room/internal/installplan","Test":"TestProfiles/standard"}
{"Time":"2026-09-05T23:55:25.890375+09:00","Action":"output","Package":"waiting-room/internal/installplan","Test":"TestProfiles/standard","Output":"=== RUN   TestProfiles/standard\n"}
{"Time":"2026-09-05T23:55:25.890585+09:00","Action":"output","Package":"waiting-room/internal/installplan","Test":"TestProfiles/standard","Output":"--- PASS: TestProfiles/standard (0.00s)\n"}
{"Time":"2026-09-05T23:55:25.890589+09:00","Action":"pass","Package":"waiting-room/internal/installplan","Test":"TestProfiles/standard","Elapsed":0}
{"Time":"2026-09-05T23:55:25.890604+09:00","Action":"run","Package":"waiting-room/internal/installplan","Test":"TestProfiles/high-scale"}
{"Time":"2026-09-05T23:55:25.890606+09:00","Action":"output","Package":"waiting-room/internal/installplan","Test":"TestProfiles/high-scale","Output":"=== RUN   TestProfiles/high-scale\n"}
{"Time":"2026-09-05T23:55:25.890812+09:00","Action":"output","Package":"waiting-room/internal/installplan","Test":"TestProfiles/high-scale","Output":"--- PASS: TestProfiles/high-scale (0.00s)\n"}
{"Time":"2026-09-05T23:55:25.890816+09:00","Action":"pass","Package":"waiting-room/internal/installplan","Test":"TestProfiles/high-scale","Elapsed":0}
{"Time":"2026-09-05T23:55:25.890841+09:00","Action":"output","Package":"waiting-room/internal/installplan","Test":"TestProfiles","Output":"--- PASS: TestProfiles (0.00s)\n"}
{"Time":"2026-09-05T23:55:25.890846+09:00","Action":"pass","Package":"waiting-room/internal/installplan","Test":"TestProfiles","Elapsed":0}
{"Time":"2026-09-05T23:55:25.890863+09:00","Action":"run","Package":"waiting-room/internal/installplan","Test":"TestValidationBoundaries"}
{"Time":"2026-09-05T23:55:25.890865+09:00","Action":"output","Package":"waiting-room/internal/installplan","Test":"TestValidationBoundaries","Output":"=== RUN   TestValidationBoundaries\n"}
{"Time":"2026-09-05T23:55:25.89105+09:00","Action":"run","Package":"waiting-room/internal/installplan","Test":"TestValidationBoundaries/standard/peak-zero"}
{"Time":"2026-09-05T23:55:25.891054+09:00","Action":"output","Package":"waiting-room/internal/installplan","Test":"TestValidationBoundaries/standard/peak-zero","Output":"=== RUN   TestValidationBoundaries/standard/peak-zero\n"}
{"Time":"2026-09-05T23:55:25.891078+09:00","Action":"output","Package":"waiting-room/internal/installplan","Test":"TestValidationBoundaries/standard/peak-zero","Output":"--- PASS: TestValidationBoundaries/standard/peak-zero (0.00s)\n"}
{"Time":"2026-09-05T23:55:25.891094+09:00","Action":"pass","Package":"waiting-room/internal/installplan","Test":"TestValidationBoundaries/standard/peak-zero","Elapsed":0}
{"Time":"2026-09-05T23:55:25.891111+09:00","Action":"run","Package":"waiting-room/internal/installplan","Test":"TestValidationBoundaries/standard/peak-over"}
{"Time":"2026-09-05T23:55:25.891117+09:00","Action":"output","Package":"waiting-room/internal/installplan","Test":"TestValidationBoundaries/standard/peak-over","Output":"=== RUN   TestValidationBoundaries/standard/peak-over\n"}
{"Time":"2026-09-05T23:55:25.891145+09:00","Action":"output","Package":"waiting-room/internal/installplan","Test":"TestValidationBoundaries/standard/peak-over","Output":"--- PASS: TestValidationBoundaries/standard/peak-over (0.00s)\n"}
{"Time":"2026-09-05T23:55:25.891157+09:00","Action":"pass","Package":"waiting-room/internal/installplan","Test":"TestValidationBoundaries/standard/peak-over","Elapsed":0}
{"Time":"2026-09-05T23:55:25.891168+09:00","Action":"run","Package":"waiting-room/internal/installplan","Test":"TestValidationBoundaries/standard/lease-zero"}
{"Time":"2026-09-05T23:55:25.891171+09:00","Action":"output","Package":"waiting-room/internal/installplan","Test":"TestValidationBoundaries/standard/lease-zero","Output":"=== RUN   TestValidationBoundaries/standard/lease-zero\n"}
{"Time":"2026-09-05T23:55:25.891208+09:00","Action":"output","Package":"waiting-room/internal/installplan","Test":"TestValidationBoundaries/standard/lease-zero","Output":"--- PASS: TestValidationBoundaries/standard/lease-zero (0.00s)\n"}
{"Time":"2026-09-05T23:55:25.891213+09:00","Action":"pass","Package":"waiting-room/internal/installplan","Test":"TestValidationBoundaries/standard/lease-zero","Elapsed":0}
{"Time":"2026-09-05T23:55:25.891227+09:00","Action":"run","Package":"waiting-room/internal/installplan","Test":"TestValidationBoundaries/standard/lease-over"}
{"Time":"2026-09-05T23:55:25.89123+09:00","Action":"output","Package":"waiting-room/internal/installplan","Test":"TestValidationBoundaries/standard/lease-over","Output":"=== RUN   TestValidationBoundaries/standard/lease-over\n"}
{"Time":"2026-09-05T23:55:25.891265+09:00","Action":"output","Package":"waiting-room/internal/installplan","Test":"TestValidationBoundaries/standard/lease-over","Output":"--- PASS: TestValidationBoundaries/standard/lease-over (0.00s)\n"}
{"Time":"2026-09-05T23:55:25.891271+09:00","Action":"pass","Package":"waiting-room/internal/installplan","Test":"TestValidationBoundaries/standard/lease-over","Elapsed":0}
{"Time":"2026-09-05T23:55:25.891285+09:00","Action":"run","Package":"waiting-room/internal/installplan","Test":"TestValidationBoundaries/standard/rate-zero"}
{"Time":"2026-09-05T23:55:25.891287+09:00","Action":"output","Package":"waiting-room/internal/installplan","Test":"TestValidationBoundaries/standard/rate-zero","Output":"=== RUN   TestValidationBoundaries/standard/rate-zero\n"}
{"Time":"2026-09-05T23:55:25.891304+09:00","Action":"output","Package":"waiting-room/internal/installplan","Test":"TestValidationBoundaries/standard/rate-zero","Output":"--- PASS: TestValidationBoundaries/standard/rate-zero (0.00s)\n"}
{"Time":"2026-09-05T23:55:25.891319+09:00","Action":"pass","Package":"waiting-room/internal/installplan","Test":"TestValidationBoundaries/standard/rate-zero","Elapsed":0}
{"Time":"2026-09-05T23:55:25.891333+09:00","Action":"run","Package":"waiting-room/internal/installplan","Test":"TestValidationBoundaries/standard/rate-over"}
{"Time":"2026-09-05T23:55:25.891335+09:00","Action":"output","Package":"waiting-room/internal/installplan","Test":"TestValidationBoundaries/standard/rate-over","Output":"=== RUN   TestValidationBoundaries/standard/rate-over\n"}
{"Time":"2026-09-05T23:55:25.891363+09:00","Action":"output","Package":"waiting-room/internal/installplan","Test":"TestValidationBoundaries/standard/rate-over","Output":"--- PASS: TestValidationBoundaries/standard/rate-over (0.00s)\n"}
{"Time":"2026-09-05T23:55:25.891367+09:00","Action":"pass","Package":"waiting-room/internal/installplan","Test":"TestValidationBoundaries/standard/rate-over","Elapsed":0}
{"Time":"2026-09-05T23:55:25.891381+09:00","Action":"run","Package":"waiting-room/internal/installplan","Test":"TestValidationBoundaries/standard/ttl-low"}
{"Time":"2026-09-05T23:55:25.891383+09:00","Action":"output","Package":"waiting-room/internal/installplan","Test":"TestValidationBoundaries/standard/ttl-low","Output":"=== RUN   TestValidationBoundaries/standard/ttl-low\n"}
{"Time":"2026-09-05T23:55:25.891409+09:00","Action":"output","Package":"waiting-room/internal/installplan","Test":"TestValidationBoundaries/standard/ttl-low","Output":"--- PASS: TestValidationBoundaries/standard/ttl-low (0.00s)\n"}
{"Time":"2026-09-05T23:55:25.891421+09:00","Action":"pass","Package":"waiting-room/internal/installplan","Test":"TestValidationBoundaries/standard/ttl-low","Elapsed":0}
{"Time":"2026-09-05T23:55:25.891431+09:00","Action":"run","Package":"waiting-room/internal/installplan","Test":"TestValidationBoundaries/standard/ttl-high"}
{"Time":"2026-09-05T23:55:25.891434+09:00","Action":"output","Package":"waiting-room/internal/installplan","Test":"TestValidationBoundaries/standard/ttl-high","Output":"=== RUN   TestValidationBoundaries/standard/ttl-high\n"}
{"Time":"2026-09-05T23:55:25.891466+09:00","Action":"output","Package":"waiting-room/internal/installplan","Test":"TestValidationBoundaries/standard/ttl-high","Output":"--- PASS: TestValidationBoundaries/standard/ttl-high (0.00s)\n"}
{"Time":"2026-09-05T23:55:25.891469+09:00","Action":"pass","Package":"waiting-room/internal/installplan","Test":"TestValidationBoundaries/standard/ttl-high","Elapsed":0}
{"Time":"2026-09-05T23:55:25.89148+09:00","Action":"run","Package":"waiting-room/internal/installplan","Test":"TestValidationBoundaries/standard/forced-off"}
{"Time":"2026-09-05T23:55:25.891483+09:00","Action":"output","Package":"waiting-room/internal/installplan","Test":"TestValidationBoundaries/standard/forced-off","Output":"=== RUN   TestValidationBoundaries/standard/forced-off\n"}
{"Time":"2026-09-05T23:55:25.891515+09:00","Action":"output","Package":"waiting-room/internal/installplan","Test":"TestValidationBoundaries/standard/forced-off","Output":"--- PASS: TestValidationBoundaries/standard/forced-off (0.00s)\n"}
{"Time":"2026-09-05T23:55:25.891519+09:00","Action":"pass","Package":"waiting-room/internal/installplan","Test":"TestValidationBoundaries/standard/forced-off","Elapsed":0}
{"Time":"2026-09-05T23:55:25.89153+09:00","Action":"run","Package":"waiting-room/internal/installplan","Test":"TestValidationBoundaries/standard/unknown-policy"}
{"Time":"2026-09-05T23:55:25.891533+09:00","Action":"output","Package":"waiting-room/internal/installplan","Test":"TestValidationBoundaries/standard/unknown-policy","Output":"=== RUN   TestValidationBoundaries/standard/unknown-policy\n"}
{"Time":"2026-09-05T23:55:25.891567+09:00","Action":"output","Package":"waiting-room/internal/installplan","Test":"TestValidationBoundaries/standard/unknown-policy","Output":"--- PASS: TestValidationBoundaries/standard/unknown-policy (0.00s)\n"}
{"Time":"2026-09-05T23:55:25.891574+09:00","Action":"pass","Package":"waiting-room/internal/installplan","Test":"TestValidationBoundaries/standard/unknown-policy","Elapsed":0}
{"Time":"2026-09-05T23:55:25.891585+09:00","Action":"run","Package":"waiting-room/internal/installplan","Test":"TestValidationBoundaries/standard/multi-region"}
{"Time":"2026-09-05T23:55:25.891589+09:00","Action":"output","Package":"waiting-room/internal/installplan","Test":"TestValidationBoundaries/standard/multi-region","Output":"=== RUN   TestValidationBoundaries/standard/multi-region\n"}
{"Time":"2026-09-05T23:55:25.891613+09:00","Action":"output","Package":"waiting-room/internal/installplan","Test":"TestValidationBoundaries/standard/multi-region","Output":"--- PASS: TestValidationBoundaries/standard/multi-region (0.00s)\n"}
{"Time":"2026-09-05T23:55:25.891626+09:00","Action":"pass","Package":"waiting-room/internal/installplan","Test":"TestValidationBoundaries/standard/multi-region","Elapsed":0}
{"Time":"2026-09-05T23:55:25.891638+09:00","Action":"run","Package":"waiting-room/internal/installplan","Test":"TestValidationBoundaries/standard/unknown-profile"}
{"Time":"2026-09-05T23:55:25.891643+09:00","Action":"output","Package":"waiting-room/internal/installplan","Test":"TestValidationBoundaries/standard/unknown-profile","Output":"=== RUN   TestValidationBoundaries/standard/unknown-profile\n"}
{"Time":"2026-09-05T23:55:25.891661+09:00","Action":"output","Package":"waiting-room/internal/installplan","Test":"TestValidationBoundaries/standard/unknown-profile","Output":"--- PASS: TestValidationBoundaries/standard/unknown-profile (0.00s)\n"}
{"Time":"2026-09-05T23:55:25.891672+09:00","Action":"pass","Package":"waiting-room/internal/installplan","Test":"TestValidationBoundaries/standard/unknown-profile","Elapsed":0}
{"Time":"2026-09-05T23:55:25.891684+09:00","Action":"run","Package":"waiting-room/internal/installplan","Test":"TestValidationBoundaries/standard/version"}
{"Time":"2026-09-05T23:55:25.891686+09:00","Action":"output","Package":"waiting-room/internal/installplan","Test":"TestValidationBoundaries/standard/version","Output":"=== RUN   TestValidationBoundaries/standard/version\n"}
{"Time":"2026-09-05T23:55:25.891705+09:00","Action":"output","Package":"waiting-room/internal/installplan","Test":"TestValidationBoundaries/standard/version","Output":"--- PASS: TestValidationBoundaries/standard/version (0.00s)\n"}
{"Time":"2026-09-05T23:55:25.891719+09:00","Action":"pass","Package":"waiting-room/internal/installplan","Test":"TestValidationBoundaries/standard/version","Elapsed":0}
{"Time":"2026-09-05T23:55:25.891732+09:00","Action":"run","Package":"waiting-room/internal/installplan","Test":"TestValidationBoundaries/standard/totp-mode"}
{"Time":"2026-09-05T23:55:25.891735+09:00","Action":"output","Package":"waiting-room/internal/installplan","Test":"TestValidationBoundaries/standard/totp-mode","Output":"=== RUN   TestValidationBoundaries/standard/totp-mode\n"}
{"Time":"2026-09-05T23:55:25.891768+09:00","Action":"output","Package":"waiting-room/internal/installplan","Test":"TestValidationBoundaries/standard/totp-mode","Output":"--- PASS: TestValidationBoundaries/standard/totp-mode (0.00s)\n"}
{"Time":"2026-09-05T23:55:25.89178+09:00","Action":"pass","Package":"waiting-room/internal/installplan","Test":"TestValidationBoundaries/standard/totp-mode","Elapsed":0}
{"Time":"2026-09-05T23:55:25.891784+09:00","Action":"run","Package":"waiting-room/internal/installplan","Test":"TestValidationBoundaries/standard/region-empty"}
{"Time":"2026-09-05T23:55:25.891787+09:00","Action":"output","Package":"waiting-room/internal/installplan","Test":"TestValidationBoundaries/standard/region-empty","Output":"=== RUN   TestValidationBoundaries/standard/region-empty\n"}
{"Time":"2026-09-05T23:55:25.891816+09:00","Action":"output","Package":"waiting-room/internal/installplan","Test":"TestValidationBoundaries/standard/region-empty","Output":"--- PASS: TestValidationBoundaries/standard/region-empty (0.00s)\n"}
{"Time":"2026-09-05T23:55:25.891828+09:00","Action":"pass","Package":"waiting-room/internal/installplan","Test":"TestValidationBoundaries/standard/region-empty","Elapsed":0}
{"Time":"2026-09-05T23:55:25.891836+09:00","Action":"run","Package":"waiting-room/internal/installplan","Test":"TestValidationBoundaries/standard/region-long"}
{"Time":"2026-09-05T23:55:25.891841+09:00","Action":"output","Package":"waiting-room/internal/installplan","Test":"TestValidationBoundaries/standard/region-long","Output":"=== RUN   TestValidationBoundaries/standard/region-long\n"}
{"Time":"2026-09-05T23:55:25.891887+09:00","Action":"output","Package":"waiting-room/internal/installplan","Test":"TestValidationBoundaries/standard/region-long","Output":"--- PASS: TestValidationBoundaries/standard/region-long (0.00s)\n"}
{"Time":"2026-09-05T23:55:25.891892+09:00","Action":"pass","Package":"waiting-room/internal/installplan","Test":"TestValidationBoundaries/standard/region-long","Elapsed":0}
{"Time":"2026-09-05T23:55:25.892084+09:00","Action":"run","Package":"waiting-room/internal/installplan","Test":"TestValidationBoundaries/high-scale/peak-zero"}
{"Time":"2026-09-05T23:55:25.892086+09:00","Action":"output","Package":"waiting-room/internal/installplan","Test":"TestValidationBoundaries/high-scale/peak-zero","Output":"=== RUN   TestValidationBoundaries/high-scale/peak-zero\n"}
{"Time":"2026-09-05T23:55:25.892115+09:00","Action":"output","Package":"waiting-room/internal/installplan","Test":"TestValidationBoundaries/high-scale/peak-zero","Output":"--- PASS: TestValidationBoundaries/high-scale/peak-zero (0.00s)\n"}
{"Time":"2026-09-05T23:55:25.89213+09:00","Action":"pass","Package":"waiting-room/internal/installplan","Test":"TestValidationBoundaries/high-scale/peak-zero","Elapsed":0}
{"Time":"2026-09-05T23:55:25.892135+09:00","Action":"run","Package":"waiting-room/internal/installplan","Test":"TestValidationBoundaries/high-scale/peak-over"}
{"Time":"2026-09-05T23:55:25.892138+09:00","Action":"output","Package":"waiting-room/internal/installplan","Test":"TestValidationBoundaries/high-scale/peak-over","Output":"=== RUN   TestValidationBoundaries/high-scale/peak-over\n"}
{"Time":"2026-09-05T23:55:25.892162+09:00","Action":"output","Package":"waiting-room/internal/installplan","Test":"TestValidationBoundaries/high-scale/peak-over","Output":"--- PASS: TestValidationBoundaries/high-scale/peak-over (0.00s)\n"}
{"Time":"2026-09-05T23:55:25.892177+09:00","Action":"pass","Package":"waiting-room/internal/installplan","Test":"TestValidationBoundaries/high-scale/peak-over","Elapsed":0}
{"Time":"2026-09-05T23:55:25.892187+09:00","Action":"run","Package":"waiting-room/internal/installplan","Test":"TestValidationBoundaries/high-scale/lease-zero"}
{"Time":"2026-09-05T23:55:25.892189+09:00","Action":"output","Package":"waiting-room/internal/installplan","Test":"TestValidationBoundaries/high-scale/lease-zero","Output":"=== RUN   TestValidationBoundaries/high-scale/lease-zero\n"}
{"Time":"2026-09-05T23:55:25.892217+09:00","Action":"output","Package":"waiting-room/internal/installplan","Test":"TestValidationBoundaries/high-scale/lease-zero","Output":"--- PASS: TestValidationBoundaries/high-scale/lease-zero (0.00s)\n"}
{"Time":"2026-09-05T23:55:25.892229+09:00","Action":"pass","Package":"waiting-room/internal/installplan","Test":"TestValidationBoundaries/high-scale/lease-zero","Elapsed":0}
{"Time":"2026-09-05T23:55:25.892234+09:00","Action":"run","Package":"waiting-room/internal/installplan","Test":"TestValidationBoundaries/high-scale/lease-over"}
{"Time":"2026-09-05T23:55:25.892235+09:00","Action":"output","Package":"waiting-room/internal/installplan","Test":"TestValidationBoundaries/high-scale/lease-over","Output":"=== RUN   TestValidationBoundaries/high-scale/lease-over\n"}
{"Time":"2026-09-05T23:55:25.892267+09:00","Action":"output","Package":"waiting-room/internal/installplan","Test":"TestValidationBoundaries/high-scale/lease-over","Output":"--- PASS: TestValidationBoundaries/high-scale/lease-over (0.00s)\n"}
{"Time":"2026-09-05T23:55:25.892279+09:00","Action":"pass","Package":"waiting-room/internal/installplan","Test":"TestValidationBoundaries/high-scale/lease-over","Elapsed":0}
{"Time":"2026-09-05T23:55:25.892284+09:00","Action":"run","Package":"waiting-room/internal/installplan","Test":"TestValidationBoundaries/high-scale/rate-zero"}
{"Time":"2026-09-05T23:55:25.892286+09:00","Action":"output","Package":"waiting-room/internal/installplan","Test":"TestValidationBoundaries/high-scale/rate-zero","Output":"=== RUN   TestValidationBoundaries/high-scale/rate-zero\n"}
{"Time":"2026-09-05T23:55:25.892322+09:00","Action":"output","Package":"waiting-room/internal/installplan","Test":"TestValidationBoundaries/high-scale/rate-zero","Output":"--- PASS: TestValidationBoundaries/high-scale/rate-zero (0.00s)\n"}
{"Time":"2026-09-05T23:55:25.892326+09:00","Action":"pass","Package":"waiting-room/internal/installplan","Test":"TestValidationBoundaries/high-scale/rate-zero","Elapsed":0}
{"Time":"2026-09-05T23:55:25.892337+09:00","Action":"run","Package":"waiting-room/internal/installplan","Test":"TestValidationBoundaries/high-scale/rate-over"}
{"Time":"2026-09-05T23:55:25.892339+09:00","Action":"output","Package":"waiting-room/internal/installplan","Test":"TestValidationBoundaries/high-scale/rate-over","Output":"=== RUN   TestValidationBoundaries/high-scale/rate-over\n"}
{"Time":"2026-09-05T23:55:25.89237+09:00","Action":"output","Package":"waiting-room/internal/installplan","Test":"TestValidationBoundaries/high-scale/rate-over","Output":"--- PASS: TestValidationBoundaries/high-scale/rate-over (0.00s)\n"}
{"Time":"2026-09-05T23:55:25.892375+09:00","Action":"pass","Package":"waiting-room/internal/installplan","Test":"TestValidationBoundaries/high-scale/rate-over","Elapsed":0}
{"Time":"2026-09-05T23:55:25.892384+09:00","Action":"run","Package":"waiting-room/internal/installplan","Test":"TestValidationBoundaries/high-scale/ttl-low"}
{"Time":"2026-09-05T23:55:25.892387+09:00","Action":"output","Package":"waiting-room/internal/installplan","Test":"TestValidationBoundaries/high-scale/ttl-low","Output":"=== RUN   TestValidationBoundaries/high-scale/ttl-low\n"}
{"Time":"2026-09-05T23:55:25.892424+09:00","Action":"output","Package":"waiting-room/internal/installplan","Test":"TestValidationBoundaries/high-scale/ttl-low","Output":"--- PASS: TestValidationBoundaries/high-scale/ttl-low (0.00s)\n"}
{"Time":"2026-09-05T23:55:25.892428+09:00","Action":"pass","Package":"waiting-room/internal/installplan","Test":"TestValidationBoundaries/high-scale/ttl-low","Elapsed":0}
{"Time":"2026-09-05T23:55:25.892432+09:00","Action":"run","Package":"waiting-room/internal/installplan","Test":"TestValidationBoundaries/high-scale/ttl-high"}
{"Time":"2026-09-05T23:55:25.892434+09:00","Action":"output","Package":"waiting-room/internal/installplan","Test":"TestValidationBoundaries/high-scale/ttl-high","Output":"=== RUN   TestValidationBoundaries/high-scale/ttl-high\n"}
{"Time":"2026-09-05T23:55:25.892467+09:00","Action":"output","Package":"waiting-room/internal/installplan","Test":"TestValidationBoundaries/high-scale/ttl-high","Output":"--- PASS: TestValidationBoundaries/high-scale/ttl-high (0.00s)\n"}
{"Time":"2026-09-05T23:55:25.892471+09:00","Action":"pass","Package":"waiting-room/internal/installplan","Test":"TestValidationBoundaries/high-scale/ttl-high","Elapsed":0}
{"Time":"2026-09-05T23:55:25.892484+09:00","Action":"run","Package":"waiting-room/internal/installplan","Test":"TestValidationBoundaries/high-scale/forced-off"}
{"Time":"2026-09-05T23:55:25.892487+09:00","Action":"output","Package":"waiting-room/internal/installplan","Test":"TestValidationBoundaries/high-scale/forced-off","Output":"=== RUN   TestValidationBoundaries/high-scale/forced-off\n"}
{"Time":"2026-09-05T23:55:25.892519+09:00","Action":"output","Package":"waiting-room/internal/installplan","Test":"TestValidationBoundaries/high-scale/forced-off","Output":"--- PASS: TestValidationBoundaries/high-scale/forced-off (0.00s)\n"}
{"Time":"2026-09-05T23:55:25.892522+09:00","Action":"pass","Package":"waiting-room/internal/installplan","Test":"TestValidationBoundaries/high-scale/forced-off","Elapsed":0}
{"Time":"2026-09-05T23:55:25.892538+09:00","Action":"run","Package":"waiting-room/internal/installplan","Test":"TestValidationBoundaries/high-scale/unknown-policy"}
{"Time":"2026-09-05T23:55:25.89254+09:00","Action":"output","Package":"waiting-room/internal/installplan","Test":"TestValidationBoundaries/high-scale/unknown-policy","Output":"=== RUN   TestValidationBoundaries/high-scale/unknown-policy\n"}
{"Time":"2026-09-05T23:55:25.892565+09:00","Action":"output","Package":"waiting-room/internal/installplan","Test":"TestValidationBoundaries/high-scale/unknown-policy","Output":"--- PASS: TestValidationBoundaries/high-scale/unknown-policy (0.00s)\n"}
{"Time":"2026-09-05T23:55:25.892581+09:00","Action":"pass","Package":"waiting-room/internal/installplan","Test":"TestValidationBoundaries/high-scale/unknown-policy","Elapsed":0}
{"Time":"2026-09-05T23:55:25.892597+09:00","Action":"run","Package":"waiting-room/internal/installplan","Test":"TestValidationBoundaries/high-scale/multi-region"}
{"Time":"2026-09-05T23:55:25.892602+09:00","Action":"output","Package":"waiting-room/internal/installplan","Test":"TestValidationBoundaries/high-scale/multi-region","Output":"=== RUN   TestValidationBoundaries/high-scale/multi-region\n"}
{"Time":"2026-09-05T23:55:25.892621+09:00","Action":"output","Package":"waiting-room/internal/installplan","Test":"TestValidationBoundaries/high-scale/multi-region","Output":"--- PASS: TestValidationBoundaries/high-scale/multi-region (0.00s)\n"}
{"Time":"2026-09-05T23:55:25.892628+09:00","Action":"pass","Package":"waiting-room/internal/installplan","Test":"TestValidationBoundaries/high-scale/multi-region","Elapsed":0}
{"Time":"2026-09-05T23:55:25.892642+09:00","Action":"run","Package":"waiting-room/internal/installplan","Test":"TestValidationBoundaries/high-scale/unknown-profile"}
{"Time":"2026-09-05T23:55:25.892645+09:00","Action":"output","Package":"waiting-room/internal/installplan","Test":"TestValidationBoundaries/high-scale/unknown-profile","Output":"=== RUN   TestValidationBoundaries/high-scale/unknown-profile\n"}
{"Time":"2026-09-05T23:55:25.892697+09:00","Action":"output","Package":"waiting-room/internal/installplan","Test":"TestValidationBoundaries/high-scale/unknown-profile","Output":"--- PASS: TestValidationBoundaries/high-scale/unknown-profile (0.00s)\n"}
{"Time":"2026-09-05T23:55:25.892702+09:00","Action":"pass","Package":"waiting-room/internal/installplan","Test":"TestValidationBoundaries/high-scale/unknown-profile","Elapsed":0}
{"Time":"2026-09-05T23:55:25.892704+09:00","Action":"run","Package":"waiting-room/internal/installplan","Test":"TestValidationBoundaries/high-scale/version"}
{"Time":"2026-09-05T23:55:25.892706+09:00","Action":"output","Package":"waiting-room/internal/installplan","Test":"TestValidationBoundaries/high-scale/version","Output":"=== RUN   TestValidationBoundaries/high-scale/version\n"}
{"Time":"2026-09-05T23:55:25.89272+09:00","Action":"output","Package":"waiting-room/internal/installplan","Test":"TestValidationBoundaries/high-scale/version","Output":"--- PASS: TestValidationBoundaries/high-scale/version (0.00s)\n"}
{"Time":"2026-09-05T23:55:25.892733+09:00","Action":"pass","Package":"waiting-room/internal/installplan","Test":"TestValidationBoundaries/high-scale/version","Elapsed":0}
{"Time":"2026-09-05T23:55:25.892739+09:00","Action":"run","Package":"waiting-room/internal/installplan","Test":"TestValidationBoundaries/high-scale/totp-mode"}
{"Time":"2026-09-05T23:55:25.892741+09:00","Action":"output","Package":"waiting-room/internal/installplan","Test":"TestValidationBoundaries/high-scale/totp-mode","Output":"=== RUN   TestValidationBoundaries/high-scale/totp-mode\n"}
{"Time":"2026-09-05T23:55:25.892776+09:00","Action":"output","Package":"waiting-room/internal/installplan","Test":"TestValidationBoundaries/high-scale/totp-mode","Output":"--- PASS: TestValidationBoundaries/high-scale/totp-mode (0.00s)\n"}
{"Time":"2026-09-05T23:55:25.89278+09:00","Action":"pass","Package":"waiting-room/internal/installplan","Test":"TestValidationBoundaries/high-scale/totp-mode","Elapsed":0}
{"Time":"2026-09-05T23:55:25.892795+09:00","Action":"run","Package":"waiting-room/internal/installplan","Test":"TestValidationBoundaries/high-scale/region-empty"}
{"Time":"2026-09-05T23:55:25.892797+09:00","Action":"output","Package":"waiting-room/internal/installplan","Test":"TestValidationBoundaries/high-scale/region-empty","Output":"=== RUN   TestValidationBoundaries/high-scale/region-empty\n"}
{"Time":"2026-09-05T23:55:25.892815+09:00","Action":"output","Package":"waiting-room/internal/installplan","Test":"TestValidationBoundaries/high-scale/region-empty","Output":"--- PASS: TestValidationBoundaries/high-scale/region-empty (0.00s)\n"}
{"Time":"2026-09-05T23:55:25.892827+09:00","Action":"pass","Package":"waiting-room/internal/installplan","Test":"TestValidationBoundaries/high-scale/region-empty","Elapsed":0}
{"Time":"2026-09-05T23:55:25.892831+09:00","Action":"run","Package":"waiting-room/internal/installplan","Test":"TestValidationBoundaries/high-scale/region-long"}
{"Time":"2026-09-05T23:55:25.892833+09:00","Action":"output","Package":"waiting-room/internal/installplan","Test":"TestValidationBoundaries/high-scale/region-long","Output":"=== RUN   TestValidationBoundaries/high-scale/region-long\n"}
{"Time":"2026-09-05T23:55:25.892886+09:00","Action":"output","Package":"waiting-room/internal/installplan","Test":"TestValidationBoundaries/high-scale/region-long","Output":"--- PASS: TestValidationBoundaries/high-scale/region-long (0.00s)\n"}
{"Time":"2026-09-05T23:55:25.89289+09:00","Action":"pass","Package":"waiting-room/internal/installplan","Test":"TestValidationBoundaries/high-scale/region-long","Elapsed":0}
{"Time":"2026-09-05T23:55:25.892938+09:00","Action":"output","Package":"waiting-room/internal/installplan","Test":"TestValidationBoundaries","Output":"--- PASS: TestValidationBoundaries (0.00s)\n"}
{"Time":"2026-09-05T23:55:25.892942+09:00","Action":"pass","Package":"waiting-room/internal/installplan","Test":"TestValidationBoundaries","Elapsed":0}
{"Time":"2026-09-05T23:55:25.892953+09:00","Action":"run","Package":"waiting-room/internal/installplan","Test":"TestStrictDecodeAndNoErrorEcho"}
{"Time":"2026-09-05T23:55:25.892956+09:00","Action":"output","Package":"waiting-room/internal/installplan","Test":"TestStrictDecodeAndNoErrorEcho","Output":"=== RUN   TestStrictDecodeAndNoErrorEcho\n"}
{"Time":"2026-09-05T23:55:25.893031+09:00","Action":"run","Package":"waiting-room/internal/installplan","Test":"TestStrictDecodeAndNoErrorEcho/null"}
{"Time":"2026-09-05T23:55:25.893034+09:00","Action":"output","Package":"waiting-room/internal/installplan","Test":"TestStrictDecodeAndNoErrorEcho/null","Output":"=== RUN   TestStrictDecodeAndNoErrorEcho/null\n"}
{"Time":"2026-09-05T23:55:25.893135+09:00","Action":"output","Package":"waiting-room/internal/installplan","Test":"TestStrictDecodeAndNoErrorEcho/null","Output":"--- PASS: TestStrictDecodeAndNoErrorEcho/null (0.00s)\n"}
{"Time":"2026-09-05T23:55:25.89314+09:00","Action":"pass","Package":"waiting-room/internal/installplan","Test":"TestStrictDecodeAndNoErrorEcho/null","Elapsed":0}
{"Time":"2026-09-05T23:55:25.893157+09:00","Action":"run","Package":"waiting-room/internal/installplan","Test":"TestStrictDecodeAndNoErrorEcho/wrong-type"}
{"Time":"2026-09-05T23:55:25.893161+09:00","Action":"output","Package":"waiting-room/internal/installplan","Test":"TestStrictDecodeAndNoErrorEcho/wrong-type","Output":"=== RUN   TestStrictDecodeAndNoErrorEcho/wrong-type\n"}
{"Time":"2026-09-05T23:55:25.893306+09:00","Action":"output","Package":"waiting-room/internal/installplan","Test":"TestStrictDecodeAndNoErrorEcho/wrong-type","Output":"--- PASS: TestStrictDecodeAndNoErrorEcho/wrong-type (0.00s)\n"}
{"Time":"2026-09-05T23:55:25.89331+09:00","Action":"pass","Package":"waiting-room/internal/installplan","Test":"TestStrictDecodeAndNoErrorEcho/wrong-type","Elapsed":0}
{"Time":"2026-09-05T23:55:25.893322+09:00","Action":"run","Package":"waiting-room/internal/installplan","Test":"TestStrictDecodeAndNoErrorEcho/oversize"}
{"Time":"2026-09-05T23:55:25.893325+09:00","Action":"output","Package":"waiting-room/internal/installplan","Test":"TestStrictDecodeAndNoErrorEcho/oversize","Output":"=== RUN   TestStrictDecodeAndNoErrorEcho/oversize\n"}
{"Time":"2026-09-05T23:55:25.893409+09:00","Action":"output","Package":"waiting-room/internal/installplan","Test":"TestStrictDecodeAndNoErrorEcho/oversize","Output":"--- PASS: TestStrictDecodeAndNoErrorEcho/oversize (0.00s)\n"}
{"Time":"2026-09-05T23:55:25.893413+09:00","Action":"pass","Package":"waiting-room/internal/installplan","Test":"TestStrictDecodeAndNoErrorEcho/oversize","Elapsed":0}
{"Time":"2026-09-05T23:55:25.893426+09:00","Action":"run","Package":"waiting-room/internal/installplan","Test":"TestStrictDecodeAndNoErrorEcho/duplicate"}
{"Time":"2026-09-05T23:55:25.893428+09:00","Action":"output","Package":"waiting-room/internal/installplan","Test":"TestStrictDecodeAndNoErrorEcho/duplicate","Output":"=== RUN   TestStrictDecodeAndNoErrorEcho/duplicate\n"}
{"Time":"2026-09-05T23:55:25.89352+09:00","Action":"output","Package":"waiting-room/internal/installplan","Test":"TestStrictDecodeAndNoErrorEcho/duplicate","Output":"--- PASS: TestStrictDecodeAndNoErrorEcho/duplicate (0.00s)\n"}
{"Time":"2026-09-05T23:55:25.893524+09:00","Action":"pass","Package":"waiting-room/internal/installplan","Test":"TestStrictDecodeAndNoErrorEcho/duplicate","Elapsed":0}
{"Time":"2026-09-05T23:55:25.893534+09:00","Action":"run","Package":"waiting-room/internal/installplan","Test":"TestStrictDecodeAndNoErrorEcho/wrong-case"}
{"Time":"2026-09-05T23:55:25.893537+09:00","Action":"output","Package":"waiting-room/internal/installplan","Test":"TestStrictDecodeAndNoErrorEcho/wrong-case","Output":"=== RUN   TestStrictDecodeAndNoErrorEcho/wrong-case\n"}
{"Time":"2026-09-05T23:55:25.893633+09:00","Action":"output","Package":"waiting-room/internal/installplan","Test":"TestStrictDecodeAndNoErrorEcho/wrong-case","Output":"--- PASS: TestStrictDecodeAndNoErrorEcho/wrong-case (0.00s)\n"}
{"Time":"2026-09-05T23:55:25.893637+09:00","Action":"pass","Package":"waiting-room/internal/installplan","Test":"TestStrictDecodeAndNoErrorEcho/wrong-case","Elapsed":0}
{"Time":"2026-09-05T23:55:25.89365+09:00","Action":"run","Package":"waiting-room/internal/installplan","Test":"TestStrictDecodeAndNoErrorEcho/missing-bool"}
{"Time":"2026-09-05T23:55:25.893652+09:00","Action":"output","Package":"waiting-room/internal/installplan","Test":"TestStrictDecodeAndNoErrorEcho/missing-bool","Output":"=== RUN   TestStrictDecodeAndNoErrorEcho/missing-bool\n"}
{"Time":"2026-09-05T23:55:25.893735+09:00","Action":"output","Package":"waiting-room/internal/installplan","Test":"TestStrictDecodeAndNoErrorEcho/missing-bool","Output":"--- PASS: TestStrictDecodeAndNoErrorEcho/missing-bool (0.00s)\n"}
{"Time":"2026-09-05T23:55:25.893739+09:00","Action":"pass","Package":"waiting-room/internal/installplan","Test":"TestStrictDecodeAndNoErrorEcho/missing-bool","Elapsed":0}
{"Time":"2026-09-05T23:55:25.893756+09:00","Action":"run","Package":"waiting-room/internal/installplan","Test":"TestStrictDecodeAndNoErrorEcho/multiple"}
{"Time":"2026-09-05T23:55:25.893758+09:00","Action":"output","Package":"waiting-room/internal/installplan","Test":"TestStrictDecodeAndNoErrorEcho/multiple","Output":"=== RUN   TestStrictDecodeAndNoErrorEcho/multiple\n"}
{"Time":"2026-09-05T23:55:25.893851+09:00","Action":"output","Package":"waiting-room/internal/installplan","Test":"TestStrictDecodeAndNoErrorEcho/multiple","Output":"--- PASS: TestStrictDecodeAndNoErrorEcho/multiple (0.00s)\n"}
{"Time":"2026-09-05T23:55:25.893857+09:00","Action":"pass","Package":"waiting-room/internal/installplan","Test":"TestStrictDecodeAndNoErrorEcho/multiple","Elapsed":0}
{"Time":"2026-09-05T23:55:25.893872+09:00","Action":"run","Package":"waiting-room/internal/installplan","Test":"TestStrictDecodeAndNoErrorEcho/regions"}
{"Time":"2026-09-05T23:55:25.893874+09:00","Action":"output","Package":"waiting-room/internal/installplan","Test":"TestStrictDecodeAndNoErrorEcho/regions","Output":"=== RUN   TestStrictDecodeAndNoErrorEcho/regions\n"}
{"Time":"2026-09-05T23:55:25.89392+09:00","Action":"output","Package":"waiting-room/internal/installplan","Test":"TestStrictDecodeAndNoErrorEcho/regions","Output":"--- PASS: TestStrictDecodeAndNoErrorEcho/regions (0.00s)\n"}
{"Time":"2026-09-05T23:55:25.893927+09:00","Action":"pass","Package":"waiting-room/internal/installplan","Test":"TestStrictDecodeAndNoErrorEcho/regions","Elapsed":0}
{"Time":"2026-09-05T23:55:25.893941+09:00","Action":"run","Package":"waiting-room/internal/installplan","Test":"TestStrictDecodeAndNoErrorEcho/nested-case"}
{"Time":"2026-09-05T23:55:25.893944+09:00","Action":"output","Package":"waiting-room/internal/installplan","Test":"TestStrictDecodeAndNoErrorEcho/nested-case","Output":"=== RUN   TestStrictDecodeAndNoErrorEcho/nested-case\n"}
{"Time":"2026-09-05T23:55:25.89404+09:00","Action":"output","Package":"waiting-room/internal/installplan","Test":"TestStrictDecodeAndNoErrorEcho/nested-case","Output":"--- PASS: TestStrictDecodeAndNoErrorEcho/nested-case (0.00s)\n"}
{"Time":"2026-09-05T23:55:25.894045+09:00","Action":"pass","Package":"waiting-room/internal/installplan","Test":"TestStrictDecodeAndNoErrorEcho/nested-case","Elapsed":0}
{"Time":"2026-09-05T23:55:25.894056+09:00","Action":"run","Package":"waiting-room/internal/installplan","Test":"TestStrictDecodeAndNoErrorEcho/array"}
{"Time":"2026-09-05T23:55:25.894059+09:00","Action":"output","Package":"waiting-room/internal/installplan","Test":"TestStrictDecodeAndNoErrorEcho/array","Output":"=== RUN   TestStrictDecodeAndNoErrorEcho/array\n"}
{"Time":"2026-09-05T23:55:25.894089+09:00","Action":"output","Package":"waiting-room/internal/installplan","Test":"TestStrictDecodeAndNoErrorEcho/array","Output":"--- PASS: TestStrictDecodeAndNoErrorEcho/array (0.00s)\n"}
{"Time":"2026-09-05T23:55:25.894093+09:00","Action":"pass","Package":"waiting-room/internal/installplan","Test":"TestStrictDecodeAndNoErrorEcho/array","Elapsed":0}
{"Time":"2026-09-05T23:55:25.894103+09:00","Action":"run","Package":"waiting-room/internal/installplan","Test":"TestStrictDecodeAndNoErrorEcho/malformed"}
{"Time":"2026-09-05T23:55:25.894105+09:00","Action":"output","Package":"waiting-room/internal/installplan","Test":"TestStrictDecodeAndNoErrorEcho/malformed","Output":"=== RUN   TestStrictDecodeAndNoErrorEcho/malformed\n"}
{"Time":"2026-09-05T23:55:25.894146+09:00","Action":"output","Package":"waiting-room/internal/installplan","Test":"TestStrictDecodeAndNoErrorEcho/malformed","Output":"--- PASS: TestStrictDecodeAndNoErrorEcho/malformed (0.00s)\n"}
{"Time":"2026-09-05T23:55:25.894151+09:00","Action":"pass","Package":"waiting-room/internal/installplan","Test":"TestStrictDecodeAndNoErrorEcho/malformed","Elapsed":0}
{"Time":"2026-09-05T23:55:25.894161+09:00","Action":"run","Package":"waiting-room/internal/installplan","Test":"TestStrictDecodeAndNoErrorEcho/unknown-secret"}
{"Time":"2026-09-05T23:55:25.894163+09:00","Action":"output","Package":"waiting-room/internal/installplan","Test":"TestStrictDecodeAndNoErrorEcho/unknown-secret","Output":"=== RUN   TestStrictDecodeAndNoErrorEcho/unknown-secret\n"}
{"Time":"2026-09-05T23:55:25.894262+09:00","Action":"output","Package":"waiting-room/internal/installplan","Test":"TestStrictDecodeAndNoErrorEcho/unknown-secret","Output":"--- PASS: TestStrictDecodeAndNoErrorEcho/unknown-secret (0.00s)\n"}
{"Time":"2026-09-05T23:55:25.89427+09:00","Action":"pass","Package":"waiting-room/internal/installplan","Test":"TestStrictDecodeAndNoErrorEcho/unknown-secret","Elapsed":0}
{"Time":"2026-09-05T23:55:25.894278+09:00","Action":"run","Package":"waiting-room/internal/installplan","Test":"TestStrictDecodeAndNoErrorEcho/nested-secret"}
{"Time":"2026-09-05T23:55:25.894283+09:00","Action":"output","Package":"waiting-room/internal/installplan","Test":"TestStrictDecodeAndNoErrorEcho/nested-secret","Output":"=== RUN   TestStrictDecodeAndNoErrorEcho/nested-secret\n"}
{"Time":"2026-09-05T23:55:25.894378+09:00","Action":"output","Package":"waiting-room/internal/installplan","Test":"TestStrictDecodeAndNoErrorEcho/nested-secret","Output":"--- PASS: TestStrictDecodeAndNoErrorEcho/nested-secret (0.00s)\n"}
{"Time":"2026-09-05T23:55:25.894383+09:00","Action":"pass","Package":"waiting-room/internal/installplan","Test":"TestStrictDecodeAndNoErrorEcho/nested-secret","Elapsed":0}
{"Time":"2026-09-05T23:55:25.894399+09:00","Action":"run","Package":"waiting-room/internal/installplan","Test":"TestStrictDecodeAndNoErrorEcho/duplicate-escaped"}
{"Time":"2026-09-05T23:55:25.894403+09:00","Action":"output","Package":"waiting-room/internal/installplan","Test":"TestStrictDecodeAndNoErrorEcho/duplicate-escaped","Output":"=== RUN   TestStrictDecodeAndNoErrorEcho/duplicate-escaped\n"}
{"Time":"2026-09-05T23:55:25.894497+09:00","Action":"output","Package":"waiting-room/internal/installplan","Test":"TestStrictDecodeAndNoErrorEcho/duplicate-escaped","Output":"--- PASS: TestStrictDecodeAndNoErrorEcho/duplicate-escaped (0.00s)\n"}
{"Time":"2026-09-05T23:55:25.894501+09:00","Action":"pass","Package":"waiting-room/internal/installplan","Test":"TestStrictDecodeAndNoErrorEcho/duplicate-escaped","Elapsed":0}
{"Time":"2026-09-05T23:55:25.894522+09:00","Action":"output","Package":"waiting-room/internal/installplan","Test":"TestStrictDecodeAndNoErrorEcho","Output":"--- PASS: TestStrictDecodeAndNoErrorEcho (0.00s)\n"}
{"Time":"2026-09-05T23:55:25.894538+09:00","Action":"pass","Package":"waiting-room/internal/installplan","Test":"TestStrictDecodeAndNoErrorEcho","Elapsed":0}
{"Time":"2026-09-05T23:55:25.894542+09:00","Action":"run","Package":"waiting-room/internal/installplan","Test":"TestDeterministicPlanAndOwnedSlices"}
{"Time":"2026-09-05T23:55:25.894543+09:00","Action":"output","Package":"waiting-room/internal/installplan","Test":"TestDeterministicPlanAndOwnedSlices","Output":"=== RUN   TestDeterministicPlanAndOwnedSlices\n"}
{"Time":"2026-09-05T23:55:25.895035+09:00","Action":"run","Package":"waiting-room/internal/installplan","Test":"TestDeterministicPlanAndOwnedSlices/repeat"}
{"Time":"2026-09-05T23:55:25.895038+09:00","Action":"output","Package":"waiting-room/internal/installplan","Test":"TestDeterministicPlanAndOwnedSlices/repeat","Output":"=== RUN   TestDeterministicPlanAndOwnedSlices/repeat\n"}
{"Time":"2026-09-05T23:55:25.895454+09:00","Action":"output","Package":"waiting-room/internal/installplan","Test":"TestDeterministicPlanAndOwnedSlices/repeat","Output":"=== PAUSE TestDeterministicPlanAndOwnedSlices/repeat\n"}
{"Time":"2026-09-05T23:55:25.895457+09:00","Action":"pause","Package":"waiting-room/internal/installplan","Test":"TestDeterministicPlanAndOwnedSlices/repeat"}
{"Time":"2026-09-05T23:55:25.89549+09:00","Action":"run","Package":"waiting-room/internal/installplan","Test":"TestDeterministicPlanAndOwnedSlices/repeat#01"}
{"Time":"2026-09-05T23:55:25.895494+09:00","Action":"output","Package":"waiting-room/internal/installplan","Test":"TestDeterministicPlanAndOwnedSlices/repeat#01","Output":"=== RUN   TestDeterministicPlanAndOwnedSlices/repeat#01\n"}
{"Time":"2026-09-05T23:55:25.895522+09:00","Action":"output","Package":"waiting-room/internal/installplan","Test":"TestDeterministicPlanAndOwnedSlices/repeat#01","Output":"=== PAUSE TestDeterministicPlanAndOwnedSlices/repeat#01\n"}
{"Time":"2026-09-05T23:55:25.895525+09:00","Action":"pause","Package":"waiting-room/internal/installplan","Test":"TestDeterministicPlanAndOwnedSlices/repeat#01"}
{"Time":"2026-09-05T23:55:25.895536+09:00","Action":"run","Package":"waiting-room/internal/installplan","Test":"TestDeterministicPlanAndOwnedSlices/repeat#02"}
{"Time":"2026-09-05T23:55:25.895538+09:00","Action":"output","Package":"waiting-room/internal/installplan","Test":"TestDeterministicPlanAndOwnedSlices/repeat#02","Output":"=== RUN   TestDeterministicPlanAndOwnedSlices/repeat#02\n"}
{"Time":"2026-09-05T23:55:25.895553+09:00","Action":"output","Package":"waiting-room/internal/installplan","Test":"TestDeterministicPlanAndOwnedSlices/repeat#02","Output":"=== PAUSE TestDeterministicPlanAndOwnedSlices/repeat#02\n"}
{"Time":"2026-09-05T23:55:25.895555+09:00","Action":"pause","Package":"waiting-room/internal/installplan","Test":"TestDeterministicPlanAndOwnedSlices/repeat#02"}
{"Time":"2026-09-05T23:55:25.895571+09:00","Action":"run","Package":"waiting-room/internal/installplan","Test":"TestDeterministicPlanAndOwnedSlices/repeat#03"}
{"Time":"2026-09-05T23:55:25.895573+09:00","Action":"output","Package":"waiting-room/internal/installplan","Test":"TestDeterministicPlanAndOwnedSlices/repeat#03","Output":"=== RUN   TestDeterministicPlanAndOwnedSlices/repeat#03\n"}
{"Time":"2026-09-05T23:55:25.895586+09:00","Action":"output","Package":"waiting-room/internal/installplan","Test":"TestDeterministicPlanAndOwnedSlices/repeat#03","Output":"=== PAUSE TestDeterministicPlanAndOwnedSlices/repeat#03\n"}
{"Time":"2026-09-05T23:55:25.895588+09:00","Action":"pause","Package":"waiting-room/internal/installplan","Test":"TestDeterministicPlanAndOwnedSlices/repeat#03"}
{"Time":"2026-09-05T23:55:25.895598+09:00","Action":"run","Package":"waiting-room/internal/installplan","Test":"TestDeterministicPlanAndOwnedSlices/repeat#04"}
{"Time":"2026-09-05T23:55:25.895599+09:00","Action":"output","Package":"waiting-room/internal/installplan","Test":"TestDeterministicPlanAndOwnedSlices/repeat#04","Output":"=== RUN   TestDeterministicPlanAndOwnedSlices/repeat#04\n"}
{"Time":"2026-09-05T23:55:25.89561+09:00","Action":"output","Package":"waiting-room/internal/installplan","Test":"TestDeterministicPlanAndOwnedSlices/repeat#04","Output":"=== PAUSE TestDeterministicPlanAndOwnedSlices/repeat#04\n"}
{"Time":"2026-09-05T23:55:25.895612+09:00","Action":"pause","Package":"waiting-room/internal/installplan","Test":"TestDeterministicPlanAndOwnedSlices/repeat#04"}
{"Time":"2026-09-05T23:55:25.895628+09:00","Action":"run","Package":"waiting-room/internal/installplan","Test":"TestDeterministicPlanAndOwnedSlices/repeat#05"}
{"Time":"2026-09-05T23:55:25.895631+09:00","Action":"output","Package":"waiting-room/internal/installplan","Test":"TestDeterministicPlanAndOwnedSlices/repeat#05","Output":"=== RUN   TestDeterministicPlanAndOwnedSlices/repeat#05\n"}
{"Time":"2026-09-05T23:55:25.895641+09:00","Action":"output","Package":"waiting-room/internal/installplan","Test":"TestDeterministicPlanAndOwnedSlices/repeat#05","Output":"=== PAUSE TestDeterministicPlanAndOwnedSlices/repeat#05\n"}
{"Time":"2026-09-05T23:55:25.895643+09:00","Action":"pause","Package":"waiting-room/internal/installplan","Test":"TestDeterministicPlanAndOwnedSlices/repeat#05"}
{"Time":"2026-09-05T23:55:25.895656+09:00","Action":"run","Package":"waiting-room/internal/installplan","Test":"TestDeterministicPlanAndOwnedSlices/repeat#06"}
{"Time":"2026-09-05T23:55:25.895657+09:00","Action":"output","Package":"waiting-room/internal/installplan","Test":"TestDeterministicPlanAndOwnedSlices/repeat#06","Output":"=== RUN   TestDeterministicPlanAndOwnedSlices/repeat#06\n"}
{"Time":"2026-09-05T23:55:25.895669+09:00","Action":"output","Package":"waiting-room/internal/installplan","Test":"TestDeterministicPlanAndOwnedSlices/repeat#06","Output":"=== PAUSE TestDeterministicPlanAndOwnedSlices/repeat#06\n"}
{"Time":"2026-09-05T23:55:25.895672+09:00","Action":"pause","Package":"waiting-room/internal/installplan","Test":"TestDeterministicPlanAndOwnedSlices/repeat#06"}
{"Time":"2026-09-05T23:55:25.895691+09:00","Action":"run","Package":"waiting-room/internal/installplan","Test":"TestDeterministicPlanAndOwnedSlices/repeat#07"}
{"Time":"2026-09-05T23:55:25.895694+09:00","Action":"output","Package":"waiting-room/internal/installplan","Test":"TestDeterministicPlanAndOwnedSlices/repeat#07","Output":"=== RUN   TestDeterministicPlanAndOwnedSlices/repeat#07\n"}
{"Time":"2026-09-05T23:55:25.895705+09:00","Action":"output","Package":"waiting-room/internal/installplan","Test":"TestDeterministicPlanAndOwnedSlices/repeat#07","Output":"=== PAUSE TestDeterministicPlanAndOwnedSlices/repeat#07\n"}
{"Time":"2026-09-05T23:55:25.895707+09:00","Action":"pause","Package":"waiting-room/internal/installplan","Test":"TestDeterministicPlanAndOwnedSlices/repeat#07"}
{"Time":"2026-09-05T23:55:25.89572+09:00","Action":"run","Package":"waiting-room/internal/installplan","Test":"TestDeterministicPlanAndOwnedSlices/repeat#08"}
{"Time":"2026-09-05T23:55:25.895722+09:00","Action":"output","Package":"waiting-room/internal/installplan","Test":"TestDeterministicPlanAndOwnedSlices/repeat#08","Output":"=== RUN   TestDeterministicPlanAndOwnedSlices/repeat#08\n"}
{"Time":"2026-09-05T23:55:25.895735+09:00","Action":"output","Package":"waiting-room/internal/installplan","Test":"TestDeterministicPlanAndOwnedSlices/repeat#08","Output":"=== PAUSE TestDeterministicPlanAndOwnedSlices/repeat#08\n"}
{"Time":"2026-09-05T23:55:25.895738+09:00","Action":"pause","Package":"waiting-room/internal/installplan","Test":"TestDeterministicPlanAndOwnedSlices/repeat#08"}
{"Time":"2026-09-05T23:55:25.895749+09:00","Action":"run","Package":"waiting-room/internal/installplan","Test":"TestDeterministicPlanAndOwnedSlices/repeat#09"}
{"Time":"2026-09-05T23:55:25.89575+09:00","Action":"output","Package":"waiting-room/internal/installplan","Test":"TestDeterministicPlanAndOwnedSlices/repeat#09","Output":"=== RUN   TestDeterministicPlanAndOwnedSlices/repeat#09\n"}
{"Time":"2026-09-05T23:55:25.895758+09:00","Action":"output","Package":"waiting-room/internal/installplan","Test":"TestDeterministicPlanAndOwnedSlices/repeat#09","Output":"=== PAUSE TestDeterministicPlanAndOwnedSlices/repeat#09\n"}
{"Time":"2026-09-05T23:55:25.895761+09:00","Action":"pause","Package":"waiting-room/internal/installplan","Test":"TestDeterministicPlanAndOwnedSlices/repeat#09"}
{"Time":"2026-09-05T23:55:25.895771+09:00","Action":"run","Package":"waiting-room/internal/installplan","Test":"TestDeterministicPlanAndOwnedSlices/repeat#10"}
{"Time":"2026-09-05T23:55:25.895773+09:00","Action":"output","Package":"waiting-room/internal/installplan","Test":"TestDeterministicPlanAndOwnedSlices/repeat#10","Output":"=== RUN   TestDeterministicPlanAndOwnedSlices/repeat#10\n"}
{"Time":"2026-09-05T23:55:25.895783+09:00","Action":"output","Package":"waiting-room/internal/installplan","Test":"TestDeterministicPlanAndOwnedSlices/repeat#10","Output":"=== PAUSE TestDeterministicPlanAndOwnedSlices/repeat#10\n"}
{"Time":"2026-09-05T23:55:25.895786+09:00","Action":"pause","Package":"waiting-room/internal/installplan","Test":"TestDeterministicPlanAndOwnedSlices/repeat#10"}
{"Time":"2026-09-05T23:55:25.895795+09:00","Action":"run","Package":"waiting-room/internal/installplan","Test":"TestDeterministicPlanAndOwnedSlices/repeat#11"}
{"Time":"2026-09-05T23:55:25.895797+09:00","Action":"output","Package":"waiting-room/internal/installplan","Test":"TestDeterministicPlanAndOwnedSlices/repeat#11","Output":"=== RUN   TestDeterministicPlanAndOwnedSlices/repeat#11\n"}
{"Time":"2026-09-05T23:55:25.895805+09:00","Action":"output","Package":"waiting-room/internal/installplan","Test":"TestDeterministicPlanAndOwnedSlices/repeat#11","Output":"=== PAUSE TestDeterministicPlanAndOwnedSlices/repeat#11\n"}
{"Time":"2026-09-05T23:55:25.895807+09:00","Action":"pause","Package":"waiting-room/internal/installplan","Test":"TestDeterministicPlanAndOwnedSlices/repeat#11"}
{"Time":"2026-09-05T23:55:25.89582+09:00","Action":"run","Package":"waiting-room/internal/installplan","Test":"TestDeterministicPlanAndOwnedSlices/repeat#12"}
{"Time":"2026-09-05T23:55:25.895822+09:00","Action":"output","Package":"waiting-room/internal/installplan","Test":"TestDeterministicPlanAndOwnedSlices/repeat#12","Output":"=== RUN   TestDeterministicPlanAndOwnedSlices/repeat#12\n"}
{"Time":"2026-09-05T23:55:25.895832+09:00","Action":"output","Package":"waiting-room/internal/installplan","Test":"TestDeterministicPlanAndOwnedSlices/repeat#12","Output":"=== PAUSE TestDeterministicPlanAndOwnedSlices/repeat#12\n"}
{"Time":"2026-09-05T23:55:25.895835+09:00","Action":"pause","Package":"waiting-room/internal/installplan","Test":"TestDeterministicPlanAndOwnedSlices/repeat#12"}
{"Time":"2026-09-05T23:55:25.895848+09:00","Action":"run","Package":"waiting-room/internal/installplan","Test":"TestDeterministicPlanAndOwnedSlices/repeat#13"}
{"Time":"2026-09-05T23:55:25.89585+09:00","Action":"output","Package":"waiting-room/internal/installplan","Test":"TestDeterministicPlanAndOwnedSlices/repeat#13","Output":"=== RUN   TestDeterministicPlanAndOwnedSlices/repeat#13\n"}
{"Time":"2026-09-05T23:55:25.895859+09:00","Action":"output","Package":"waiting-room/internal/installplan","Test":"TestDeterministicPlanAndOwnedSlices/repeat#13","Output":"=== PAUSE TestDeterministicPlanAndOwnedSlices/repeat#13\n"}
{"Time":"2026-09-05T23:55:25.895862+09:00","Action":"pause","Package":"waiting-room/internal/installplan","Test":"TestDeterministicPlanAndOwnedSlices/repeat#13"}
{"Time":"2026-09-05T23:55:25.895876+09:00","Action":"run","Package":"waiting-room/internal/installplan","Test":"TestDeterministicPlanAndOwnedSlices/repeat#14"}
{"Time":"2026-09-05T23:55:25.895878+09:00","Action":"output","Package":"waiting-room/internal/installplan","Test":"TestDeterministicPlanAndOwnedSlices/repeat#14","Output":"=== RUN   TestDeterministicPlanAndOwnedSlices/repeat#14\n"}
{"Time":"2026-09-05T23:55:25.895889+09:00","Action":"output","Package":"waiting-room/internal/installplan","Test":"TestDeterministicPlanAndOwnedSlices/repeat#14","Output":"=== PAUSE TestDeterministicPlanAndOwnedSlices/repeat#14\n"}
{"Time":"2026-09-05T23:55:25.895891+09:00","Action":"pause","Package":"waiting-room/internal/installplan","Test":"TestDeterministicPlanAndOwnedSlices/repeat#14"}
{"Time":"2026-09-05T23:55:25.895903+09:00","Action":"run","Package":"waiting-room/internal/installplan","Test":"TestDeterministicPlanAndOwnedSlices/repeat#15"}
{"Time":"2026-09-05T23:55:25.895904+09:00","Action":"output","Package":"waiting-room/internal/installplan","Test":"TestDeterministicPlanAndOwnedSlices/repeat#15","Output":"=== RUN   TestDeterministicPlanAndOwnedSlices/repeat#15\n"}
{"Time":"2026-09-05T23:55:25.895916+09:00","Action":"output","Package":"waiting-room/internal/installplan","Test":"TestDeterministicPlanAndOwnedSlices/repeat#15","Output":"=== PAUSE TestDeterministicPlanAndOwnedSlices/repeat#15\n"}
{"Time":"2026-09-05T23:55:25.895918+09:00","Action":"pause","Package":"waiting-room/internal/installplan","Test":"TestDeterministicPlanAndOwnedSlices/repeat#15"}
{"Time":"2026-09-05T23:55:25.895935+09:00","Action":"run","Package":"waiting-room/internal/installplan","Test":"TestDeterministicPlanAndOwnedSlices/repeat#16"}
{"Time":"2026-09-05T23:55:25.895938+09:00","Action":"output","Package":"waiting-room/internal/installplan","Test":"TestDeterministicPlanAndOwnedSlices/repeat#16","Output":"=== RUN   TestDeterministicPlanAndOwnedSlices/repeat#16\n"}
{"Time":"2026-09-05T23:55:25.895948+09:00","Action":"output","Package":"waiting-room/internal/installplan","Test":"TestDeterministicPlanAndOwnedSlices/repeat#16","Output":"=== PAUSE TestDeterministicPlanAndOwnedSlices/repeat#16\n"}
{"Time":"2026-09-05T23:55:25.895951+09:00","Action":"pause","Package":"waiting-room/internal/installplan","Test":"TestDeterministicPlanAndOwnedSlices/repeat#16"}
{"Time":"2026-09-05T23:55:25.895959+09:00","Action":"run","Package":"waiting-room/internal/installplan","Test":"TestDeterministicPlanAndOwnedSlices/repeat#17"}
{"Time":"2026-09-05T23:55:25.895961+09:00","Action":"output","Package":"waiting-room/internal/installplan","Test":"TestDeterministicPlanAndOwnedSlices/repeat#17","Output":"=== RUN   TestDeterministicPlanAndOwnedSlices/repeat#17\n"}
{"Time":"2026-09-05T23:55:25.895972+09:00","Action":"output","Package":"waiting-room/internal/installplan","Test":"TestDeterministicPlanAndOwnedSlices/repeat#17","Output":"=== PAUSE TestDeterministicPlanAndOwnedSlices/repeat#17\n"}
{"Time":"2026-09-05T23:55:25.895973+09:00","Action":"pause","Package":"waiting-room/internal/installplan","Test":"TestDeterministicPlanAndOwnedSlices/repeat#17"}
{"Time":"2026-09-05T23:55:25.895985+09:00","Action":"run","Package":"waiting-room/internal/installplan","Test":"TestDeterministicPlanAndOwnedSlices/repeat#18"}
{"Time":"2026-09-05T23:55:25.895986+09:00","Action":"output","Package":"waiting-room/internal/installplan","Test":"TestDeterministicPlanAndOwnedSlices/repeat#18","Output":"=== RUN   TestDeterministicPlanAndOwnedSlices/repeat#18\n"}
{"Time":"2026-09-05T23:55:25.895994+09:00","Action":"output","Package":"waiting-room/internal/installplan","Test":"TestDeterministicPlanAndOwnedSlices/repeat#18","Output":"=== PAUSE TestDeterministicPlanAndOwnedSlices/repeat#18\n"}
{"Time":"2026-09-05T23:55:25.895996+09:00","Action":"pause","Package":"waiting-room/internal/installplan","Test":"TestDeterministicPlanAndOwnedSlices/repeat#18"}
{"Time":"2026-09-05T23:55:25.896008+09:00","Action":"run","Package":"waiting-room/internal/installplan","Test":"TestDeterministicPlanAndOwnedSlices/repeat#19"}
{"Time":"2026-09-05T23:55:25.89601+09:00","Action":"output","Package":"waiting-room/internal/installplan","Test":"TestDeterministicPlanAndOwnedSlices/repeat#19","Output":"=== RUN   TestDeterministicPlanAndOwnedSlices/repeat#19\n"}
{"Time":"2026-09-05T23:55:25.89602+09:00","Action":"output","Package":"waiting-room/internal/installplan","Test":"TestDeterministicPlanAndOwnedSlices/repeat#19","Output":"=== PAUSE TestDeterministicPlanAndOwnedSlices/repeat#19\n"}
{"Time":"2026-09-05T23:55:25.896026+09:00","Action":"pause","Package":"waiting-room/internal/installplan","Test":"TestDeterministicPlanAndOwnedSlices/repeat#19"}
{"Time":"2026-09-05T23:55:25.896035+09:00","Action":"run","Package":"waiting-room/internal/installplan","Test":"TestDeterministicPlanAndOwnedSlices/repeat#20"}
{"Time":"2026-09-05T23:55:25.896037+09:00","Action":"output","Package":"waiting-room/internal/installplan","Test":"TestDeterministicPlanAndOwnedSlices/repeat#20","Output":"=== RUN   TestDeterministicPlanAndOwnedSlices/repeat#20\n"}
{"Time":"2026-09-05T23:55:25.896043+09:00","Action":"output","Package":"waiting-room/internal/installplan","Test":"TestDeterministicPlanAndOwnedSlices/repeat#20","Output":"=== PAUSE TestDeterministicPlanAndOwnedSlices/repeat#20\n"}
{"Time":"2026-09-05T23:55:25.896045+09:00","Action":"pause","Package":"waiting-room/internal/installplan","Test":"TestDeterministicPlanAndOwnedSlices/repeat#20"}
{"Time":"2026-09-05T23:55:25.896056+09:00","Action":"run","Package":"waiting-room/internal/installplan","Test":"TestDeterministicPlanAndOwnedSlices/repeat#21"}
{"Time":"2026-09-05T23:55:25.896058+09:00","Action":"output","Package":"waiting-room/internal/installplan","Test":"TestDeterministicPlanAndOwnedSlices/repeat#21","Output":"=== RUN   TestDeterministicPlanAndOwnedSlices/repeat#21\n"}
{"Time":"2026-09-05T23:55:25.896068+09:00","Action":"output","Package":"waiting-room/internal/installplan","Test":"TestDeterministicPlanAndOwnedSlices/repeat#21","Output":"=== PAUSE TestDeterministicPlanAndOwnedSlices/repeat#21\n"}
{"Time":"2026-09-05T23:55:25.896069+09:00","Action":"pause","Package":"waiting-room/internal/installplan","Test":"TestDeterministicPlanAndOwnedSlices/repeat#21"}
{"Time":"2026-09-05T23:55:25.896084+09:00","Action":"run","Package":"waiting-room/internal/installplan","Test":"TestDeterministicPlanAndOwnedSlices/repeat#22"}
{"Time":"2026-09-05T23:55:25.896086+09:00","Action":"output","Package":"waiting-room/internal/installplan","Test":"TestDeterministicPlanAndOwnedSlices/repeat#22","Output":"=== RUN   TestDeterministicPlanAndOwnedSlices/repeat#22\n"}
{"Time":"2026-09-05T23:55:25.896094+09:00","Action":"output","Package":"waiting-room/internal/installplan","Test":"TestDeterministicPlanAndOwnedSlices/repeat#22","Output":"=== PAUSE TestDeterministicPlanAndOwnedSlices/repeat#22\n"}
{"Time":"2026-09-05T23:55:25.896096+09:00","Action":"pause","Package":"waiting-room/internal/installplan","Test":"TestDeterministicPlanAndOwnedSlices/repeat#22"}
{"Time":"2026-09-05T23:55:25.896108+09:00","Action":"run","Package":"waiting-room/internal/installplan","Test":"TestDeterministicPlanAndOwnedSlices/repeat#23"}
{"Time":"2026-09-05T23:55:25.89611+09:00","Action":"output","Package":"waiting-room/internal/installplan","Test":"TestDeterministicPlanAndOwnedSlices/repeat#23","Output":"=== RUN   TestDeterministicPlanAndOwnedSlices/repeat#23\n"}
{"Time":"2026-09-05T23:55:25.896123+09:00","Action":"output","Package":"waiting-room/internal/installplan","Test":"TestDeterministicPlanAndOwnedSlices/repeat#23","Output":"=== PAUSE TestDeterministicPlanAndOwnedSlices/repeat#23\n"}
{"Time":"2026-09-05T23:55:25.896125+09:00","Action":"pause","Package":"waiting-room/internal/installplan","Test":"TestDeterministicPlanAndOwnedSlices/repeat#23"}
{"Time":"2026-09-05T23:55:25.896137+09:00","Action":"run","Package":"waiting-room/internal/installplan","Test":"TestDeterministicPlanAndOwnedSlices/repeat#24"}
{"Time":"2026-09-05T23:55:25.896138+09:00","Action":"output","Package":"waiting-room/internal/installplan","Test":"TestDeterministicPlanAndOwnedSlices/repeat#24","Output":"=== RUN   TestDeterministicPlanAndOwnedSlices/repeat#24\n"}
{"Time":"2026-09-05T23:55:25.89615+09:00","Action":"output","Package":"waiting-room/internal/installplan","Test":"TestDeterministicPlanAndOwnedSlices/repeat#24","Output":"=== PAUSE TestDeterministicPlanAndOwnedSlices/repeat#24\n"}
{"Time":"2026-09-05T23:55:25.896152+09:00","Action":"pause","Package":"waiting-room/internal/installplan","Test":"TestDeterministicPlanAndOwnedSlices/repeat#24"}
{"Time":"2026-09-05T23:55:25.896167+09:00","Action":"run","Package":"waiting-room/internal/installplan","Test":"TestDeterministicPlanAndOwnedSlices/repeat#25"}
{"Time":"2026-09-05T23:55:25.896169+09:00","Action":"output","Package":"waiting-room/internal/installplan","Test":"TestDeterministicPlanAndOwnedSlices/repeat#25","Output":"=== RUN   TestDeterministicPlanAndOwnedSlices/repeat#25\n"}
{"Time":"2026-09-05T23:55:25.89618+09:00","Action":"output","Package":"waiting-room/internal/installplan","Test":"TestDeterministicPlanAndOwnedSlices/repeat#25","Output":"=== PAUSE TestDeterministicPlanAndOwnedSlices/repeat#25\n"}
{"Time":"2026-09-05T23:55:25.896183+09:00","Action":"pause","Package":"waiting-room/internal/installplan","Test":"TestDeterministicPlanAndOwnedSlices/repeat#25"}
{"Time":"2026-09-05T23:55:25.896192+09:00","Action":"run","Package":"waiting-room/internal/installplan","Test":"TestDeterministicPlanAndOwnedSlices/repeat#26"}
{"Time":"2026-09-05T23:55:25.896195+09:00","Action":"output","Package":"waiting-room/internal/installplan","Test":"TestDeterministicPlanAndOwnedSlices/repeat#26","Output":"=== RUN   TestDeterministicPlanAndOwnedSlices/repeat#26\n"}
{"Time":"2026-09-05T23:55:25.896203+09:00","Action":"output","Package":"waiting-room/internal/installplan","Test":"TestDeterministicPlanAndOwnedSlices/repeat#26","Output":"=== PAUSE TestDeterministicPlanAndOwnedSlices/repeat#26\n"}
{"Time":"2026-09-05T23:55:25.896204+09:00","Action":"pause","Package":"waiting-room/internal/installplan","Test":"TestDeterministicPlanAndOwnedSlices/repeat#26"}
{"Time":"2026-09-05T23:55:25.896214+09:00","Action":"run","Package":"waiting-room/internal/installplan","Test":"TestDeterministicPlanAndOwnedSlices/repeat#27"}
{"Time":"2026-09-05T23:55:25.896216+09:00","Action":"output","Package":"waiting-room/internal/installplan","Test":"TestDeterministicPlanAndOwnedSlices/repeat#27","Output":"=== RUN   TestDeterministicPlanAndOwnedSlices/repeat#27\n"}
{"Time":"2026-09-05T23:55:25.896224+09:00","Action":"output","Package":"waiting-room/internal/installplan","Test":"TestDeterministicPlanAndOwnedSlices/repeat#27","Output":"=== PAUSE TestDeterministicPlanAndOwnedSlices/repeat#27\n"}
{"Time":"2026-09-05T23:55:25.896225+09:00","Action":"pause","Package":"waiting-room/internal/installplan","Test":"TestDeterministicPlanAndOwnedSlices/repeat#27"}
{"Time":"2026-09-05T23:55:25.896237+09:00","Action":"run","Package":"waiting-room/internal/installplan","Test":"TestDeterministicPlanAndOwnedSlices/repeat#28"}
{"Time":"2026-09-05T23:55:25.896243+09:00","Action":"output","Package":"waiting-room/internal/installplan","Test":"TestDeterministicPlanAndOwnedSlices/repeat#28","Output":"=== RUN   TestDeterministicPlanAndOwnedSlices/repeat#28\n"}
{"Time":"2026-09-05T23:55:25.896252+09:00","Action":"output","Package":"waiting-room/internal/installplan","Test":"TestDeterministicPlanAndOwnedSlices/repeat#28","Output":"=== PAUSE TestDeterministicPlanAndOwnedSlices/repeat#28\n"}
{"Time":"2026-09-05T23:55:25.896255+09:00","Action":"pause","Package":"waiting-room/internal/installplan","Test":"TestDeterministicPlanAndOwnedSlices/repeat#28"}
{"Time":"2026-09-05T23:55:25.896269+09:00","Action":"run","Package":"waiting-room/internal/installplan","Test":"TestDeterministicPlanAndOwnedSlices/repeat#29"}
{"Time":"2026-09-05T23:55:25.89627+09:00","Action":"output","Package":"waiting-room/internal/installplan","Test":"TestDeterministicPlanAndOwnedSlices/repeat#29","Output":"=== RUN   TestDeterministicPlanAndOwnedSlices/repeat#29\n"}
{"Time":"2026-09-05T23:55:25.89628+09:00","Action":"output","Package":"waiting-room/internal/installplan","Test":"TestDeterministicPlanAndOwnedSlices/repeat#29","Output":"=== PAUSE TestDeterministicPlanAndOwnedSlices/repeat#29\n"}
{"Time":"2026-09-05T23:55:25.896281+09:00","Action":"pause","Package":"waiting-room/internal/installplan","Test":"TestDeterministicPlanAndOwnedSlices/repeat#29"}
{"Time":"2026-09-05T23:55:25.896298+09:00","Action":"run","Package":"waiting-room/internal/installplan","Test":"TestDeterministicPlanAndOwnedSlices/repeat#30"}
{"Time":"2026-09-05T23:55:25.8963+09:00","Action":"output","Package":"waiting-room/internal/installplan","Test":"TestDeterministicPlanAndOwnedSlices/repeat#30","Output":"=== RUN   TestDeterministicPlanAndOwnedSlices/repeat#30\n"}
{"Time":"2026-09-05T23:55:25.89631+09:00","Action":"output","Package":"waiting-room/internal/installplan","Test":"TestDeterministicPlanAndOwnedSlices/repeat#30","Output":"=== PAUSE TestDeterministicPlanAndOwnedSlices/repeat#30\n"}
{"Time":"2026-09-05T23:55:25.896312+09:00","Action":"pause","Package":"waiting-room/internal/installplan","Test":"TestDeterministicPlanAndOwnedSlices/repeat#30"}
{"Time":"2026-09-05T23:55:25.896322+09:00","Action":"run","Package":"waiting-room/internal/installplan","Test":"TestDeterministicPlanAndOwnedSlices/repeat#31"}
{"Time":"2026-09-05T23:55:25.896323+09:00","Action":"output","Package":"waiting-room/internal/installplan","Test":"TestDeterministicPlanAndOwnedSlices/repeat#31","Output":"=== RUN   TestDeterministicPlanAndOwnedSlices/repeat#31\n"}
{"Time":"2026-09-05T23:55:25.896334+09:00","Action":"output","Package":"waiting-room/internal/installplan","Test":"TestDeterministicPlanAndOwnedSlices/repeat#31","Output":"=== PAUSE TestDeterministicPlanAndOwnedSlices/repeat#31\n"}
{"Time":"2026-09-05T23:55:25.896336+09:00","Action":"pause","Package":"waiting-room/internal/installplan","Test":"TestDeterministicPlanAndOwnedSlices/repeat#31"}
{"Time":"2026-09-05T23:55:25.89635+09:00","Action":"run","Package":"waiting-room/internal/installplan","Test":"TestDeterministicPlanAndOwnedSlices/repeat#32"}
{"Time":"2026-09-05T23:55:25.896351+09:00","Action":"output","Package":"waiting-room/internal/installplan","Test":"TestDeterministicPlanAndOwnedSlices/repeat#32","Output":"=== RUN   TestDeterministicPlanAndOwnedSlices/repeat#32\n"}
{"Time":"2026-09-05T23:55:25.896365+09:00","Action":"output","Package":"waiting-room/internal/installplan","Test":"TestDeterministicPlanAndOwnedSlices/repeat#32","Output":"=== PAUSE TestDeterministicPlanAndOwnedSlices/repeat#32\n"}
{"Time":"2026-09-05T23:55:25.896367+09:00","Action":"pause","Package":"waiting-room/internal/installplan","Test":"TestDeterministicPlanAndOwnedSlices/repeat#32"}
{"Time":"2026-09-05T23:55:25.896379+09:00","Action":"run","Package":"waiting-room/internal/installplan","Test":"TestDeterministicPlanAndOwnedSlices/repeat#33"}
{"Time":"2026-09-05T23:55:25.896381+09:00","Action":"output","Package":"waiting-room/internal/installplan","Test":"TestDeterministicPlanAndOwnedSlices/repeat#33","Output":"=== RUN   TestDeterministicPlanAndOwnedSlices/repeat#33\n"}
{"Time":"2026-09-05T23:55:25.896394+09:00","Action":"output","Package":"waiting-room/internal/installplan","Test":"TestDeterministicPlanAndOwnedSlices/repeat#33","Output":"=== PAUSE TestDeterministicPlanAndOwnedSlices/repeat#33\n"}
{"Time":"2026-09-05T23:55:25.896396+09:00","Action":"pause","Package":"waiting-room/internal/installplan","Test":"TestDeterministicPlanAndOwnedSlices/repeat#33"}
{"Time":"2026-09-05T23:55:25.89641+09:00","Action":"run","Package":"waiting-room/internal/installplan","Test":"TestDeterministicPlanAndOwnedSlices/repeat#34"}
{"Time":"2026-09-05T23:55:25.896412+09:00","Action":"output","Package":"waiting-room/internal/installplan","Test":"TestDeterministicPlanAndOwnedSlices/repeat#34","Output":"=== RUN   TestDeterministicPlanAndOwnedSlices/repeat#34\n"}
{"Time":"2026-09-05T23:55:25.896428+09:00","Action":"output","Package":"waiting-room/internal/installplan","Test":"TestDeterministicPlanAndOwnedSlices/repeat#34","Output":"=== PAUSE TestDeterministicPlanAndOwnedSlices/repeat#34\n"}
{"Time":"2026-09-05T23:55:25.89643+09:00","Action":"pause","Package":"waiting-room/internal/installplan","Test":"TestDeterministicPlanAndOwnedSlices/repeat#34"}
{"Time":"2026-09-05T23:55:25.896443+09:00","Action":"run","Package":"waiting-room/internal/installplan","Test":"TestDeterministicPlanAndOwnedSlices/repeat#35"}
{"Time":"2026-09-05T23:55:25.896444+09:00","Action":"output","Package":"waiting-room/internal/installplan","Test":"TestDeterministicPlanAndOwnedSlices/repeat#35","Output":"=== RUN   TestDeterministicPlanAndOwnedSlices/repeat#35\n"}
{"Time":"2026-09-05T23:55:25.896456+09:00","Action":"output","Package":"waiting-room/internal/installplan","Test":"TestDeterministicPlanAndOwnedSlices/repeat#35","Output":"=== PAUSE TestDeterministicPlanAndOwnedSlices/repeat#35\n"}
{"Time":"2026-09-05T23:55:25.896458+09:00","Action":"pause","Package":"waiting-room/internal/installplan","Test":"TestDeterministicPlanAndOwnedSlices/repeat#35"}
{"Time":"2026-09-05T23:55:25.896472+09:00","Action":"run","Package":"waiting-room/internal/installplan","Test":"TestDeterministicPlanAndOwnedSlices/repeat#36"}
{"Time":"2026-09-05T23:55:25.896473+09:00","Action":"output","Package":"waiting-room/internal/installplan","Test":"TestDeterministicPlanAndOwnedSlices/repeat#36","Output":"=== RUN   TestDeterministicPlanAndOwnedSlices/repeat#36\n"}
{"Time":"2026-09-05T23:55:25.896484+09:00","Action":"output","Package":"waiting-room/internal/installplan","Test":"TestDeterministicPlanAndOwnedSlices/repeat#36","Output":"=== PAUSE TestDeterministicPlanAndOwnedSlices/repeat#36\n"}
{"Time":"2026-09-05T23:55:25.896486+09:00","Action":"pause","Package":"waiting-room/internal/installplan","Test":"TestDeterministicPlanAndOwnedSlices/repeat#36"}
{"Time":"2026-09-05T23:55:25.896499+09:00","Action":"run","Package":"waiting-room/internal/installplan","Test":"TestDeterministicPlanAndOwnedSlices/repeat#37"}
{"Time":"2026-09-05T23:55:25.8965+09:00","Action":"output","Package":"waiting-room/internal/installplan","Test":"TestDeterministicPlanAndOwnedSlices/repeat#37","Output":"=== RUN   TestDeterministicPlanAndOwnedSlices/repeat#37\n"}
{"Time":"2026-09-05T23:55:25.896513+09:00","Action":"output","Package":"waiting-room/internal/installplan","Test":"TestDeterministicPlanAndOwnedSlices/repeat#37","Output":"=== PAUSE TestDeterministicPlanAndOwnedSlices/repeat#37\n"}
{"Time":"2026-09-05T23:55:25.896514+09:00","Action":"pause","Package":"waiting-room/internal/installplan","Test":"TestDeterministicPlanAndOwnedSlices/repeat#37"}
{"Time":"2026-09-05T23:55:25.896533+09:00","Action":"run","Package":"waiting-room/internal/installplan","Test":"TestDeterministicPlanAndOwnedSlices/repeat#38"}
{"Time":"2026-09-05T23:55:25.896536+09:00","Action":"output","Package":"waiting-room/internal/installplan","Test":"TestDeterministicPlanAndOwnedSlices/repeat#38","Output":"=== RUN   TestDeterministicPlanAndOwnedSlices/repeat#38\n"}
{"Time":"2026-09-05T23:55:25.896596+09:00","Action":"output","Package":"waiting-room/internal/installplan","Test":"TestDeterministicPlanAndOwnedSlices/repeat#38","Output":"=== PAUSE TestDeterministicPlanAndOwnedSlices/repeat#38\n"}
{"Time":"2026-09-05T23:55:25.896598+09:00","Action":"pause","Package":"waiting-room/internal/installplan","Test":"TestDeterministicPlanAndOwnedSlices/repeat#38"}
{"Time":"2026-09-05T23:55:25.896601+09:00","Action":"run","Package":"waiting-room/internal/installplan","Test":"TestDeterministicPlanAndOwnedSlices/repeat#39"}
{"Time":"2026-09-05T23:55:25.896602+09:00","Action":"output","Package":"waiting-room/internal/installplan","Test":"TestDeterministicPlanAndOwnedSlices/repeat#39","Output":"=== RUN   TestDeterministicPlanAndOwnedSlices/repeat#39\n"}
{"Time":"2026-09-05T23:55:25.896617+09:00","Action":"output","Package":"waiting-room/internal/installplan","Test":"TestDeterministicPlanAndOwnedSlices/repeat#39","Output":"=== PAUSE TestDeterministicPlanAndOwnedSlices/repeat#39\n"}
{"Time":"2026-09-05T23:55:25.896618+09:00","Action":"pause","Package":"waiting-room/internal/installplan","Test":"TestDeterministicPlanAndOwnedSlices/repeat#39"}
{"Time":"2026-09-05T23:55:25.896632+09:00","Action":"run","Package":"waiting-room/internal/installplan","Test":"TestDeterministicPlanAndOwnedSlices/repeat#40"}
{"Time":"2026-09-05T23:55:25.896634+09:00","Action":"output","Package":"waiting-room/internal/installplan","Test":"TestDeterministicPlanAndOwnedSlices/repeat#40","Output":"=== RUN   TestDeterministicPlanAndOwnedSlices/repeat#40\n"}
{"Time":"2026-09-05T23:55:25.896645+09:00","Action":"output","Package":"waiting-room/internal/installplan","Test":"TestDeterministicPlanAndOwnedSlices/repeat#40","Output":"=== PAUSE TestDeterministicPlanAndOwnedSlices/repeat#40\n"}
{"Time":"2026-09-05T23:55:25.896647+09:00","Action":"pause","Package":"waiting-room/internal/installplan","Test":"TestDeterministicPlanAndOwnedSlices/repeat#40"}
{"Time":"2026-09-05T23:55:25.896662+09:00","Action":"run","Package":"waiting-room/internal/installplan","Test":"TestDeterministicPlanAndOwnedSlices/repeat#41"}
{"Time":"2026-09-05T23:55:25.896665+09:00","Action":"output","Package":"waiting-room/internal/installplan","Test":"TestDeterministicPlanAndOwnedSlices/repeat#41","Output":"=== RUN   TestDeterministicPlanAndOwnedSlices/repeat#41\n"}
{"Time":"2026-09-05T23:55:25.896667+09:00","Action":"output","Package":"waiting-room/internal/installplan","Test":"TestDeterministicPlanAndOwnedSlices/repeat#41","Output":"=== PAUSE TestDeterministicPlanAndOwnedSlices/repeat#41\n"}
{"Time":"2026-09-05T23:55:25.896669+09:00","Action":"pause","Package":"waiting-room/internal/installplan","Test":"TestDeterministicPlanAndOwnedSlices/repeat#41"}
{"Time":"2026-09-05T23:55:25.896685+09:00","Action":"run","Package":"waiting-room/internal/installplan","Test":"TestDeterministicPlanAndOwnedSlices/repeat#42"}
{"Time":"2026-09-05T23:55:25.896688+09:00","Action":"output","Package":"waiting-room/internal/installplan","Test":"TestDeterministicPlanAndOwnedSlices/repeat#42","Output":"=== RUN   TestDeterministicPlanAndOwnedSlices/repeat#42\n"}
{"Time":"2026-09-05T23:55:25.896699+09:00","Action":"output","Package":"waiting-room/internal/installplan","Test":"TestDeterministicPlanAndOwnedSlices/repeat#42","Output":"=== PAUSE TestDeterministicPlanAndOwnedSlices/repeat#42\n"}
{"Time":"2026-09-05T23:55:25.896701+09:00","Action":"pause","Package":"waiting-room/internal/installplan","Test":"TestDeterministicPlanAndOwnedSlices/repeat#42"}
{"Time":"2026-09-05T23:55:25.89671+09:00","Action":"run","Package":"waiting-room/internal/installplan","Test":"TestDeterministicPlanAndOwnedSlices/repeat#43"}
{"Time":"2026-09-05T23:55:25.896712+09:00","Action":"output","Package":"waiting-room/internal/installplan","Test":"TestDeterministicPlanAndOwnedSlices/repeat#43","Output":"=== RUN   TestDeterministicPlanAndOwnedSlices/repeat#43\n"}
{"Time":"2026-09-05T23:55:25.896724+09:00","Action":"output","Package":"waiting-room/internal/installplan","Test":"TestDeterministicPlanAndOwnedSlices/repeat#43","Output":"=== PAUSE TestDeterministicPlanAndOwnedSlices/repeat#43\n"}
{"Time":"2026-09-05T23:55:25.896728+09:00","Action":"pause","Package":"waiting-room/internal/installplan","Test":"TestDeterministicPlanAndOwnedSlices/repeat#43"}
{"Time":"2026-09-05T23:55:25.896739+09:00","Action":"run","Package":"waiting-room/internal/installplan","Test":"TestDeterministicPlanAndOwnedSlices/repeat#44"}
{"Time":"2026-09-05T23:55:25.89674+09:00","Action":"output","Package":"waiting-room/internal/installplan","Test":"TestDeterministicPlanAndOwnedSlices/repeat#44","Output":"=== RUN   TestDeterministicPlanAndOwnedSlices/repeat#44\n"}
{"Time":"2026-09-05T23:55:25.896748+09:00","Action":"output","Package":"waiting-room/internal/installplan","Test":"TestDeterministicPlanAndOwnedSlices/repeat#44","Output":"=== PAUSE TestDeterministicPlanAndOwnedSlices/repeat#44\n"}
{"Time":"2026-09-05T23:55:25.89675+09:00","Action":"pause","Package":"waiting-room/internal/installplan","Test":"TestDeterministicPlanAndOwnedSlices/repeat#44"}
{"Time":"2026-09-05T23:55:25.896761+09:00","Action":"run","Package":"waiting-room/internal/installplan","Test":"TestDeterministicPlanAndOwnedSlices/repeat#45"}
{"Time":"2026-09-05T23:55:25.896763+09:00","Action":"output","Package":"waiting-room/internal/installplan","Test":"TestDeterministicPlanAndOwnedSlices/repeat#45","Output":"=== RUN   TestDeterministicPlanAndOwnedSlices/repeat#45\n"}
{"Time":"2026-09-05T23:55:25.896774+09:00","Action":"output","Package":"waiting-room/internal/installplan","Test":"TestDeterministicPlanAndOwnedSlices/repeat#45","Output":"=== PAUSE TestDeterministicPlanAndOwnedSlices/repeat#45\n"}
{"Time":"2026-09-05T23:55:25.896776+09:00","Action":"pause","Package":"waiting-room/internal/installplan","Test":"TestDeterministicPlanAndOwnedSlices/repeat#45"}
{"Time":"2026-09-05T23:55:25.896792+09:00","Action":"run","Package":"waiting-room/internal/installplan","Test":"TestDeterministicPlanAndOwnedSlices/repeat#46"}
{"Time":"2026-09-05T23:55:25.896794+09:00","Action":"output","Package":"waiting-room/internal/installplan","Test":"TestDeterministicPlanAndOwnedSlices/repeat#46","Output":"=== RUN   TestDeterministicPlanAndOwnedSlices/repeat#46\n"}
{"Time":"2026-09-05T23:55:25.89681+09:00","Action":"output","Package":"waiting-room/internal/installplan","Test":"TestDeterministicPlanAndOwnedSlices/repeat#46","Output":"=== PAUSE TestDeterministicPlanAndOwnedSlices/repeat#46\n"}
{"Time":"2026-09-05T23:55:25.896814+09:00","Action":"pause","Package":"waiting-room/internal/installplan","Test":"TestDeterministicPlanAndOwnedSlices/repeat#46"}
{"Time":"2026-09-05T23:55:25.896838+09:00","Action":"run","Package":"waiting-room/internal/installplan","Test":"TestDeterministicPlanAndOwnedSlices/repeat#47"}
{"Time":"2026-09-05T23:55:25.89685+09:00","Action":"output","Package":"waiting-room/internal/installplan","Test":"TestDeterministicPlanAndOwnedSlices/repeat#47","Output":"=== RUN   TestDeterministicPlanAndOwnedSlices/repeat#47\n"}
{"Time":"2026-09-05T23:55:25.896857+09:00","Action":"output","Package":"waiting-room/internal/installplan","Test":"TestDeterministicPlanAndOwnedSlices/repeat#47","Output":"=== PAUSE TestDeterministicPlanAndOwnedSlices/repeat#47\n"}
{"Time":"2026-09-05T23:55:25.896864+09:00","Action":"pause","Package":"waiting-room/internal/installplan","Test":"TestDeterministicPlanAndOwnedSlices/repeat#47"}
{"Time":"2026-09-05T23:55:25.896871+09:00","Action":"run","Package":"waiting-room/internal/installplan","Test":"TestDeterministicPlanAndOwnedSlices/repeat#48"}
{"Time":"2026-09-05T23:55:25.896876+09:00","Action":"output","Package":"waiting-room/internal/installplan","Test":"TestDeterministicPlanAndOwnedSlices/repeat#48","Output":"=== RUN   TestDeterministicPlanAndOwnedSlices/repeat#48\n"}
{"Time":"2026-09-05T23:55:25.896878+09:00","Action":"output","Package":"waiting-room/internal/installplan","Test":"TestDeterministicPlanAndOwnedSlices/repeat#48","Output":"=== PAUSE TestDeterministicPlanAndOwnedSlices/repeat#48\n"}
{"Time":"2026-09-05T23:55:25.896879+09:00","Action":"pause","Package":"waiting-room/internal/installplan","Test":"TestDeterministicPlanAndOwnedSlices/repeat#48"}
{"Time":"2026-09-05T23:55:25.896882+09:00","Action":"run","Package":"waiting-room/internal/installplan","Test":"TestDeterministicPlanAndOwnedSlices/repeat#49"}
{"Time":"2026-09-05T23:55:25.896885+09:00","Action":"output","Package":"waiting-room/internal/installplan","Test":"TestDeterministicPlanAndOwnedSlices/repeat#49","Output":"=== RUN   TestDeterministicPlanAndOwnedSlices/repeat#49\n"}
{"Time":"2026-09-05T23:55:25.896887+09:00","Action":"output","Package":"waiting-room/internal/installplan","Test":"TestDeterministicPlanAndOwnedSlices/repeat#49","Output":"=== PAUSE TestDeterministicPlanAndOwnedSlices/repeat#49\n"}
{"Time":"2026-09-05T23:55:25.896895+09:00","Action":"pause","Package":"waiting-room/internal/installplan","Test":"TestDeterministicPlanAndOwnedSlices/repeat#49"}
{"Time":"2026-09-05T23:55:25.896898+09:00","Action":"run","Package":"waiting-room/internal/installplan","Test":"TestDeterministicPlanAndOwnedSlices/repeat#50"}
{"Time":"2026-09-05T23:55:25.896902+09:00","Action":"output","Package":"waiting-room/internal/installplan","Test":"TestDeterministicPlanAndOwnedSlices/repeat#50","Output":"=== RUN   TestDeterministicPlanAndOwnedSlices/repeat#50\n"}
{"Time":"2026-09-05T23:55:25.896915+09:00","Action":"output","Package":"waiting-room/internal/installplan","Test":"TestDeterministicPlanAndOwnedSlices/repeat#50","Output":"=== PAUSE TestDeterministicPlanAndOwnedSlices/repeat#50\n"}
{"Time":"2026-09-05T23:55:25.89692+09:00","Action":"pause","Package":"waiting-room/internal/installplan","Test":"TestDeterministicPlanAndOwnedSlices/repeat#50"}
{"Time":"2026-09-05T23:55:25.896935+09:00","Action":"run","Package":"waiting-room/internal/installplan","Test":"TestDeterministicPlanAndOwnedSlices/repeat#51"}
{"Time":"2026-09-05T23:55:25.896939+09:00","Action":"output","Package":"waiting-room/internal/installplan","Test":"TestDeterministicPlanAndOwnedSlices/repeat#51","Output":"=== RUN   TestDeterministicPlanAndOwnedSlices/repeat#51\n"}
{"Time":"2026-09-05T23:55:25.896941+09:00","Action":"output","Package":"waiting-room/internal/installplan","Test":"TestDeterministicPlanAndOwnedSlices/repeat#51","Output":"=== PAUSE TestDeterministicPlanAndOwnedSlices/repeat#51\n"}
{"Time":"2026-09-05T23:55:25.896942+09:00","Action":"pause","Package":"waiting-room/internal/installplan","Test":"TestDeterministicPlanAndOwnedSlices/repeat#51"}
{"Time":"2026-09-05T23:55:25.896956+09:00","Action":"run","Package":"waiting-room/internal/installplan","Test":"TestDeterministicPlanAndOwnedSlices/repeat#52"}
{"Time":"2026-09-05T23:55:25.896959+09:00","Action":"output","Package":"waiting-room/internal/installplan","Test":"TestDeterministicPlanAndOwnedSlices/repeat#52","Output":"=== RUN   TestDeterministicPlanAndOwnedSlices/repeat#52\n"}
{"Time":"2026-09-05T23:55:25.896961+09:00","Action":"output","Package":"waiting-room/internal/installplan","Test":"TestDeterministicPlanAndOwnedSlices/repeat#52","Output":"=== PAUSE TestDeterministicPlanAndOwnedSlices/repeat#52\n"}
{"Time":"2026-09-05T23:55:25.896962+09:00","Action":"pause","Package":"waiting-room/internal/installplan","Test":"TestDeterministicPlanAndOwnedSlices/repeat#52"}
{"Time":"2026-09-05T23:55:25.897005+09:00","Action":"run","Package":"waiting-room/internal/installplan","Test":"TestDeterministicPlanAndOwnedSlices/repeat#53"}
{"Time":"2026-09-05T23:55:25.897009+09:00","Action":"output","Package":"waiting-room/internal/installplan","Test":"TestDeterministicPlanAndOwnedSlices/repeat#53","Output":"=== RUN   TestDeterministicPlanAndOwnedSlices/repeat#53\n"}
{"Time":"2026-09-05T23:55:25.897044+09:00","Action":"output","Package":"waiting-room/internal/installplan","Test":"TestDeterministicPlanAndOwnedSlices/repeat#53","Output":"=== PAUSE TestDeterministicPlanAndOwnedSlices/repeat#53\n"}
{"Time":"2026-09-05T23:55:25.89705+09:00","Action":"pause","Package":"waiting-room/internal/installplan","Test":"TestDeterministicPlanAndOwnedSlices/repeat#53"}
{"Time":"2026-09-05T23:55:25.897063+09:00","Action":"run","Package":"waiting-room/internal/installplan","Test":"TestDeterministicPlanAndOwnedSlices/repeat#54"}
{"Time":"2026-09-05T23:55:25.897067+09:00","Action":"output","Package":"waiting-room/internal/installplan","Test":"TestDeterministicPlanAndOwnedSlices/repeat#54","Output":"=== RUN   TestDeterministicPlanAndOwnedSlices/repeat#54\n"}
{"Time":"2026-09-05T23:55:25.897081+09:00","Action":"output","Package":"waiting-room/internal/installplan","Test":"TestDeterministicPlanAndOwnedSlices/repeat#54","Output":"=== PAUSE TestDeterministicPlanAndOwnedSlices/repeat#54\n"}
{"Time":"2026-09-05T23:55:25.897083+09:00","Action":"pause","Package":"waiting-room/internal/installplan","Test":"TestDeterministicPlanAndOwnedSlices/repeat#54"}
{"Time":"2026-09-05T23:55:25.89711+09:00","Action":"run","Package":"waiting-room/internal/installplan","Test":"TestDeterministicPlanAndOwnedSlices/repeat#55"}
{"Time":"2026-09-05T23:55:25.897113+09:00","Action":"output","Package":"waiting-room/internal/installplan","Test":"TestDeterministicPlanAndOwnedSlices/repeat#55","Output":"=== RUN   TestDeterministicPlanAndOwnedSlices/repeat#55\n"}
{"Time":"2026-09-05T23:55:25.897134+09:00","Action":"output","Package":"waiting-room/internal/installplan","Test":"TestDeterministicPlanAndOwnedSlices/repeat#55","Output":"=== PAUSE TestDeterministicPlanAndOwnedSlices/repeat#55\n"}
{"Time":"2026-09-05T23:55:25.897137+09:00","Action":"pause","Package":"waiting-room/internal/installplan","Test":"TestDeterministicPlanAndOwnedSlices/repeat#55"}
{"Time":"2026-09-05T23:55:25.897155+09:00","Action":"run","Package":"waiting-room/internal/installplan","Test":"TestDeterministicPlanAndOwnedSlices/repeat#56"}
{"Time":"2026-09-05T23:55:25.897156+09:00","Action":"output","Package":"waiting-room/internal/installplan","Test":"TestDeterministicPlanAndOwnedSlices/repeat#56","Output":"=== RUN   TestDeterministicPlanAndOwnedSlices/repeat#56\n"}
{"Time":"2026-09-05T23:55:25.897174+09:00","Action":"output","Package":"waiting-room/internal/installplan","Test":"TestDeterministicPlanAndOwnedSlices/repeat#56","Output":"=== PAUSE TestDeterministicPlanAndOwnedSlices/repeat#56\n"}
{"Time":"2026-09-05T23:55:25.897175+09:00","Action":"pause","Package":"waiting-room/internal/installplan","Test":"TestDeterministicPlanAndOwnedSlices/repeat#56"}
{"Time":"2026-09-05T23:55:25.897199+09:00","Action":"run","Package":"waiting-room/internal/installplan","Test":"TestDeterministicPlanAndOwnedSlices/repeat#57"}
{"Time":"2026-09-05T23:55:25.897211+09:00","Action":"output","Package":"waiting-room/internal/installplan","Test":"TestDeterministicPlanAndOwnedSlices/repeat#57","Output":"=== RUN   TestDeterministicPlanAndOwnedSlices/repeat#57\n"}
{"Time":"2026-09-05T23:55:25.897217+09:00","Action":"output","Package":"waiting-room/internal/installplan","Test":"TestDeterministicPlanAndOwnedSlices/repeat#57","Output":"=== PAUSE TestDeterministicPlanAndOwnedSlices/repeat#57\n"}
{"Time":"2026-09-05T23:55:25.89722+09:00","Action":"pause","Package":"waiting-room/internal/installplan","Test":"TestDeterministicPlanAndOwnedSlices/repeat#57"}
{"Time":"2026-09-05T23:55:25.897246+09:00","Action":"run","Package":"waiting-room/internal/installplan","Test":"TestDeterministicPlanAndOwnedSlices/repeat#58"}
{"Time":"2026-09-05T23:55:25.897252+09:00","Action":"output","Package":"waiting-room/internal/installplan","Test":"TestDeterministicPlanAndOwnedSlices/repeat#58","Output":"=== RUN   TestDeterministicPlanAndOwnedSlices/repeat#58\n"}
{"Time":"2026-09-05T23:55:25.897266+09:00","Action":"output","Package":"waiting-room/internal/installplan","Test":"TestDeterministicPlanAndOwnedSlices/repeat#58","Output":"=== PAUSE TestDeterministicPlanAndOwnedSlices/repeat#58\n"}
{"Time":"2026-09-05T23:55:25.897268+09:00","Action":"pause","Package":"waiting-room/internal/installplan","Test":"TestDeterministicPlanAndOwnedSlices/repeat#58"}
{"Time":"2026-09-05T23:55:25.897286+09:00","Action":"run","Package":"waiting-room/internal/installplan","Test":"TestDeterministicPlanAndOwnedSlices/repeat#59"}
{"Time":"2026-09-05T23:55:25.897288+09:00","Action":"output","Package":"waiting-room/internal/installplan","Test":"TestDeterministicPlanAndOwnedSlices/repeat#59","Output":"=== RUN   TestDeterministicPlanAndOwnedSlices/repeat#59\n"}
{"Time":"2026-09-05T23:55:25.897291+09:00","Action":"output","Package":"waiting-room/internal/installplan","Test":"TestDeterministicPlanAndOwnedSlices/repeat#59","Output":"=== PAUSE TestDeterministicPlanAndOwnedSlices/repeat#59\n"}
{"Time":"2026-09-05T23:55:25.897292+09:00","Action":"pause","Package":"waiting-room/internal/installplan","Test":"TestDeterministicPlanAndOwnedSlices/repeat#59"}
{"Time":"2026-09-05T23:55:25.897313+09:00","Action":"run","Package":"waiting-room/internal/installplan","Test":"TestDeterministicPlanAndOwnedSlices/repeat#60"}
{"Time":"2026-09-05T23:55:25.897315+09:00","Action":"output","Package":"waiting-room/internal/installplan","Test":"TestDeterministicPlanAndOwnedSlices/repeat#60","Output":"=== RUN   TestDeterministicPlanAndOwnedSlices/repeat#60\n"}
{"Time":"2026-09-05T23:55:25.897328+09:00","Action":"output","Package":"waiting-room/internal/installplan","Test":"TestDeterministicPlanAndOwnedSlices/repeat#60","Output":"=== PAUSE TestDeterministicPlanAndOwnedSlices/repeat#60\n"}
{"Time":"2026-09-05T23:55:25.89733+09:00","Action":"pause","Package":"waiting-room/internal/installplan","Test":"TestDeterministicPlanAndOwnedSlices/repeat#60"}
{"Time":"2026-09-05T23:55:25.897344+09:00","Action":"run","Package":"waiting-room/internal/installplan","Test":"TestDeterministicPlanAndOwnedSlices/repeat#61"}
{"Time":"2026-09-05T23:55:25.897348+09:00","Action":"output","Package":"waiting-room/internal/installplan","Test":"TestDeterministicPlanAndOwnedSlices/repeat#61","Output":"=== RUN   TestDeterministicPlanAndOwnedSlices/repeat#61\n"}
{"Time":"2026-09-05T23:55:25.897356+09:00","Action":"output","Package":"waiting-room/internal/installplan","Test":"TestDeterministicPlanAndOwnedSlices/repeat#61","Output":"=== PAUSE TestDeterministicPlanAndOwnedSlices/repeat#61\n"}
{"Time":"2026-09-05T23:55:25.897358+09:00","Action":"pause","Package":"waiting-room/internal/installplan","Test":"TestDeterministicPlanAndOwnedSlices/repeat#61"}
{"Time":"2026-09-05T23:55:25.897373+09:00","Action":"run","Package":"waiting-room/internal/installplan","Test":"TestDeterministicPlanAndOwnedSlices/repeat#62"}
{"Time":"2026-09-05T23:55:25.897375+09:00","Action":"output","Package":"waiting-room/internal/installplan","Test":"TestDeterministicPlanAndOwnedSlices/repeat#62","Output":"=== RUN   TestDeterministicPlanAndOwnedSlices/repeat#62\n"}
{"Time":"2026-09-05T23:55:25.897388+09:00","Action":"output","Package":"waiting-room/internal/installplan","Test":"TestDeterministicPlanAndOwnedSlices/repeat#62","Output":"=== PAUSE TestDeterministicPlanAndOwnedSlices/repeat#62\n"}
{"Time":"2026-09-05T23:55:25.89739+09:00","Action":"pause","Package":"waiting-room/internal/installplan","Test":"TestDeterministicPlanAndOwnedSlices/repeat#62"}
{"Time":"2026-09-05T23:55:25.897405+09:00","Action":"run","Package":"waiting-room/internal/installplan","Test":"TestDeterministicPlanAndOwnedSlices/repeat#63"}
{"Time":"2026-09-05T23:55:25.897406+09:00","Action":"output","Package":"waiting-room/internal/installplan","Test":"TestDeterministicPlanAndOwnedSlices/repeat#63","Output":"=== RUN   TestDeterministicPlanAndOwnedSlices/repeat#63\n"}
{"Time":"2026-09-05T23:55:25.897415+09:00","Action":"output","Package":"waiting-room/internal/installplan","Test":"TestDeterministicPlanAndOwnedSlices/repeat#63","Output":"=== PAUSE TestDeterministicPlanAndOwnedSlices/repeat#63\n"}
{"Time":"2026-09-05T23:55:25.897417+09:00","Action":"pause","Package":"waiting-room/internal/installplan","Test":"TestDeterministicPlanAndOwnedSlices/repeat#63"}
{"Time":"2026-09-05T23:55:25.897433+09:00","Action":"run","Package":"waiting-room/internal/installplan","Test":"TestDeterministicPlanAndOwnedSlices/repeat#64"}
{"Time":"2026-09-05T23:55:25.897438+09:00","Action":"output","Package":"waiting-room/internal/installplan","Test":"TestDeterministicPlanAndOwnedSlices/repeat#64","Output":"=== RUN   TestDeterministicPlanAndOwnedSlices/repeat#64\n"}
{"Time":"2026-09-05T23:55:25.897449+09:00","Action":"output","Package":"waiting-room/internal/installplan","Test":"TestDeterministicPlanAndOwnedSlices/repeat#64","Output":"=== PAUSE TestDeterministicPlanAndOwnedSlices/repeat#64\n"}
{"Time":"2026-09-05T23:55:25.897451+09:00","Action":"pause","Package":"waiting-room/internal/installplan","Test":"TestDeterministicPlanAndOwnedSlices/repeat#64"}
{"Time":"2026-09-05T23:55:25.897468+09:00","Action":"run","Package":"waiting-room/internal/installplan","Test":"TestDeterministicPlanAndOwnedSlices/repeat#65"}
{"Time":"2026-09-05T23:55:25.89747+09:00","Action":"output","Package":"waiting-room/internal/installplan","Test":"TestDeterministicPlanAndOwnedSlices/repeat#65","Output":"=== RUN   TestDeterministicPlanAndOwnedSlices/repeat#65\n"}
{"Time":"2026-09-05T23:55:25.897481+09:00","Action":"output","Package":"waiting-room/internal/installplan","Test":"TestDeterministicPlanAndOwnedSlices/repeat#65","Output":"=== PAUSE TestDeterministicPlanAndOwnedSlices/repeat#65\n"}
{"Time":"2026-09-05T23:55:25.897483+09:00","Action":"pause","Package":"waiting-room/internal/installplan","Test":"TestDeterministicPlanAndOwnedSlices/repeat#65"}
{"Time":"2026-09-05T23:55:25.897495+09:00","Action":"run","Package":"waiting-room/internal/installplan","Test":"TestDeterministicPlanAndOwnedSlices/repeat#66"}
{"Time":"2026-09-05T23:55:25.897498+09:00","Action":"output","Package":"waiting-room/internal/installplan","Test":"TestDeterministicPlanAndOwnedSlices/repeat#66","Output":"=== RUN   TestDeterministicPlanAndOwnedSlices/repeat#66\n"}
{"Time":"2026-09-05T23:55:25.897512+09:00","Action":"output","Package":"waiting-room/internal/installplan","Test":"TestDeterministicPlanAndOwnedSlices/repeat#66","Output":"=== PAUSE TestDeterministicPlanAndOwnedSlices/repeat#66\n"}
{"Time":"2026-09-05T23:55:25.897514+09:00","Action":"pause","Package":"waiting-room/internal/installplan","Test":"TestDeterministicPlanAndOwnedSlices/repeat#66"}
{"Time":"2026-09-05T23:55:25.897527+09:00","Action":"run","Package":"waiting-room/internal/installplan","Test":"TestDeterministicPlanAndOwnedSlices/repeat#67"}
{"Time":"2026-09-05T23:55:25.897529+09:00","Action":"output","Package":"waiting-room/internal/installplan","Test":"TestDeterministicPlanAndOwnedSlices/repeat#67","Output":"=== RUN   TestDeterministicPlanAndOwnedSlices/repeat#67\n"}
{"Time":"2026-09-05T23:55:25.897543+09:00","Action":"output","Package":"waiting-room/internal/installplan","Test":"TestDeterministicPlanAndOwnedSlices/repeat#67","Output":"=== PAUSE TestDeterministicPlanAndOwnedSlices/repeat#67\n"}
{"Time":"2026-09-05T23:55:25.897545+09:00","Action":"pause","Package":"waiting-room/internal/installplan","Test":"TestDeterministicPlanAndOwnedSlices/repeat#67"}
{"Time":"2026-09-05T23:55:25.897557+09:00","Action":"run","Package":"waiting-room/internal/installplan","Test":"TestDeterministicPlanAndOwnedSlices/repeat#68"}
{"Time":"2026-09-05T23:55:25.89756+09:00","Action":"output","Package":"waiting-room/internal/installplan","Test":"TestDeterministicPlanAndOwnedSlices/repeat#68","Output":"=== RUN   TestDeterministicPlanAndOwnedSlices/repeat#68\n"}
{"Time":"2026-09-05T23:55:25.897574+09:00","Action":"output","Package":"waiting-room/internal/installplan","Test":"TestDeterministicPlanAndOwnedSlices/repeat#68","Output":"=== PAUSE TestDeterministicPlanAndOwnedSlices/repeat#68\n"}
{"Time":"2026-09-05T23:55:25.897576+09:00","Action":"pause","Package":"waiting-room/internal/installplan","Test":"TestDeterministicPlanAndOwnedSlices/repeat#68"}
{"Time":"2026-09-05T23:55:25.897589+09:00","Action":"run","Package":"waiting-room/internal/installplan","Test":"TestDeterministicPlanAndOwnedSlices/repeat#69"}
{"Time":"2026-09-05T23:55:25.897591+09:00","Action":"output","Package":"waiting-room/internal/installplan","Test":"TestDeterministicPlanAndOwnedSlices/repeat#69","Output":"=== RUN   TestDeterministicPlanAndOwnedSlices/repeat#69\n"}
{"Time":"2026-09-05T23:55:25.897604+09:00","Action":"output","Package":"waiting-room/internal/installplan","Test":"TestDeterministicPlanAndOwnedSlices/repeat#69","Output":"=== PAUSE TestDeterministicPlanAndOwnedSlices/repeat#69\n"}
{"Time":"2026-09-05T23:55:25.897606+09:00","Action":"pause","Package":"waiting-room/internal/installplan","Test":"TestDeterministicPlanAndOwnedSlices/repeat#69"}
{"Time":"2026-09-05T23:55:25.897623+09:00","Action":"run","Package":"waiting-room/internal/installplan","Test":"TestDeterministicPlanAndOwnedSlices/repeat#70"}
{"Time":"2026-09-05T23:55:25.897625+09:00","Action":"output","Package":"waiting-room/internal/installplan","Test":"TestDeterministicPlanAndOwnedSlices/repeat#70","Output":"=== RUN   TestDeterministicPlanAndOwnedSlices/repeat#70\n"}
{"Time":"2026-09-05T23:55:25.897636+09:00","Action":"output","Package":"waiting-room/internal/installplan","Test":"TestDeterministicPlanAndOwnedSlices/repeat#70","Output":"=== PAUSE TestDeterministicPlanAndOwnedSlices/repeat#70\n"}
{"Time":"2026-09-05T23:55:25.897638+09:00","Action":"pause","Package":"waiting-room/internal/installplan","Test":"TestDeterministicPlanAndOwnedSlices/repeat#70"}
{"Time":"2026-09-05T23:55:25.897654+09:00","Action":"run","Package":"waiting-room/internal/installplan","Test":"TestDeterministicPlanAndOwnedSlices/repeat#71"}
{"Time":"2026-09-05T23:55:25.897657+09:00","Action":"output","Package":"waiting-room/internal/installplan","Test":"TestDeterministicPlanAndOwnedSlices/repeat#71","Output":"=== RUN   TestDeterministicPlanAndOwnedSlices/repeat#71\n"}
{"Time":"2026-09-05T23:55:25.897668+09:00","Action":"output","Package":"waiting-room/internal/installplan","Test":"TestDeterministicPlanAndOwnedSlices/repeat#71","Output":"=== PAUSE TestDeterministicPlanAndOwnedSlices/repeat#71\n"}
{"Time":"2026-09-05T23:55:25.89767+09:00","Action":"pause","Package":"waiting-room/internal/installplan","Test":"TestDeterministicPlanAndOwnedSlices/repeat#71"}
{"Time":"2026-09-05T23:55:25.897678+09:00","Action":"run","Package":"waiting-room/internal/installplan","Test":"TestDeterministicPlanAndOwnedSlices/repeat#72"}
{"Time":"2026-09-05T23:55:25.89768+09:00","Action":"output","Package":"waiting-room/internal/installplan","Test":"TestDeterministicPlanAndOwnedSlices/repeat#72","Output":"=== RUN   TestDeterministicPlanAndOwnedSlices/repeat#72\n"}
{"Time":"2026-09-05T23:55:25.897693+09:00","Action":"output","Package":"waiting-room/internal/installplan","Test":"TestDeterministicPlanAndOwnedSlices/repeat#72","Output":"=== PAUSE TestDeterministicPlanAndOwnedSlices/repeat#72\n"}
{"Time":"2026-09-05T23:55:25.897695+09:00","Action":"pause","Package":"waiting-room/internal/installplan","Test":"TestDeterministicPlanAndOwnedSlices/repeat#72"}
{"Time":"2026-09-05T23:55:25.897709+09:00","Action":"run","Package":"waiting-room/internal/installplan","Test":"TestDeterministicPlanAndOwnedSlices/repeat#73"}
{"Time":"2026-09-05T23:55:25.897712+09:00","Action":"output","Package":"waiting-room/internal/installplan","Test":"TestDeterministicPlanAndOwnedSlices/repeat#73","Output":"=== RUN   TestDeterministicPlanAndOwnedSlices/repeat#73\n"}
{"Time":"2026-09-05T23:55:25.897723+09:00","Action":"output","Package":"waiting-room/internal/installplan","Test":"TestDeterministicPlanAndOwnedSlices/repeat#73","Output":"=== PAUSE TestDeterministicPlanAndOwnedSlices/repeat#73\n"}
{"Time":"2026-09-05T23:55:25.897726+09:00","Action":"pause","Package":"waiting-room/internal/installplan","Test":"TestDeterministicPlanAndOwnedSlices/repeat#73"}
{"Time":"2026-09-05T23:55:25.897739+09:00","Action":"run","Package":"waiting-room/internal/installplan","Test":"TestDeterministicPlanAndOwnedSlices/repeat#74"}
{"Time":"2026-09-05T23:55:25.897741+09:00","Action":"output","Package":"waiting-room/internal/installplan","Test":"TestDeterministicPlanAndOwnedSlices/repeat#74","Output":"=== RUN   TestDeterministicPlanAndOwnedSlices/repeat#74\n"}
{"Time":"2026-09-05T23:55:25.897753+09:00","Action":"output","Package":"waiting-room/internal/installplan","Test":"TestDeterministicPlanAndOwnedSlices/repeat#74","Output":"=== PAUSE TestDeterministicPlanAndOwnedSlices/repeat#74\n"}
{"Time":"2026-09-05T23:55:25.897755+09:00","Action":"pause","Package":"waiting-room/internal/installplan","Test":"TestDeterministicPlanAndOwnedSlices/repeat#74"}
{"Time":"2026-09-05T23:55:25.897769+09:00","Action":"run","Package":"waiting-room/internal/installplan","Test":"TestDeterministicPlanAndOwnedSlices/repeat#75"}
{"Time":"2026-09-05T23:55:25.897771+09:00","Action":"output","Package":"waiting-room/internal/installplan","Test":"TestDeterministicPlanAndOwnedSlices/repeat#75","Output":"=== RUN   TestDeterministicPlanAndOwnedSlices/repeat#75\n"}
{"Time":"2026-09-05T23:55:25.897784+09:00","Action":"output","Package":"waiting-room/internal/installplan","Test":"TestDeterministicPlanAndOwnedSlices/repeat#75","Output":"=== PAUSE TestDeterministicPlanAndOwnedSlices/repeat#75\n"}
{"Time":"2026-09-05T23:55:25.897786+09:00","Action":"pause","Package":"waiting-room/internal/installplan","Test":"TestDeterministicPlanAndOwnedSlices/repeat#75"}
{"Time":"2026-09-05T23:55:25.897799+09:00","Action":"run","Package":"waiting-room/internal/installplan","Test":"TestDeterministicPlanAndOwnedSlices/repeat#76"}
{"Time":"2026-09-05T23:55:25.897802+09:00","Action":"output","Package":"waiting-room/internal/installplan","Test":"TestDeterministicPlanAndOwnedSlices/repeat#76","Output":"=== RUN   TestDeterministicPlanAndOwnedSlices/repeat#76\n"}
{"Time":"2026-09-05T23:55:25.897813+09:00","Action":"output","Package":"waiting-room/internal/installplan","Test":"TestDeterministicPlanAndOwnedSlices/repeat#76","Output":"=== PAUSE TestDeterministicPlanAndOwnedSlices/repeat#76\n"}
{"Time":"2026-09-05T23:55:25.897815+09:00","Action":"pause","Package":"waiting-room/internal/installplan","Test":"TestDeterministicPlanAndOwnedSlices/repeat#76"}
{"Time":"2026-09-05T23:55:25.897829+09:00","Action":"run","Package":"waiting-room/internal/installplan","Test":"TestDeterministicPlanAndOwnedSlices/repeat#77"}
{"Time":"2026-09-05T23:55:25.897831+09:00","Action":"output","Package":"waiting-room/internal/installplan","Test":"TestDeterministicPlanAndOwnedSlices/repeat#77","Output":"=== RUN   TestDeterministicPlanAndOwnedSlices/repeat#77\n"}
{"Time":"2026-09-05T23:55:25.89785+09:00","Action":"output","Package":"waiting-room/internal/installplan","Test":"TestDeterministicPlanAndOwnedSlices/repeat#77","Output":"=== PAUSE TestDeterministicPlanAndOwnedSlices/repeat#77\n"}
{"Time":"2026-09-05T23:55:25.897853+09:00","Action":"pause","Package":"waiting-room/internal/installplan","Test":"TestDeterministicPlanAndOwnedSlices/repeat#77"}
{"Time":"2026-09-05T23:55:25.897864+09:00","Action":"run","Package":"waiting-room/internal/installplan","Test":"TestDeterministicPlanAndOwnedSlices/repeat#78"}
{"Time":"2026-09-05T23:55:25.897867+09:00","Action":"output","Package":"waiting-room/internal/installplan","Test":"TestDeterministicPlanAndOwnedSlices/repeat#78","Output":"=== RUN   TestDeterministicPlanAndOwnedSlices/repeat#78\n"}
{"Time":"2026-09-05T23:55:25.897885+09:00","Action":"output","Package":"waiting-room/internal/installplan","Test":"TestDeterministicPlanAndOwnedSlices/repeat#78","Output":"=== PAUSE TestDeterministicPlanAndOwnedSlices/repeat#78\n"}
{"Time":"2026-09-05T23:55:25.897888+09:00","Action":"pause","Package":"waiting-room/internal/installplan","Test":"TestDeterministicPlanAndOwnedSlices/repeat#78"}
{"Time":"2026-09-05T23:55:25.897904+09:00","Action":"run","Package":"waiting-room/internal/installplan","Test":"TestDeterministicPlanAndOwnedSlices/repeat#79"}
{"Time":"2026-09-05T23:55:25.897906+09:00","Action":"output","Package":"waiting-room/internal/installplan","Test":"TestDeterministicPlanAndOwnedSlices/repeat#79","Output":"=== RUN   TestDeterministicPlanAndOwnedSlices/repeat#79\n"}
{"Time":"2026-09-05T23:55:25.89792+09:00","Action":"output","Package":"waiting-room/internal/installplan","Test":"TestDeterministicPlanAndOwnedSlices/repeat#79","Output":"=== PAUSE TestDeterministicPlanAndOwnedSlices/repeat#79\n"}
{"Time":"2026-09-05T23:55:25.897923+09:00","Action":"pause","Package":"waiting-room/internal/installplan","Test":"TestDeterministicPlanAndOwnedSlices/repeat#79"}
{"Time":"2026-09-05T23:55:25.897939+09:00","Action":"run","Package":"waiting-room/internal/installplan","Test":"TestDeterministicPlanAndOwnedSlices/repeat#80"}
{"Time":"2026-09-05T23:55:25.897942+09:00","Action":"output","Package":"waiting-room/internal/installplan","Test":"TestDeterministicPlanAndOwnedSlices/repeat#80","Output":"=== RUN   TestDeterministicPlanAndOwnedSlices/repeat#80\n"}
{"Time":"2026-09-05T23:55:25.897957+09:00","Action":"output","Package":"waiting-room/internal/installplan","Test":"TestDeterministicPlanAndOwnedSlices/repeat#80","Output":"=== PAUSE TestDeterministicPlanAndOwnedSlices/repeat#80\n"}
{"Time":"2026-09-05T23:55:25.897959+09:00","Action":"pause","Package":"waiting-room/internal/installplan","Test":"TestDeterministicPlanAndOwnedSlices/repeat#80"}
{"Time":"2026-09-05T23:55:25.897976+09:00","Action":"run","Package":"waiting-room/internal/installplan","Test":"TestDeterministicPlanAndOwnedSlices/repeat#81"}
{"Time":"2026-09-05T23:55:25.897979+09:00","Action":"output","Package":"waiting-room/internal/installplan","Test":"TestDeterministicPlanAndOwnedSlices/repeat#81","Output":"=== RUN   TestDeterministicPlanAndOwnedSlices/repeat#81\n"}
{"Time":"2026-09-05T23:55:25.897993+09:00","Action":"output","Package":"waiting-room/internal/installplan","Test":"TestDeterministicPlanAndOwnedSlices/repeat#81","Output":"=== PAUSE TestDeterministicPlanAndOwnedSlices/repeat#81\n"}
{"Time":"2026-09-05T23:55:25.897995+09:00","Action":"pause","Package":"waiting-room/internal/installplan","Test":"TestDeterministicPlanAndOwnedSlices/repeat#81"}
{"Time":"2026-09-05T23:55:25.898011+09:00","Action":"run","Package":"waiting-room/internal/installplan","Test":"TestDeterministicPlanAndOwnedSlices/repeat#82"}
{"Time":"2026-09-05T23:55:25.898013+09:00","Action":"output","Package":"waiting-room/internal/installplan","Test":"TestDeterministicPlanAndOwnedSlices/repeat#82","Output":"=== RUN   TestDeterministicPlanAndOwnedSlices/repeat#82\n"}
{"Time":"2026-09-05T23:55:25.898033+09:00","Action":"output","Package":"waiting-room/internal/installplan","Test":"TestDeterministicPlanAndOwnedSlices/repeat#82","Output":"=== PAUSE TestDeterministicPlanAndOwnedSlices/repeat#82\n"}
{"Time":"2026-09-05T23:55:25.898039+09:00","Action":"pause","Package":"waiting-room/internal/installplan","Test":"TestDeterministicPlanAndOwnedSlices/repeat#82"}
{"Time":"2026-09-05T23:55:25.898054+09:00","Action":"run","Package":"waiting-room/internal/installplan","Test":"TestDeterministicPlanAndOwnedSlices/repeat#83"}
{"Time":"2026-09-05T23:55:25.898057+09:00","Action":"output","Package":"waiting-room/internal/installplan","Test":"TestDeterministicPlanAndOwnedSlices/repeat#83","Output":"=== RUN   TestDeterministicPlanAndOwnedSlices/repeat#83\n"}
{"Time":"2026-09-05T23:55:25.898072+09:00","Action":"output","Package":"waiting-room/internal/installplan","Test":"TestDeterministicPlanAndOwnedSlices/repeat#83","Output":"=== PAUSE TestDeterministicPlanAndOwnedSlices/repeat#83\n"}
{"Time":"2026-09-05T23:55:25.898075+09:00","Action":"pause","Package":"waiting-room/internal/installplan","Test":"TestDeterministicPlanAndOwnedSlices/repeat#83"}
{"Time":"2026-09-05T23:55:25.898091+09:00","Action":"run","Package":"waiting-room/internal/installplan","Test":"TestDeterministicPlanAndOwnedSlices/repeat#84"}
{"Time":"2026-09-05T23:55:25.898093+09:00","Action":"output","Package":"waiting-room/internal/installplan","Test":"TestDeterministicPlanAndOwnedSlices/repeat#84","Output":"=== RUN   TestDeterministicPlanAndOwnedSlices/repeat#84\n"}
{"Time":"2026-09-05T23:55:25.898107+09:00","Action":"output","Package":"waiting-room/internal/installplan","Test":"TestDeterministicPlanAndOwnedSlices/repeat#84","Output":"=== PAUSE TestDeterministicPlanAndOwnedSlices/repeat#84\n"}
{"Time":"2026-09-05T23:55:25.89811+09:00","Action":"pause","Package":"waiting-room/internal/installplan","Test":"TestDeterministicPlanAndOwnedSlices/repeat#84"}
{"Time":"2026-09-05T23:55:25.898129+09:00","Action":"run","Package":"waiting-room/internal/installplan","Test":"TestDeterministicPlanAndOwnedSlices/repeat#85"}
{"Time":"2026-09-05T23:55:25.898132+09:00","Action":"output","Package":"waiting-room/internal/installplan","Test":"TestDeterministicPlanAndOwnedSlices/repeat#85","Output":"=== RUN   TestDeterministicPlanAndOwnedSlices/repeat#85\n"}
{"Time":"2026-09-05T23:55:25.898145+09:00","Action":"output","Package":"waiting-room/internal/installplan","Test":"TestDeterministicPlanAndOwnedSlices/repeat#85","Output":"=== PAUSE TestDeterministicPlanAndOwnedSlices/repeat#85\n"}
{"Time":"2026-09-05T23:55:25.898148+09:00","Action":"pause","Package":"waiting-room/internal/installplan","Test":"TestDeterministicPlanAndOwnedSlices/repeat#85"}
{"Time":"2026-09-05T23:55:25.898163+09:00","Action":"run","Package":"waiting-room/internal/installplan","Test":"TestDeterministicPlanAndOwnedSlices/repeat#86"}
{"Time":"2026-09-05T23:55:25.898166+09:00","Action":"output","Package":"waiting-room/internal/installplan","Test":"TestDeterministicPlanAndOwnedSlices/repeat#86","Output":"=== RUN   TestDeterministicPlanAndOwnedSlices/repeat#86\n"}
{"Time":"2026-09-05T23:55:25.898183+09:00","Action":"output","Package":"waiting-room/internal/installplan","Test":"TestDeterministicPlanAndOwnedSlices/repeat#86","Output":"=== PAUSE TestDeterministicPlanAndOwnedSlices/repeat#86\n"}
{"Time":"2026-09-05T23:55:25.898185+09:00","Action":"pause","Package":"waiting-room/internal/installplan","Test":"TestDeterministicPlanAndOwnedSlices/repeat#86"}
{"Time":"2026-09-05T23:55:25.898204+09:00","Action":"run","Package":"waiting-room/internal/installplan","Test":"TestDeterministicPlanAndOwnedSlices/repeat#87"}
{"Time":"2026-09-05T23:55:25.898207+09:00","Action":"output","Package":"waiting-room/internal/installplan","Test":"TestDeterministicPlanAndOwnedSlices/repeat#87","Output":"=== RUN   TestDeterministicPlanAndOwnedSlices/repeat#87\n"}
{"Time":"2026-09-05T23:55:25.898221+09:00","Action":"output","Package":"waiting-room/internal/installplan","Test":"TestDeterministicPlanAndOwnedSlices/repeat#87","Output":"=== PAUSE TestDeterministicPlanAndOwnedSlices/repeat#87\n"}
{"Time":"2026-09-05T23:55:25.898224+09:00","Action":"pause","Package":"waiting-room/internal/installplan","Test":"TestDeterministicPlanAndOwnedSlices/repeat#87"}
{"Time":"2026-09-05T23:55:25.89824+09:00","Action":"run","Package":"waiting-room/internal/installplan","Test":"TestDeterministicPlanAndOwnedSlices/repeat#88"}
{"Time":"2026-09-05T23:55:25.898244+09:00","Action":"output","Package":"waiting-room/internal/installplan","Test":"TestDeterministicPlanAndOwnedSlices/repeat#88","Output":"=== RUN   TestDeterministicPlanAndOwnedSlices/repeat#88\n"}
{"Time":"2026-09-05T23:55:25.898259+09:00","Action":"output","Package":"waiting-room/internal/installplan","Test":"TestDeterministicPlanAndOwnedSlices/repeat#88","Output":"=== PAUSE TestDeterministicPlanAndOwnedSlices/repeat#88\n"}
{"Time":"2026-09-05T23:55:25.898262+09:00","Action":"pause","Package":"waiting-room/internal/installplan","Test":"TestDeterministicPlanAndOwnedSlices/repeat#88"}
{"Time":"2026-09-05T23:55:25.898281+09:00","Action":"run","Package":"waiting-room/internal/installplan","Test":"TestDeterministicPlanAndOwnedSlices/repeat#89"}
{"Time":"2026-09-05T23:55:25.898283+09:00","Action":"output","Package":"waiting-room/internal/installplan","Test":"TestDeterministicPlanAndOwnedSlices/repeat#89","Output":"=== RUN   TestDeterministicPlanAndOwnedSlices/repeat#89\n"}
{"Time":"2026-09-05T23:55:25.898296+09:00","Action":"output","Package":"waiting-room/internal/installplan","Test":"TestDeterministicPlanAndOwnedSlices/repeat#89","Output":"=== PAUSE TestDeterministicPlanAndOwnedSlices/repeat#89\n"}
{"Time":"2026-09-05T23:55:25.898299+09:00","Action":"pause","Package":"waiting-room/internal/installplan","Test":"TestDeterministicPlanAndOwnedSlices/repeat#89"}
{"Time":"2026-09-05T23:55:25.898317+09:00","Action":"run","Package":"waiting-room/internal/installplan","Test":"TestDeterministicPlanAndOwnedSlices/repeat#90"}
{"Time":"2026-09-05T23:55:25.89832+09:00","Action":"output","Package":"waiting-room/internal/installplan","Test":"TestDeterministicPlanAndOwnedSlices/repeat#90","Output":"=== RUN   TestDeterministicPlanAndOwnedSlices/repeat#90\n"}
{"Time":"2026-09-05T23:55:25.898334+09:00","Action":"output","Package":"waiting-room/internal/installplan","Test":"TestDeterministicPlanAndOwnedSlices/repeat#90","Output":"=== PAUSE TestDeterministicPlanAndOwnedSlices/repeat#90\n"}
{"Time":"2026-09-05T23:55:25.898337+09:00","Action":"pause","Package":"waiting-room/internal/installplan","Test":"TestDeterministicPlanAndOwnedSlices/repeat#90"}
{"Time":"2026-09-05T23:55:25.898353+09:00","Action":"run","Package":"waiting-room/internal/installplan","Test":"TestDeterministicPlanAndOwnedSlices/repeat#91"}
{"Time":"2026-09-05T23:55:25.898356+09:00","Action":"output","Package":"waiting-room/internal/installplan","Test":"TestDeterministicPlanAndOwnedSlices/repeat#91","Output":"=== RUN   TestDeterministicPlanAndOwnedSlices/repeat#91\n"}
{"Time":"2026-09-05T23:55:25.898372+09:00","Action":"output","Package":"waiting-room/internal/installplan","Test":"TestDeterministicPlanAndOwnedSlices/repeat#91","Output":"=== PAUSE TestDeterministicPlanAndOwnedSlices/repeat#91\n"}
{"Time":"2026-09-05T23:55:25.898374+09:00","Action":"pause","Package":"waiting-room/internal/installplan","Test":"TestDeterministicPlanAndOwnedSlices/repeat#91"}
{"Time":"2026-09-05T23:55:25.898391+09:00","Action":"run","Package":"waiting-room/internal/installplan","Test":"TestDeterministicPlanAndOwnedSlices/repeat#92"}
{"Time":"2026-09-05T23:55:25.898393+09:00","Action":"output","Package":"waiting-room/internal/installplan","Test":"TestDeterministicPlanAndOwnedSlices/repeat#92","Output":"=== RUN   TestDeterministicPlanAndOwnedSlices/repeat#92\n"}
{"Time":"2026-09-05T23:55:25.898407+09:00","Action":"output","Package":"waiting-room/internal/installplan","Test":"TestDeterministicPlanAndOwnedSlices/repeat#92","Output":"=== PAUSE TestDeterministicPlanAndOwnedSlices/repeat#92\n"}
{"Time":"2026-09-05T23:55:25.89841+09:00","Action":"pause","Package":"waiting-room/internal/installplan","Test":"TestDeterministicPlanAndOwnedSlices/repeat#92"}
{"Time":"2026-09-05T23:55:25.898427+09:00","Action":"run","Package":"waiting-room/internal/installplan","Test":"TestDeterministicPlanAndOwnedSlices/repeat#93"}
{"Time":"2026-09-05T23:55:25.898431+09:00","Action":"output","Package":"waiting-room/internal/installplan","Test":"TestDeterministicPlanAndOwnedSlices/repeat#93","Output":"=== RUN   TestDeterministicPlanAndOwnedSlices/repeat#93\n"}
{"Time":"2026-09-05T23:55:25.898444+09:00","Action":"output","Package":"waiting-room/internal/installplan","Test":"TestDeterministicPlanAndOwnedSlices/repeat#93","Output":"=== PAUSE TestDeterministicPlanAndOwnedSlices/repeat#93\n"}
{"Time":"2026-09-05T23:55:25.898448+09:00","Action":"pause","Package":"waiting-room/internal/installplan","Test":"TestDeterministicPlanAndOwnedSlices/repeat#93"}
{"Time":"2026-09-05T23:55:25.898465+09:00","Action":"run","Package":"waiting-room/internal/installplan","Test":"TestDeterministicPlanAndOwnedSlices/repeat#94"}
{"Time":"2026-09-05T23:55:25.898467+09:00","Action":"output","Package":"waiting-room/internal/installplan","Test":"TestDeterministicPlanAndOwnedSlices/repeat#94","Output":"=== RUN   TestDeterministicPlanAndOwnedSlices/repeat#94\n"}
{"Time":"2026-09-05T23:55:25.898483+09:00","Action":"output","Package":"waiting-room/internal/installplan","Test":"TestDeterministicPlanAndOwnedSlices/repeat#94","Output":"=== PAUSE TestDeterministicPlanAndOwnedSlices/repeat#94\n"}
{"Time":"2026-09-05T23:55:25.898485+09:00","Action":"pause","Package":"waiting-room/internal/installplan","Test":"TestDeterministicPlanAndOwnedSlices/repeat#94"}
{"Time":"2026-09-05T23:55:25.898502+09:00","Action":"run","Package":"waiting-room/internal/installplan","Test":"TestDeterministicPlanAndOwnedSlices/repeat#95"}
{"Time":"2026-09-05T23:55:25.898505+09:00","Action":"output","Package":"waiting-room/internal/installplan","Test":"TestDeterministicPlanAndOwnedSlices/repeat#95","Output":"=== RUN   TestDeterministicPlanAndOwnedSlices/repeat#95\n"}
{"Time":"2026-09-05T23:55:25.898519+09:00","Action":"output","Package":"waiting-room/internal/installplan","Test":"TestDeterministicPlanAndOwnedSlices/repeat#95","Output":"=== PAUSE TestDeterministicPlanAndOwnedSlices/repeat#95\n"}
{"Time":"2026-09-05T23:55:25.898522+09:00","Action":"pause","Package":"waiting-room/internal/installplan","Test":"TestDeterministicPlanAndOwnedSlices/repeat#95"}
{"Time":"2026-09-05T23:55:25.898542+09:00","Action":"run","Package":"waiting-room/internal/installplan","Test":"TestDeterministicPlanAndOwnedSlices/repeat#96"}
{"Time":"2026-09-05T23:55:25.898545+09:00","Action":"output","Package":"waiting-room/internal/installplan","Test":"TestDeterministicPlanAndOwnedSlices/repeat#96","Output":"=== RUN   TestDeterministicPlanAndOwnedSlices/repeat#96\n"}
{"Time":"2026-09-05T23:55:25.898562+09:00","Action":"output","Package":"waiting-room/internal/installplan","Test":"TestDeterministicPlanAndOwnedSlices/repeat#96","Output":"=== PAUSE TestDeterministicPlanAndOwnedSlices/repeat#96\n"}
{"Time":"2026-09-05T23:55:25.898565+09:00","Action":"pause","Package":"waiting-room/internal/installplan","Test":"TestDeterministicPlanAndOwnedSlices/repeat#96"}
{"Time":"2026-09-05T23:55:25.89858+09:00","Action":"run","Package":"waiting-room/internal/installplan","Test":"TestDeterministicPlanAndOwnedSlices/repeat#97"}
{"Time":"2026-09-05T23:55:25.898583+09:00","Action":"output","Package":"waiting-room/internal/installplan","Test":"TestDeterministicPlanAndOwnedSlices/repeat#97","Output":"=== RUN   TestDeterministicPlanAndOwnedSlices/repeat#97\n"}
{"Time":"2026-09-05T23:55:25.8986+09:00","Action":"output","Package":"waiting-room/internal/installplan","Test":"TestDeterministicPlanAndOwnedSlices/repeat#97","Output":"=== PAUSE TestDeterministicPlanAndOwnedSlices/repeat#97\n"}
{"Time":"2026-09-05T23:55:25.898603+09:00","Action":"pause","Package":"waiting-room/internal/installplan","Test":"TestDeterministicPlanAndOwnedSlices/repeat#97"}
{"Time":"2026-09-05T23:55:25.898616+09:00","Action":"run","Package":"waiting-room/internal/installplan","Test":"TestDeterministicPlanAndOwnedSlices/repeat#98"}
{"Time":"2026-09-05T23:55:25.898618+09:00","Action":"output","Package":"waiting-room/internal/installplan","Test":"TestDeterministicPlanAndOwnedSlices/repeat#98","Output":"=== RUN   TestDeterministicPlanAndOwnedSlices/repeat#98\n"}
{"Time":"2026-09-05T23:55:25.898634+09:00","Action":"output","Package":"waiting-room/internal/installplan","Test":"TestDeterministicPlanAndOwnedSlices/repeat#98","Output":"=== PAUSE TestDeterministicPlanAndOwnedSlices/repeat#98\n"}
{"Time":"2026-09-05T23:55:25.898637+09:00","Action":"pause","Package":"waiting-room/internal/installplan","Test":"TestDeterministicPlanAndOwnedSlices/repeat#98"}
{"Time":"2026-09-05T23:55:25.898654+09:00","Action":"run","Package":"waiting-room/internal/installplan","Test":"TestDeterministicPlanAndOwnedSlices/repeat#99"}
{"Time":"2026-09-05T23:55:25.898656+09:00","Action":"output","Package":"waiting-room/internal/installplan","Test":"TestDeterministicPlanAndOwnedSlices/repeat#99","Output":"=== RUN   TestDeterministicPlanAndOwnedSlices/repeat#99\n"}
{"Time":"2026-09-05T23:55:25.898666+09:00","Action":"output","Package":"waiting-room/internal/installplan","Test":"TestDeterministicPlanAndOwnedSlices/repeat#99","Output":"=== PAUSE TestDeterministicPlanAndOwnedSlices/repeat#99\n"}
{"Time":"2026-09-05T23:55:25.898667+09:00","Action":"pause","Package":"waiting-room/internal/installplan","Test":"TestDeterministicPlanAndOwnedSlices/repeat#99"}
{"Time":"2026-09-05T23:55:25.898703+09:00","Action":"cont","Package":"waiting-room/internal/installplan","Test":"TestDeterministicPlanAndOwnedSlices/repeat"}
{"Time":"2026-09-05T23:55:25.898706+09:00","Action":"output","Package":"waiting-room/internal/installplan","Test":"TestDeterministicPlanAndOwnedSlices/repeat","Output":"=== CONT  TestDeterministicPlanAndOwnedSlices/repeat\n"}
{"Time":"2026-09-05T23:55:25.898708+09:00","Action":"cont","Package":"waiting-room/internal/installplan","Test":"TestDeterministicPlanAndOwnedSlices/repeat#50"}
{"Time":"2026-09-05T23:55:25.89871+09:00","Action":"output","Package":"waiting-room/internal/installplan","Test":"TestDeterministicPlanAndOwnedSlices/repeat#50","Output":"=== CONT  TestDeterministicPlanAndOwnedSlices/repeat#50\n"}
{"Time":"2026-09-05T23:55:25.898719+09:00","Action":"cont","Package":"waiting-room/internal/installplan","Test":"TestDeterministicPlanAndOwnedSlices/repeat#49"}
{"Time":"2026-09-05T23:55:25.898723+09:00","Action":"output","Package":"waiting-room/internal/installplan","Test":"TestDeterministicPlanAndOwnedSlices/repeat#49","Output":"=== CONT  TestDeterministicPlanAndOwnedSlices/repeat#49\n"}
{"Time":"2026-09-05T23:55:25.898739+09:00","Action":"cont","Package":"waiting-room/internal/installplan","Test":"TestDeterministicPlanAndOwnedSlices/repeat#21"}
{"Time":"2026-09-05T23:55:25.898744+09:00","Action":"output","Package":"waiting-room/internal/installplan","Test":"TestDeterministicPlanAndOwnedSlices/repeat#21","Output":"=== CONT  TestDeterministicPlanAndOwnedSlices/repeat#21\n"}
{"Time":"2026-09-05T23:55:25.898824+09:00","Action":"cont","Package":"waiting-room/internal/installplan","Test":"TestDeterministicPlanAndOwnedSlices/repeat#75"}
{"Time":"2026-09-05T23:55:25.898834+09:00","Action":"output","Package":"waiting-room/internal/installplan","Test":"TestDeterministicPlanAndOwnedSlices/repeat#75","Output":"=== CONT  TestDeterministicPlanAndOwnedSlices/repeat#75\n"}
{"Time":"2026-09-05T23:55:25.898859+09:00","Action":"cont","Package":"waiting-room/internal/installplan","Test":"TestDeterministicPlanAndOwnedSlices/repeat#24"}
{"Time":"2026-09-05T23:55:25.898862+09:00","Action":"output","Package":"waiting-room/internal/installplan","Test":"TestDeterministicPlanAndOwnedSlices/repeat#24","Output":"=== CONT  TestDeterministicPlanAndOwnedSlices/repeat#24\n"}
{"Time":"2026-09-05T23:55:25.898887+09:00","Action":"cont","Package":"waiting-room/internal/installplan","Test":"TestDeterministicPlanAndOwnedSlices/repeat#12"}
{"Time":"2026-09-05T23:55:25.89889+09:00","Action":"output","Package":"waiting-room/internal/installplan","Test":"TestDeterministicPlanAndOwnedSlices/repeat#12","Output":"=== CONT  TestDeterministicPlanAndOwnedSlices/repeat#12\n"}
{"Time":"2026-09-05T23:55:25.898901+09:00","Action":"cont","Package":"waiting-room/internal/installplan","Test":"TestDeterministicPlanAndOwnedSlices/repeat#25"}
{"Time":"2026-09-05T23:55:25.898904+09:00","Action":"output","Package":"waiting-room/internal/installplan","Test":"TestDeterministicPlanAndOwnedSlices/repeat#25","Output":"=== CONT  TestDeterministicPlanAndOwnedSlices/repeat#25\n"}
{"Time":"2026-09-05T23:55:25.89895+09:00","Action":"cont","Package":"waiting-room/internal/installplan","Test":"TestDeterministicPlanAndOwnedSlices/repeat#94"}
{"Time":"2026-09-05T23:55:25.898953+09:00","Action":"output","Package":"waiting-room/internal/installplan","Test":"TestDeterministicPlanAndOwnedSlices/repeat#94","Output":"=== CONT  TestDeterministicPlanAndOwnedSlices/repeat#94\n"}
{"Time":"2026-09-05T23:55:25.898956+09:00","Action":"cont","Package":"waiting-room/internal/installplan","Test":"TestDeterministicPlanAndOwnedSlices/repeat#22"}
{"Time":"2026-09-05T23:55:25.898957+09:00","Action":"output","Package":"waiting-room/internal/installplan","Test":"TestDeterministicPlanAndOwnedSlices/repeat#22","Output":"=== CONT  TestDeterministicPlanAndOwnedSlices/repeat#22\n"}
{"Time":"2026-09-05T23:55:25.899005+09:00","Action":"cont","Package":"waiting-room/internal/installplan","Test":"TestDeterministicPlanAndOwnedSlices/repeat#99"}
{"Time":"2026-09-05T23:55:25.89904+09:00","Action":"output","Package":"waiting-room/internal/installplan","Test":"TestDeterministicPlanAndOwnedSlices/repeat#99","Output":"=== CONT  TestDeterministicPlanAndOwnedSlices/repeat#99\n"}
{"Time":"2026-09-05T23:55:25.899056+09:00","Action":"cont","Package":"waiting-room/internal/installplan","Test":"TestDeterministicPlanAndOwnedSlices/repeat#93"}
{"Time":"2026-09-05T23:55:25.899058+09:00","Action":"output","Package":"waiting-room/internal/installplan","Test":"TestDeterministicPlanAndOwnedSlices/repeat#93","Output":"=== CONT  TestDeterministicPlanAndOwnedSlices/repeat#93\n"}
{"Time":"2026-09-05T23:55:25.899061+09:00","Action":"output","Package":"waiting-room/internal/installplan","Test":"TestDeterministicPlanAndOwnedSlices/repeat","Output":"--- PASS: TestDeterministicPlanAndOwnedSlices/repeat (0.00s)\n"}
{"Time":"2026-09-05T23:55:25.899062+09:00","Action":"pass","Package":"waiting-room/internal/installplan","Test":"TestDeterministicPlanAndOwnedSlices/repeat","Elapsed":0}
{"Time":"2026-09-05T23:55:25.899063+09:00","Action":"cont","Package":"waiting-room/internal/installplan","Test":"TestDeterministicPlanAndOwnedSlices/repeat#96"}
{"Time":"2026-09-05T23:55:25.899066+09:00","Action":"output","Package":"waiting-room/internal/installplan","Test":"TestDeterministicPlanAndOwnedSlices/repeat#96","Output":"=== CONT  TestDeterministicPlanAndOwnedSlices/repeat#96\n"}
{"Time":"2026-09-05T23:55:25.899136+09:00","Action":"output","Package":"waiting-room/internal/installplan","Test":"TestDeterministicPlanAndOwnedSlices/repeat#49","Output":"--- PASS: TestDeterministicPlanAndOwnedSlices/repeat#49 (0.00s)\n"}
{"Time":"2026-09-05T23:55:25.899151+09:00","Action":"pass","Package":"waiting-room/internal/installplan","Test":"TestDeterministicPlanAndOwnedSlices/repeat#49","Elapsed":0}
{"Time":"2026-09-05T23:55:25.899159+09:00","Action":"output","Package":"waiting-room/internal/installplan","Test":"TestDeterministicPlanAndOwnedSlices/repeat#21","Output":"--- PASS: TestDeterministicPlanAndOwnedSlices/repeat#21 (0.00s)\n"}
{"Time":"2026-09-05T23:55:25.899162+09:00","Action":"pass","Package":"waiting-room/internal/installplan","Test":"TestDeterministicPlanAndOwnedSlices/repeat#21","Elapsed":0}
{"Time":"2026-09-05T23:55:25.899164+09:00","Action":"cont","Package":"waiting-room/internal/installplan","Test":"TestDeterministicPlanAndOwnedSlices/repeat#91"}
{"Time":"2026-09-05T23:55:25.899167+09:00","Action":"output","Package":"waiting-room/internal/installplan","Test":"TestDeterministicPlanAndOwnedSlices/repeat#91","Output":"=== CONT  TestDeterministicPlanAndOwnedSlices/repeat#91\n"}
{"Time":"2026-09-05T23:55:25.899183+09:00","Action":"output","Package":"waiting-room/internal/installplan","Test":"TestDeterministicPlanAndOwnedSlices/repeat#50","Output":"--- PASS: TestDeterministicPlanAndOwnedSlices/repeat#50 (0.00s)\n"}
{"Time":"2026-09-05T23:55:25.899189+09:00","Action":"pass","Package":"waiting-room/internal/installplan","Test":"TestDeterministicPlanAndOwnedSlices/repeat#50","Elapsed":0}
{"Time":"2026-09-05T23:55:25.899191+09:00","Action":"cont","Package":"waiting-room/internal/installplan","Test":"TestDeterministicPlanAndOwnedSlices/repeat#95"}
{"Time":"2026-09-05T23:55:25.899194+09:00","Action":"output","Package":"waiting-room/internal/installplan","Test":"TestDeterministicPlanAndOwnedSlices/repeat#95","Output":"=== CONT  TestDeterministicPlanAndOwnedSlices/repeat#95\n"}
{"Time":"2026-09-05T23:55:25.899197+09:00","Action":"output","Package":"waiting-room/internal/installplan","Test":"TestDeterministicPlanAndOwnedSlices/repeat#75","Output":"--- PASS: TestDeterministicPlanAndOwnedSlices/repeat#75 (0.00s)\n"}
{"Time":"2026-09-05T23:55:25.899201+09:00","Action":"pass","Package":"waiting-room/internal/installplan","Test":"TestDeterministicPlanAndOwnedSlices/repeat#75","Elapsed":0}
{"Time":"2026-09-05T23:55:25.899203+09:00","Action":"cont","Package":"waiting-room/internal/installplan","Test":"TestDeterministicPlanAndOwnedSlices/repeat#98"}
{"Time":"2026-09-05T23:55:25.899205+09:00","Action":"output","Package":"waiting-room/internal/installplan","Test":"TestDeterministicPlanAndOwnedSlices/repeat#98","Output":"=== CONT  TestDeterministicPlanAndOwnedSlices/repeat#98\n"}
{"Time":"2026-09-05T23:55:25.899208+09:00","Action":"output","Package":"waiting-room/internal/installplan","Test":"TestDeterministicPlanAndOwnedSlices/repeat#24","Output":"--- PASS: TestDeterministicPlanAndOwnedSlices/repeat#24 (0.00s)\n"}
{"Time":"2026-09-05T23:55:25.89921+09:00","Action":"pass","Package":"waiting-room/internal/installplan","Test":"TestDeterministicPlanAndOwnedSlices/repeat#24","Elapsed":0}
{"Time":"2026-09-05T23:55:25.899214+09:00","Action":"cont","Package":"waiting-room/internal/installplan","Test":"TestDeterministicPlanAndOwnedSlices/repeat#11"}
{"Time":"2026-09-05T23:55:25.899217+09:00","Action":"output","Package":"waiting-room/internal/installplan","Test":"TestDeterministicPlanAndOwnedSlices/repeat#11","Output":"=== CONT  TestDeterministicPlanAndOwnedSlices/repeat#11\n"}
{"Time":"2026-09-05T23:55:25.899221+09:00","Action":"output","Package":"waiting-room/internal/installplan","Test":"TestDeterministicPlanAndOwnedSlices/repeat#22","Output":"--- PASS: TestDeterministicPlanAndOwnedSlices/repeat#22 (0.00s)\n"}
{"Time":"2026-09-05T23:55:25.899225+09:00","Action":"pass","Package":"waiting-room/internal/installplan","Test":"TestDeterministicPlanAndOwnedSlices/repeat#22","Elapsed":0}
{"Time":"2026-09-05T23:55:25.899227+09:00","Action":"output","Package":"waiting-room/internal/installplan","Test":"TestDeterministicPlanAndOwnedSlices/repeat#12","Output":"--- PASS: TestDeterministicPlanAndOwnedSlices/repeat#12 (0.00s)\n"}
{"Time":"2026-09-05T23:55:25.899232+09:00","Action":"pass","Package":"waiting-room/internal/installplan","Test":"TestDeterministicPlanAndOwnedSlices/repeat#12","Elapsed":0}
{"Time":"2026-09-05T23:55:25.899236+09:00","Action":"cont","Package":"waiting-room/internal/installplan","Test":"TestDeterministicPlanAndOwnedSlices/repeat#97"}
{"Time":"2026-09-05T23:55:25.899238+09:00","Action":"output","Package":"waiting-room/internal/installplan","Test":"TestDeterministicPlanAndOwnedSlices/repeat#97","Output":"=== CONT  TestDeterministicPlanAndOwnedSlices/repeat#97\n"}
{"Time":"2026-09-05T23:55:25.899263+09:00","Action":"cont","Package":"waiting-room/internal/installplan","Test":"TestDeterministicPlanAndOwnedSlices/repeat#38"}
{"Time":"2026-09-05T23:55:25.899268+09:00","Action":"output","Package":"waiting-room/internal/installplan","Test":"TestDeterministicPlanAndOwnedSlices/repeat#38","Output":"=== CONT  TestDeterministicPlanAndOwnedSlices/repeat#38\n"}
{"Time":"2026-09-05T23:55:25.899281+09:00","Action":"cont","Package":"waiting-room/internal/installplan","Test":"TestDeterministicPlanAndOwnedSlices/repeat#44"}
{"Time":"2026-09-05T23:55:25.899284+09:00","Action":"output","Package":"waiting-room/internal/installplan","Test":"TestDeterministicPlanAndOwnedSlices/repeat#44","Output":"=== CONT  TestDeterministicPlanAndOwnedSlices/repeat#44\n"}
{"Time":"2026-09-05T23:55:25.899295+09:00","Action":"cont","Package":"waiting-room/internal/installplan","Test":"TestDeterministicPlanAndOwnedSlices/repeat#07"}
{"Time":"2026-09-05T23:55:25.899301+09:00","Action":"output","Package":"waiting-room/internal/installplan","Test":"TestDeterministicPlanAndOwnedSlices/repeat#07","Output":"=== CONT  TestDeterministicPlanAndOwnedSlices/repeat#07\n"}
{"Time":"2026-09-05T23:55:25.89933+09:00","Action":"cont","Package":"waiting-room/internal/installplan","Test":"TestDeterministicPlanAndOwnedSlices/repeat#48"}
{"Time":"2026-09-05T23:55:25.899338+09:00","Action":"output","Package":"waiting-room/internal/installplan","Test":"TestDeterministicPlanAndOwnedSlices/repeat#48","Output":"=== CONT  TestDeterministicPlanAndOwnedSlices/repeat#48\n"}
{"Time":"2026-09-05T23:55:25.899344+09:00","Action":"cont","Package":"waiting-room/internal/installplan","Test":"TestDeterministicPlanAndOwnedSlices/repeat#88"}
{"Time":"2026-09-05T23:55:25.899347+09:00","Action":"output","Package":"waiting-room/internal/installplan","Test":"TestDeterministicPlanAndOwnedSlices/repeat#88","Output":"=== CONT  TestDeterministicPlanAndOwnedSlices/repeat#88\n"}
{"Time":"2026-09-05T23:55:25.899481+09:00","Action":"cont","Package":"waiting-room/internal/installplan","Test":"TestDeterministicPlanAndOwnedSlices/repeat#89"}
{"Time":"2026-09-05T23:55:25.899485+09:00","Action":"output","Package":"waiting-room/internal/installplan","Test":"TestDeterministicPlanAndOwnedSlices/repeat#89","Output":"=== CONT  TestDeterministicPlanAndOwnedSlices/repeat#89\n"}
{"Time":"2026-09-05T23:55:25.899658+09:00","Action":"cont","Package":"waiting-room/internal/installplan","Test":"TestDeterministicPlanAndOwnedSlices/repeat#90"}
{"Time":"2026-09-05T23:55:25.899661+09:00","Action":"output","Package":"waiting-room/internal/installplan","Test":"TestDeterministicPlanAndOwnedSlices/repeat#90","Output":"=== CONT  TestDeterministicPlanAndOwnedSlices/repeat#90\n"}
{"Time":"2026-09-05T23:55:25.899875+09:00","Action":"output","Package":"waiting-room/internal/installplan","Test":"TestDeterministicPlanAndOwnedSlices/repeat#25","Output":"--- PASS: TestDeterministicPlanAndOwnedSlices/repeat#25 (0.00s)\n"}
{"Time":"2026-09-05T23:55:25.899914+09:00","Action":"pass","Package":"waiting-room/internal/installplan","Test":"TestDeterministicPlanAndOwnedSlices/repeat#25","Elapsed":0}
{"Time":"2026-09-05T23:55:25.899925+09:00","Action":"cont","Package":"waiting-room/internal/installplan","Test":"TestDeterministicPlanAndOwnedSlices/repeat#92"}
{"Time":"2026-09-05T23:55:25.899928+09:00","Action":"output","Package":"waiting-room/internal/installplan","Test":"TestDeterministicPlanAndOwnedSlices/repeat#92","Output":"=== CONT  TestDeterministicPlanAndOwnedSlices/repeat#92\n"}
{"Time":"2026-09-05T23:55:25.899932+09:00","Action":"cont","Package":"waiting-room/internal/installplan","Test":"TestDeterministicPlanAndOwnedSlices/repeat#87"}
{"Time":"2026-09-05T23:55:25.899935+09:00","Action":"output","Package":"waiting-room/internal/installplan","Test":"TestDeterministicPlanAndOwnedSlices/repeat#87","Output":"=== CONT  TestDeterministicPlanAndOwnedSlices/repeat#87\n"}
{"Time":"2026-09-05T23:55:25.899955+09:00","Action":"output","Package":"waiting-room/internal/installplan","Test":"TestDeterministicPlanAndOwnedSlices/repeat#97","Output":"--- PASS: TestDeterministicPlanAndOwnedSlices/repeat#97 (0.00s)\n"}
{"Time":"2026-09-05T23:55:25.899958+09:00","Action":"pass","Package":"waiting-room/internal/installplan","Test":"TestDeterministicPlanAndOwnedSlices/repeat#97","Elapsed":0}
{"Time":"2026-09-05T23:55:25.89996+09:00","Action":"output","Package":"waiting-room/internal/installplan","Test":"TestDeterministicPlanAndOwnedSlices/repeat#94","Output":"--- PASS: TestDeterministicPlanAndOwnedSlices/repeat#94 (0.00s)\n"}
{"Time":"2026-09-05T23:55:25.899961+09:00","Action":"pass","Package":"waiting-room/internal/installplan","Test":"TestDeterministicPlanAndOwnedSlices/repeat#94","Elapsed":0}
{"Time":"2026-09-05T23:55:25.899963+09:00","Action":"output","Package":"waiting-room/internal/installplan","Test":"TestDeterministicPlanAndOwnedSlices/repeat#95","Output":"--- PASS: TestDeterministicPlanAndOwnedSlices/repeat#95 (0.00s)\n"}
{"Time":"2026-09-05T23:55:25.899967+09:00","Action":"pass","Package":"waiting-room/internal/installplan","Test":"TestDeterministicPlanAndOwnedSlices/repeat#95","Elapsed":0}
{"Time":"2026-09-05T23:55:25.899969+09:00","Action":"output","Package":"waiting-room/internal/installplan","Test":"TestDeterministicPlanAndOwnedSlices/repeat#48","Output":"--- PASS: TestDeterministicPlanAndOwnedSlices/repeat#48 (0.00s)\n"}
{"Time":"2026-09-05T23:55:25.899995+09:00","Action":"pass","Package":"waiting-room/internal/installplan","Test":"TestDeterministicPlanAndOwnedSlices/repeat#48","Elapsed":0}
{"Time":"2026-09-05T23:55:25.9+09:00","Action":"output","Package":"waiting-room/internal/installplan","Test":"TestDeterministicPlanAndOwnedSlices/repeat#07","Output":"--- PASS: TestDeterministicPlanAndOwnedSlices/repeat#07 (0.00s)\n"}
{"Time":"2026-09-05T23:55:25.900002+09:00","Action":"pass","Package":"waiting-room/internal/installplan","Test":"TestDeterministicPlanAndOwnedSlices/repeat#07","Elapsed":0}
{"Time":"2026-09-05T23:55:25.900006+09:00","Action":"cont","Package":"waiting-room/internal/installplan","Test":"TestDeterministicPlanAndOwnedSlices/repeat#62"}
{"Time":"2026-09-05T23:55:25.90001+09:00","Action":"output","Package":"waiting-room/internal/installplan","Test":"TestDeterministicPlanAndOwnedSlices/repeat#62","Output":"=== CONT  TestDeterministicPlanAndOwnedSlices/repeat#62\n"}
{"Time":"2026-09-05T23:55:25.900062+09:00","Action":"output","Package":"waiting-room/internal/installplan","Test":"TestDeterministicPlanAndOwnedSlices/repeat#44","Output":"--- PASS: TestDeterministicPlanAndOwnedSlices/repeat#44 (0.00s)\n"}
{"Time":"2026-09-05T23:55:25.900068+09:00","Action":"pass","Package":"waiting-room/internal/installplan","Test":"TestDeterministicPlanAndOwnedSlices/repeat#44","Elapsed":0}
{"Time":"2026-09-05T23:55:25.90007+09:00","Action":"cont","Package":"waiting-room/internal/installplan","Test":"TestDeterministicPlanAndOwnedSlices/repeat#30"}
{"Time":"2026-09-05T23:55:25.900072+09:00","Action":"output","Package":"waiting-room/internal/installplan","Test":"TestDeterministicPlanAndOwnedSlices/repeat#30","Output":"=== CONT  TestDeterministicPlanAndOwnedSlices/repeat#30\n"}
{"Time":"2026-09-05T23:55:25.900132+09:00","Action":"output","Package":"waiting-room/internal/installplan","Test":"TestDeterministicPlanAndOwnedSlices/repeat#91","Output":"--- PASS: TestDeterministicPlanAndOwnedSlices/repeat#91 (0.00s)\n"}
{"Time":"2026-09-05T23:55:25.900409+09:00","Action":"pass","Package":"waiting-room/internal/installplan","Test":"TestDeterministicPlanAndOwnedSlices/repeat#91","Elapsed":0}
{"Time":"2026-09-05T23:55:25.900413+09:00","Action":"cont","Package":"waiting-room/internal/installplan","Test":"TestDeterministicPlanAndOwnedSlices/repeat#17"}
{"Time":"2026-09-05T23:55:25.900415+09:00","Action":"output","Package":"waiting-room/internal/installplan","Test":"TestDeterministicPlanAndOwnedSlices/repeat#17","Output":"=== CONT  TestDeterministicPlanAndOwnedSlices/repeat#17\n"}
{"Time":"2026-09-05T23:55:25.900416+09:00","Action":"cont","Package":"waiting-room/internal/installplan","Test":"TestDeterministicPlanAndOwnedSlices/repeat#69"}
{"Time":"2026-09-05T23:55:25.900417+09:00","Action":"output","Package":"waiting-room/internal/installplan","Test":"TestDeterministicPlanAndOwnedSlices/repeat#69","Output":"=== CONT  TestDeterministicPlanAndOwnedSlices/repeat#69\n"}
{"Time":"2026-09-05T23:55:25.900419+09:00","Action":"output","Package":"waiting-room/internal/installplan","Test":"TestDeterministicPlanAndOwnedSlices/repeat#96","Output":"--- PASS: TestDeterministicPlanAndOwnedSlices/repeat#96 (0.00s)\n"}
{"Time":"2026-09-05T23:55:25.900445+09:00","Action":"pass","Package":"waiting-room/internal/installplan","Test":"TestDeterministicPlanAndOwnedSlices/repeat#96","Elapsed":0}
{"Time":"2026-09-05T23:55:25.900448+09:00","Action":"cont","Package":"waiting-room/internal/installplan","Test":"TestDeterministicPlanAndOwnedSlices/repeat#60"}
{"Time":"2026-09-05T23:55:25.900449+09:00","Action":"output","Package":"waiting-room/internal/installplan","Test":"TestDeterministicPlanAndOwnedSlices/repeat#60","Output":"=== CONT  TestDeterministicPlanAndOwnedSlices/repeat#60\n"}
{"Time":"2026-09-05T23:55:25.900466+09:00","Action":"output","Package":"waiting-room/internal/installplan","Test":"TestDeterministicPlanAndOwnedSlices/repeat#11","Output":"--- PASS: TestDeterministicPlanAndOwnedSlices/repeat#11 (0.00s)\n"}
{"Time":"2026-09-05T23:55:25.900485+09:00","Action":"pass","Package":"waiting-room/internal/installplan","Test":"TestDeterministicPlanAndOwnedSlices/repeat#11","Elapsed":0}
{"Time":"2026-09-05T23:55:25.900488+09:00","Action":"cont","Package":"waiting-room/internal/installplan","Test":"TestDeterministicPlanAndOwnedSlices/repeat#81"}
{"Time":"2026-09-05T23:55:25.900493+09:00","Action":"output","Package":"waiting-room/internal/installplan","Test":"TestDeterministicPlanAndOwnedSlices/repeat#81","Output":"=== CONT  TestDeterministicPlanAndOwnedSlices/repeat#81\n"}
{"Time":"2026-09-05T23:55:25.900496+09:00","Action":"cont","Package":"waiting-room/internal/installplan","Test":"TestDeterministicPlanAndOwnedSlices/repeat#67"}
{"Time":"2026-09-05T23:55:25.900497+09:00","Action":"output","Package":"waiting-room/internal/installplan","Test":"TestDeterministicPlanAndOwnedSlices/repeat#67","Output":"=== CONT  TestDeterministicPlanAndOwnedSlices/repeat#67\n"}
{"Time":"2026-09-05T23:55:25.900533+09:00","Action":"cont","Package":"waiting-room/internal/installplan","Test":"TestDeterministicPlanAndOwnedSlices/repeat#85"}
{"Time":"2026-09-05T23:55:25.900543+09:00","Action":"output","Package":"waiting-room/internal/installplan","Test":"TestDeterministicPlanAndOwnedSlices/repeat#85","Output":"=== CONT  TestDeterministicPlanAndOwnedSlices/repeat#85\n"}
{"Time":"2026-09-05T23:55:25.900547+09:00","Action":"cont","Package":"waiting-room/internal/installplan","Test":"TestDeterministicPlanAndOwnedSlices/repeat#84"}
{"Time":"2026-09-05T23:55:25.900549+09:00","Action":"output","Package":"waiting-room/internal/installplan","Test":"TestDeterministicPlanAndOwnedSlices/repeat#84","Output":"=== CONT  TestDeterministicPlanAndOwnedSlices/repeat#84\n"}
{"Time":"2026-09-05T23:55:25.90057+09:00","Action":"cont","Package":"waiting-room/internal/installplan","Test":"TestDeterministicPlanAndOwnedSlices/repeat#78"}
{"Time":"2026-09-05T23:55:25.900574+09:00","Action":"output","Package":"waiting-room/internal/installplan","Test":"TestDeterministicPlanAndOwnedSlices/repeat#78","Output":"=== CONT  TestDeterministicPlanAndOwnedSlices/repeat#78\n"}
{"Time":"2026-09-05T23:55:25.900592+09:00","Action":"cont","Package":"waiting-room/internal/installplan","Test":"TestDeterministicPlanAndOwnedSlices/repeat#83"}
{"Time":"2026-09-05T23:55:25.900598+09:00","Action":"output","Package":"waiting-room/internal/installplan","Test":"TestDeterministicPlanAndOwnedSlices/repeat#83","Output":"=== CONT  TestDeterministicPlanAndOwnedSlices/repeat#83\n"}
{"Time":"2026-09-05T23:55:25.900602+09:00","Action":"cont","Package":"waiting-room/internal/installplan","Test":"TestDeterministicPlanAndOwnedSlices/repeat#57"}
{"Time":"2026-09-05T23:55:25.900604+09:00","Action":"output","Package":"waiting-room/internal/installplan","Test":"TestDeterministicPlanAndOwnedSlices/repeat#57","Output":"=== CONT  TestDeterministicPlanAndOwnedSlices/repeat#57\n"}
{"Time":"2026-09-05T23:55:25.900631+09:00","Action":"cont","Package":"waiting-room/internal/installplan","Test":"TestDeterministicPlanAndOwnedSlices/repeat#32"}
{"Time":"2026-09-05T23:55:25.900638+09:00","Action":"output","Package":"waiting-room/internal/installplan","Test":"TestDeterministicPlanAndOwnedSlices/repeat#32","Output":"=== CONT  TestDeterministicPlanAndOwnedSlices/repeat#32\n"}
{"Time":"2026-09-05T23:55:25.900657+09:00","Action":"cont","Package":"waiting-room/internal/installplan","Test":"TestDeterministicPlanAndOwnedSlices/repeat#71"}
{"Time":"2026-09-05T23:55:25.900664+09:00","Action":"output","Package":"waiting-room/internal/installplan","Test":"TestDeterministicPlanAndOwnedSlices/repeat#71","Output":"=== CONT  TestDeterministicPlanAndOwnedSlices/repeat#71\n"}
{"Time":"2026-09-05T23:55:25.900671+09:00","Action":"output","Package":"waiting-room/internal/installplan","Test":"TestDeterministicPlanAndOwnedSlices/repeat#99","Output":"--- PASS: TestDeterministicPlanAndOwnedSlices/repeat#99 (0.00s)\n"}
{"Time":"2026-09-05T23:55:25.900695+09:00","Action":"pass","Package":"waiting-room/internal/installplan","Test":"TestDeterministicPlanAndOwnedSlices/repeat#99","Elapsed":0}
{"Time":"2026-09-05T23:55:25.900705+09:00","Action":"cont","Package":"waiting-room/internal/installplan","Test":"TestDeterministicPlanAndOwnedSlices/repeat#08"}
{"Time":"2026-09-05T23:55:25.900707+09:00","Action":"output","Package":"waiting-room/internal/installplan","Test":"TestDeterministicPlanAndOwnedSlices/repeat#08","Output":"=== CONT  TestDeterministicPlanAndOwnedSlices/repeat#08\n"}
{"Time":"2026-09-05T23:55:25.900713+09:00","Action":"cont","Package":"waiting-room/internal/installplan","Test":"TestDeterministicPlanAndOwnedSlices/repeat#52"}
{"Time":"2026-09-05T23:55:25.900719+09:00","Action":"output","Package":"waiting-room/internal/installplan","Test":"TestDeterministicPlanAndOwnedSlices/repeat#52","Output":"=== CONT  TestDeterministicPlanAndOwnedSlices/repeat#52\n"}
{"Time":"2026-09-05T23:55:25.900733+09:00","Action":"cont","Package":"waiting-room/internal/installplan","Test":"TestDeterministicPlanAndOwnedSlices/repeat#53"}
{"Time":"2026-09-05T23:55:25.900736+09:00","Action":"output","Package":"waiting-room/internal/installplan","Test":"TestDeterministicPlanAndOwnedSlices/repeat#53","Output":"=== CONT  TestDeterministicPlanAndOwnedSlices/repeat#53\n"}
{"Time":"2026-09-05T23:55:25.900763+09:00","Action":"cont","Package":"waiting-room/internal/installplan","Test":"TestDeterministicPlanAndOwnedSlices/repeat#19"}
{"Time":"2026-09-05T23:55:25.900767+09:00","Action":"output","Package":"waiting-room/internal/installplan","Test":"TestDeterministicPlanAndOwnedSlices/repeat#19","Output":"=== CONT  TestDeterministicPlanAndOwnedSlices/repeat#19\n"}
{"Time":"2026-09-05T23:55:25.900772+09:00","Action":"cont","Package":"waiting-room/internal/installplan","Test":"TestDeterministicPlanAndOwnedSlices/repeat#28"}
{"Time":"2026-09-05T23:55:25.900773+09:00","Action":"output","Package":"waiting-room/internal/installplan","Test":"TestDeterministicPlanAndOwnedSlices/repeat#28","Output":"=== CONT  TestDeterministicPlanAndOwnedSlices/repeat#28\n"}
{"Time":"2026-09-05T23:55:25.900814+09:00","Action":"cont","Package":"waiting-room/internal/installplan","Test":"TestDeterministicPlanAndOwnedSlices/repeat#36"}
{"Time":"2026-09-05T23:55:25.900818+09:00","Action":"output","Package":"waiting-room/internal/installplan","Test":"TestDeterministicPlanAndOwnedSlices/repeat#36","Output":"=== CONT  TestDeterministicPlanAndOwnedSlices/repeat#36\n"}
{"Time":"2026-09-05T23:55:25.900821+09:00","Action":"cont","Package":"waiting-room/internal/installplan","Test":"TestDeterministicPlanAndOwnedSlices/repeat#70"}
{"Time":"2026-09-05T23:55:25.900822+09:00","Action":"output","Package":"waiting-room/internal/installplan","Test":"TestDeterministicPlanAndOwnedSlices/repeat#70","Output":"=== CONT  TestDeterministicPlanAndOwnedSlices/repeat#70\n"}
{"Time":"2026-09-05T23:55:25.900823+09:00","Action":"output","Package":"waiting-room/internal/installplan","Test":"TestDeterministicPlanAndOwnedSlices/repeat#90","Output":"--- PASS: TestDeterministicPlanAndOwnedSlices/repeat#90 (0.00s)\n"}
{"Time":"2026-09-05T23:55:25.900838+09:00","Action":"pass","Package":"waiting-room/internal/installplan","Test":"TestDeterministicPlanAndOwnedSlices/repeat#90","Elapsed":0}
{"Time":"2026-09-05T23:55:25.900843+09:00","Action":"cont","Package":"waiting-room/internal/installplan","Test":"TestDeterministicPlanAndOwnedSlices/repeat#29"}
{"Time":"2026-09-05T23:55:25.900844+09:00","Action":"output","Package":"waiting-room/internal/installplan","Test":"TestDeterministicPlanAndOwnedSlices/repeat#29","Output":"=== CONT  TestDeterministicPlanAndOwnedSlices/repeat#29\n"}
{"Time":"2026-09-05T23:55:25.900864+09:00","Action":"output","Package":"waiting-room/internal/installplan","Test":"TestDeterministicPlanAndOwnedSlices/repeat#32","Output":"--- PASS: TestDeterministicPlanAndOwnedSlices/repeat#32 (0.00s)\n"}
{"Time":"2026-09-05T23:55:25.900869+09:00","Action":"pass","Package":"waiting-room/internal/installplan","Test":"TestDeterministicPlanAndOwnedSlices/repeat#32","Elapsed":0}
{"Time":"2026-09-05T23:55:25.900871+09:00","Action":"cont","Package":"waiting-room/internal/installplan","Test":"TestDeterministicPlanAndOwnedSlices/repeat#09"}
{"Time":"2026-09-05T23:55:25.900872+09:00","Action":"output","Package":"waiting-room/internal/installplan","Test":"TestDeterministicPlanAndOwnedSlices/repeat#09","Output":"=== CONT  TestDeterministicPlanAndOwnedSlices/repeat#09\n"}
{"Time":"2026-09-05T23:55:25.900876+09:00","Action":"output","Package":"waiting-room/internal/installplan","Test":"TestDeterministicPlanAndOwnedSlices/repeat#78","Output":"--- PASS: TestDeterministicPlanAndOwnedSlices/repeat#78 (0.00s)\n"}
{"Time":"2026-09-05T23:55:25.90092+09:00","Action":"pass","Package":"waiting-room/internal/installplan","Test":"TestDeterministicPlanAndOwnedSlices/repeat#78","Elapsed":0}
{"Time":"2026-09-05T23:55:25.900922+09:00","Action":"cont","Package":"waiting-room/internal/installplan","Test":"TestDeterministicPlanAndOwnedSlices/repeat#46"}
{"Time":"2026-09-05T23:55:25.900926+09:00","Action":"output","Package":"waiting-room/internal/installplan","Test":"TestDeterministicPlanAndOwnedSlices/repeat#46","Output":"=== CONT  TestDeterministicPlanAndOwnedSlices/repeat#46\n"}
{"Time":"2026-09-05T23:55:25.900929+09:00","Action":"output","Package":"waiting-room/internal/installplan","Test":"TestDeterministicPlanAndOwnedSlices/repeat#98","Output":"--- PASS: TestDeterministicPlanAndOwnedSlices/repeat#98 (0.00s)\n"}
{"Time":"2026-09-05T23:55:25.900955+09:00","Action":"pass","Package":"waiting-room/internal/installplan","Test":"TestDeterministicPlanAndOwnedSlices/repeat#98","Elapsed":0}
{"Time":"2026-09-05T23:55:25.900964+09:00","Action":"output","Package":"waiting-room/internal/installplan","Test":"TestDeterministicPlanAndOwnedSlices/repeat#57","Output":"--- PASS: TestDeterministicPlanAndOwnedSlices/repeat#57 (0.00s)\n"}
{"Time":"2026-09-05T23:55:25.901161+09:00","Action":"pass","Package":"waiting-room/internal/installplan","Test":"TestDeterministicPlanAndOwnedSlices/repeat#57","Elapsed":0}
{"Time":"2026-09-05T23:55:25.901164+09:00","Action":"output","Package":"waiting-room/internal/installplan","Test":"TestDeterministicPlanAndOwnedSlices/repeat#53","Output":"--- PASS: TestDeterministicPlanAndOwnedSlices/repeat#53 (0.00s)\n"}
{"Time":"2026-09-05T23:55:25.901216+09:00","Action":"pass","Package":"waiting-room/internal/installplan","Test":"TestDeterministicPlanAndOwnedSlices/repeat#53","Elapsed":0}
{"Time":"2026-09-05T23:55:25.90122+09:00","Action":"cont","Package":"waiting-room/internal/installplan","Test":"TestDeterministicPlanAndOwnedSlices/repeat#43"}
{"Time":"2026-09-05T23:55:25.901222+09:00","Action":"output","Package":"waiting-room/internal/installplan","Test":"TestDeterministicPlanAndOwnedSlices/repeat#43","Output":"=== CONT  TestDeterministicPlanAndOwnedSlices/repeat#43\n"}
{"Time":"2026-09-05T23:55:25.901245+09:00","Action":"cont","Package":"waiting-room/internal/installplan","Test":"TestDeterministicPlanAndOwnedSlices/repeat#47"}
{"Time":"2026-09-05T23:55:25.901248+09:00","Action":"output","Package":"waiting-room/internal/installplan","Test":"TestDeterministicPlanAndOwnedSlices/repeat#47","Output":"=== CONT  TestDeterministicPlanAndOwnedSlices/repeat#47\n"}
{"Time":"2026-09-05T23:55:25.901252+09:00","Action":"cont","Package":"waiting-room/internal/installplan","Test":"TestDeterministicPlanAndOwnedSlices/repeat#40"}
{"Time":"2026-09-05T23:55:25.901252+09:00","Action":"output","Package":"waiting-room/internal/installplan","Test":"TestDeterministicPlanAndOwnedSlices/repeat#40","Output":"=== CONT  TestDeterministicPlanAndOwnedSlices/repeat#40\n"}
{"Time":"2026-09-05T23:55:25.90138+09:00","Action":"cont","Package":"waiting-room/internal/installplan","Test":"TestDeterministicPlanAndOwnedSlices/repeat#39"}
{"Time":"2026-09-05T23:55:25.901385+09:00","Action":"output","Package":"waiting-room/internal/installplan","Test":"TestDeterministicPlanAndOwnedSlices/repeat#39","Output":"=== CONT  TestDeterministicPlanAndOwnedSlices/repeat#39\n"}
{"Time":"2026-09-05T23:55:25.901386+09:00","Action":"cont","Package":"waiting-room/internal/installplan","Test":"TestDeterministicPlanAndOwnedSlices/repeat#16"}
{"Time":"2026-09-05T23:55:25.901388+09:00","Action":"output","Package":"waiting-room/internal/installplan","Test":"TestDeterministicPlanAndOwnedSlices/repeat#16","Output":"=== CONT  TestDeterministicPlanAndOwnedSlices/repeat#16\n"}
{"Time":"2026-09-05T23:55:25.901465+09:00","Action":"cont","Package":"waiting-room/internal/installplan","Test":"TestDeterministicPlanAndOwnedSlices/repeat#10"}
{"Time":"2026-09-05T23:55:25.901468+09:00","Action":"output","Package":"waiting-room/internal/installplan","Test":"TestDeterministicPlanAndOwnedSlices/repeat#10","Output":"=== CONT  TestDeterministicPlanAndOwnedSlices/repeat#10\n"}
{"Time":"2026-09-05T23:55:25.90147+09:00","Action":"cont","Package":"waiting-room/internal/installplan","Test":"TestDeterministicPlanAndOwnedSlices/repeat#03"}
{"Time":"2026-09-05T23:55:25.901472+09:00","Action":"output","Package":"waiting-room/internal/installplan","Test":"TestDeterministicPlanAndOwnedSlices/repeat#03","Output":"=== CONT  TestDeterministicPlanAndOwnedSlices/repeat#03\n"}
{"Time":"2026-09-05T23:55:25.901849+09:00","Action":"output","Package":"waiting-room/internal/installplan","Test":"TestDeterministicPlanAndOwnedSlices/repeat#93","Output":"--- PASS: TestDeterministicPlanAndOwnedSlices/repeat#93 (0.00s)\n"}
{"Time":"2026-09-05T23:55:25.901854+09:00","Action":"pass","Package":"waiting-room/internal/installplan","Test":"TestDeterministicPlanAndOwnedSlices/repeat#93","Elapsed":0}
{"Time":"2026-09-05T23:55:25.901855+09:00","Action":"cont","Package":"waiting-room/internal/installplan","Test":"TestDeterministicPlanAndOwnedSlices/repeat#41"}
{"Time":"2026-09-05T23:55:25.901856+09:00","Action":"output","Package":"waiting-room/internal/installplan","Test":"TestDeterministicPlanAndOwnedSlices/repeat#41","Output":"=== CONT  TestDeterministicPlanAndOwnedSlices/repeat#41\n"}
{"Time":"2026-09-05T23:55:25.901867+09:00","Action":"output","Package":"waiting-room/internal/installplan","Test":"TestDeterministicPlanAndOwnedSlices/repeat#87","Output":"--- PASS: TestDeterministicPlanAndOwnedSlices/repeat#87 (0.00s)\n"}
{"Time":"2026-09-05T23:55:25.90188+09:00","Action":"pass","Package":"waiting-room/internal/installplan","Test":"TestDeterministicPlanAndOwnedSlices/repeat#87","Elapsed":0}
{"Time":"2026-09-05T23:55:25.901882+09:00","Action":"cont","Package":"waiting-room/internal/installplan","Test":"TestDeterministicPlanAndOwnedSlices/repeat#23"}
{"Time":"2026-09-05T23:55:25.901884+09:00","Action":"output","Package":"waiting-room/internal/installplan","Test":"TestDeterministicPlanAndOwnedSlices/repeat#23","Output":"=== CONT  TestDeterministicPlanAndOwnedSlices/repeat#23\n"}
{"Time":"2026-09-05T23:55:25.901886+09:00","Action":"cont","Package":"waiting-room/internal/installplan","Test":"TestDeterministicPlanAndOwnedSlices/repeat#04"}
{"Time":"2026-09-05T23:55:25.901889+09:00","Action":"output","Package":"waiting-room/internal/installplan","Test":"TestDeterministicPlanAndOwnedSlices/repeat#04","Output":"=== CONT  TestDeterministicPlanAndOwnedSlices/repeat#04\n"}
{"Time":"2026-09-05T23:55:25.901906+09:00","Action":"cont","Package":"waiting-room/internal/installplan","Test":"TestDeterministicPlanAndOwnedSlices/repeat#42"}
{"Time":"2026-09-05T23:55:25.901913+09:00","Action":"output","Package":"waiting-room/internal/installplan","Test":"TestDeterministicPlanAndOwnedSlices/repeat#42","Output":"=== CONT  TestDeterministicPlanAndOwnedSlices/repeat#42\n"}
{"Time":"2026-09-05T23:55:25.901915+09:00","Action":"cont","Package":"waiting-room/internal/installplan","Test":"TestDeterministicPlanAndOwnedSlices/repeat#45"}
{"Time":"2026-09-05T23:55:25.901915+09:00","Action":"output","Package":"waiting-room/internal/installplan","Test":"TestDeterministicPlanAndOwnedSlices/repeat#45","Output":"=== CONT  TestDeterministicPlanAndOwnedSlices/repeat#45\n"}
{"Time":"2026-09-05T23:55:25.901993+09:00","Action":"cont","Package":"waiting-room/internal/installplan","Test":"TestDeterministicPlanAndOwnedSlices/repeat#05"}
{"Time":"2026-09-05T23:55:25.902004+09:00","Action":"output","Package":"waiting-room/internal/installplan","Test":"TestDeterministicPlanAndOwnedSlices/repeat#05","Output":"=== CONT  TestDeterministicPlanAndOwnedSlices/repeat#05\n"}
{"Time":"2026-09-05T23:55:25.902008+09:00","Action":"cont","Package":"waiting-room/internal/installplan","Test":"TestDeterministicPlanAndOwnedSlices/repeat#63"}
{"Time":"2026-09-05T23:55:25.90201+09:00","Action":"output","Package":"waiting-room/internal/installplan","Test":"TestDeterministicPlanAndOwnedSlices/repeat#63","Output":"=== CONT  TestDeterministicPlanAndOwnedSlices/repeat#63\n"}
{"Time":"2026-09-05T23:55:25.902012+09:00","Action":"cont","Package":"waiting-room/internal/installplan","Test":"TestDeterministicPlanAndOwnedSlices/repeat#74"}
{"Time":"2026-09-05T23:55:25.902014+09:00","Action":"output","Package":"waiting-room/internal/installplan","Test":"TestDeterministicPlanAndOwnedSlices/repeat#74","Output":"=== CONT  TestDeterministicPlanAndOwnedSlices/repeat#74\n"}
{"Time":"2026-09-05T23:55:25.902018+09:00","Action":"cont","Package":"waiting-room/internal/installplan","Test":"TestDeterministicPlanAndOwnedSlices/repeat#73"}
{"Time":"2026-09-05T23:55:25.90202+09:00","Action":"output","Package":"waiting-room/internal/installplan","Test":"TestDeterministicPlanAndOwnedSlices/repeat#73","Output":"=== CONT  TestDeterministicPlanAndOwnedSlices/repeat#73\n"}
{"Time":"2026-09-05T23:55:25.902036+09:00","Action":"cont","Package":"waiting-room/internal/installplan","Test":"TestDeterministicPlanAndOwnedSlices/repeat#01"}
{"Time":"2026-09-05T23:55:25.902043+09:00","Action":"output","Package":"waiting-room/internal/installplan","Test":"TestDeterministicPlanAndOwnedSlices/repeat#01","Output":"=== CONT  TestDeterministicPlanAndOwnedSlices/repeat#01\n"}
{"Time":"2026-09-05T23:55:25.902046+09:00","Action":"cont","Package":"waiting-room/internal/installplan","Test":"TestDeterministicPlanAndOwnedSlices/repeat#68"}
{"Time":"2026-09-05T23:55:25.90205+09:00","Action":"output","Package":"waiting-room/internal/installplan","Test":"TestDeterministicPlanAndOwnedSlices/repeat#68","Output":"=== CONT  TestDeterministicPlanAndOwnedSlices/repeat#68\n"}
{"Time":"2026-09-05T23:55:25.902072+09:00","Action":"cont","Package":"waiting-room/internal/installplan","Test":"TestDeterministicPlanAndOwnedSlices/repeat#18"}
{"Time":"2026-09-05T23:55:25.902075+09:00","Action":"output","Package":"waiting-room/internal/installplan","Test":"TestDeterministicPlanAndOwnedSlices/repeat#18","Output":"=== CONT  TestDeterministicPlanAndOwnedSlices/repeat#18\n"}
{"Time":"2026-09-05T23:55:25.902104+09:00","Action":"cont","Package":"waiting-room/internal/installplan","Test":"TestDeterministicPlanAndOwnedSlices/repeat#65"}
{"Time":"2026-09-05T23:55:25.902107+09:00","Action":"output","Package":"waiting-room/internal/installplan","Test":"TestDeterministicPlanAndOwnedSlices/repeat#65","Output":"=== CONT  TestDeterministicPlanAndOwnedSlices/repeat#65\n"}
{"Time":"2026-09-05T23:55:25.902113+09:00","Action":"cont","Package":"waiting-room/internal/installplan","Test":"TestDeterministicPlanAndOwnedSlices/repeat#02"}
{"Time":"2026-09-05T23:55:25.902116+09:00","Action":"output","Package":"waiting-room/internal/installplan","Test":"TestDeterministicPlanAndOwnedSlices/repeat#02","Output":"=== CONT  TestDeterministicPlanAndOwnedSlices/repeat#02\n"}
{"Time":"2026-09-05T23:55:25.902119+09:00","Action":"cont","Package":"waiting-room/internal/installplan","Test":"TestDeterministicPlanAndOwnedSlices/repeat#64"}
{"Time":"2026-09-05T23:55:25.902121+09:00","Action":"output","Package":"waiting-room/internal/installplan","Test":"TestDeterministicPlanAndOwnedSlices/repeat#64","Output":"=== CONT  TestDeterministicPlanAndOwnedSlices/repeat#64\n"}
{"Time":"2026-09-05T23:55:25.902146+09:00","Action":"cont","Package":"waiting-room/internal/installplan","Test":"TestDeterministicPlanAndOwnedSlices/repeat#66"}
{"Time":"2026-09-05T23:55:25.90215+09:00","Action":"output","Package":"waiting-room/internal/installplan","Test":"TestDeterministicPlanAndOwnedSlices/repeat#66","Output":"=== CONT  TestDeterministicPlanAndOwnedSlices/repeat#66\n"}
{"Time":"2026-09-05T23:55:25.902154+09:00","Action":"cont","Package":"waiting-room/internal/installplan","Test":"TestDeterministicPlanAndOwnedSlices/repeat#79"}
{"Time":"2026-09-05T23:55:25.902156+09:00","Action":"output","Package":"waiting-room/internal/installplan","Test":"TestDeterministicPlanAndOwnedSlices/repeat#79","Output":"=== CONT  TestDeterministicPlanAndOwnedSlices/repeat#79\n"}
{"Time":"2026-09-05T23:55:25.902228+09:00","Action":"output","Package":"waiting-room/internal/installplan","Test":"TestDeterministicPlanAndOwnedSlices/repeat#62","Output":"--- PASS: TestDeterministicPlanAndOwnedSlices/repeat#62 (0.00s)\n"}
{"Time":"2026-09-05T23:55:25.902233+09:00","Action":"pass","Package":"waiting-room/internal/installplan","Test":"TestDeterministicPlanAndOwnedSlices/repeat#62","Elapsed":0}
{"Time":"2026-09-05T23:55:25.902237+09:00","Action":"cont","Package":"waiting-room/internal/installplan","Test":"TestDeterministicPlanAndOwnedSlices/repeat#72"}
{"Time":"2026-09-05T23:55:25.902239+09:00","Action":"output","Package":"waiting-room/internal/installplan","Test":"TestDeterministicPlanAndOwnedSlices/repeat#72","Output":"=== CONT  TestDeterministicPlanAndOwnedSlices/repeat#72\n"}
{"Time":"2026-09-05T23:55:25.902243+09:00","Action":"cont","Package":"waiting-room/internal/installplan","Test":"TestDeterministicPlanAndOwnedSlices/repeat#14"}
{"Time":"2026-09-05T23:55:25.902245+09:00","Action":"output","Package":"waiting-room/internal/installplan","Test":"TestDeterministicPlanAndOwnedSlices/repeat#14","Output":"=== CONT  TestDeterministicPlanAndOwnedSlices/repeat#14\n"}
{"Time":"2026-09-05T23:55:25.902248+09:00","Action":"cont","Package":"waiting-room/internal/installplan","Test":"TestDeterministicPlanAndOwnedSlices/repeat#86"}
{"Time":"2026-09-05T23:55:25.90225+09:00","Action":"output","Package":"waiting-room/internal/installplan","Test":"TestDeterministicPlanAndOwnedSlices/repeat#86","Output":"=== CONT  TestDeterministicPlanAndOwnedSlices/repeat#86\n"}
{"Time":"2026-09-05T23:55:25.902254+09:00","Action":"cont","Package":"waiting-room/internal/installplan","Test":"TestDeterministicPlanAndOwnedSlices/repeat#15"}
{"Time":"2026-09-05T23:55:25.902257+09:00","Action":"output","Package":"waiting-room/internal/installplan","Test":"TestDeterministicPlanAndOwnedSlices/repeat#15","Output":"=== CONT  TestDeterministicPlanAndOwnedSlices/repeat#15\n"}
{"Time":"2026-09-05T23:55:25.902421+09:00","Action":"output","Package":"waiting-room/internal/installplan","Test":"TestDeterministicPlanAndOwnedSlices/repeat#02","Output":"--- PASS: TestDeterministicPlanAndOwnedSlices/repeat#02 (0.00s)\n"}
{"Time":"2026-09-05T23:55:25.902599+09:00","Action":"pass","Package":"waiting-room/internal/installplan","Test":"TestDeterministicPlanAndOwnedSlices/repeat#02","Elapsed":0}
{"Time":"2026-09-05T23:55:25.902602+09:00","Action":"output","Package":"waiting-room/internal/installplan","Test":"TestDeterministicPlanAndOwnedSlices/repeat#47","Output":"--- PASS: TestDeterministicPlanAndOwnedSlices/repeat#47 (0.00s)\n"}
{"Time":"2026-09-05T23:55:25.902604+09:00","Action":"pass","Package":"waiting-room/internal/installplan","Test":"TestDeterministicPlanAndOwnedSlices/repeat#47","Elapsed":0}
{"Time":"2026-09-05T23:55:25.902604+09:00","Action":"cont","Package":"waiting-room/internal/installplan","Test":"TestDeterministicPlanAndOwnedSlices/repeat#58"}
{"Time":"2026-09-05T23:55:25.902606+09:00","Action":"output","Package":"waiting-room/internal/installplan","Test":"TestDeterministicPlanAndOwnedSlices/repeat#58","Output":"=== CONT  TestDeterministicPlanAndOwnedSlices/repeat#58\n"}
{"Time":"2026-09-05T23:55:25.902607+09:00","Action":"output","Package":"waiting-room/internal/installplan","Test":"TestDeterministicPlanAndOwnedSlices/repeat#92","Output":"--- PASS: TestDeterministicPlanAndOwnedSlices/repeat#92 (0.00s)\n"}
{"Time":"2026-09-05T23:55:25.902608+09:00","Action":"pass","Package":"waiting-room/internal/installplan","Test":"TestDeterministicPlanAndOwnedSlices/repeat#92","Elapsed":0}
{"Time":"2026-09-05T23:55:25.902609+09:00","Action":"output","Package":"waiting-room/internal/installplan","Test":"TestDeterministicPlanAndOwnedSlices/repeat#60","Output":"--- PASS: TestDeterministicPlanAndOwnedSlices/repeat#60 (0.00s)\n"}
{"Time":"2026-09-05T23:55:25.90261+09:00","Action":"pass","Package":"waiting-room/internal/installplan","Test":"TestDeterministicPlanAndOwnedSlices/repeat#60","Elapsed":0}
{"Time":"2026-09-05T23:55:25.902611+09:00","Action":"cont","Package":"waiting-room/internal/installplan","Test":"TestDeterministicPlanAndOwnedSlices/repeat#20"}
{"Time":"2026-09-05T23:55:25.902613+09:00","Action":"output","Package":"waiting-room/internal/installplan","Test":"TestDeterministicPlanAndOwnedSlices/repeat#20","Output":"=== CONT  TestDeterministicPlanAndOwnedSlices/repeat#20\n"}
{"Time":"2026-09-05T23:55:25.902614+09:00","Action":"cont","Package":"waiting-room/internal/installplan","Test":"TestDeterministicPlanAndOwnedSlices/repeat#13"}
{"Time":"2026-09-05T23:55:25.902615+09:00","Action":"output","Package":"waiting-room/internal/installplan","Test":"TestDeterministicPlanAndOwnedSlices/repeat#13","Output":"=== CONT  TestDeterministicPlanAndOwnedSlices/repeat#13\n"}
{"Time":"2026-09-05T23:55:25.902616+09:00","Action":"cont","Package":"waiting-room/internal/installplan","Test":"TestDeterministicPlanAndOwnedSlices/repeat#82"}
{"Time":"2026-09-05T23:55:25.902617+09:00","Action":"output","Package":"waiting-room/internal/installplan","Test":"TestDeterministicPlanAndOwnedSlices/repeat#82","Output":"=== CONT  TestDeterministicPlanAndOwnedSlices/repeat#82\n"}
{"Time":"2026-09-05T23:55:25.903215+09:00","Action":"output","Package":"waiting-room/internal/installplan","Test":"TestDeterministicPlanAndOwnedSlices/repeat#88","Output":"--- PASS: TestDeterministicPlanAndOwnedSlices/repeat#88 (0.00s)\n"}
{"Time":"2026-09-05T23:55:25.903219+09:00","Action":"pass","Package":"waiting-room/internal/installplan","Test":"TestDeterministicPlanAndOwnedSlices/repeat#88","Elapsed":0}
{"Time":"2026-09-05T23:55:25.903219+09:00","Action":"cont","Package":"waiting-room/internal/installplan","Test":"TestDeterministicPlanAndOwnedSlices/repeat#61"}
{"Time":"2026-09-05T23:55:25.90322+09:00","Action":"output","Package":"waiting-room/internal/installplan","Test":"TestDeterministicPlanAndOwnedSlices/repeat#61","Output":"=== CONT  TestDeterministicPlanAndOwnedSlices/repeat#61\n"}
{"Time":"2026-09-05T23:55:25.903221+09:00","Action":"cont","Package":"waiting-room/internal/installplan","Test":"TestDeterministicPlanAndOwnedSlices/repeat#77"}
{"Time":"2026-09-05T23:55:25.903222+09:00","Action":"output","Package":"waiting-room/internal/installplan","Test":"TestDeterministicPlanAndOwnedSlices/repeat#77","Output":"=== CONT  TestDeterministicPlanAndOwnedSlices/repeat#77\n"}
{"Time":"2026-09-05T23:55:25.903223+09:00","Action":"cont","Package":"waiting-room/internal/installplan","Test":"TestDeterministicPlanAndOwnedSlices/repeat#33"}
{"Time":"2026-09-05T23:55:25.903224+09:00","Action":"output","Package":"waiting-room/internal/installplan","Test":"TestDeterministicPlanAndOwnedSlices/repeat#33","Output":"=== CONT  TestDeterministicPlanAndOwnedSlices/repeat#33\n"}
{"Time":"2026-09-05T23:55:25.903225+09:00","Action":"cont","Package":"waiting-room/internal/installplan","Test":"TestDeterministicPlanAndOwnedSlices/repeat#34"}
{"Time":"2026-09-05T23:55:25.903226+09:00","Action":"output","Package":"waiting-room/internal/installplan","Test":"TestDeterministicPlanAndOwnedSlices/repeat#34","Output":"=== CONT  TestDeterministicPlanAndOwnedSlices/repeat#34\n"}
{"Time":"2026-09-05T23:55:25.903228+09:00","Action":"cont","Package":"waiting-room/internal/installplan","Test":"TestDeterministicPlanAndOwnedSlices/repeat#55"}
{"Time":"2026-09-05T23:55:25.903229+09:00","Action":"output","Package":"waiting-room/internal/installplan","Test":"TestDeterministicPlanAndOwnedSlices/repeat#55","Output":"=== CONT  TestDeterministicPlanAndOwnedSlices/repeat#55\n"}
{"Time":"2026-09-05T23:55:25.903257+09:00","Action":"output","Package":"waiting-room/internal/installplan","Test":"TestDeterministicPlanAndOwnedSlices/repeat#08","Output":"--- PASS: TestDeterministicPlanAndOwnedSlices/repeat#08 (0.00s)\n"}
{"Time":"2026-09-05T23:55:25.903266+09:00","Action":"pass","Package":"waiting-room/internal/installplan","Test":"TestDeterministicPlanAndOwnedSlices/repeat#08","Elapsed":0}
{"Time":"2026-09-05T23:55:25.903268+09:00","Action":"cont","Package":"waiting-room/internal/installplan","Test":"TestDeterministicPlanAndOwnedSlices/repeat#27"}
{"Time":"2026-09-05T23:55:25.903272+09:00","Action":"output","Package":"waiting-room/internal/installplan","Test":"TestDeterministicPlanAndOwnedSlices/repeat#27","Output":"=== CONT  TestDeterministicPlanAndOwnedSlices/repeat#27\n"}
{"Time":"2026-09-05T23:55:25.903279+09:00","Action":"cont","Package":"waiting-room/internal/installplan","Test":"TestDeterministicPlanAndOwnedSlices/repeat#26"}
{"Time":"2026-09-05T23:55:25.903286+09:00","Action":"output","Package":"waiting-room/internal/installplan","Test":"TestDeterministicPlanAndOwnedSlices/repeat#26","Output":"=== CONT  TestDeterministicPlanAndOwnedSlices/repeat#26\n"}
{"Time":"2026-09-05T23:55:25.90329+09:00","Action":"cont","Package":"waiting-room/internal/installplan","Test":"TestDeterministicPlanAndOwnedSlices/repeat#51"}
{"Time":"2026-09-05T23:55:25.903292+09:00","Action":"output","Package":"waiting-room/internal/installplan","Test":"TestDeterministicPlanAndOwnedSlices/repeat#51","Output":"=== CONT  TestDeterministicPlanAndOwnedSlices/repeat#51\n"}
{"Time":"2026-09-05T23:55:25.903296+09:00","Action":"cont","Package":"waiting-room/internal/installplan","Test":"TestDeterministicPlanAndOwnedSlices/repeat#54"}
{"Time":"2026-09-05T23:55:25.9033+09:00","Action":"output","Package":"waiting-room/internal/installplan","Test":"TestDeterministicPlanAndOwnedSlices/repeat#54","Output":"=== CONT  TestDeterministicPlanAndOwnedSlices/repeat#54\n"}
{"Time":"2026-09-05T23:55:25.903338+09:00","Action":"cont","Package":"waiting-room/internal/installplan","Test":"TestDeterministicPlanAndOwnedSlices/repeat#80"}
{"Time":"2026-09-05T23:55:25.903342+09:00","Action":"output","Package":"waiting-room/internal/installplan","Test":"TestDeterministicPlanAndOwnedSlices/repeat#80","Output":"=== CONT  TestDeterministicPlanAndOwnedSlices/repeat#80\n"}
{"Time":"2026-09-05T23:55:25.903354+09:00","Action":"cont","Package":"waiting-room/internal/installplan","Test":"TestDeterministicPlanAndOwnedSlices/repeat#37"}
{"Time":"2026-09-05T23:55:25.903362+09:00","Action":"output","Package":"waiting-room/internal/installplan","Test":"TestDeterministicPlanAndOwnedSlices/repeat#37","Output":"=== CONT  TestDeterministicPlanAndOwnedSlices/repeat#37\n"}
{"Time":"2026-09-05T23:55:25.903427+09:00","Action":"cont","Package":"waiting-room/internal/installplan","Test":"TestDeterministicPlanAndOwnedSlices/repeat#35"}
{"Time":"2026-09-05T23:55:25.903432+09:00","Action":"output","Package":"waiting-room/internal/installplan","Test":"TestDeterministicPlanAndOwnedSlices/repeat#35","Output":"=== CONT  TestDeterministicPlanAndOwnedSlices/repeat#35\n"}
{"Time":"2026-09-05T23:55:25.903434+09:00","Action":"cont","Package":"waiting-room/internal/installplan","Test":"TestDeterministicPlanAndOwnedSlices/repeat#06"}
{"Time":"2026-09-05T23:55:25.903435+09:00","Action":"output","Package":"waiting-room/internal/installplan","Test":"TestDeterministicPlanAndOwnedSlices/repeat#06","Output":"=== CONT  TestDeterministicPlanAndOwnedSlices/repeat#06\n"}
{"Time":"2026-09-05T23:55:25.903436+09:00","Action":"cont","Package":"waiting-room/internal/installplan","Test":"TestDeterministicPlanAndOwnedSlices/repeat#59"}
{"Time":"2026-09-05T23:55:25.903438+09:00","Action":"output","Package":"waiting-room/internal/installplan","Test":"TestDeterministicPlanAndOwnedSlices/repeat#59","Output":"=== CONT  TestDeterministicPlanAndOwnedSlices/repeat#59\n"}
{"Time":"2026-09-05T23:55:25.903441+09:00","Action":"cont","Package":"waiting-room/internal/installplan","Test":"TestDeterministicPlanAndOwnedSlices/repeat#31"}
{"Time":"2026-09-05T23:55:25.903442+09:00","Action":"output","Package":"waiting-room/internal/installplan","Test":"TestDeterministicPlanAndOwnedSlices/repeat#31","Output":"=== CONT  TestDeterministicPlanAndOwnedSlices/repeat#31\n"}
{"Time":"2026-09-05T23:55:25.903469+09:00","Action":"cont","Package":"waiting-room/internal/installplan","Test":"TestDeterministicPlanAndOwnedSlices/repeat#76"}
{"Time":"2026-09-05T23:55:25.903477+09:00","Action":"output","Package":"waiting-room/internal/installplan","Test":"TestDeterministicPlanAndOwnedSlices/repeat#76","Output":"=== CONT  TestDeterministicPlanAndOwnedSlices/repeat#76\n"}
{"Time":"2026-09-05T23:55:25.903488+09:00","Action":"output","Package":"waiting-room/internal/installplan","Test":"TestDeterministicPlanAndOwnedSlices/repeat#52","Output":"--- PASS: TestDeterministicPlanAndOwnedSlices/repeat#52 (0.00s)\n"}
{"Time":"2026-09-05T23:55:25.90349+09:00","Action":"pass","Package":"waiting-room/internal/installplan","Test":"TestDeterministicPlanAndOwnedSlices/repeat#52","Elapsed":0}
{"Time":"2026-09-05T23:55:25.903491+09:00","Action":"cont","Package":"waiting-room/internal/installplan","Test":"TestDeterministicPlanAndOwnedSlices/repeat#56"}
{"Time":"2026-09-05T23:55:25.903492+09:00","Action":"output","Package":"waiting-room/internal/installplan","Test":"TestDeterministicPlanAndOwnedSlices/repeat#56","Output":"=== CONT  TestDeterministicPlanAndOwnedSlices/repeat#56\n"}
{"Time":"2026-09-05T23:55:25.903514+09:00","Action":"output","Package":"waiting-room/internal/installplan","Test":"TestDeterministicPlanAndOwnedSlices/repeat#38","Output":"--- PASS: TestDeterministicPlanAndOwnedSlices/repeat#38 (0.00s)\n"}
{"Time":"2026-09-05T23:55:25.903517+09:00","Action":"pass","Package":"waiting-room/internal/installplan","Test":"TestDeterministicPlanAndOwnedSlices/repeat#38","Elapsed":0}
{"Time":"2026-09-05T23:55:25.903518+09:00","Action":"output","Package":"waiting-room/internal/installplan","Test":"TestDeterministicPlanAndOwnedSlices/repeat#70","Output":"--- PASS: TestDeterministicPlanAndOwnedSlices/repeat#70 (0.00s)\n"}
{"Time":"2026-09-05T23:55:25.903547+09:00","Action":"pass","Package":"waiting-room/internal/installplan","Test":"TestDeterministicPlanAndOwnedSlices/repeat#70","Elapsed":0}
{"Time":"2026-09-05T23:55:25.903553+09:00","Action":"output","Package":"waiting-room/internal/installplan","Test":"TestDeterministicPlanAndOwnedSlices/repeat#19","Output":"--- PASS: TestDeterministicPlanAndOwnedSlices/repeat#19 (0.00s)\n"}
{"Time":"2026-09-05T23:55:25.903564+09:00","Action":"pass","Package":"waiting-room/internal/installplan","Test":"TestDeterministicPlanAndOwnedSlices/repeat#19","Elapsed":0}
{"Time":"2026-09-05T23:55:25.903568+09:00","Action":"output","Package":"waiting-room/internal/installplan","Test":"TestDeterministicPlanAndOwnedSlices/repeat#36","Output":"--- PASS: TestDeterministicPlanAndOwnedSlices/repeat#36 (0.00s)\n"}
{"Time":"2026-09-05T23:55:25.903606+09:00","Action":"pass","Package":"waiting-room/internal/installplan","Test":"TestDeterministicPlanAndOwnedSlices/repeat#36","Elapsed":0}
{"Time":"2026-09-05T23:55:25.90361+09:00","Action":"output","Package":"waiting-room/internal/installplan","Test":"TestDeterministicPlanAndOwnedSlices/repeat#54","Output":"--- PASS: TestDeterministicPlanAndOwnedSlices/repeat#54 (0.00s)\n"}
{"Time":"2026-09-05T23:55:25.903627+09:00","Action":"pass","Package":"waiting-room/internal/installplan","Test":"TestDeterministicPlanAndOwnedSlices/repeat#54","Elapsed":0}
{"Time":"2026-09-05T23:55:25.903632+09:00","Action":"output","Package":"waiting-room/internal/installplan","Test":"TestDeterministicPlanAndOwnedSlices/repeat#09","Output":"--- PASS: TestDeterministicPlanAndOwnedSlices/repeat#09 (0.00s)\n"}
{"Time":"2026-09-05T23:55:25.903641+09:00","Action":"pass","Package":"waiting-room/internal/installplan","Test":"TestDeterministicPlanAndOwnedSlices/repeat#09","Elapsed":0}
{"Time":"2026-09-05T23:55:25.903645+09:00","Action":"output","Package":"waiting-room/internal/installplan","Test":"TestDeterministicPlanAndOwnedSlices/repeat#06","Output":"--- PASS: TestDeterministicPlanAndOwnedSlices/repeat#06 (0.00s)\n"}
{"Time":"2026-09-05T23:55:25.90366+09:00","Action":"pass","Package":"waiting-room/internal/installplan","Test":"TestDeterministicPlanAndOwnedSlices/repeat#06","Elapsed":0}
{"Time":"2026-09-05T23:55:25.903662+09:00","Action":"output","Package":"waiting-room/internal/installplan","Test":"TestDeterministicPlanAndOwnedSlices/repeat#46","Output":"--- PASS: TestDeterministicPlanAndOwnedSlices/repeat#46 (0.00s)\n"}
{"Time":"2026-09-05T23:55:25.903689+09:00","Action":"pass","Package":"waiting-room/internal/installplan","Test":"TestDeterministicPlanAndOwnedSlices/repeat#46","Elapsed":0}
{"Time":"2026-09-05T23:55:25.903693+09:00","Action":"output","Package":"waiting-room/internal/installplan","Test":"TestDeterministicPlanAndOwnedSlices/repeat#40","Output":"--- PASS: TestDeterministicPlanAndOwnedSlices/repeat#40 (0.00s)\n"}
{"Time":"2026-09-05T23:55:25.903721+09:00","Action":"pass","Package":"waiting-room/internal/installplan","Test":"TestDeterministicPlanAndOwnedSlices/repeat#40","Elapsed":0}
{"Time":"2026-09-05T23:55:25.903726+09:00","Action":"output","Package":"waiting-room/internal/installplan","Test":"TestDeterministicPlanAndOwnedSlices/repeat#01","Output":"--- PASS: TestDeterministicPlanAndOwnedSlices/repeat#01 (0.00s)\n"}
{"Time":"2026-09-05T23:55:25.903729+09:00","Action":"pass","Package":"waiting-room/internal/installplan","Test":"TestDeterministicPlanAndOwnedSlices/repeat#01","Elapsed":0}
{"Time":"2026-09-05T23:55:25.903731+09:00","Action":"output","Package":"waiting-room/internal/installplan","Test":"TestDeterministicPlanAndOwnedSlices/repeat#68","Output":"--- PASS: TestDeterministicPlanAndOwnedSlices/repeat#68 (0.00s)\n"}
{"Time":"2026-09-05T23:55:25.90375+09:00","Action":"pass","Package":"waiting-room/internal/installplan","Test":"TestDeterministicPlanAndOwnedSlices/repeat#68","Elapsed":0}
{"Time":"2026-09-05T23:55:25.903753+09:00","Action":"output","Package":"waiting-room/internal/installplan","Test":"TestDeterministicPlanAndOwnedSlices/repeat#67","Output":"--- PASS: TestDeterministicPlanAndOwnedSlices/repeat#67 (0.00s)\n"}
{"Time":"2026-09-05T23:55:25.90377+09:00","Action":"pass","Package":"waiting-room/internal/installplan","Test":"TestDeterministicPlanAndOwnedSlices/repeat#67","Elapsed":0}
{"Time":"2026-09-05T23:55:25.903773+09:00","Action":"output","Package":"waiting-room/internal/installplan","Test":"TestDeterministicPlanAndOwnedSlices/repeat#69","Output":"--- PASS: TestDeterministicPlanAndOwnedSlices/repeat#69 (0.00s)\n"}
{"Time":"2026-09-05T23:55:25.903795+09:00","Action":"pass","Package":"waiting-room/internal/installplan","Test":"TestDeterministicPlanAndOwnedSlices/repeat#69","Elapsed":0}
{"Time":"2026-09-05T23:55:25.903798+09:00","Action":"output","Package":"waiting-room/internal/installplan","Test":"TestDeterministicPlanAndOwnedSlices/repeat#63","Output":"--- PASS: TestDeterministicPlanAndOwnedSlices/repeat#63 (0.00s)\n"}
{"Time":"2026-09-05T23:55:25.903808+09:00","Action":"pass","Package":"waiting-room/internal/installplan","Test":"TestDeterministicPlanAndOwnedSlices/repeat#63","Elapsed":0}
{"Time":"2026-09-05T23:55:25.903812+09:00","Action":"output","Package":"waiting-room/internal/installplan","Test":"TestDeterministicPlanAndOwnedSlices/repeat#15","Output":"--- PASS: TestDeterministicPlanAndOwnedSlices/repeat#15 (0.00s)\n"}
{"Time":"2026-09-05T23:55:25.903824+09:00","Action":"pass","Package":"waiting-room/internal/installplan","Test":"TestDeterministicPlanAndOwnedSlices/repeat#15","Elapsed":0}
{"Time":"2026-09-05T23:55:25.903829+09:00","Action":"output","Package":"waiting-room/internal/installplan","Test":"TestDeterministicPlanAndOwnedSlices/repeat#30","Output":"--- PASS: TestDeterministicPlanAndOwnedSlices/repeat#30 (0.00s)\n"}
{"Time":"2026-09-05T23:55:25.903832+09:00","Action":"pass","Package":"waiting-room/internal/installplan","Test":"TestDeterministicPlanAndOwnedSlices/repeat#30","Elapsed":0}
{"Time":"2026-09-05T23:55:25.903833+09:00","Action":"output","Package":"waiting-room/internal/installplan","Test":"TestDeterministicPlanAndOwnedSlices/repeat#89","Output":"--- PASS: TestDeterministicPlanAndOwnedSlices/repeat#89 (0.00s)\n"}
{"Time":"2026-09-05T23:55:25.903847+09:00","Action":"pass","Package":"waiting-room/internal/installplan","Test":"TestDeterministicPlanAndOwnedSlices/repeat#89","Elapsed":0}
{"Time":"2026-09-05T23:55:25.90385+09:00","Action":"output","Package":"waiting-room/internal/installplan","Test":"TestDeterministicPlanAndOwnedSlices/repeat#81","Output":"--- PASS: TestDeterministicPlanAndOwnedSlices/repeat#81 (0.00s)\n"}
{"Time":"2026-09-05T23:55:25.903857+09:00","Action":"pass","Package":"waiting-room/internal/installplan","Test":"TestDeterministicPlanAndOwnedSlices/repeat#81","Elapsed":0}
{"Time":"2026-09-05T23:55:25.903859+09:00","Action":"output","Package":"waiting-room/internal/installplan","Test":"TestDeterministicPlanAndOwnedSlices/repeat#85","Output":"--- PASS: TestDeterministicPlanAndOwnedSlices/repeat#85 (0.00s)\n"}
{"Time":"2026-09-05T23:55:25.903874+09:00","Action":"pass","Package":"waiting-room/internal/installplan","Test":"TestDeterministicPlanAndOwnedSlices/repeat#85","Elapsed":0}
{"Time":"2026-09-05T23:55:25.903876+09:00","Action":"output","Package":"waiting-room/internal/installplan","Test":"TestDeterministicPlanAndOwnedSlices/repeat#73","Output":"--- PASS: TestDeterministicPlanAndOwnedSlices/repeat#73 (0.00s)\n"}
{"Time":"2026-09-05T23:55:25.903894+09:00","Action":"pass","Package":"waiting-room/internal/installplan","Test":"TestDeterministicPlanAndOwnedSlices/repeat#73","Elapsed":0}
{"Time":"2026-09-05T23:55:25.903896+09:00","Action":"output","Package":"waiting-room/internal/installplan","Test":"TestDeterministicPlanAndOwnedSlices/repeat#79","Output":"--- PASS: TestDeterministicPlanAndOwnedSlices/repeat#79 (0.00s)\n"}
{"Time":"2026-09-05T23:55:25.903907+09:00","Action":"pass","Package":"waiting-room/internal/installplan","Test":"TestDeterministicPlanAndOwnedSlices/repeat#79","Elapsed":0}
{"Time":"2026-09-05T23:55:25.90391+09:00","Action":"output","Package":"waiting-room/internal/installplan","Test":"TestDeterministicPlanAndOwnedSlices/repeat#16","Output":"--- PASS: TestDeterministicPlanAndOwnedSlices/repeat#16 (0.00s)\n"}
{"Time":"2026-09-05T23:55:25.903918+09:00","Action":"pass","Package":"waiting-room/internal/installplan","Test":"TestDeterministicPlanAndOwnedSlices/repeat#16","Elapsed":0}
{"Time":"2026-09-05T23:55:25.90392+09:00","Action":"output","Package":"waiting-room/internal/installplan","Test":"TestDeterministicPlanAndOwnedSlices/repeat#84","Output":"--- PASS: TestDeterministicPlanAndOwnedSlices/repeat#84 (0.00s)\n"}
{"Time":"2026-09-05T23:55:25.903931+09:00","Action":"pass","Package":"waiting-room/internal/installplan","Test":"TestDeterministicPlanAndOwnedSlices/repeat#84","Elapsed":0}
{"Time":"2026-09-05T23:55:25.903934+09:00","Action":"output","Package":"waiting-room/internal/installplan","Test":"TestDeterministicPlanAndOwnedSlices/repeat#17","Output":"--- PASS: TestDeterministicPlanAndOwnedSlices/repeat#17 (0.00s)\n"}
{"Time":"2026-09-05T23:55:25.903952+09:00","Action":"pass","Package":"waiting-room/internal/installplan","Test":"TestDeterministicPlanAndOwnedSlices/repeat#17","Elapsed":0}
{"Time":"2026-09-05T23:55:25.903954+09:00","Action":"output","Package":"waiting-room/internal/installplan","Test":"TestDeterministicPlanAndOwnedSlices/repeat#83","Output":"--- PASS: TestDeterministicPlanAndOwnedSlices/repeat#83 (0.00s)\n"}
{"Time":"2026-09-05T23:55:25.903977+09:00","Action":"pass","Package":"waiting-room/internal/installplan","Test":"TestDeterministicPlanAndOwnedSlices/repeat#83","Elapsed":0}
{"Time":"2026-09-05T23:55:25.90398+09:00","Action":"output","Package":"waiting-room/internal/installplan","Test":"TestDeterministicPlanAndOwnedSlices/repeat#86","Output":"--- PASS: TestDeterministicPlanAndOwnedSlices/repeat#86 (0.00s)\n"}
{"Time":"2026-09-05T23:55:25.903994+09:00","Action":"pass","Package":"waiting-room/internal/installplan","Test":"TestDeterministicPlanAndOwnedSlices/repeat#86","Elapsed":0}
{"Time":"2026-09-05T23:55:25.903997+09:00","Action":"output","Package":"waiting-room/internal/installplan","Test":"TestDeterministicPlanAndOwnedSlices/repeat#58","Output":"--- PASS: TestDeterministicPlanAndOwnedSlices/repeat#58 (0.00s)\n"}
{"Time":"2026-09-05T23:55:25.904027+09:00","Action":"pass","Package":"waiting-room/internal/installplan","Test":"TestDeterministicPlanAndOwnedSlices/repeat#58","Elapsed":0}
{"Time":"2026-09-05T23:55:25.90403+09:00","Action":"output","Package":"waiting-room/internal/installplan","Test":"TestDeterministicPlanAndOwnedSlices/repeat#13","Output":"--- PASS: TestDeterministicPlanAndOwnedSlices/repeat#13 (0.00s)\n"}
{"Time":"2026-09-05T23:55:25.904043+09:00","Action":"pass","Package":"waiting-room/internal/installplan","Test":"TestDeterministicPlanAndOwnedSlices/repeat#13","Elapsed":0}
{"Time":"2026-09-05T23:55:25.904046+09:00","Action":"output","Package":"waiting-room/internal/installplan","Test":"TestDeterministicPlanAndOwnedSlices/repeat#14","Output":"--- PASS: TestDeterministicPlanAndOwnedSlices/repeat#14 (0.00s)\n"}
{"Time":"2026-09-05T23:55:25.904067+09:00","Action":"pass","Package":"waiting-room/internal/installplan","Test":"TestDeterministicPlanAndOwnedSlices/repeat#14","Elapsed":0}
{"Time":"2026-09-05T23:55:25.904069+09:00","Action":"output","Package":"waiting-room/internal/installplan","Test":"TestDeterministicPlanAndOwnedSlices/repeat#61","Output":"--- PASS: TestDeterministicPlanAndOwnedSlices/repeat#61 (0.00s)\n"}
{"Time":"2026-09-05T23:55:25.904081+09:00","Action":"pass","Package":"waiting-room/internal/installplan","Test":"TestDeterministicPlanAndOwnedSlices/repeat#61","Elapsed":0}
{"Time":"2026-09-05T23:55:25.904084+09:00","Action":"output","Package":"waiting-room/internal/installplan","Test":"TestDeterministicPlanAndOwnedSlices/repeat#33","Output":"--- PASS: TestDeterministicPlanAndOwnedSlices/repeat#33 (0.00s)\n"}
{"Time":"2026-09-05T23:55:25.904095+09:00","Action":"pass","Package":"waiting-room/internal/installplan","Test":"TestDeterministicPlanAndOwnedSlices/repeat#33","Elapsed":0}
{"Time":"2026-09-05T23:55:25.904098+09:00","Action":"output","Package":"waiting-room/internal/installplan","Test":"TestDeterministicPlanAndOwnedSlices/repeat#34","Output":"--- PASS: TestDeterministicPlanAndOwnedSlices/repeat#34 (0.00s)\n"}
{"Time":"2026-09-05T23:55:25.904107+09:00","Action":"pass","Package":"waiting-room/internal/installplan","Test":"TestDeterministicPlanAndOwnedSlices/repeat#34","Elapsed":0}
{"Time":"2026-09-05T23:55:25.904109+09:00","Action":"output","Package":"waiting-room/internal/installplan","Test":"TestDeterministicPlanAndOwnedSlices/repeat#27","Output":"--- PASS: TestDeterministicPlanAndOwnedSlices/repeat#27 (0.00s)\n"}
{"Time":"2026-09-05T23:55:25.904125+09:00","Action":"pass","Package":"waiting-room/internal/installplan","Test":"TestDeterministicPlanAndOwnedSlices/repeat#27","Elapsed":0}
{"Time":"2026-09-05T23:55:25.904127+09:00","Action":"output","Package":"waiting-room/internal/installplan","Test":"TestDeterministicPlanAndOwnedSlices/repeat#51","Output":"--- PASS: TestDeterministicPlanAndOwnedSlices/repeat#51 (0.00s)\n"}
{"Time":"2026-09-05T23:55:25.904139+09:00","Action":"pass","Package":"waiting-room/internal/installplan","Test":"TestDeterministicPlanAndOwnedSlices/repeat#51","Elapsed":0}
{"Time":"2026-09-05T23:55:25.904143+09:00","Action":"output","Package":"waiting-room/internal/installplan","Test":"TestDeterministicPlanAndOwnedSlices/repeat#29","Output":"--- PASS: TestDeterministicPlanAndOwnedSlices/repeat#29 (0.00s)\n"}
{"Time":"2026-09-05T23:55:25.904156+09:00","Action":"pass","Package":"waiting-room/internal/installplan","Test":"TestDeterministicPlanAndOwnedSlices/repeat#29","Elapsed":0}
{"Time":"2026-09-05T23:55:25.904159+09:00","Action":"output","Package":"waiting-room/internal/installplan","Test":"TestDeterministicPlanAndOwnedSlices/repeat#71","Output":"--- PASS: TestDeterministicPlanAndOwnedSlices/repeat#71 (0.00s)\n"}
{"Time":"2026-09-05T23:55:25.90417+09:00","Action":"pass","Package":"waiting-room/internal/installplan","Test":"TestDeterministicPlanAndOwnedSlices/repeat#71","Elapsed":0}
{"Time":"2026-09-05T23:55:25.904172+09:00","Action":"output","Package":"waiting-room/internal/installplan","Test":"TestDeterministicPlanAndOwnedSlices/repeat#28","Output":"--- PASS: TestDeterministicPlanAndOwnedSlices/repeat#28 (0.00s)\n"}
{"Time":"2026-09-05T23:55:25.904188+09:00","Action":"pass","Package":"waiting-room/internal/installplan","Test":"TestDeterministicPlanAndOwnedSlices/repeat#28","Elapsed":0}
{"Time":"2026-09-05T23:55:25.90419+09:00","Action":"output","Package":"waiting-room/internal/installplan","Test":"TestDeterministicPlanAndOwnedSlices/repeat#43","Output":"--- PASS: TestDeterministicPlanAndOwnedSlices/repeat#43 (0.00s)\n"}
{"Time":"2026-09-05T23:55:25.90421+09:00","Action":"pass","Package":"waiting-room/internal/installplan","Test":"TestDeterministicPlanAndOwnedSlices/repeat#43","Elapsed":0}
{"Time":"2026-09-05T23:55:25.904213+09:00","Action":"output","Package":"waiting-room/internal/installplan","Test":"TestDeterministicPlanAndOwnedSlices/repeat#26","Output":"--- PASS: TestDeterministicPlanAndOwnedSlices/repeat#26 (0.00s)\n"}
{"Time":"2026-09-05T23:55:25.904236+09:00","Action":"pass","Package":"waiting-room/internal/installplan","Test":"TestDeterministicPlanAndOwnedSlices/repeat#26","Elapsed":0}
{"Time":"2026-09-05T23:55:25.904239+09:00","Action":"output","Package":"waiting-room/internal/installplan","Test":"TestDeterministicPlanAndOwnedSlices/repeat#76","Output":"--- PASS: TestDeterministicPlanAndOwnedSlices/repeat#76 (0.00s)\n"}
{"Time":"2026-09-05T23:55:25.904242+09:00","Action":"pass","Package":"waiting-room/internal/installplan","Test":"TestDeterministicPlanAndOwnedSlices/repeat#76","Elapsed":0}
{"Time":"2026-09-05T23:55:25.904243+09:00","Action":"output","Package":"waiting-room/internal/installplan","Test":"TestDeterministicPlanAndOwnedSlices/repeat#03","Output":"--- PASS: TestDeterministicPlanAndOwnedSlices/repeat#03 (0.00s)\n"}
{"Time":"2026-09-05T23:55:25.904264+09:00","Action":"pass","Package":"waiting-room/internal/installplan","Test":"TestDeterministicPlanAndOwnedSlices/repeat#03","Elapsed":0}
{"Time":"2026-09-05T23:55:25.90427+09:00","Action":"output","Package":"waiting-room/internal/installplan","Test":"TestDeterministicPlanAndOwnedSlices/repeat#39","Output":"--- PASS: TestDeterministicPlanAndOwnedSlices/repeat#39 (0.00s)\n"}
{"Time":"2026-09-05T23:55:25.90429+09:00","Action":"pass","Package":"waiting-room/internal/installplan","Test":"TestDeterministicPlanAndOwnedSlices/repeat#39","Elapsed":0}
{"Time":"2026-09-05T23:55:25.904293+09:00","Action":"output","Package":"waiting-room/internal/installplan","Test":"TestDeterministicPlanAndOwnedSlices/repeat#37","Output":"--- PASS: TestDeterministicPlanAndOwnedSlices/repeat#37 (0.00s)\n"}
{"Time":"2026-09-05T23:55:25.904298+09:00","Action":"pass","Package":"waiting-room/internal/installplan","Test":"TestDeterministicPlanAndOwnedSlices/repeat#37","Elapsed":0}
{"Time":"2026-09-05T23:55:25.904299+09:00","Action":"output","Package":"waiting-room/internal/installplan","Test":"TestDeterministicPlanAndOwnedSlices/repeat#10","Output":"--- PASS: TestDeterministicPlanAndOwnedSlices/repeat#10 (0.00s)\n"}
{"Time":"2026-09-05T23:55:25.90431+09:00","Action":"pass","Package":"waiting-room/internal/installplan","Test":"TestDeterministicPlanAndOwnedSlices/repeat#10","Elapsed":0}
{"Time":"2026-09-05T23:55:25.904311+09:00","Action":"output","Package":"waiting-room/internal/installplan","Test":"TestDeterministicPlanAndOwnedSlices/repeat#04","Output":"--- PASS: TestDeterministicPlanAndOwnedSlices/repeat#04 (0.00s)\n"}
{"Time":"2026-09-05T23:55:25.904323+09:00","Action":"pass","Package":"waiting-room/internal/installplan","Test":"TestDeterministicPlanAndOwnedSlices/repeat#04","Elapsed":0}
{"Time":"2026-09-05T23:55:25.904326+09:00","Action":"output","Package":"waiting-room/internal/installplan","Test":"TestDeterministicPlanAndOwnedSlices/repeat#42","Output":"--- PASS: TestDeterministicPlanAndOwnedSlices/repeat#42 (0.00s)\n"}
{"Time":"2026-09-05T23:55:25.904336+09:00","Action":"pass","Package":"waiting-room/internal/installplan","Test":"TestDeterministicPlanAndOwnedSlices/repeat#42","Elapsed":0}
{"Time":"2026-09-05T23:55:25.904338+09:00","Action":"output","Package":"waiting-room/internal/installplan","Test":"TestDeterministicPlanAndOwnedSlices/repeat#41","Output":"--- PASS: TestDeterministicPlanAndOwnedSlices/repeat#41 (0.00s)\n"}
{"Time":"2026-09-05T23:55:25.904346+09:00","Action":"pass","Package":"waiting-room/internal/installplan","Test":"TestDeterministicPlanAndOwnedSlices/repeat#41","Elapsed":0}
{"Time":"2026-09-05T23:55:25.90435+09:00","Action":"output","Package":"waiting-room/internal/installplan","Test":"TestDeterministicPlanAndOwnedSlices/repeat#05","Output":"--- PASS: TestDeterministicPlanAndOwnedSlices/repeat#05 (0.00s)\n"}
{"Time":"2026-09-05T23:55:25.904353+09:00","Action":"pass","Package":"waiting-room/internal/installplan","Test":"TestDeterministicPlanAndOwnedSlices/repeat#05","Elapsed":0}
{"Time":"2026-09-05T23:55:25.904354+09:00","Action":"output","Package":"waiting-room/internal/installplan","Test":"TestDeterministicPlanAndOwnedSlices/repeat#23","Output":"--- PASS: TestDeterministicPlanAndOwnedSlices/repeat#23 (0.00s)\n"}
{"Time":"2026-09-05T23:55:25.904381+09:00","Action":"pass","Package":"waiting-room/internal/installplan","Test":"TestDeterministicPlanAndOwnedSlices/repeat#23","Elapsed":0}
{"Time":"2026-09-05T23:55:25.904383+09:00","Action":"output","Package":"waiting-room/internal/installplan","Test":"TestDeterministicPlanAndOwnedSlices/repeat#45","Output":"--- PASS: TestDeterministicPlanAndOwnedSlices/repeat#45 (0.00s)\n"}
{"Time":"2026-09-05T23:55:25.904385+09:00","Action":"pass","Package":"waiting-room/internal/installplan","Test":"TestDeterministicPlanAndOwnedSlices/repeat#45","Elapsed":0}
{"Time":"2026-09-05T23:55:25.904386+09:00","Action":"output","Package":"waiting-room/internal/installplan","Test":"TestDeterministicPlanAndOwnedSlices/repeat#74","Output":"--- PASS: TestDeterministicPlanAndOwnedSlices/repeat#74 (0.00s)\n"}
{"Time":"2026-09-05T23:55:25.904396+09:00","Action":"pass","Package":"waiting-room/internal/installplan","Test":"TestDeterministicPlanAndOwnedSlices/repeat#74","Elapsed":0}
{"Time":"2026-09-05T23:55:25.904399+09:00","Action":"output","Package":"waiting-room/internal/installplan","Test":"TestDeterministicPlanAndOwnedSlices/repeat#65","Output":"--- PASS: TestDeterministicPlanAndOwnedSlices/repeat#65 (0.00s)\n"}
{"Time":"2026-09-05T23:55:25.904421+09:00","Action":"pass","Package":"waiting-room/internal/installplan","Test":"TestDeterministicPlanAndOwnedSlices/repeat#65","Elapsed":0}
{"Time":"2026-09-05T23:55:25.904424+09:00","Action":"output","Package":"waiting-room/internal/installplan","Test":"TestDeterministicPlanAndOwnedSlices/repeat#64","Output":"--- PASS: TestDeterministicPlanAndOwnedSlices/repeat#64 (0.00s)\n"}
{"Time":"2026-09-05T23:55:25.904433+09:00","Action":"pass","Package":"waiting-room/internal/installplan","Test":"TestDeterministicPlanAndOwnedSlices/repeat#64","Elapsed":0}
{"Time":"2026-09-05T23:55:25.904435+09:00","Action":"output","Package":"waiting-room/internal/installplan","Test":"TestDeterministicPlanAndOwnedSlices/repeat#31","Output":"--- PASS: TestDeterministicPlanAndOwnedSlices/repeat#31 (0.00s)\n"}
{"Time":"2026-09-05T23:55:25.904453+09:00","Action":"pass","Package":"waiting-room/internal/installplan","Test":"TestDeterministicPlanAndOwnedSlices/repeat#31","Elapsed":0}
{"Time":"2026-09-05T23:55:25.904456+09:00","Action":"output","Package":"waiting-room/internal/installplan","Test":"TestDeterministicPlanAndOwnedSlices/repeat#80","Output":"--- PASS: TestDeterministicPlanAndOwnedSlices/repeat#80 (0.00s)\n"}
{"Time":"2026-09-05T23:55:25.904471+09:00","Action":"pass","Package":"waiting-room/internal/installplan","Test":"TestDeterministicPlanAndOwnedSlices/repeat#80","Elapsed":0}
{"Time":"2026-09-05T23:55:25.904475+09:00","Action":"output","Package":"waiting-room/internal/installplan","Test":"TestDeterministicPlanAndOwnedSlices/repeat#66","Output":"--- PASS: TestDeterministicPlanAndOwnedSlices/repeat#66 (0.00s)\n"}
{"Time":"2026-09-05T23:55:25.904485+09:00","Action":"pass","Package":"waiting-room/internal/installplan","Test":"TestDeterministicPlanAndOwnedSlices/repeat#66","Elapsed":0}
{"Time":"2026-09-05T23:55:25.904488+09:00","Action":"output","Package":"waiting-room/internal/installplan","Test":"TestDeterministicPlanAndOwnedSlices/repeat#72","Output":"--- PASS: TestDeterministicPlanAndOwnedSlices/repeat#72 (0.00s)\n"}
{"Time":"2026-09-05T23:55:25.904496+09:00","Action":"pass","Package":"waiting-room/internal/installplan","Test":"TestDeterministicPlanAndOwnedSlices/repeat#72","Elapsed":0}
{"Time":"2026-09-05T23:55:25.904498+09:00","Action":"output","Package":"waiting-room/internal/installplan","Test":"TestDeterministicPlanAndOwnedSlices/repeat#18","Output":"--- PASS: TestDeterministicPlanAndOwnedSlices/repeat#18 (0.00s)\n"}
{"Time":"2026-09-05T23:55:25.904512+09:00","Action":"pass","Package":"waiting-room/internal/installplan","Test":"TestDeterministicPlanAndOwnedSlices/repeat#18","Elapsed":0}
{"Time":"2026-09-05T23:55:25.904515+09:00","Action":"output","Package":"waiting-room/internal/installplan","Test":"TestDeterministicPlanAndOwnedSlices/repeat#20","Output":"--- PASS: TestDeterministicPlanAndOwnedSlices/repeat#20 (0.00s)\n"}
{"Time":"2026-09-05T23:55:25.904527+09:00","Action":"pass","Package":"waiting-room/internal/installplan","Test":"TestDeterministicPlanAndOwnedSlices/repeat#20","Elapsed":0}
{"Time":"2026-09-05T23:55:25.904529+09:00","Action":"output","Package":"waiting-room/internal/installplan","Test":"TestDeterministicPlanAndOwnedSlices/repeat#82","Output":"--- PASS: TestDeterministicPlanAndOwnedSlices/repeat#82 (0.00s)\n"}
{"Time":"2026-09-05T23:55:25.904545+09:00","Action":"pass","Package":"waiting-room/internal/installplan","Test":"TestDeterministicPlanAndOwnedSlices/repeat#82","Elapsed":0}
{"Time":"2026-09-05T23:55:25.904547+09:00","Action":"output","Package":"waiting-room/internal/installplan","Test":"TestDeterministicPlanAndOwnedSlices/repeat#77","Output":"--- PASS: TestDeterministicPlanAndOwnedSlices/repeat#77 (0.00s)\n"}
{"Time":"2026-09-05T23:55:25.904563+09:00","Action":"pass","Package":"waiting-room/internal/installplan","Test":"TestDeterministicPlanAndOwnedSlices/repeat#77","Elapsed":0}
{"Time":"2026-09-05T23:55:25.904564+09:00","Action":"output","Package":"waiting-room/internal/installplan","Test":"TestDeterministicPlanAndOwnedSlices/repeat#55","Output":"--- PASS: TestDeterministicPlanAndOwnedSlices/repeat#55 (0.00s)\n"}
{"Time":"2026-09-05T23:55:25.904579+09:00","Action":"pass","Package":"waiting-room/internal/installplan","Test":"TestDeterministicPlanAndOwnedSlices/repeat#55","Elapsed":0}
{"Time":"2026-09-05T23:55:25.904582+09:00","Action":"output","Package":"waiting-room/internal/installplan","Test":"TestDeterministicPlanAndOwnedSlices/repeat#59","Output":"--- PASS: TestDeterministicPlanAndOwnedSlices/repeat#59 (0.00s)\n"}
{"Time":"2026-09-05T23:55:25.904588+09:00","Action":"pass","Package":"waiting-room/internal/installplan","Test":"TestDeterministicPlanAndOwnedSlices/repeat#59","Elapsed":0}
{"Time":"2026-09-05T23:55:25.90459+09:00","Action":"output","Package":"waiting-room/internal/installplan","Test":"TestDeterministicPlanAndOwnedSlices/repeat#35","Output":"--- PASS: TestDeterministicPlanAndOwnedSlices/repeat#35 (0.00s)\n"}
{"Time":"2026-09-05T23:55:25.904605+09:00","Action":"pass","Package":"waiting-room/internal/installplan","Test":"TestDeterministicPlanAndOwnedSlices/repeat#35","Elapsed":0}
{"Time":"2026-09-05T23:55:25.904607+09:00","Action":"output","Package":"waiting-room/internal/installplan","Test":"TestDeterministicPlanAndOwnedSlices/repeat#56","Output":"--- PASS: TestDeterministicPlanAndOwnedSlices/repeat#56 (0.00s)\n"}
{"Time":"2026-09-05T23:55:25.904642+09:00","Action":"pass","Package":"waiting-room/internal/installplan","Test":"TestDeterministicPlanAndOwnedSlices/repeat#56","Elapsed":0}
{"Time":"2026-09-05T23:55:25.904646+09:00","Action":"output","Package":"waiting-room/internal/installplan","Test":"TestDeterministicPlanAndOwnedSlices","Output":"--- PASS: TestDeterministicPlanAndOwnedSlices (0.00s)\n"}
{"Time":"2026-09-05T23:55:25.904648+09:00","Action":"pass","Package":"waiting-room/internal/installplan","Test":"TestDeterministicPlanAndOwnedSlices","Elapsed":0}
{"Time":"2026-09-05T23:55:25.904663+09:00","Action":"run","Package":"waiting-room/internal/installplan","Test":"TestReportProvenanceAndChecksum"}
{"Time":"2026-09-05T23:55:25.904664+09:00","Action":"output","Package":"waiting-room/internal/installplan","Test":"TestReportProvenanceAndChecksum","Output":"=== RUN   TestReportProvenanceAndChecksum\n"}
{"Time":"2026-09-05T23:55:25.906343+09:00","Action":"output","Package":"waiting-room/internal/installplan","Test":"TestReportProvenanceAndChecksum","Output":"--- PASS: TestReportProvenanceAndChecksum (0.00s)\n"}
{"Time":"2026-09-05T23:55:25.906359+09:00","Action":"pass","Package":"waiting-room/internal/installplan","Test":"TestReportProvenanceAndChecksum","Elapsed":0}
{"Time":"2026-09-05T23:55:25.906365+09:00","Action":"run","Package":"waiting-room/internal/installplan","Test":"TestReportRejectsUntrustedClaims"}
{"Time":"2026-09-05T23:55:25.906367+09:00","Action":"output","Package":"waiting-room/internal/installplan","Test":"TestReportRejectsUntrustedClaims","Output":"=== RUN   TestReportRejectsUntrustedClaims\n"}
{"Time":"2026-09-05T23:55:25.906911+09:00","Action":"run","Package":"waiting-room/internal/installplan","Test":"TestReportRejectsUntrustedClaims/invalid-cost"}
{"Time":"2026-09-05T23:55:25.906918+09:00","Action":"output","Package":"waiting-room/internal/installplan","Test":"TestReportRejectsUntrustedClaims/invalid-cost","Output":"=== RUN   TestReportRejectsUntrustedClaims/invalid-cost\n"}
{"Time":"2026-09-05T23:55:25.907337+09:00","Action":"output","Package":"waiting-room/internal/installplan","Test":"TestReportRejectsUntrustedClaims/invalid-cost","Output":"--- PASS: TestReportRejectsUntrustedClaims/invalid-cost (0.00s)\n"}
{"Time":"2026-09-05T23:55:25.907343+09:00","Action":"pass","Package":"waiting-room/internal/installplan","Test":"TestReportRejectsUntrustedClaims/invalid-cost","Elapsed":0}
{"Time":"2026-09-05T23:55:25.907355+09:00","Action":"run","Package":"waiting-room/internal/installplan","Test":"TestReportRejectsUntrustedClaims/client-total"}
{"Time":"2026-09-05T23:55:25.907356+09:00","Action":"output","Package":"waiting-room/internal/installplan","Test":"TestReportRejectsUntrustedClaims/client-total","Output":"=== RUN   TestReportRejectsUntrustedClaims/client-total\n"}
{"Time":"2026-09-05T23:55:25.907757+09:00","Action":"output","Package":"waiting-room/internal/installplan","Test":"TestReportRejectsUntrustedClaims/client-total","Output":"--- PASS: TestReportRejectsUntrustedClaims/client-total (0.00s)\n"}
{"Time":"2026-09-05T23:55:25.907763+09:00","Action":"pass","Package":"waiting-room/internal/installplan","Test":"TestReportRejectsUntrustedClaims/client-total","Elapsed":0}
{"Time":"2026-09-05T23:55:25.907782+09:00","Action":"run","Package":"waiting-room/internal/installplan","Test":"TestReportRejectsUntrustedClaims/cost-null"}
{"Time":"2026-09-05T23:55:25.907785+09:00","Action":"output","Package":"waiting-room/internal/installplan","Test":"TestReportRejectsUntrustedClaims/cost-null","Output":"=== RUN   TestReportRejectsUntrustedClaims/cost-null\n"}
{"Time":"2026-09-05T23:55:25.907825+09:00","Action":"output","Package":"waiting-room/internal/installplan","Test":"TestReportRejectsUntrustedClaims/cost-null","Output":"--- PASS: TestReportRejectsUntrustedClaims/cost-null (0.00s)\n"}
{"Time":"2026-09-05T23:55:25.907836+09:00","Action":"pass","Package":"waiting-room/internal/installplan","Test":"TestReportRejectsUntrustedClaims/cost-null","Elapsed":0}
{"Time":"2026-09-05T23:55:25.907849+09:00","Action":"run","Package":"waiting-room/internal/installplan","Test":"TestReportRejectsUntrustedClaims/missing-plan"}
{"Time":"2026-09-05T23:55:25.907852+09:00","Action":"output","Package":"waiting-room/internal/installplan","Test":"TestReportRejectsUntrustedClaims/missing-plan","Output":"=== RUN   TestReportRejectsUntrustedClaims/missing-plan\n"}
{"Time":"2026-09-05T23:55:25.907884+09:00","Action":"output","Package":"waiting-room/internal/installplan","Test":"TestReportRejectsUntrustedClaims/missing-plan","Output":"--- PASS: TestReportRejectsUntrustedClaims/missing-plan (0.00s)\n"}
{"Time":"2026-09-05T23:55:25.907887+09:00","Action":"pass","Package":"waiting-room/internal/installplan","Test":"TestReportRejectsUntrustedClaims/missing-plan","Elapsed":0}
{"Time":"2026-09-05T23:55:25.907897+09:00","Action":"run","Package":"waiting-room/internal/installplan","Test":"TestReportRejectsUntrustedClaims/duplicate"}
{"Time":"2026-09-05T23:55:25.907899+09:00","Action":"output","Package":"waiting-room/internal/installplan","Test":"TestReportRejectsUntrustedClaims/duplicate","Output":"=== RUN   TestReportRejectsUntrustedClaims/duplicate\n"}
{"Time":"2026-09-05T23:55:25.907983+09:00","Action":"output","Package":"waiting-room/internal/installplan","Test":"TestReportRejectsUntrustedClaims/duplicate","Output":"--- PASS: TestReportRejectsUntrustedClaims/duplicate (0.00s)\n"}
{"Time":"2026-09-05T23:55:25.907987+09:00","Action":"pass","Package":"waiting-room/internal/installplan","Test":"TestReportRejectsUntrustedClaims/duplicate","Elapsed":0}
{"Time":"2026-09-05T23:55:25.907997+09:00","Action":"run","Package":"waiting-room/internal/installplan","Test":"TestReportRejectsUntrustedClaims/trailing"}
{"Time":"2026-09-05T23:55:25.908005+09:00","Action":"output","Package":"waiting-room/internal/installplan","Test":"TestReportRejectsUntrustedClaims/trailing","Output":"=== RUN   TestReportRejectsUntrustedClaims/trailing\n"}
{"Time":"2026-09-05T23:55:25.908139+09:00","Action":"output","Package":"waiting-room/internal/installplan","Test":"TestReportRejectsUntrustedClaims/trailing","Output":"--- PASS: TestReportRejectsUntrustedClaims/trailing (0.00s)\n"}
{"Time":"2026-09-05T23:55:25.908143+09:00","Action":"pass","Package":"waiting-room/internal/installplan","Test":"TestReportRejectsUntrustedClaims/trailing","Elapsed":0}
{"Time":"2026-09-05T23:55:25.908157+09:00","Action":"run","Package":"waiting-room/internal/installplan","Test":"TestReportRejectsUntrustedClaims/oversized"}
{"Time":"2026-09-05T23:55:25.908159+09:00","Action":"output","Package":"waiting-room/internal/installplan","Test":"TestReportRejectsUntrustedClaims/oversized","Output":"=== RUN   TestReportRejectsUntrustedClaims/oversized\n"}
{"Time":"2026-09-05T23:55:25.908207+09:00","Action":"output","Package":"waiting-room/internal/installplan","Test":"TestReportRejectsUntrustedClaims/oversized","Output":"--- PASS: TestReportRejectsUntrustedClaims/oversized (0.00s)\n"}
{"Time":"2026-09-05T23:55:25.908217+09:00","Action":"pass","Package":"waiting-room/internal/installplan","Test":"TestReportRejectsUntrustedClaims/oversized","Elapsed":0}
{"Time":"2026-09-05T23:55:25.908233+09:00","Action":"run","Package":"waiting-room/internal/installplan","Test":"TestReportRejectsUntrustedClaims/extra-claim"}
{"Time":"2026-09-05T23:55:25.908236+09:00","Action":"output","Package":"waiting-room/internal/installplan","Test":"TestReportRejectsUntrustedClaims/extra-claim","Output":"=== RUN   TestReportRejectsUntrustedClaims/extra-claim\n"}
{"Time":"2026-09-05T23:55:25.908378+09:00","Action":"output","Package":"waiting-room/internal/installplan","Test":"TestReportRejectsUntrustedClaims/extra-claim","Output":"--- PASS: TestReportRejectsUntrustedClaims/extra-claim (0.00s)\n"}
{"Time":"2026-09-05T23:55:25.908382+09:00","Action":"pass","Package":"waiting-room/internal/installplan","Test":"TestReportRejectsUntrustedClaims/extra-claim","Elapsed":0}
{"Time":"2026-09-05T23:55:25.908389+09:00","Action":"run","Package":"waiting-room/internal/installplan","Test":"TestReportRejectsUntrustedClaims/secret"}
{"Time":"2026-09-05T23:55:25.908394+09:00","Action":"output","Package":"waiting-room/internal/installplan","Test":"TestReportRejectsUntrustedClaims/secret","Output":"=== RUN   TestReportRejectsUntrustedClaims/secret\n"}
{"Time":"2026-09-05T23:55:25.908622+09:00","Action":"output","Package":"waiting-room/internal/installplan","Test":"TestReportRejectsUntrustedClaims/secret","Output":"--- PASS: TestReportRejectsUntrustedClaims/secret (0.00s)\n"}
{"Time":"2026-09-05T23:55:25.908626+09:00","Action":"pass","Package":"waiting-room/internal/installplan","Test":"TestReportRejectsUntrustedClaims/secret","Elapsed":0}
{"Time":"2026-09-05T23:55:25.908635+09:00","Action":"run","Package":"waiting-room/internal/installplan","Test":"TestReportRejectsUntrustedClaims/wrong-version"}
{"Time":"2026-09-05T23:55:25.908639+09:00","Action":"output","Package":"waiting-room/internal/installplan","Test":"TestReportRejectsUntrustedClaims/wrong-version","Output":"=== RUN   TestReportRejectsUntrustedClaims/wrong-version\n"}
{"Time":"2026-09-05T23:55:25.90877+09:00","Action":"output","Package":"waiting-room/internal/installplan","Test":"TestReportRejectsUntrustedClaims/wrong-version","Output":"--- PASS: TestReportRejectsUntrustedClaims/wrong-version (0.00s)\n"}
{"Time":"2026-09-05T23:55:25.908776+09:00","Action":"pass","Package":"waiting-room/internal/installplan","Test":"TestReportRejectsUntrustedClaims/wrong-version","Elapsed":0}
{"Time":"2026-09-05T23:55:25.908784+09:00","Action":"run","Package":"waiting-room/internal/installplan","Test":"TestReportRejectsUntrustedClaims/wrong-type-version"}
{"Time":"2026-09-05T23:55:25.908787+09:00","Action":"output","Package":"waiting-room/internal/installplan","Test":"TestReportRejectsUntrustedClaims/wrong-type-version","Output":"=== RUN   TestReportRejectsUntrustedClaims/wrong-type-version\n"}
{"Time":"2026-09-05T23:55:25.908921+09:00","Action":"output","Package":"waiting-room/internal/installplan","Test":"TestReportRejectsUntrustedClaims/wrong-type-version","Output":"--- PASS: TestReportRejectsUntrustedClaims/wrong-type-version (0.00s)\n"}
{"Time":"2026-09-05T23:55:25.908925+09:00","Action":"pass","Package":"waiting-room/internal/installplan","Test":"TestReportRejectsUntrustedClaims/wrong-type-version","Elapsed":0}
{"Time":"2026-09-05T23:55:25.909787+09:00","Action":"output","Package":"waiting-room/internal/installplan","Test":"TestReportRejectsUntrustedClaims","Output":"--- PASS: TestReportRejectsUntrustedClaims (0.00s)\n"}
{"Time":"2026-09-05T23:55:25.909795+09:00","Action":"pass","Package":"waiting-room/internal/installplan","Test":"TestReportRejectsUntrustedClaims","Elapsed":0}
{"Time":"2026-09-05T23:55:25.909805+09:00","Action":"run","Package":"waiting-room/internal/installplan","Test":"TestReportDeterminismAndOwnedCopies"}
{"Time":"2026-09-05T23:55:25.909811+09:00","Action":"output","Package":"waiting-room/internal/installplan","Test":"TestReportDeterminismAndOwnedCopies","Output":"=== RUN   TestReportDeterminismAndOwnedCopies\n"}
{"Time":"2026-09-05T23:55:25.911082+09:00","Action":"run","Package":"waiting-room/internal/installplan","Test":"TestReportDeterminismAndOwnedCopies/repeat"}
{"Time":"2026-09-05T23:55:25.91109+09:00","Action":"output","Package":"waiting-room/internal/installplan","Test":"TestReportDeterminismAndOwnedCopies/repeat","Output":"=== RUN   TestReportDeterminismAndOwnedCopies/repeat\n"}
{"Time":"2026-09-05T23:55:25.911114+09:00","Action":"output","Package":"waiting-room/internal/installplan","Test":"TestReportDeterminismAndOwnedCopies/repeat","Output":"=== PAUSE TestReportDeterminismAndOwnedCopies/repeat\n"}
{"Time":"2026-09-05T23:55:25.911119+09:00","Action":"pause","Package":"waiting-room/internal/installplan","Test":"TestReportDeterminismAndOwnedCopies/repeat"}
{"Time":"2026-09-05T23:55:25.911142+09:00","Action":"run","Package":"waiting-room/internal/installplan","Test":"TestReportDeterminismAndOwnedCopies/repeat#01"}
{"Time":"2026-09-05T23:55:25.911146+09:00","Action":"output","Package":"waiting-room/internal/installplan","Test":"TestReportDeterminismAndOwnedCopies/repeat#01","Output":"=== RUN   TestReportDeterminismAndOwnedCopies/repeat#01\n"}
{"Time":"2026-09-05T23:55:25.911149+09:00","Action":"output","Package":"waiting-room/internal/installplan","Test":"TestReportDeterminismAndOwnedCopies/repeat#01","Output":"=== PAUSE TestReportDeterminismAndOwnedCopies/repeat#01\n"}
{"Time":"2026-09-05T23:55:25.91115+09:00","Action":"pause","Package":"waiting-room/internal/installplan","Test":"TestReportDeterminismAndOwnedCopies/repeat#01"}
{"Time":"2026-09-05T23:55:25.911175+09:00","Action":"run","Package":"waiting-room/internal/installplan","Test":"TestReportDeterminismAndOwnedCopies/repeat#02"}
{"Time":"2026-09-05T23:55:25.91118+09:00","Action":"output","Package":"waiting-room/internal/installplan","Test":"TestReportDeterminismAndOwnedCopies/repeat#02","Output":"=== RUN   TestReportDeterminismAndOwnedCopies/repeat#02\n"}
{"Time":"2026-09-05T23:55:25.911183+09:00","Action":"output","Package":"waiting-room/internal/installplan","Test":"TestReportDeterminismAndOwnedCopies/repeat#02","Output":"=== PAUSE TestReportDeterminismAndOwnedCopies/repeat#02\n"}
{"Time":"2026-09-05T23:55:25.911188+09:00","Action":"pause","Package":"waiting-room/internal/installplan","Test":"TestReportDeterminismAndOwnedCopies/repeat#02"}
{"Time":"2026-09-05T23:55:25.911208+09:00","Action":"run","Package":"waiting-room/internal/installplan","Test":"TestReportDeterminismAndOwnedCopies/repeat#03"}
{"Time":"2026-09-05T23:55:25.911212+09:00","Action":"output","Package":"waiting-room/internal/installplan","Test":"TestReportDeterminismAndOwnedCopies/repeat#03","Output":"=== RUN   TestReportDeterminismAndOwnedCopies/repeat#03\n"}
{"Time":"2026-09-05T23:55:25.911225+09:00","Action":"output","Package":"waiting-room/internal/installplan","Test":"TestReportDeterminismAndOwnedCopies/repeat#03","Output":"=== PAUSE TestReportDeterminismAndOwnedCopies/repeat#03\n"}
{"Time":"2026-09-05T23:55:25.911228+09:00","Action":"pause","Package":"waiting-room/internal/installplan","Test":"TestReportDeterminismAndOwnedCopies/repeat#03"}
{"Time":"2026-09-05T23:55:25.911247+09:00","Action":"run","Package":"waiting-room/internal/installplan","Test":"TestReportDeterminismAndOwnedCopies/repeat#04"}
{"Time":"2026-09-05T23:55:25.911251+09:00","Action":"output","Package":"waiting-room/internal/installplan","Test":"TestReportDeterminismAndOwnedCopies/repeat#04","Output":"=== RUN   TestReportDeterminismAndOwnedCopies/repeat#04\n"}
{"Time":"2026-09-05T23:55:25.911265+09:00","Action":"output","Package":"waiting-room/internal/installplan","Test":"TestReportDeterminismAndOwnedCopies/repeat#04","Output":"=== PAUSE TestReportDeterminismAndOwnedCopies/repeat#04\n"}
{"Time":"2026-09-05T23:55:25.911268+09:00","Action":"pause","Package":"waiting-room/internal/installplan","Test":"TestReportDeterminismAndOwnedCopies/repeat#04"}
{"Time":"2026-09-05T23:55:25.911284+09:00","Action":"run","Package":"waiting-room/internal/installplan","Test":"TestReportDeterminismAndOwnedCopies/repeat#05"}
{"Time":"2026-09-05T23:55:25.911286+09:00","Action":"output","Package":"waiting-room/internal/installplan","Test":"TestReportDeterminismAndOwnedCopies/repeat#05","Output":"=== RUN   TestReportDeterminismAndOwnedCopies/repeat#05\n"}
{"Time":"2026-09-05T23:55:25.911303+09:00","Action":"output","Package":"waiting-room/internal/installplan","Test":"TestReportDeterminismAndOwnedCopies/repeat#05","Output":"=== PAUSE TestReportDeterminismAndOwnedCopies/repeat#05\n"}
{"Time":"2026-09-05T23:55:25.911306+09:00","Action":"pause","Package":"waiting-room/internal/installplan","Test":"TestReportDeterminismAndOwnedCopies/repeat#05"}
{"Time":"2026-09-05T23:55:25.911325+09:00","Action":"run","Package":"waiting-room/internal/installplan","Test":"TestReportDeterminismAndOwnedCopies/repeat#06"}
{"Time":"2026-09-05T23:55:25.911329+09:00","Action":"output","Package":"waiting-room/internal/installplan","Test":"TestReportDeterminismAndOwnedCopies/repeat#06","Output":"=== RUN   TestReportDeterminismAndOwnedCopies/repeat#06\n"}
{"Time":"2026-09-05T23:55:25.911336+09:00","Action":"output","Package":"waiting-room/internal/installplan","Test":"TestReportDeterminismAndOwnedCopies/repeat#06","Output":"=== PAUSE TestReportDeterminismAndOwnedCopies/repeat#06\n"}
{"Time":"2026-09-05T23:55:25.911339+09:00","Action":"pause","Package":"waiting-room/internal/installplan","Test":"TestReportDeterminismAndOwnedCopies/repeat#06"}
{"Time":"2026-09-05T23:55:25.911365+09:00","Action":"run","Package":"waiting-room/internal/installplan","Test":"TestReportDeterminismAndOwnedCopies/repeat#07"}
{"Time":"2026-09-05T23:55:25.911369+09:00","Action":"output","Package":"waiting-room/internal/installplan","Test":"TestReportDeterminismAndOwnedCopies/repeat#07","Output":"=== RUN   TestReportDeterminismAndOwnedCopies/repeat#07\n"}
{"Time":"2026-09-05T23:55:25.91138+09:00","Action":"output","Package":"waiting-room/internal/installplan","Test":"TestReportDeterminismAndOwnedCopies/repeat#07","Output":"=== PAUSE TestReportDeterminismAndOwnedCopies/repeat#07\n"}
{"Time":"2026-09-05T23:55:25.911382+09:00","Action":"pause","Package":"waiting-room/internal/installplan","Test":"TestReportDeterminismAndOwnedCopies/repeat#07"}
{"Time":"2026-09-05T23:55:25.911404+09:00","Action":"run","Package":"waiting-room/internal/installplan","Test":"TestReportDeterminismAndOwnedCopies/repeat#08"}
{"Time":"2026-09-05T23:55:25.911407+09:00","Action":"output","Package":"waiting-room/internal/installplan","Test":"TestReportDeterminismAndOwnedCopies/repeat#08","Output":"=== RUN   TestReportDeterminismAndOwnedCopies/repeat#08\n"}
{"Time":"2026-09-05T23:55:25.911422+09:00","Action":"output","Package":"waiting-room/internal/installplan","Test":"TestReportDeterminismAndOwnedCopies/repeat#08","Output":"=== PAUSE TestReportDeterminismAndOwnedCopies/repeat#08\n"}
{"Time":"2026-09-05T23:55:25.911424+09:00","Action":"pause","Package":"waiting-room/internal/installplan","Test":"TestReportDeterminismAndOwnedCopies/repeat#08"}
{"Time":"2026-09-05T23:55:25.911441+09:00","Action":"run","Package":"waiting-room/internal/installplan","Test":"TestReportDeterminismAndOwnedCopies/repeat#09"}
{"Time":"2026-09-05T23:55:25.911444+09:00","Action":"output","Package":"waiting-room/internal/installplan","Test":"TestReportDeterminismAndOwnedCopies/repeat#09","Output":"=== RUN   TestReportDeterminismAndOwnedCopies/repeat#09\n"}
{"Time":"2026-09-05T23:55:25.911456+09:00","Action":"output","Package":"waiting-room/internal/installplan","Test":"TestReportDeterminismAndOwnedCopies/repeat#09","Output":"=== PAUSE TestReportDeterminismAndOwnedCopies/repeat#09\n"}
{"Time":"2026-09-05T23:55:25.911458+09:00","Action":"pause","Package":"waiting-room/internal/installplan","Test":"TestReportDeterminismAndOwnedCopies/repeat#09"}
{"Time":"2026-09-05T23:55:25.911476+09:00","Action":"run","Package":"waiting-room/internal/installplan","Test":"TestReportDeterminismAndOwnedCopies/repeat#10"}
{"Time":"2026-09-05T23:55:25.911477+09:00","Action":"output","Package":"waiting-room/internal/installplan","Test":"TestReportDeterminismAndOwnedCopies/repeat#10","Output":"=== RUN   TestReportDeterminismAndOwnedCopies/repeat#10\n"}
{"Time":"2026-09-05T23:55:25.911489+09:00","Action":"output","Package":"waiting-room/internal/installplan","Test":"TestReportDeterminismAndOwnedCopies/repeat#10","Output":"=== PAUSE TestReportDeterminismAndOwnedCopies/repeat#10\n"}
{"Time":"2026-09-05T23:55:25.911491+09:00","Action":"pause","Package":"waiting-room/internal/installplan","Test":"TestReportDeterminismAndOwnedCopies/repeat#10"}
{"Time":"2026-09-05T23:55:25.911507+09:00","Action":"run","Package":"waiting-room/internal/installplan","Test":"TestReportDeterminismAndOwnedCopies/repeat#11"}
{"Time":"2026-09-05T23:55:25.911509+09:00","Action":"output","Package":"waiting-room/internal/installplan","Test":"TestReportDeterminismAndOwnedCopies/repeat#11","Output":"=== RUN   TestReportDeterminismAndOwnedCopies/repeat#11\n"}
{"Time":"2026-09-05T23:55:25.911521+09:00","Action":"output","Package":"waiting-room/internal/installplan","Test":"TestReportDeterminismAndOwnedCopies/repeat#11","Output":"=== PAUSE TestReportDeterminismAndOwnedCopies/repeat#11\n"}
{"Time":"2026-09-05T23:55:25.911524+09:00","Action":"pause","Package":"waiting-room/internal/installplan","Test":"TestReportDeterminismAndOwnedCopies/repeat#11"}
{"Time":"2026-09-05T23:55:25.911542+09:00","Action":"run","Package":"waiting-room/internal/installplan","Test":"TestReportDeterminismAndOwnedCopies/repeat#12"}
{"Time":"2026-09-05T23:55:25.911545+09:00","Action":"output","Package":"waiting-room/internal/installplan","Test":"TestReportDeterminismAndOwnedCopies/repeat#12","Output":"=== RUN   TestReportDeterminismAndOwnedCopies/repeat#12\n"}
{"Time":"2026-09-05T23:55:25.911553+09:00","Action":"output","Package":"waiting-room/internal/installplan","Test":"TestReportDeterminismAndOwnedCopies/repeat#12","Output":"=== PAUSE TestReportDeterminismAndOwnedCopies/repeat#12\n"}
{"Time":"2026-09-05T23:55:25.911555+09:00","Action":"pause","Package":"waiting-room/internal/installplan","Test":"TestReportDeterminismAndOwnedCopies/repeat#12"}
{"Time":"2026-09-05T23:55:25.91158+09:00","Action":"run","Package":"waiting-room/internal/installplan","Test":"TestReportDeterminismAndOwnedCopies/repeat#13"}
{"Time":"2026-09-05T23:55:25.911583+09:00","Action":"output","Package":"waiting-room/internal/installplan","Test":"TestReportDeterminismAndOwnedCopies/repeat#13","Output":"=== RUN   TestReportDeterminismAndOwnedCopies/repeat#13\n"}
{"Time":"2026-09-05T23:55:25.911585+09:00","Action":"output","Package":"waiting-room/internal/installplan","Test":"TestReportDeterminismAndOwnedCopies/repeat#13","Output":"=== PAUSE TestReportDeterminismAndOwnedCopies/repeat#13\n"}
{"Time":"2026-09-05T23:55:25.911586+09:00","Action":"pause","Package":"waiting-room/internal/installplan","Test":"TestReportDeterminismAndOwnedCopies/repeat#13"}
{"Time":"2026-09-05T23:55:25.911607+09:00","Action":"run","Package":"waiting-room/internal/installplan","Test":"TestReportDeterminismAndOwnedCopies/repeat#14"}
{"Time":"2026-09-05T23:55:25.91161+09:00","Action":"output","Package":"waiting-room/internal/installplan","Test":"TestReportDeterminismAndOwnedCopies/repeat#14","Output":"=== RUN   TestReportDeterminismAndOwnedCopies/repeat#14\n"}
{"Time":"2026-09-05T23:55:25.911619+09:00","Action":"output","Package":"waiting-room/internal/installplan","Test":"TestReportDeterminismAndOwnedCopies/repeat#14","Output":"=== PAUSE TestReportDeterminismAndOwnedCopies/repeat#14\n"}
{"Time":"2026-09-05T23:55:25.911623+09:00","Action":"pause","Package":"waiting-room/internal/installplan","Test":"TestReportDeterminismAndOwnedCopies/repeat#14"}
{"Time":"2026-09-05T23:55:25.911636+09:00","Action":"run","Package":"waiting-room/internal/installplan","Test":"TestReportDeterminismAndOwnedCopies/repeat#15"}
{"Time":"2026-09-05T23:55:25.911638+09:00","Action":"output","Package":"waiting-room/internal/installplan","Test":"TestReportDeterminismAndOwnedCopies/repeat#15","Output":"=== RUN   TestReportDeterminismAndOwnedCopies/repeat#15\n"}
{"Time":"2026-09-05T23:55:25.911649+09:00","Action":"output","Package":"waiting-room/internal/installplan","Test":"TestReportDeterminismAndOwnedCopies/repeat#15","Output":"=== PAUSE TestReportDeterminismAndOwnedCopies/repeat#15\n"}
{"Time":"2026-09-05T23:55:25.911651+09:00","Action":"pause","Package":"waiting-room/internal/installplan","Test":"TestReportDeterminismAndOwnedCopies/repeat#15"}
{"Time":"2026-09-05T23:55:25.911668+09:00","Action":"run","Package":"waiting-room/internal/installplan","Test":"TestReportDeterminismAndOwnedCopies/repeat#16"}
{"Time":"2026-09-05T23:55:25.91167+09:00","Action":"output","Package":"waiting-room/internal/installplan","Test":"TestReportDeterminismAndOwnedCopies/repeat#16","Output":"=== RUN   TestReportDeterminismAndOwnedCopies/repeat#16\n"}
{"Time":"2026-09-05T23:55:25.911682+09:00","Action":"output","Package":"waiting-room/internal/installplan","Test":"TestReportDeterminismAndOwnedCopies/repeat#16","Output":"=== PAUSE TestReportDeterminismAndOwnedCopies/repeat#16\n"}
{"Time":"2026-09-05T23:55:25.911686+09:00","Action":"pause","Package":"waiting-room/internal/installplan","Test":"TestReportDeterminismAndOwnedCopies/repeat#16"}
{"Time":"2026-09-05T23:55:25.911702+09:00","Action":"run","Package":"waiting-room/internal/installplan","Test":"TestReportDeterminismAndOwnedCopies/repeat#17"}
{"Time":"2026-09-05T23:55:25.911703+09:00","Action":"output","Package":"waiting-room/internal/installplan","Test":"TestReportDeterminismAndOwnedCopies/repeat#17","Output":"=== RUN   TestReportDeterminismAndOwnedCopies/repeat#17\n"}
{"Time":"2026-09-05T23:55:25.911712+09:00","Action":"output","Package":"waiting-room/internal/installplan","Test":"TestReportDeterminismAndOwnedCopies/repeat#17","Output":"=== PAUSE TestReportDeterminismAndOwnedCopies/repeat#17\n"}
{"Time":"2026-09-05T23:55:25.911715+09:00","Action":"pause","Package":"waiting-room/internal/installplan","Test":"TestReportDeterminismAndOwnedCopies/repeat#17"}
{"Time":"2026-09-05T23:55:25.911731+09:00","Action":"run","Package":"waiting-room/internal/installplan","Test":"TestReportDeterminismAndOwnedCopies/repeat#18"}
{"Time":"2026-09-05T23:55:25.911733+09:00","Action":"output","Package":"waiting-room/internal/installplan","Test":"TestReportDeterminismAndOwnedCopies/repeat#18","Output":"=== RUN   TestReportDeterminismAndOwnedCopies/repeat#18\n"}
{"Time":"2026-09-05T23:55:25.911743+09:00","Action":"output","Package":"waiting-room/internal/installplan","Test":"TestReportDeterminismAndOwnedCopies/repeat#18","Output":"=== PAUSE TestReportDeterminismAndOwnedCopies/repeat#18\n"}
{"Time":"2026-09-05T23:55:25.911745+09:00","Action":"pause","Package":"waiting-room/internal/installplan","Test":"TestReportDeterminismAndOwnedCopies/repeat#18"}
{"Time":"2026-09-05T23:55:25.911762+09:00","Action":"run","Package":"waiting-room/internal/installplan","Test":"TestReportDeterminismAndOwnedCopies/repeat#19"}
{"Time":"2026-09-05T23:55:25.911764+09:00","Action":"output","Package":"waiting-room/internal/installplan","Test":"TestReportDeterminismAndOwnedCopies/repeat#19","Output":"=== RUN   TestReportDeterminismAndOwnedCopies/repeat#19\n"}
{"Time":"2026-09-05T23:55:25.911773+09:00","Action":"output","Package":"waiting-room/internal/installplan","Test":"TestReportDeterminismAndOwnedCopies/repeat#19","Output":"=== PAUSE TestReportDeterminismAndOwnedCopies/repeat#19\n"}
{"Time":"2026-09-05T23:55:25.911776+09:00","Action":"pause","Package":"waiting-room/internal/installplan","Test":"TestReportDeterminismAndOwnedCopies/repeat#19"}
{"Time":"2026-09-05T23:55:25.911793+09:00","Action":"run","Package":"waiting-room/internal/installplan","Test":"TestReportDeterminismAndOwnedCopies/repeat#20"}
{"Time":"2026-09-05T23:55:25.911795+09:00","Action":"output","Package":"waiting-room/internal/installplan","Test":"TestReportDeterminismAndOwnedCopies/repeat#20","Output":"=== RUN   TestReportDeterminismAndOwnedCopies/repeat#20\n"}
{"Time":"2026-09-05T23:55:25.911805+09:00","Action":"output","Package":"waiting-room/internal/installplan","Test":"TestReportDeterminismAndOwnedCopies/repeat#20","Output":"=== PAUSE TestReportDeterminismAndOwnedCopies/repeat#20\n"}
{"Time":"2026-09-05T23:55:25.911807+09:00","Action":"pause","Package":"waiting-room/internal/installplan","Test":"TestReportDeterminismAndOwnedCopies/repeat#20"}
{"Time":"2026-09-05T23:55:25.911821+09:00","Action":"run","Package":"waiting-room/internal/installplan","Test":"TestReportDeterminismAndOwnedCopies/repeat#21"}
{"Time":"2026-09-05T23:55:25.911824+09:00","Action":"output","Package":"waiting-room/internal/installplan","Test":"TestReportDeterminismAndOwnedCopies/repeat#21","Output":"=== RUN   TestReportDeterminismAndOwnedCopies/repeat#21\n"}
{"Time":"2026-09-05T23:55:25.911835+09:00","Action":"output","Package":"waiting-room/internal/installplan","Test":"TestReportDeterminismAndOwnedCopies/repeat#21","Output":"=== PAUSE TestReportDeterminismAndOwnedCopies/repeat#21\n"}
{"Time":"2026-09-05T23:55:25.911839+09:00","Action":"pause","Package":"waiting-room/internal/installplan","Test":"TestReportDeterminismAndOwnedCopies/repeat#21"}
{"Time":"2026-09-05T23:55:25.911855+09:00","Action":"run","Package":"waiting-room/internal/installplan","Test":"TestReportDeterminismAndOwnedCopies/repeat#22"}
{"Time":"2026-09-05T23:55:25.911857+09:00","Action":"output","Package":"waiting-room/internal/installplan","Test":"TestReportDeterminismAndOwnedCopies/repeat#22","Output":"=== RUN   TestReportDeterminismAndOwnedCopies/repeat#22\n"}
{"Time":"2026-09-05T23:55:25.911868+09:00","Action":"output","Package":"waiting-room/internal/installplan","Test":"TestReportDeterminismAndOwnedCopies/repeat#22","Output":"=== PAUSE TestReportDeterminismAndOwnedCopies/repeat#22\n"}
{"Time":"2026-09-05T23:55:25.911871+09:00","Action":"pause","Package":"waiting-room/internal/installplan","Test":"TestReportDeterminismAndOwnedCopies/repeat#22"}
{"Time":"2026-09-05T23:55:25.911886+09:00","Action":"run","Package":"waiting-room/internal/installplan","Test":"TestReportDeterminismAndOwnedCopies/repeat#23"}
{"Time":"2026-09-05T23:55:25.911889+09:00","Action":"output","Package":"waiting-room/internal/installplan","Test":"TestReportDeterminismAndOwnedCopies/repeat#23","Output":"=== RUN   TestReportDeterminismAndOwnedCopies/repeat#23\n"}
{"Time":"2026-09-05T23:55:25.911898+09:00","Action":"output","Package":"waiting-room/internal/installplan","Test":"TestReportDeterminismAndOwnedCopies/repeat#23","Output":"=== PAUSE TestReportDeterminismAndOwnedCopies/repeat#23\n"}
{"Time":"2026-09-05T23:55:25.9119+09:00","Action":"pause","Package":"waiting-room/internal/installplan","Test":"TestReportDeterminismAndOwnedCopies/repeat#23"}
{"Time":"2026-09-05T23:55:25.911915+09:00","Action":"run","Package":"waiting-room/internal/installplan","Test":"TestReportDeterminismAndOwnedCopies/repeat#24"}
{"Time":"2026-09-05T23:55:25.911917+09:00","Action":"output","Package":"waiting-room/internal/installplan","Test":"TestReportDeterminismAndOwnedCopies/repeat#24","Output":"=== RUN   TestReportDeterminismAndOwnedCopies/repeat#24\n"}
{"Time":"2026-09-05T23:55:25.911927+09:00","Action":"output","Package":"waiting-room/internal/installplan","Test":"TestReportDeterminismAndOwnedCopies/repeat#24","Output":"=== PAUSE TestReportDeterminismAndOwnedCopies/repeat#24\n"}
{"Time":"2026-09-05T23:55:25.91193+09:00","Action":"pause","Package":"waiting-room/internal/installplan","Test":"TestReportDeterminismAndOwnedCopies/repeat#24"}
{"Time":"2026-09-05T23:55:25.911947+09:00","Action":"run","Package":"waiting-room/internal/installplan","Test":"TestReportDeterminismAndOwnedCopies/repeat#25"}
{"Time":"2026-09-05T23:55:25.911949+09:00","Action":"output","Package":"waiting-room/internal/installplan","Test":"TestReportDeterminismAndOwnedCopies/repeat#25","Output":"=== RUN   TestReportDeterminismAndOwnedCopies/repeat#25\n"}
{"Time":"2026-09-05T23:55:25.91196+09:00","Action":"output","Package":"waiting-room/internal/installplan","Test":"TestReportDeterminismAndOwnedCopies/repeat#25","Output":"=== PAUSE TestReportDeterminismAndOwnedCopies/repeat#25\n"}
{"Time":"2026-09-05T23:55:25.911963+09:00","Action":"pause","Package":"waiting-room/internal/installplan","Test":"TestReportDeterminismAndOwnedCopies/repeat#25"}
{"Time":"2026-09-05T23:55:25.911972+09:00","Action":"run","Package":"waiting-room/internal/installplan","Test":"TestReportDeterminismAndOwnedCopies/repeat#26"}
{"Time":"2026-09-05T23:55:25.911974+09:00","Action":"output","Package":"waiting-room/internal/installplan","Test":"TestReportDeterminismAndOwnedCopies/repeat#26","Output":"=== RUN   TestReportDeterminismAndOwnedCopies/repeat#26\n"}
{"Time":"2026-09-05T23:55:25.911986+09:00","Action":"output","Package":"waiting-room/internal/installplan","Test":"TestReportDeterminismAndOwnedCopies/repeat#26","Output":"=== PAUSE TestReportDeterminismAndOwnedCopies/repeat#26\n"}
{"Time":"2026-09-05T23:55:25.911988+09:00","Action":"pause","Package":"waiting-room/internal/installplan","Test":"TestReportDeterminismAndOwnedCopies/repeat#26"}
{"Time":"2026-09-05T23:55:25.912004+09:00","Action":"run","Package":"waiting-room/internal/installplan","Test":"TestReportDeterminismAndOwnedCopies/repeat#27"}
{"Time":"2026-09-05T23:55:25.912006+09:00","Action":"output","Package":"waiting-room/internal/installplan","Test":"TestReportDeterminismAndOwnedCopies/repeat#27","Output":"=== RUN   TestReportDeterminismAndOwnedCopies/repeat#27\n"}
{"Time":"2026-09-05T23:55:25.912021+09:00","Action":"output","Package":"waiting-room/internal/installplan","Test":"TestReportDeterminismAndOwnedCopies/repeat#27","Output":"=== PAUSE TestReportDeterminismAndOwnedCopies/repeat#27\n"}
{"Time":"2026-09-05T23:55:25.912024+09:00","Action":"pause","Package":"waiting-room/internal/installplan","Test":"TestReportDeterminismAndOwnedCopies/repeat#27"}
{"Time":"2026-09-05T23:55:25.912037+09:00","Action":"run","Package":"waiting-room/internal/installplan","Test":"TestReportDeterminismAndOwnedCopies/repeat#28"}
{"Time":"2026-09-05T23:55:25.912039+09:00","Action":"output","Package":"waiting-room/internal/installplan","Test":"TestReportDeterminismAndOwnedCopies/repeat#28","Output":"=== RUN   TestReportDeterminismAndOwnedCopies/repeat#28\n"}
{"Time":"2026-09-05T23:55:25.912049+09:00","Action":"output","Package":"waiting-room/internal/installplan","Test":"TestReportDeterminismAndOwnedCopies/repeat#28","Output":"=== PAUSE TestReportDeterminismAndOwnedCopies/repeat#28\n"}
{"Time":"2026-09-05T23:55:25.912051+09:00","Action":"pause","Package":"waiting-room/internal/installplan","Test":"TestReportDeterminismAndOwnedCopies/repeat#28"}
{"Time":"2026-09-05T23:55:25.91208+09:00","Action":"run","Package":"waiting-room/internal/installplan","Test":"TestReportDeterminismAndOwnedCopies/repeat#29"}
{"Time":"2026-09-05T23:55:25.912083+09:00","Action":"output","Package":"waiting-room/internal/installplan","Test":"TestReportDeterminismAndOwnedCopies/repeat#29","Output":"=== RUN   TestReportDeterminismAndOwnedCopies/repeat#29\n"}
{"Time":"2026-09-05T23:55:25.912093+09:00","Action":"output","Package":"waiting-room/internal/installplan","Test":"TestReportDeterminismAndOwnedCopies/repeat#29","Output":"=== PAUSE TestReportDeterminismAndOwnedCopies/repeat#29\n"}
{"Time":"2026-09-05T23:55:25.912095+09:00","Action":"pause","Package":"waiting-room/internal/installplan","Test":"TestReportDeterminismAndOwnedCopies/repeat#29"}
{"Time":"2026-09-05T23:55:25.912108+09:00","Action":"run","Package":"waiting-room/internal/installplan","Test":"TestReportDeterminismAndOwnedCopies/repeat#30"}
{"Time":"2026-09-05T23:55:25.91211+09:00","Action":"output","Package":"waiting-room/internal/installplan","Test":"TestReportDeterminismAndOwnedCopies/repeat#30","Output":"=== RUN   TestReportDeterminismAndOwnedCopies/repeat#30\n"}
{"Time":"2026-09-05T23:55:25.912119+09:00","Action":"output","Package":"waiting-room/internal/installplan","Test":"TestReportDeterminismAndOwnedCopies/repeat#30","Output":"=== PAUSE TestReportDeterminismAndOwnedCopies/repeat#30\n"}
{"Time":"2026-09-05T23:55:25.912122+09:00","Action":"pause","Package":"waiting-room/internal/installplan","Test":"TestReportDeterminismAndOwnedCopies/repeat#30"}
{"Time":"2026-09-05T23:55:25.91214+09:00","Action":"run","Package":"waiting-room/internal/installplan","Test":"TestReportDeterminismAndOwnedCopies/repeat#31"}
{"Time":"2026-09-05T23:55:25.912143+09:00","Action":"output","Package":"waiting-room/internal/installplan","Test":"TestReportDeterminismAndOwnedCopies/repeat#31","Output":"=== RUN   TestReportDeterminismAndOwnedCopies/repeat#31\n"}
{"Time":"2026-09-05T23:55:25.912145+09:00","Action":"output","Package":"waiting-room/internal/installplan","Test":"TestReportDeterminismAndOwnedCopies/repeat#31","Output":"=== PAUSE TestReportDeterminismAndOwnedCopies/repeat#31\n"}
{"Time":"2026-09-05T23:55:25.912146+09:00","Action":"pause","Package":"waiting-room/internal/installplan","Test":"TestReportDeterminismAndOwnedCopies/repeat#31"}
{"Time":"2026-09-05T23:55:25.912164+09:00","Action":"run","Package":"waiting-room/internal/installplan","Test":"TestReportDeterminismAndOwnedCopies/repeat#32"}
{"Time":"2026-09-05T23:55:25.912166+09:00","Action":"output","Package":"waiting-room/internal/installplan","Test":"TestReportDeterminismAndOwnedCopies/repeat#32","Output":"=== RUN   TestReportDeterminismAndOwnedCopies/repeat#32\n"}
{"Time":"2026-09-05T23:55:25.912176+09:00","Action":"output","Package":"waiting-room/internal/installplan","Test":"TestReportDeterminismAndOwnedCopies/repeat#32","Output":"=== PAUSE TestReportDeterminismAndOwnedCopies/repeat#32\n"}
{"Time":"2026-09-05T23:55:25.912178+09:00","Action":"pause","Package":"waiting-room/internal/installplan","Test":"TestReportDeterminismAndOwnedCopies/repeat#32"}
{"Time":"2026-09-05T23:55:25.9122+09:00","Action":"run","Package":"waiting-room/internal/installplan","Test":"TestReportDeterminismAndOwnedCopies/repeat#33"}
{"Time":"2026-09-05T23:55:25.912203+09:00","Action":"output","Package":"waiting-room/internal/installplan","Test":"TestReportDeterminismAndOwnedCopies/repeat#33","Output":"=== RUN   TestReportDeterminismAndOwnedCopies/repeat#33\n"}
{"Time":"2026-09-05T23:55:25.912213+09:00","Action":"output","Package":"waiting-room/internal/installplan","Test":"TestReportDeterminismAndOwnedCopies/repeat#33","Output":"=== PAUSE TestReportDeterminismAndOwnedCopies/repeat#33\n"}
{"Time":"2026-09-05T23:55:25.912215+09:00","Action":"pause","Package":"waiting-room/internal/installplan","Test":"TestReportDeterminismAndOwnedCopies/repeat#33"}
{"Time":"2026-09-05T23:55:25.91224+09:00","Action":"run","Package":"waiting-room/internal/installplan","Test":"TestReportDeterminismAndOwnedCopies/repeat#34"}
{"Time":"2026-09-05T23:55:25.912242+09:00","Action":"output","Package":"waiting-room/internal/installplan","Test":"TestReportDeterminismAndOwnedCopies/repeat#34","Output":"=== RUN   TestReportDeterminismAndOwnedCopies/repeat#34\n"}
{"Time":"2026-09-05T23:55:25.912246+09:00","Action":"output","Package":"waiting-room/internal/installplan","Test":"TestReportDeterminismAndOwnedCopies/repeat#34","Output":"=== PAUSE TestReportDeterminismAndOwnedCopies/repeat#34\n"}
{"Time":"2026-09-05T23:55:25.912248+09:00","Action":"pause","Package":"waiting-room/internal/installplan","Test":"TestReportDeterminismAndOwnedCopies/repeat#34"}
{"Time":"2026-09-05T23:55:25.912251+09:00","Action":"run","Package":"waiting-room/internal/installplan","Test":"TestReportDeterminismAndOwnedCopies/repeat#35"}
{"Time":"2026-09-05T23:55:25.912256+09:00","Action":"output","Package":"waiting-room/internal/installplan","Test":"TestReportDeterminismAndOwnedCopies/repeat#35","Output":"=== RUN   TestReportDeterminismAndOwnedCopies/repeat#35\n"}
{"Time":"2026-09-05T23:55:25.91227+09:00","Action":"output","Package":"waiting-room/internal/installplan","Test":"TestReportDeterminismAndOwnedCopies/repeat#35","Output":"=== PAUSE TestReportDeterminismAndOwnedCopies/repeat#35\n"}
{"Time":"2026-09-05T23:55:25.912271+09:00","Action":"pause","Package":"waiting-room/internal/installplan","Test":"TestReportDeterminismAndOwnedCopies/repeat#35"}
{"Time":"2026-09-05T23:55:25.912286+09:00","Action":"run","Package":"waiting-room/internal/installplan","Test":"TestReportDeterminismAndOwnedCopies/repeat#36"}
{"Time":"2026-09-05T23:55:25.912289+09:00","Action":"output","Package":"waiting-room/internal/installplan","Test":"TestReportDeterminismAndOwnedCopies/repeat#36","Output":"=== RUN   TestReportDeterminismAndOwnedCopies/repeat#36\n"}
{"Time":"2026-09-05T23:55:25.912299+09:00","Action":"output","Package":"waiting-room/internal/installplan","Test":"TestReportDeterminismAndOwnedCopies/repeat#36","Output":"=== PAUSE TestReportDeterminismAndOwnedCopies/repeat#36\n"}
{"Time":"2026-09-05T23:55:25.912302+09:00","Action":"pause","Package":"waiting-room/internal/installplan","Test":"TestReportDeterminismAndOwnedCopies/repeat#36"}
{"Time":"2026-09-05T23:55:25.912314+09:00","Action":"run","Package":"waiting-room/internal/installplan","Test":"TestReportDeterminismAndOwnedCopies/repeat#37"}
{"Time":"2026-09-05T23:55:25.912316+09:00","Action":"output","Package":"waiting-room/internal/installplan","Test":"TestReportDeterminismAndOwnedCopies/repeat#37","Output":"=== RUN   TestReportDeterminismAndOwnedCopies/repeat#37\n"}
{"Time":"2026-09-05T23:55:25.912328+09:00","Action":"output","Package":"waiting-room/internal/installplan","Test":"TestReportDeterminismAndOwnedCopies/repeat#37","Output":"=== PAUSE TestReportDeterminismAndOwnedCopies/repeat#37\n"}
{"Time":"2026-09-05T23:55:25.91233+09:00","Action":"pause","Package":"waiting-room/internal/installplan","Test":"TestReportDeterminismAndOwnedCopies/repeat#37"}
{"Time":"2026-09-05T23:55:25.912347+09:00","Action":"run","Package":"waiting-room/internal/installplan","Test":"TestReportDeterminismAndOwnedCopies/repeat#38"}
{"Time":"2026-09-05T23:55:25.912349+09:00","Action":"output","Package":"waiting-room/internal/installplan","Test":"TestReportDeterminismAndOwnedCopies/repeat#38","Output":"=== RUN   TestReportDeterminismAndOwnedCopies/repeat#38\n"}
{"Time":"2026-09-05T23:55:25.912363+09:00","Action":"output","Package":"waiting-room/internal/installplan","Test":"TestReportDeterminismAndOwnedCopies/repeat#38","Output":"=== PAUSE TestReportDeterminismAndOwnedCopies/repeat#38\n"}
{"Time":"2026-09-05T23:55:25.912365+09:00","Action":"pause","Package":"waiting-room/internal/installplan","Test":"TestReportDeterminismAndOwnedCopies/repeat#38"}
{"Time":"2026-09-05T23:55:25.91238+09:00","Action":"run","Package":"waiting-room/internal/installplan","Test":"TestReportDeterminismAndOwnedCopies/repeat#39"}
{"Time":"2026-09-05T23:55:25.912382+09:00","Action":"output","Package":"waiting-room/internal/installplan","Test":"TestReportDeterminismAndOwnedCopies/repeat#39","Output":"=== RUN   TestReportDeterminismAndOwnedCopies/repeat#39\n"}
{"Time":"2026-09-05T23:55:25.912395+09:00","Action":"output","Package":"waiting-room/internal/installplan","Test":"TestReportDeterminismAndOwnedCopies/repeat#39","Output":"=== PAUSE TestReportDeterminismAndOwnedCopies/repeat#39\n"}
{"Time":"2026-09-05T23:55:25.912397+09:00","Action":"pause","Package":"waiting-room/internal/installplan","Test":"TestReportDeterminismAndOwnedCopies/repeat#39"}
{"Time":"2026-09-05T23:55:25.912412+09:00","Action":"run","Package":"waiting-room/internal/installplan","Test":"TestReportDeterminismAndOwnedCopies/repeat#40"}
{"Time":"2026-09-05T23:55:25.912414+09:00","Action":"output","Package":"waiting-room/internal/installplan","Test":"TestReportDeterminismAndOwnedCopies/repeat#40","Output":"=== RUN   TestReportDeterminismAndOwnedCopies/repeat#40\n"}
{"Time":"2026-09-05T23:55:25.912426+09:00","Action":"output","Package":"waiting-room/internal/installplan","Test":"TestReportDeterminismAndOwnedCopies/repeat#40","Output":"=== PAUSE TestReportDeterminismAndOwnedCopies/repeat#40\n"}
{"Time":"2026-09-05T23:55:25.912429+09:00","Action":"pause","Package":"waiting-room/internal/installplan","Test":"TestReportDeterminismAndOwnedCopies/repeat#40"}
{"Time":"2026-09-05T23:55:25.912445+09:00","Action":"run","Package":"waiting-room/internal/installplan","Test":"TestReportDeterminismAndOwnedCopies/repeat#41"}
{"Time":"2026-09-05T23:55:25.912451+09:00","Action":"output","Package":"waiting-room/internal/installplan","Test":"TestReportDeterminismAndOwnedCopies/repeat#41","Output":"=== RUN   TestReportDeterminismAndOwnedCopies/repeat#41\n"}
{"Time":"2026-09-05T23:55:25.912453+09:00","Action":"output","Package":"waiting-room/internal/installplan","Test":"TestReportDeterminismAndOwnedCopies/repeat#41","Output":"=== PAUSE TestReportDeterminismAndOwnedCopies/repeat#41\n"}
{"Time":"2026-09-05T23:55:25.912454+09:00","Action":"pause","Package":"waiting-room/internal/installplan","Test":"TestReportDeterminismAndOwnedCopies/repeat#41"}
{"Time":"2026-09-05T23:55:25.91247+09:00","Action":"run","Package":"waiting-room/internal/installplan","Test":"TestReportDeterminismAndOwnedCopies/repeat#42"}
{"Time":"2026-09-05T23:55:25.912474+09:00","Action":"output","Package":"waiting-room/internal/installplan","Test":"TestReportDeterminismAndOwnedCopies/repeat#42","Output":"=== RUN   TestReportDeterminismAndOwnedCopies/repeat#42\n"}
{"Time":"2026-09-05T23:55:25.912484+09:00","Action":"output","Package":"waiting-room/internal/installplan","Test":"TestReportDeterminismAndOwnedCopies/repeat#42","Output":"=== PAUSE TestReportDeterminismAndOwnedCopies/repeat#42\n"}
{"Time":"2026-09-05T23:55:25.912486+09:00","Action":"pause","Package":"waiting-room/internal/installplan","Test":"TestReportDeterminismAndOwnedCopies/repeat#42"}
{"Time":"2026-09-05T23:55:25.912507+09:00","Action":"run","Package":"waiting-room/internal/installplan","Test":"TestReportDeterminismAndOwnedCopies/repeat#43"}
{"Time":"2026-09-05T23:55:25.912509+09:00","Action":"output","Package":"waiting-room/internal/installplan","Test":"TestReportDeterminismAndOwnedCopies/repeat#43","Output":"=== RUN   TestReportDeterminismAndOwnedCopies/repeat#43\n"}
{"Time":"2026-09-05T23:55:25.912521+09:00","Action":"output","Package":"waiting-room/internal/installplan","Test":"TestReportDeterminismAndOwnedCopies/repeat#43","Output":"=== PAUSE TestReportDeterminismAndOwnedCopies/repeat#43\n"}
{"Time":"2026-09-05T23:55:25.912523+09:00","Action":"pause","Package":"waiting-room/internal/installplan","Test":"TestReportDeterminismAndOwnedCopies/repeat#43"}
{"Time":"2026-09-05T23:55:25.91254+09:00","Action":"run","Package":"waiting-room/internal/installplan","Test":"TestReportDeterminismAndOwnedCopies/repeat#44"}
{"Time":"2026-09-05T23:55:25.912542+09:00","Action":"output","Package":"waiting-room/internal/installplan","Test":"TestReportDeterminismAndOwnedCopies/repeat#44","Output":"=== RUN   TestReportDeterminismAndOwnedCopies/repeat#44\n"}
{"Time":"2026-09-05T23:55:25.912557+09:00","Action":"output","Package":"waiting-room/internal/installplan","Test":"TestReportDeterminismAndOwnedCopies/repeat#44","Output":"=== PAUSE TestReportDeterminismAndOwnedCopies/repeat#44\n"}
{"Time":"2026-09-05T23:55:25.912559+09:00","Action":"pause","Package":"waiting-room/internal/installplan","Test":"TestReportDeterminismAndOwnedCopies/repeat#44"}
{"Time":"2026-09-05T23:55:25.912575+09:00","Action":"run","Package":"waiting-room/internal/installplan","Test":"TestReportDeterminismAndOwnedCopies/repeat#45"}
{"Time":"2026-09-05T23:55:25.912577+09:00","Action":"output","Package":"waiting-room/internal/installplan","Test":"TestReportDeterminismAndOwnedCopies/repeat#45","Output":"=== RUN   TestReportDeterminismAndOwnedCopies/repeat#45\n"}
{"Time":"2026-09-05T23:55:25.912588+09:00","Action":"output","Package":"waiting-room/internal/installplan","Test":"TestReportDeterminismAndOwnedCopies/repeat#45","Output":"=== PAUSE TestReportDeterminismAndOwnedCopies/repeat#45\n"}
{"Time":"2026-09-05T23:55:25.912591+09:00","Action":"pause","Package":"waiting-room/internal/installplan","Test":"TestReportDeterminismAndOwnedCopies/repeat#45"}
{"Time":"2026-09-05T23:55:25.912605+09:00","Action":"run","Package":"waiting-room/internal/installplan","Test":"TestReportDeterminismAndOwnedCopies/repeat#46"}
{"Time":"2026-09-05T23:55:25.912608+09:00","Action":"output","Package":"waiting-room/internal/installplan","Test":"TestReportDeterminismAndOwnedCopies/repeat#46","Output":"=== RUN   TestReportDeterminismAndOwnedCopies/repeat#46\n"}
{"Time":"2026-09-05T23:55:25.912619+09:00","Action":"output","Package":"waiting-room/internal/installplan","Test":"TestReportDeterminismAndOwnedCopies/repeat#46","Output":"=== PAUSE TestReportDeterminismAndOwnedCopies/repeat#46\n"}
{"Time":"2026-09-05T23:55:25.912622+09:00","Action":"pause","Package":"waiting-room/internal/installplan","Test":"TestReportDeterminismAndOwnedCopies/repeat#46"}
{"Time":"2026-09-05T23:55:25.912636+09:00","Action":"run","Package":"waiting-room/internal/installplan","Test":"TestReportDeterminismAndOwnedCopies/repeat#47"}
{"Time":"2026-09-05T23:55:25.912638+09:00","Action":"output","Package":"waiting-room/internal/installplan","Test":"TestReportDeterminismAndOwnedCopies/repeat#47","Output":"=== RUN   TestReportDeterminismAndOwnedCopies/repeat#47\n"}
{"Time":"2026-09-05T23:55:25.912647+09:00","Action":"output","Package":"waiting-room/internal/installplan","Test":"TestReportDeterminismAndOwnedCopies/repeat#47","Output":"=== PAUSE TestReportDeterminismAndOwnedCopies/repeat#47\n"}
{"Time":"2026-09-05T23:55:25.912649+09:00","Action":"pause","Package":"waiting-room/internal/installplan","Test":"TestReportDeterminismAndOwnedCopies/repeat#47"}
{"Time":"2026-09-05T23:55:25.912665+09:00","Action":"run","Package":"waiting-room/internal/installplan","Test":"TestReportDeterminismAndOwnedCopies/repeat#48"}
{"Time":"2026-09-05T23:55:25.912667+09:00","Action":"output","Package":"waiting-room/internal/installplan","Test":"TestReportDeterminismAndOwnedCopies/repeat#48","Output":"=== RUN   TestReportDeterminismAndOwnedCopies/repeat#48\n"}
{"Time":"2026-09-05T23:55:25.912681+09:00","Action":"output","Package":"waiting-room/internal/installplan","Test":"TestReportDeterminismAndOwnedCopies/repeat#48","Output":"=== PAUSE TestReportDeterminismAndOwnedCopies/repeat#48\n"}
{"Time":"2026-09-05T23:55:25.912683+09:00","Action":"pause","Package":"waiting-room/internal/installplan","Test":"TestReportDeterminismAndOwnedCopies/repeat#48"}
{"Time":"2026-09-05T23:55:25.9127+09:00","Action":"run","Package":"waiting-room/internal/installplan","Test":"TestReportDeterminismAndOwnedCopies/repeat#49"}
{"Time":"2026-09-05T23:55:25.912703+09:00","Action":"output","Package":"waiting-room/internal/installplan","Test":"TestReportDeterminismAndOwnedCopies/repeat#49","Output":"=== RUN   TestReportDeterminismAndOwnedCopies/repeat#49\n"}
{"Time":"2026-09-05T23:55:25.912714+09:00","Action":"output","Package":"waiting-room/internal/installplan","Test":"TestReportDeterminismAndOwnedCopies/repeat#49","Output":"=== PAUSE TestReportDeterminismAndOwnedCopies/repeat#49\n"}
{"Time":"2026-09-05T23:55:25.912717+09:00","Action":"pause","Package":"waiting-room/internal/installplan","Test":"TestReportDeterminismAndOwnedCopies/repeat#49"}
{"Time":"2026-09-05T23:55:25.912736+09:00","Action":"cont","Package":"waiting-room/internal/installplan","Test":"TestReportDeterminismAndOwnedCopies/repeat#02"}
{"Time":"2026-09-05T23:55:25.912738+09:00","Action":"output","Package":"waiting-room/internal/installplan","Test":"TestReportDeterminismAndOwnedCopies/repeat#02","Output":"=== CONT  TestReportDeterminismAndOwnedCopies/repeat#02\n"}
{"Time":"2026-09-05T23:55:25.912764+09:00","Action":"cont","Package":"waiting-room/internal/installplan","Test":"TestReportDeterminismAndOwnedCopies/repeat#24"}
{"Time":"2026-09-05T23:55:25.91277+09:00","Action":"output","Package":"waiting-room/internal/installplan","Test":"TestReportDeterminismAndOwnedCopies/repeat#24","Output":"=== CONT  TestReportDeterminismAndOwnedCopies/repeat#24\n"}
{"Time":"2026-09-05T23:55:25.912773+09:00","Action":"cont","Package":"waiting-room/internal/installplan","Test":"TestReportDeterminismAndOwnedCopies/repeat#23"}
{"Time":"2026-09-05T23:55:25.912775+09:00","Action":"output","Package":"waiting-room/internal/installplan","Test":"TestReportDeterminismAndOwnedCopies/repeat#23","Output":"=== CONT  TestReportDeterminismAndOwnedCopies/repeat#23\n"}
{"Time":"2026-09-05T23:55:25.912832+09:00","Action":"cont","Package":"waiting-room/internal/installplan","Test":"TestReportDeterminismAndOwnedCopies/repeat#38"}
{"Time":"2026-09-05T23:55:25.912838+09:00","Action":"output","Package":"waiting-room/internal/installplan","Test":"TestReportDeterminismAndOwnedCopies/repeat#38","Output":"=== CONT  TestReportDeterminismAndOwnedCopies/repeat#38\n"}
{"Time":"2026-09-05T23:55:25.912863+09:00","Action":"cont","Package":"waiting-room/internal/installplan","Test":"TestReportDeterminismAndOwnedCopies/repeat#16"}
{"Time":"2026-09-05T23:55:25.912866+09:00","Action":"output","Package":"waiting-room/internal/installplan","Test":"TestReportDeterminismAndOwnedCopies/repeat#16","Output":"=== CONT  TestReportDeterminismAndOwnedCopies/repeat#16\n"}
{"Time":"2026-09-05T23:55:25.912867+09:00","Action":"cont","Package":"waiting-room/internal/installplan","Test":"TestReportDeterminismAndOwnedCopies/repeat#45"}
{"Time":"2026-09-05T23:55:25.912868+09:00","Action":"output","Package":"waiting-room/internal/installplan","Test":"TestReportDeterminismAndOwnedCopies/repeat#45","Output":"=== CONT  TestReportDeterminismAndOwnedCopies/repeat#45\n"}
{"Time":"2026-09-05T23:55:25.91289+09:00","Action":"cont","Package":"waiting-room/internal/installplan","Test":"TestReportDeterminismAndOwnedCopies/repeat#42"}
{"Time":"2026-09-05T23:55:25.912893+09:00","Action":"output","Package":"waiting-room/internal/installplan","Test":"TestReportDeterminismAndOwnedCopies/repeat#42","Output":"=== CONT  TestReportDeterminismAndOwnedCopies/repeat#42\n"}
{"Time":"2026-09-05T23:55:25.912907+09:00","Action":"cont","Package":"waiting-room/internal/installplan","Test":"TestReportDeterminismAndOwnedCopies/repeat#41"}
{"Time":"2026-09-05T23:55:25.912909+09:00","Action":"output","Package":"waiting-room/internal/installplan","Test":"TestReportDeterminismAndOwnedCopies/repeat#41","Output":"=== CONT  TestReportDeterminismAndOwnedCopies/repeat#41\n"}
{"Time":"2026-09-05T23:55:25.912979+09:00","Action":"cont","Package":"waiting-room/internal/installplan","Test":"TestReportDeterminismAndOwnedCopies/repeat#39"}
{"Time":"2026-09-05T23:55:25.912996+09:00","Action":"output","Package":"waiting-room/internal/installplan","Test":"TestReportDeterminismAndOwnedCopies/repeat#39","Output":"=== CONT  TestReportDeterminismAndOwnedCopies/repeat#39\n"}
{"Time":"2026-09-05T23:55:25.913001+09:00","Action":"cont","Package":"waiting-room/internal/installplan","Test":"TestReportDeterminismAndOwnedCopies/repeat#40"}
{"Time":"2026-09-05T23:55:25.913011+09:00","Action":"output","Package":"waiting-room/internal/installplan","Test":"TestReportDeterminismAndOwnedCopies/repeat#40","Output":"=== CONT  TestReportDeterminismAndOwnedCopies/repeat#40\n"}
{"Time":"2026-09-05T23:55:25.913125+09:00","Action":"cont","Package":"waiting-room/internal/installplan","Test":"TestReportDeterminismAndOwnedCopies/repeat#06"}
{"Time":"2026-09-05T23:55:25.913134+09:00","Action":"output","Package":"waiting-room/internal/installplan","Test":"TestReportDeterminismAndOwnedCopies/repeat#06","Output":"=== CONT  TestReportDeterminismAndOwnedCopies/repeat#06\n"}
{"Time":"2026-09-05T23:55:25.913236+09:00","Action":"cont","Package":"waiting-room/internal/installplan","Test":"TestReportDeterminismAndOwnedCopies/repeat#11"}
{"Time":"2026-09-05T23:55:25.913246+09:00","Action":"output","Package":"waiting-room/internal/installplan","Test":"TestReportDeterminismAndOwnedCopies/repeat#11","Output":"=== CONT  TestReportDeterminismAndOwnedCopies/repeat#11\n"}
{"Time":"2026-09-05T23:55:25.913248+09:00","Action":"cont","Package":"waiting-room/internal/installplan","Test":"TestReportDeterminismAndOwnedCopies/repeat#12"}
{"Time":"2026-09-05T23:55:25.913249+09:00","Action":"output","Package":"waiting-room/internal/installplan","Test":"TestReportDeterminismAndOwnedCopies/repeat#12","Output":"=== CONT  TestReportDeterminismAndOwnedCopies/repeat#12\n"}
{"Time":"2026-09-05T23:55:25.913405+09:00","Action":"cont","Package":"waiting-room/internal/installplan","Test":"TestReportDeterminismAndOwnedCopies/repeat#25"}
{"Time":"2026-09-05T23:55:25.913407+09:00","Action":"output","Package":"waiting-room/internal/installplan","Test":"TestReportDeterminismAndOwnedCopies/repeat#25","Output":"=== CONT  TestReportDeterminismAndOwnedCopies/repeat#25\n"}
{"Time":"2026-09-05T23:55:25.914251+09:00","Action":"output","Package":"waiting-room/internal/installplan","Test":"TestReportDeterminismAndOwnedCopies/repeat#23","Output":"--- PASS: TestReportDeterminismAndOwnedCopies/repeat#23 (0.00s)\n"}
{"Time":"2026-09-05T23:55:25.914258+09:00","Action":"pass","Package":"waiting-room/internal/installplan","Test":"TestReportDeterminismAndOwnedCopies/repeat#23","Elapsed":0}
{"Time":"2026-09-05T23:55:25.91426+09:00","Action":"cont","Package":"waiting-room/internal/installplan","Test":"TestReportDeterminismAndOwnedCopies/repeat#10"}
{"Time":"2026-09-05T23:55:25.914261+09:00","Action":"output","Package":"waiting-room/internal/installplan","Test":"TestReportDeterminismAndOwnedCopies/repeat#10","Output":"=== CONT  TestReportDeterminismAndOwnedCopies/repeat#10\n"}
{"Time":"2026-09-05T23:55:25.91555+09:00","Action":"output","Package":"waiting-room/internal/installplan","Test":"TestReportDeterminismAndOwnedCopies/repeat#16","Output":"--- PASS: TestReportDeterminismAndOwnedCopies/repeat#16 (0.00s)\n"}
{"Time":"2026-09-05T23:55:25.915554+09:00","Action":"pass","Package":"waiting-room/internal/installplan","Test":"TestReportDeterminismAndOwnedCopies/repeat#16","Elapsed":0}
{"Time":"2026-09-05T23:55:25.915555+09:00","Action":"cont","Package":"waiting-room/internal/installplan","Test":"TestReportDeterminismAndOwnedCopies/repeat#03"}
{"Time":"2026-09-05T23:55:25.915556+09:00","Action":"output","Package":"waiting-room/internal/installplan","Test":"TestReportDeterminismAndOwnedCopies/repeat#03","Output":"=== CONT  TestReportDeterminismAndOwnedCopies/repeat#03\n"}
{"Time":"2026-09-05T23:55:25.915558+09:00","Action":"output","Package":"waiting-room/internal/installplan","Test":"TestReportDeterminismAndOwnedCopies/repeat#24","Output":"--- PASS: TestReportDeterminismAndOwnedCopies/repeat#24 (0.00s)\n"}
{"Time":"2026-09-05T23:55:25.915559+09:00","Action":"pass","Package":"waiting-room/internal/installplan","Test":"TestReportDeterminismAndOwnedCopies/repeat#24","Elapsed":0}
{"Time":"2026-09-05T23:55:25.91556+09:00","Action":"cont","Package":"waiting-room/internal/installplan","Test":"TestReportDeterminismAndOwnedCopies/repeat#07"}
{"Time":"2026-09-05T23:55:25.915561+09:00","Action":"output","Package":"waiting-room/internal/installplan","Test":"TestReportDeterminismAndOwnedCopies/repeat#07","Output":"=== CONT  TestReportDeterminismAndOwnedCopies/repeat#07\n"}
{"Time":"2026-09-05T23:55:25.915562+09:00","Action":"output","Package":"waiting-room/internal/installplan","Test":"TestReportDeterminismAndOwnedCopies/repeat#42","Output":"--- PASS: TestReportDeterminismAndOwnedCopies/repeat#42 (0.00s)\n"}
{"Time":"2026-09-05T23:55:25.915563+09:00","Action":"pass","Package":"waiting-room/internal/installplan","Test":"TestReportDeterminismAndOwnedCopies/repeat#42","Elapsed":0}
{"Time":"2026-09-05T23:55:25.915564+09:00","Action":"cont","Package":"waiting-room/internal/installplan","Test":"TestReportDeterminismAndOwnedCopies/repeat#19"}
{"Time":"2026-09-05T23:55:25.915565+09:00","Action":"output","Package":"waiting-room/internal/installplan","Test":"TestReportDeterminismAndOwnedCopies/repeat#19","Output":"=== CONT  TestReportDeterminismAndOwnedCopies/repeat#19\n"}
{"Time":"2026-09-05T23:55:25.915567+09:00","Action":"output","Package":"waiting-room/internal/installplan","Test":"TestReportDeterminismAndOwnedCopies/repeat#38","Output":"--- PASS: TestReportDeterminismAndOwnedCopies/repeat#38 (0.00s)\n"}
{"Time":"2026-09-05T23:55:25.915568+09:00","Action":"pass","Package":"waiting-room/internal/installplan","Test":"TestReportDeterminismAndOwnedCopies/repeat#38","Elapsed":0}
{"Time":"2026-09-05T23:55:25.915569+09:00","Action":"cont","Package":"waiting-room/internal/installplan","Test":"TestReportDeterminismAndOwnedCopies/repeat#21"}
{"Time":"2026-09-05T23:55:25.91557+09:00","Action":"output","Package":"waiting-room/internal/installplan","Test":"TestReportDeterminismAndOwnedCopies/repeat#21","Output":"=== CONT  TestReportDeterminismAndOwnedCopies/repeat#21\n"}
{"Time":"2026-09-05T23:55:25.915571+09:00","Action":"output","Package":"waiting-room/internal/installplan","Test":"TestReportDeterminismAndOwnedCopies/repeat#12","Output":"--- PASS: TestReportDeterminismAndOwnedCopies/repeat#12 (0.00s)\n"}
{"Time":"2026-09-05T23:55:25.915573+09:00","Action":"pass","Package":"waiting-room/internal/installplan","Test":"TestReportDeterminismAndOwnedCopies/repeat#12","Elapsed":0}
{"Time":"2026-09-05T23:55:25.915575+09:00","Action":"cont","Package":"waiting-room/internal/installplan","Test":"TestReportDeterminismAndOwnedCopies/repeat#37"}
{"Time":"2026-09-05T23:55:25.915577+09:00","Action":"output","Package":"waiting-room/internal/installplan","Test":"TestReportDeterminismAndOwnedCopies/repeat#37","Output":"=== CONT  TestReportDeterminismAndOwnedCopies/repeat#37\n"}
{"Time":"2026-09-05T23:55:25.91558+09:00","Action":"output","Package":"waiting-room/internal/installplan","Test":"TestReportDeterminismAndOwnedCopies/repeat#45","Output":"--- PASS: TestReportDeterminismAndOwnedCopies/repeat#45 (0.00s)\n"}
{"Time":"2026-09-05T23:55:25.915585+09:00","Action":"pass","Package":"waiting-room/internal/installplan","Test":"TestReportDeterminismAndOwnedCopies/repeat#45","Elapsed":0}
{"Time":"2026-09-05T23:55:25.915586+09:00","Action":"cont","Package":"waiting-room/internal/installplan","Test":"TestReportDeterminismAndOwnedCopies/repeat"}
{"Time":"2026-09-05T23:55:25.915587+09:00","Action":"output","Package":"waiting-room/internal/installplan","Test":"TestReportDeterminismAndOwnedCopies/repeat","Output":"=== CONT  TestReportDeterminismAndOwnedCopies/repeat\n"}
{"Time":"2026-09-05T23:55:25.915591+09:00","Action":"cont","Package":"waiting-room/internal/installplan","Test":"TestReportDeterminismAndOwnedCopies/repeat#08"}
{"Time":"2026-09-05T23:55:25.915593+09:00","Action":"output","Package":"waiting-room/internal/installplan","Test":"TestReportDeterminismAndOwnedCopies/repeat#08","Output":"=== CONT  TestReportDeterminismAndOwnedCopies/repeat#08\n"}
{"Time":"2026-09-05T23:55:25.915792+09:00","Action":"output","Package":"waiting-room/internal/installplan","Test":"TestReportDeterminismAndOwnedCopies/repeat#02","Output":"--- PASS: TestReportDeterminismAndOwnedCopies/repeat#02 (0.00s)\n"}
{"Time":"2026-09-05T23:55:25.915809+09:00","Action":"pass","Package":"waiting-room/internal/installplan","Test":"TestReportDeterminismAndOwnedCopies/repeat#02","Elapsed":0}
{"Time":"2026-09-05T23:55:25.915813+09:00","Action":"output","Package":"waiting-room/internal/installplan","Test":"TestReportDeterminismAndOwnedCopies/repeat#40","Output":"--- PASS: TestReportDeterminismAndOwnedCopies/repeat#40 (0.00s)\n"}
{"Time":"2026-09-05T23:55:25.915916+09:00","Action":"pass","Package":"waiting-room/internal/installplan","Test":"TestReportDeterminismAndOwnedCopies/repeat#40","Elapsed":0}
{"Time":"2026-09-05T23:55:25.915921+09:00","Action":"cont","Package":"waiting-room/internal/installplan","Test":"TestReportDeterminismAndOwnedCopies/repeat#29"}
{"Time":"2026-09-05T23:55:25.915924+09:00","Action":"output","Package":"waiting-room/internal/installplan","Test":"TestReportDeterminismAndOwnedCopies/repeat#29","Output":"=== CONT  TestReportDeterminismAndOwnedCopies/repeat#29\n"}
{"Time":"2026-09-05T23:55:25.915927+09:00","Action":"output","Package":"waiting-room/internal/installplan","Test":"TestReportDeterminismAndOwnedCopies/repeat#25","Output":"--- PASS: TestReportDeterminismAndOwnedCopies/repeat#25 (0.00s)\n"}
{"Time":"2026-09-05T23:55:25.91593+09:00","Action":"pass","Package":"waiting-room/internal/installplan","Test":"TestReportDeterminismAndOwnedCopies/repeat#25","Elapsed":0}
{"Time":"2026-09-05T23:55:25.915943+09:00","Action":"cont","Package":"waiting-room/internal/installplan","Test":"TestReportDeterminismAndOwnedCopies/repeat#13"}
{"Time":"2026-09-05T23:55:25.915949+09:00","Action":"output","Package":"waiting-room/internal/installplan","Test":"TestReportDeterminismAndOwnedCopies/repeat#13","Output":"=== CONT  TestReportDeterminismAndOwnedCopies/repeat#13\n"}
{"Time":"2026-09-05T23:55:25.915952+09:00","Action":"cont","Package":"waiting-room/internal/installplan","Test":"TestReportDeterminismAndOwnedCopies/repeat#30"}
{"Time":"2026-09-05T23:55:25.915954+09:00","Action":"output","Package":"waiting-room/internal/installplan","Test":"TestReportDeterminismAndOwnedCopies/repeat#30","Output":"=== CONT  TestReportDeterminismAndOwnedCopies/repeat#30\n"}
{"Time":"2026-09-05T23:55:25.915956+09:00","Action":"output","Package":"waiting-room/internal/installplan","Test":"TestReportDeterminismAndOwnedCopies/repeat#06","Output":"--- PASS: TestReportDeterminismAndOwnedCopies/repeat#06 (0.00s)\n"}
{"Time":"2026-09-05T23:55:25.916569+09:00","Action":"pass","Package":"waiting-room/internal/installplan","Test":"TestReportDeterminismAndOwnedCopies/repeat#06","Elapsed":0}
{"Time":"2026-09-05T23:55:25.916578+09:00","Action":"cont","Package":"waiting-room/internal/installplan","Test":"TestReportDeterminismAndOwnedCopies/repeat#46"}
{"Time":"2026-09-05T23:55:25.916581+09:00","Action":"output","Package":"waiting-room/internal/installplan","Test":"TestReportDeterminismAndOwnedCopies/repeat#46","Output":"=== CONT  TestReportDeterminismAndOwnedCopies/repeat#46\n"}
{"Time":"2026-09-05T23:55:25.916584+09:00","Action":"cont","Package":"waiting-room/internal/installplan","Test":"TestReportDeterminismAndOwnedCopies/repeat#47"}
{"Time":"2026-09-05T23:55:25.916586+09:00","Action":"output","Package":"waiting-room/internal/installplan","Test":"TestReportDeterminismAndOwnedCopies/repeat#47","Output":"=== CONT  TestReportDeterminismAndOwnedCopies/repeat#47\n"}
{"Time":"2026-09-05T23:55:25.916591+09:00","Action":"output","Package":"waiting-room/internal/installplan","Test":"TestReportDeterminismAndOwnedCopies/repeat#39","Output":"--- PASS: TestReportDeterminismAndOwnedCopies/repeat#39 (0.00s)\n"}
{"Time":"2026-09-05T23:55:25.916617+09:00","Action":"pass","Package":"waiting-room/internal/installplan","Test":"TestReportDeterminismAndOwnedCopies/repeat#39","Elapsed":0}
{"Time":"2026-09-05T23:55:25.916622+09:00","Action":"cont","Package":"waiting-room/internal/installplan","Test":"TestReportDeterminismAndOwnedCopies/repeat#20"}
{"Time":"2026-09-05T23:55:25.916624+09:00","Action":"output","Package":"waiting-room/internal/installplan","Test":"TestReportDeterminismAndOwnedCopies/repeat#20","Output":"=== CONT  TestReportDeterminismAndOwnedCopies/repeat#20\n"}
{"Time":"2026-09-05T23:55:25.916644+09:00","Action":"cont","Package":"waiting-room/internal/installplan","Test":"TestReportDeterminismAndOwnedCopies/repeat#43"}
{"Time":"2026-09-05T23:55:25.916647+09:00","Action":"output","Package":"waiting-room/internal/installplan","Test":"TestReportDeterminismAndOwnedCopies/repeat#43","Output":"=== CONT  TestReportDeterminismAndOwnedCopies/repeat#43\n"}
{"Time":"2026-09-05T23:55:25.916686+09:00","Action":"cont","Package":"waiting-room/internal/installplan","Test":"TestReportDeterminismAndOwnedCopies/repeat#26"}
{"Time":"2026-09-05T23:55:25.916689+09:00","Action":"output","Package":"waiting-room/internal/installplan","Test":"TestReportDeterminismAndOwnedCopies/repeat#26","Output":"=== CONT  TestReportDeterminismAndOwnedCopies/repeat#26\n"}
{"Time":"2026-09-05T23:55:25.916805+09:00","Action":"cont","Package":"waiting-room/internal/installplan","Test":"TestReportDeterminismAndOwnedCopies/repeat#18"}
{"Time":"2026-09-05T23:55:25.916816+09:00","Action":"output","Package":"waiting-room/internal/installplan","Test":"TestReportDeterminismAndOwnedCopies/repeat#18","Output":"=== CONT  TestReportDeterminismAndOwnedCopies/repeat#18\n"}
{"Time":"2026-09-05T23:55:25.916898+09:00","Action":"cont","Package":"waiting-room/internal/installplan","Test":"TestReportDeterminismAndOwnedCopies/repeat#09"}
{"Time":"2026-09-05T23:55:25.916901+09:00","Action":"output","Package":"waiting-room/internal/installplan","Test":"TestReportDeterminismAndOwnedCopies/repeat#09","Output":"=== CONT  TestReportDeterminismAndOwnedCopies/repeat#09\n"}
{"Time":"2026-09-05T23:55:25.917261+09:00","Action":"cont","Package":"waiting-room/internal/installplan","Test":"TestReportDeterminismAndOwnedCopies/repeat#33"}
{"Time":"2026-09-05T23:55:25.917266+09:00","Action":"output","Package":"waiting-room/internal/installplan","Test":"TestReportDeterminismAndOwnedCopies/repeat#33","Output":"=== CONT  TestReportDeterminismAndOwnedCopies/repeat#33\n"}
{"Time":"2026-09-05T23:55:25.917492+09:00","Action":"cont","Package":"waiting-room/internal/installplan","Test":"TestReportDeterminismAndOwnedCopies/repeat#22"}
{"Time":"2026-09-05T23:55:25.917501+09:00","Action":"output","Package":"waiting-room/internal/installplan","Test":"TestReportDeterminismAndOwnedCopies/repeat#22","Output":"=== CONT  TestReportDeterminismAndOwnedCopies/repeat#22\n"}
{"Time":"2026-09-05T23:55:25.919924+09:00","Action":"output","Package":"waiting-room/internal/installplan","Test":"TestReportDeterminismAndOwnedCopies/repeat#07","Output":"--- PASS: TestReportDeterminismAndOwnedCopies/repeat#07 (0.00s)\n"}
{"Time":"2026-09-05T23:55:25.919931+09:00","Action":"pass","Package":"waiting-room/internal/installplan","Test":"TestReportDeterminismAndOwnedCopies/repeat#07","Elapsed":0}
{"Time":"2026-09-05T23:55:25.919932+09:00","Action":"cont","Package":"waiting-room/internal/installplan","Test":"TestReportDeterminismAndOwnedCopies/repeat#34"}
{"Time":"2026-09-05T23:55:25.919934+09:00","Action":"output","Package":"waiting-room/internal/installplan","Test":"TestReportDeterminismAndOwnedCopies/repeat#34","Output":"=== CONT  TestReportDeterminismAndOwnedCopies/repeat#34\n"}
{"Time":"2026-09-05T23:55:25.919935+09:00","Action":"output","Package":"waiting-room/internal/installplan","Test":"TestReportDeterminismAndOwnedCopies/repeat#11","Output":"--- PASS: TestReportDeterminismAndOwnedCopies/repeat#11 (0.00s)\n"}
{"Time":"2026-09-05T23:55:25.919936+09:00","Action":"pass","Package":"waiting-room/internal/installplan","Test":"TestReportDeterminismAndOwnedCopies/repeat#11","Elapsed":0}
{"Time":"2026-09-05T23:55:25.919937+09:00","Action":"cont","Package":"waiting-room/internal/installplan","Test":"TestReportDeterminismAndOwnedCopies/repeat#05"}
{"Time":"2026-09-05T23:55:25.919939+09:00","Action":"output","Package":"waiting-room/internal/installplan","Test":"TestReportDeterminismAndOwnedCopies/repeat#05","Output":"=== CONT  TestReportDeterminismAndOwnedCopies/repeat#05\n"}
{"Time":"2026-09-05T23:55:25.91994+09:00","Action":"output","Package":"waiting-room/internal/installplan","Test":"TestReportDeterminismAndOwnedCopies/repeat#46","Output":"--- PASS: TestReportDeterminismAndOwnedCopies/repeat#46 (0.00s)\n"}
{"Time":"2026-09-05T23:55:25.919941+09:00","Action":"pass","Package":"waiting-room/internal/installplan","Test":"TestReportDeterminismAndOwnedCopies/repeat#46","Elapsed":0}
{"Time":"2026-09-05T23:55:25.919942+09:00","Action":"cont","Package":"waiting-room/internal/installplan","Test":"TestReportDeterminismAndOwnedCopies/repeat#01"}
{"Time":"2026-09-05T23:55:25.919943+09:00","Action":"output","Package":"waiting-room/internal/installplan","Test":"TestReportDeterminismAndOwnedCopies/repeat#01","Output":"=== CONT  TestReportDeterminismAndOwnedCopies/repeat#01\n"}
{"Time":"2026-09-05T23:55:25.919944+09:00","Action":"output","Package":"waiting-room/internal/installplan","Test":"TestReportDeterminismAndOwnedCopies/repeat#43","Output":"--- PASS: TestReportDeterminismAndOwnedCopies/repeat#43 (0.00s)\n"}
{"Time":"2026-09-05T23:55:25.919945+09:00","Action":"pass","Package":"waiting-room/internal/installplan","Test":"TestReportDeterminismAndOwnedCopies/repeat#43","Elapsed":0}
{"Time":"2026-09-05T23:55:25.919946+09:00","Action":"cont","Package":"waiting-room/internal/installplan","Test":"TestReportDeterminismAndOwnedCopies/repeat#36"}
{"Time":"2026-09-05T23:55:25.919952+09:00","Action":"output","Package":"waiting-room/internal/installplan","Test":"TestReportDeterminismAndOwnedCopies/repeat#36","Output":"=== CONT  TestReportDeterminismAndOwnedCopies/repeat#36\n"}
{"Time":"2026-09-05T23:55:25.919953+09:00","Action":"output","Package":"waiting-room/internal/installplan","Test":"TestReportDeterminismAndOwnedCopies/repeat#47","Output":"--- PASS: TestReportDeterminismAndOwnedCopies/repeat#47 (0.00s)\n"}
{"Time":"2026-09-05T23:55:25.919954+09:00","Action":"pass","Package":"waiting-room/internal/installplan","Test":"TestReportDeterminismAndOwnedCopies/repeat#47","Elapsed":0}
{"Time":"2026-09-05T23:55:25.919955+09:00","Action":"cont","Package":"waiting-room/internal/installplan","Test":"TestReportDeterminismAndOwnedCopies/repeat#48"}
{"Time":"2026-09-05T23:55:25.919956+09:00","Action":"output","Package":"waiting-room/internal/installplan","Test":"TestReportDeterminismAndOwnedCopies/repeat#48","Output":"=== CONT  TestReportDeterminismAndOwnedCopies/repeat#48\n"}
{"Time":"2026-09-05T23:55:25.919958+09:00","Action":"output","Package":"waiting-room/internal/installplan","Test":"TestReportDeterminismAndOwnedCopies/repeat#30","Output":"--- PASS: TestReportDeterminismAndOwnedCopies/repeat#30 (0.00s)\n"}
{"Time":"2026-09-05T23:55:25.919959+09:00","Action":"pass","Package":"waiting-room/internal/installplan","Test":"TestReportDeterminismAndOwnedCopies/repeat#30","Elapsed":0}
{"Time":"2026-09-05T23:55:25.91996+09:00","Action":"cont","Package":"waiting-room/internal/installplan","Test":"TestReportDeterminismAndOwnedCopies/repeat#35"}
{"Time":"2026-09-05T23:55:25.919961+09:00","Action":"output","Package":"waiting-room/internal/installplan","Test":"TestReportDeterminismAndOwnedCopies/repeat#35","Output":"=== CONT  TestReportDeterminismAndOwnedCopies/repeat#35\n"}
{"Time":"2026-09-05T23:55:25.919962+09:00","Action":"output","Package":"waiting-room/internal/installplan","Test":"TestReportDeterminismAndOwnedCopies/repeat#20","Output":"--- PASS: TestReportDeterminismAndOwnedCopies/repeat#20 (0.00s)\n"}
{"Time":"2026-09-05T23:55:25.919963+09:00","Action":"pass","Package":"waiting-room/internal/installplan","Test":"TestReportDeterminismAndOwnedCopies/repeat#20","Elapsed":0}
{"Time":"2026-09-05T23:55:25.919964+09:00","Action":"cont","Package":"waiting-room/internal/installplan","Test":"TestReportDeterminismAndOwnedCopies/repeat#14"}
{"Time":"2026-09-05T23:55:25.919965+09:00","Action":"output","Package":"waiting-room/internal/installplan","Test":"TestReportDeterminismAndOwnedCopies/repeat#14","Output":"=== CONT  TestReportDeterminismAndOwnedCopies/repeat#14\n"}
{"Time":"2026-09-05T23:55:25.919966+09:00","Action":"output","Package":"waiting-room/internal/installplan","Test":"TestReportDeterminismAndOwnedCopies/repeat#18","Output":"--- PASS: TestReportDeterminismAndOwnedCopies/repeat#18 (0.00s)\n"}
{"Time":"2026-09-05T23:55:25.919967+09:00","Action":"pass","Package":"waiting-room/internal/installplan","Test":"TestReportDeterminismAndOwnedCopies/repeat#18","Elapsed":0}
{"Time":"2026-09-05T23:55:25.919968+09:00","Action":"cont","Package":"waiting-room/internal/installplan","Test":"TestReportDeterminismAndOwnedCopies/repeat#17"}
{"Time":"2026-09-05T23:55:25.919971+09:00","Action":"output","Package":"waiting-room/internal/installplan","Test":"TestReportDeterminismAndOwnedCopies/repeat#17","Output":"=== CONT  TestReportDeterminismAndOwnedCopies/repeat#17\n"}
{"Time":"2026-09-05T23:55:25.919972+09:00","Action":"output","Package":"waiting-room/internal/installplan","Test":"TestReportDeterminismAndOwnedCopies/repeat#09","Output":"--- PASS: TestReportDeterminismAndOwnedCopies/repeat#09 (0.00s)\n"}
{"Time":"2026-09-05T23:55:25.919973+09:00","Action":"pass","Package":"waiting-room/internal/installplan","Test":"TestReportDeterminismAndOwnedCopies/repeat#09","Elapsed":0}
{"Time":"2026-09-05T23:55:25.919974+09:00","Action":"output","Package":"waiting-room/internal/installplan","Test":"TestReportDeterminismAndOwnedCopies/repeat#33","Output":"--- PASS: TestReportDeterminismAndOwnedCopies/repeat#33 (0.00s)\n"}
{"Time":"2026-09-05T23:55:25.919975+09:00","Action":"pass","Package":"waiting-room/internal/installplan","Test":"TestReportDeterminismAndOwnedCopies/repeat#33","Elapsed":0}
{"Time":"2026-09-05T23:55:25.919976+09:00","Action":"cont","Package":"waiting-room/internal/installplan","Test":"TestReportDeterminismAndOwnedCopies/repeat#15"}
{"Time":"2026-09-05T23:55:25.919977+09:00","Action":"output","Package":"waiting-room/internal/installplan","Test":"TestReportDeterminismAndOwnedCopies/repeat#15","Output":"=== CONT  TestReportDeterminismAndOwnedCopies/repeat#15\n"}
{"Time":"2026-09-05T23:55:25.919978+09:00","Action":"cont","Package":"waiting-room/internal/installplan","Test":"TestReportDeterminismAndOwnedCopies/repeat#31"}
{"Time":"2026-09-05T23:55:25.91998+09:00","Action":"output","Package":"waiting-room/internal/installplan","Test":"TestReportDeterminismAndOwnedCopies/repeat#31","Output":"=== CONT  TestReportDeterminismAndOwnedCopies/repeat#31\n"}
{"Time":"2026-09-05T23:55:25.919981+09:00","Action":"cont","Package":"waiting-room/internal/installplan","Test":"TestReportDeterminismAndOwnedCopies/repeat#04"}
{"Time":"2026-09-05T23:55:25.919982+09:00","Action":"output","Package":"waiting-room/internal/installplan","Test":"TestReportDeterminismAndOwnedCopies/repeat#04","Output":"=== CONT  TestReportDeterminismAndOwnedCopies/repeat#04\n"}
{"Time":"2026-09-05T23:55:25.919984+09:00","Action":"cont","Package":"waiting-room/internal/installplan","Test":"TestReportDeterminismAndOwnedCopies/repeat#27"}
{"Time":"2026-09-05T23:55:25.919985+09:00","Action":"output","Package":"waiting-room/internal/installplan","Test":"TestReportDeterminismAndOwnedCopies/repeat#27","Output":"=== CONT  TestReportDeterminismAndOwnedCopies/repeat#27\n"}
{"Time":"2026-09-05T23:55:25.919986+09:00","Action":"cont","Package":"waiting-room/internal/installplan","Test":"TestReportDeterminismAndOwnedCopies/repeat#49"}
{"Time":"2026-09-05T23:55:25.919988+09:00","Action":"output","Package":"waiting-room/internal/installplan","Test":"TestReportDeterminismAndOwnedCopies/repeat#49","Output":"=== CONT  TestReportDeterminismAndOwnedCopies/repeat#49\n"}
{"Time":"2026-09-05T23:55:25.919994+09:00","Action":"cont","Package":"waiting-room/internal/installplan","Test":"TestReportDeterminismAndOwnedCopies/repeat#28"}
{"Time":"2026-09-05T23:55:25.919995+09:00","Action":"output","Package":"waiting-room/internal/installplan","Test":"TestReportDeterminismAndOwnedCopies/repeat#28","Output":"=== CONT  TestReportDeterminismAndOwnedCopies/repeat#28\n"}
{"Time":"2026-09-05T23:55:25.919998+09:00","Action":"cont","Package":"waiting-room/internal/installplan","Test":"TestReportDeterminismAndOwnedCopies/repeat#44"}
{"Time":"2026-09-05T23:55:25.919999+09:00","Action":"output","Package":"waiting-room/internal/installplan","Test":"TestReportDeterminismAndOwnedCopies/repeat#44","Output":"=== CONT  TestReportDeterminismAndOwnedCopies/repeat#44\n"}
{"Time":"2026-09-05T23:55:25.92+09:00","Action":"output","Package":"waiting-room/internal/installplan","Test":"TestReportDeterminismAndOwnedCopies/repeat#22","Output":"--- PASS: TestReportDeterminismAndOwnedCopies/repeat#22 (0.00s)\n"}
{"Time":"2026-09-05T23:55:25.920001+09:00","Action":"pass","Package":"waiting-room/internal/installplan","Test":"TestReportDeterminismAndOwnedCopies/repeat#22","Elapsed":0}
{"Time":"2026-09-05T23:55:25.920004+09:00","Action":"output","Package":"waiting-room/internal/installplan","Test":"TestReportDeterminismAndOwnedCopies/repeat#26","Output":"--- PASS: TestReportDeterminismAndOwnedCopies/repeat#26 (0.00s)\n"}
{"Time":"2026-09-05T23:55:25.920005+09:00","Action":"pass","Package":"waiting-room/internal/installplan","Test":"TestReportDeterminismAndOwnedCopies/repeat#26","Elapsed":0}
{"Time":"2026-09-05T23:55:25.920006+09:00","Action":"output","Package":"waiting-room/internal/installplan","Test":"TestReportDeterminismAndOwnedCopies/repeat#05","Output":"--- PASS: TestReportDeterminismAndOwnedCopies/repeat#05 (0.00s)\n"}
{"Time":"2026-09-05T23:55:25.920007+09:00","Action":"pass","Package":"waiting-room/internal/installplan","Test":"TestReportDeterminismAndOwnedCopies/repeat#05","Elapsed":0}
{"Time":"2026-09-05T23:55:25.920008+09:00","Action":"output","Package":"waiting-room/internal/installplan","Test":"TestReportDeterminismAndOwnedCopies/repeat#01","Output":"--- PASS: TestReportDeterminismAndOwnedCopies/repeat#01 (0.00s)\n"}
{"Time":"2026-09-05T23:55:25.920009+09:00","Action":"pass","Package":"waiting-room/internal/installplan","Test":"TestReportDeterminismAndOwnedCopies/repeat#01","Elapsed":0}
{"Time":"2026-09-05T23:55:25.92001+09:00","Action":"output","Package":"waiting-room/internal/installplan","Test":"TestReportDeterminismAndOwnedCopies/repeat#08","Output":"--- PASS: TestReportDeterminismAndOwnedCopies/repeat#08 (0.00s)\n"}
{"Time":"2026-09-05T23:55:25.920011+09:00","Action":"pass","Package":"waiting-room/internal/installplan","Test":"TestReportDeterminismAndOwnedCopies/repeat#08","Elapsed":0}
{"Time":"2026-09-05T23:55:25.920012+09:00","Action":"output","Package":"waiting-room/internal/installplan","Test":"TestReportDeterminismAndOwnedCopies/repeat#13","Output":"--- PASS: TestReportDeterminismAndOwnedCopies/repeat#13 (0.00s)\n"}
{"Time":"2026-09-05T23:55:25.920015+09:00","Action":"pass","Package":"waiting-room/internal/installplan","Test":"TestReportDeterminismAndOwnedCopies/repeat#13","Elapsed":0}
{"Time":"2026-09-05T23:55:25.920017+09:00","Action":"output","Package":"waiting-room/internal/installplan","Test":"TestReportDeterminismAndOwnedCopies/repeat#36","Output":"--- PASS: TestReportDeterminismAndOwnedCopies/repeat#36 (0.00s)\n"}
{"Time":"2026-09-05T23:55:25.920021+09:00","Action":"pass","Package":"waiting-room/internal/installplan","Test":"TestReportDeterminismAndOwnedCopies/repeat#36","Elapsed":0}
{"Time":"2026-09-05T23:55:25.920023+09:00","Action":"output","Package":"waiting-room/internal/installplan","Test":"TestReportDeterminismAndOwnedCopies/repeat#48","Output":"--- PASS: TestReportDeterminismAndOwnedCopies/repeat#48 (0.00s)\n"}
{"Time":"2026-09-05T23:55:25.920024+09:00","Action":"pass","Package":"waiting-room/internal/installplan","Test":"TestReportDeterminismAndOwnedCopies/repeat#48","Elapsed":0}
{"Time":"2026-09-05T23:55:25.920025+09:00","Action":"output","Package":"waiting-room/internal/installplan","Test":"TestReportDeterminismAndOwnedCopies/repeat#41","Output":"--- PASS: TestReportDeterminismAndOwnedCopies/repeat#41 (0.00s)\n"}
{"Time":"2026-09-05T23:55:25.920026+09:00","Action":"pass","Package":"waiting-room/internal/installplan","Test":"TestReportDeterminismAndOwnedCopies/repeat#41","Elapsed":0}
{"Time":"2026-09-05T23:55:25.920028+09:00","Action":"output","Package":"waiting-room/internal/installplan","Test":"TestReportDeterminismAndOwnedCopies/repeat#10","Output":"--- PASS: TestReportDeterminismAndOwnedCopies/repeat#10 (0.00s)\n"}
{"Time":"2026-09-05T23:55:25.92003+09:00","Action":"pass","Package":"waiting-room/internal/installplan","Test":"TestReportDeterminismAndOwnedCopies/repeat#10","Elapsed":0}
{"Time":"2026-09-05T23:55:25.920032+09:00","Action":"output","Package":"waiting-room/internal/installplan","Test":"TestReportDeterminismAndOwnedCopies/repeat#21","Output":"--- PASS: TestReportDeterminismAndOwnedCopies/repeat#21 (0.00s)\n"}
{"Time":"2026-09-05T23:55:25.920034+09:00","Action":"pass","Package":"waiting-room/internal/installplan","Test":"TestReportDeterminismAndOwnedCopies/repeat#21","Elapsed":0}
{"Time":"2026-09-05T23:55:25.92004+09:00","Action":"output","Package":"waiting-room/internal/installplan","Test":"TestReportDeterminismAndOwnedCopies/repeat#19","Output":"--- PASS: TestReportDeterminismAndOwnedCopies/repeat#19 (0.00s)\n"}
{"Time":"2026-09-05T23:55:25.920041+09:00","Action":"pass","Package":"waiting-room/internal/installplan","Test":"TestReportDeterminismAndOwnedCopies/repeat#19","Elapsed":0}
{"Time":"2026-09-05T23:55:25.920042+09:00","Action":"output","Package":"waiting-room/internal/installplan","Test":"TestReportDeterminismAndOwnedCopies/repeat#37","Output":"--- PASS: TestReportDeterminismAndOwnedCopies/repeat#37 (0.00s)\n"}
{"Time":"2026-09-05T23:55:25.920044+09:00","Action":"pass","Package":"waiting-room/internal/installplan","Test":"TestReportDeterminismAndOwnedCopies/repeat#37","Elapsed":0}
{"Time":"2026-09-05T23:55:25.920046+09:00","Action":"output","Package":"waiting-room/internal/installplan","Test":"TestReportDeterminismAndOwnedCopies/repeat","Output":"--- PASS: TestReportDeterminismAndOwnedCopies/repeat (0.00s)\n"}
{"Time":"2026-09-05T23:55:25.920049+09:00","Action":"pass","Package":"waiting-room/internal/installplan","Test":"TestReportDeterminismAndOwnedCopies/repeat","Elapsed":0}
{"Time":"2026-09-05T23:55:25.920051+09:00","Action":"output","Package":"waiting-room/internal/installplan","Test":"TestReportDeterminismAndOwnedCopies/repeat#03","Output":"--- PASS: TestReportDeterminismAndOwnedCopies/repeat#03 (0.00s)\n"}
{"Time":"2026-09-05T23:55:25.920053+09:00","Action":"pass","Package":"waiting-room/internal/installplan","Test":"TestReportDeterminismAndOwnedCopies/repeat#03","Elapsed":0}
{"Time":"2026-09-05T23:55:25.920056+09:00","Action":"output","Package":"waiting-room/internal/installplan","Test":"TestReportDeterminismAndOwnedCopies/repeat#34","Output":"--- PASS: TestReportDeterminismAndOwnedCopies/repeat#34 (0.00s)\n"}
{"Time":"2026-09-05T23:55:25.920057+09:00","Action":"pass","Package":"waiting-room/internal/installplan","Test":"TestReportDeterminismAndOwnedCopies/repeat#34","Elapsed":0}
{"Time":"2026-09-05T23:55:25.920058+09:00","Action":"cont","Package":"waiting-room/internal/installplan","Test":"TestReportDeterminismAndOwnedCopies/repeat#32"}
{"Time":"2026-09-05T23:55:25.920059+09:00","Action":"output","Package":"waiting-room/internal/installplan","Test":"TestReportDeterminismAndOwnedCopies/repeat#32","Output":"=== CONT  TestReportDeterminismAndOwnedCopies/repeat#32\n"}
{"Time":"2026-09-05T23:55:25.92006+09:00","Action":"output","Package":"waiting-room/internal/installplan","Test":"TestReportDeterminismAndOwnedCopies/repeat#15","Output":"--- PASS: TestReportDeterminismAndOwnedCopies/repeat#15 (0.00s)\n"}
{"Time":"2026-09-05T23:55:25.920062+09:00","Action":"pass","Package":"waiting-room/internal/installplan","Test":"TestReportDeterminismAndOwnedCopies/repeat#15","Elapsed":0}
{"Time":"2026-09-05T23:55:25.920063+09:00","Action":"output","Package":"waiting-room/internal/installplan","Test":"TestReportDeterminismAndOwnedCopies/repeat#14","Output":"--- PASS: TestReportDeterminismAndOwnedCopies/repeat#14 (0.00s)\n"}
{"Time":"2026-09-05T23:55:25.920064+09:00","Action":"pass","Package":"waiting-room/internal/installplan","Test":"TestReportDeterminismAndOwnedCopies/repeat#14","Elapsed":0}
{"Time":"2026-09-05T23:55:25.920065+09:00","Action":"output","Package":"waiting-room/internal/installplan","Test":"TestReportDeterminismAndOwnedCopies/repeat#17","Output":"--- PASS: TestReportDeterminismAndOwnedCopies/repeat#17 (0.00s)\n"}
{"Time":"2026-09-05T23:55:25.920214+09:00","Action":"pass","Package":"waiting-room/internal/installplan","Test":"TestReportDeterminismAndOwnedCopies/repeat#17","Elapsed":0}
{"Time":"2026-09-05T23:55:25.920219+09:00","Action":"output","Package":"waiting-room/internal/installplan","Test":"TestReportDeterminismAndOwnedCopies/repeat#35","Output":"--- PASS: TestReportDeterminismAndOwnedCopies/repeat#35 (0.00s)\n"}
{"Time":"2026-09-05T23:55:25.920444+09:00","Action":"pass","Package":"waiting-room/internal/installplan","Test":"TestReportDeterminismAndOwnedCopies/repeat#35","Elapsed":0}
{"Time":"2026-09-05T23:55:25.920449+09:00","Action":"output","Package":"waiting-room/internal/installplan","Test":"TestReportDeterminismAndOwnedCopies/repeat#29","Output":"--- PASS: TestReportDeterminismAndOwnedCopies/repeat#29 (0.00s)\n"}
{"Time":"2026-09-05T23:55:25.920461+09:00","Action":"pass","Package":"waiting-room/internal/installplan","Test":"TestReportDeterminismAndOwnedCopies/repeat#29","Elapsed":0}
{"Time":"2026-09-05T23:55:25.920463+09:00","Action":"output","Package":"waiting-room/internal/installplan","Test":"TestReportDeterminismAndOwnedCopies/repeat#04","Output":"--- PASS: TestReportDeterminismAndOwnedCopies/repeat#04 (0.00s)\n"}
{"Time":"2026-09-05T23:55:25.92055+09:00","Action":"pass","Package":"waiting-room/internal/installplan","Test":"TestReportDeterminismAndOwnedCopies/repeat#04","Elapsed":0}
{"Time":"2026-09-05T23:55:25.920554+09:00","Action":"output","Package":"waiting-room/internal/installplan","Test":"TestReportDeterminismAndOwnedCopies/repeat#49","Output":"--- PASS: TestReportDeterminismAndOwnedCopies/repeat#49 (0.00s)\n"}
{"Time":"2026-09-05T23:55:25.920641+09:00","Action":"pass","Package":"waiting-room/internal/installplan","Test":"TestReportDeterminismAndOwnedCopies/repeat#49","Elapsed":0}
{"Time":"2026-09-05T23:55:25.920646+09:00","Action":"output","Package":"waiting-room/internal/installplan","Test":"TestReportDeterminismAndOwnedCopies/repeat#31","Output":"--- PASS: TestReportDeterminismAndOwnedCopies/repeat#31 (0.00s)\n"}
{"Time":"2026-09-05T23:55:25.920686+09:00","Action":"pass","Package":"waiting-room/internal/installplan","Test":"TestReportDeterminismAndOwnedCopies/repeat#31","Elapsed":0}
{"Time":"2026-09-05T23:55:25.92069+09:00","Action":"output","Package":"waiting-room/internal/installplan","Test":"TestReportDeterminismAndOwnedCopies/repeat#28","Output":"--- PASS: TestReportDeterminismAndOwnedCopies/repeat#28 (0.00s)\n"}
{"Time":"2026-09-05T23:55:25.920719+09:00","Action":"pass","Package":"waiting-room/internal/installplan","Test":"TestReportDeterminismAndOwnedCopies/repeat#28","Elapsed":0}
{"Time":"2026-09-05T23:55:25.920724+09:00","Action":"output","Package":"waiting-room/internal/installplan","Test":"TestReportDeterminismAndOwnedCopies/repeat#27","Output":"--- PASS: TestReportDeterminismAndOwnedCopies/repeat#27 (0.00s)\n"}
{"Time":"2026-09-05T23:55:25.920779+09:00","Action":"pass","Package":"waiting-room/internal/installplan","Test":"TestReportDeterminismAndOwnedCopies/repeat#27","Elapsed":0}
{"Time":"2026-09-05T23:55:25.920783+09:00","Action":"output","Package":"waiting-room/internal/installplan","Test":"TestReportDeterminismAndOwnedCopies/repeat#44","Output":"--- PASS: TestReportDeterminismAndOwnedCopies/repeat#44 (0.00s)\n"}
{"Time":"2026-09-05T23:55:25.920873+09:00","Action":"pass","Package":"waiting-room/internal/installplan","Test":"TestReportDeterminismAndOwnedCopies/repeat#44","Elapsed":0}
{"Time":"2026-09-05T23:55:25.920876+09:00","Action":"output","Package":"waiting-room/internal/installplan","Test":"TestReportDeterminismAndOwnedCopies/repeat#32","Output":"--- PASS: TestReportDeterminismAndOwnedCopies/repeat#32 (0.00s)\n"}
{"Time":"2026-09-05T23:55:25.920895+09:00","Action":"pass","Package":"waiting-room/internal/installplan","Test":"TestReportDeterminismAndOwnedCopies/repeat#32","Elapsed":0}
{"Time":"2026-09-05T23:55:25.920897+09:00","Action":"output","Package":"waiting-room/internal/installplan","Test":"TestReportDeterminismAndOwnedCopies","Output":"--- PASS: TestReportDeterminismAndOwnedCopies (0.00s)\n"}
{"Time":"2026-09-05T23:55:25.920915+09:00","Action":"pass","Package":"waiting-room/internal/installplan","Test":"TestReportDeterminismAndOwnedCopies","Elapsed":0}
{"Time":"2026-09-05T23:55:25.920936+09:00","Action":"run","Package":"waiting-room/internal/installplan","Test":"FuzzCostArithmetic"}
{"Time":"2026-09-05T23:55:25.920938+09:00","Action":"output","Package":"waiting-room/internal/installplan","Test":"FuzzCostArithmetic","Output":"=== RUN   FuzzCostArithmetic\n"}
{"Time":"2026-09-05T23:55:25.921011+09:00","Action":"run","Package":"waiting-room/internal/installplan","Test":"FuzzCostArithmetic/seed#0"}
{"Time":"2026-09-05T23:55:25.921014+09:00","Action":"output","Package":"waiting-room/internal/installplan","Test":"FuzzCostArithmetic/seed#0","Output":"=== RUN   FuzzCostArithmetic/seed#0\n"}
{"Time":"2026-09-05T23:55:25.921148+09:00","Action":"output","Package":"waiting-room/internal/installplan","Test":"FuzzCostArithmetic/seed#0","Output":"--- PASS: FuzzCostArithmetic/seed#0 (0.00s)\n"}
{"Time":"2026-09-05T23:55:25.921152+09:00","Action":"pass","Package":"waiting-room/internal/installplan","Test":"FuzzCostArithmetic/seed#0","Elapsed":0}
{"Time":"2026-09-05T23:55:25.92117+09:00","Action":"output","Package":"waiting-room/internal/installplan","Test":"FuzzCostArithmetic","Output":"--- PASS: FuzzCostArithmetic (0.00s)\n"}
{"Time":"2026-09-05T23:55:25.921182+09:00","Action":"pass","Package":"waiting-room/internal/installplan","Test":"FuzzCostArithmetic","Elapsed":0}
{"Time":"2026-09-05T23:55:25.921186+09:00","Action":"run","Package":"waiting-room/internal/installplan","Test":"FuzzDecode"}
{"Time":"2026-09-05T23:55:25.921188+09:00","Action":"output","Package":"waiting-room/internal/installplan","Test":"FuzzDecode","Output":"=== RUN   FuzzDecode\n"}
{"Time":"2026-09-05T23:55:25.921293+09:00","Action":"run","Package":"waiting-room/internal/installplan","Test":"FuzzDecode/seed#0"}
{"Time":"2026-09-05T23:55:25.921296+09:00","Action":"output","Package":"waiting-room/internal/installplan","Test":"FuzzDecode/seed#0","Output":"=== RUN   FuzzDecode/seed#0\n"}
{"Time":"2026-09-05T23:55:25.921443+09:00","Action":"output","Package":"waiting-room/internal/installplan","Test":"FuzzDecode/seed#0","Output":"--- PASS: FuzzDecode/seed#0 (0.00s)\n"}
{"Time":"2026-09-05T23:55:25.921446+09:00","Action":"pass","Package":"waiting-room/internal/installplan","Test":"FuzzDecode/seed#0","Elapsed":0}
{"Time":"2026-09-05T23:55:25.921462+09:00","Action":"run","Package":"waiting-room/internal/installplan","Test":"FuzzDecode/seed#1"}
{"Time":"2026-09-05T23:55:25.921465+09:00","Action":"output","Package":"waiting-room/internal/installplan","Test":"FuzzDecode/seed#1","Output":"=== RUN   FuzzDecode/seed#1\n"}
{"Time":"2026-09-05T23:55:25.921496+09:00","Action":"output","Package":"waiting-room/internal/installplan","Test":"FuzzDecode/seed#1","Output":"--- PASS: FuzzDecode/seed#1 (0.00s)\n"}
{"Time":"2026-09-05T23:55:25.9215+09:00","Action":"pass","Package":"waiting-room/internal/installplan","Test":"FuzzDecode/seed#1","Elapsed":0}
{"Time":"2026-09-05T23:55:25.921513+09:00","Action":"run","Package":"waiting-room/internal/installplan","Test":"FuzzDecode/seed#2"}
{"Time":"2026-09-05T23:55:25.921516+09:00","Action":"output","Package":"waiting-room/internal/installplan","Test":"FuzzDecode/seed#2","Output":"=== RUN   FuzzDecode/seed#2\n"}
{"Time":"2026-09-05T23:55:25.921556+09:00","Action":"output","Package":"waiting-room/internal/installplan","Test":"FuzzDecode/seed#2","Output":"--- PASS: FuzzDecode/seed#2 (0.00s)\n"}
{"Time":"2026-09-05T23:55:25.92156+09:00","Action":"pass","Package":"waiting-room/internal/installplan","Test":"FuzzDecode/seed#2","Elapsed":0}
{"Time":"2026-09-05T23:55:25.92158+09:00","Action":"output","Package":"waiting-room/internal/installplan","Test":"FuzzDecode","Output":"--- PASS: FuzzDecode (0.00s)\n"}
{"Time":"2026-09-05T23:55:25.921591+09:00","Action":"pass","Package":"waiting-room/internal/installplan","Test":"FuzzDecode","Elapsed":0}
{"Time":"2026-09-05T23:55:25.921596+09:00","Action":"run","Package":"waiting-room/internal/installplan","Test":"FuzzReportDecode"}
{"Time":"2026-09-05T23:55:25.921597+09:00","Action":"output","Package":"waiting-room/internal/installplan","Test":"FuzzReportDecode","Output":"=== RUN   FuzzReportDecode\n"}
{"Time":"2026-09-05T23:55:25.921664+09:00","Action":"run","Package":"waiting-room/internal/installplan","Test":"FuzzReportDecode/seed#0"}
{"Time":"2026-09-05T23:55:25.921667+09:00","Action":"output","Package":"waiting-room/internal/installplan","Test":"FuzzReportDecode/seed#0","Output":"=== RUN   FuzzReportDecode/seed#0\n"}
{"Time":"2026-09-05T23:55:25.922615+09:00","Action":"output","Package":"waiting-room/internal/installplan","Test":"FuzzReportDecode/seed#0","Output":"--- PASS: FuzzReportDecode/seed#0 (0.00s)\n"}
{"Time":"2026-09-05T23:55:25.922627+09:00","Action":"pass","Package":"waiting-room/internal/installplan","Test":"FuzzReportDecode/seed#0","Elapsed":0}
{"Time":"2026-09-05T23:55:25.92266+09:00","Action":"run","Package":"waiting-room/internal/installplan","Test":"FuzzReportDecode/seed#1"}
{"Time":"2026-09-05T23:55:25.922667+09:00","Action":"output","Package":"waiting-room/internal/installplan","Test":"FuzzReportDecode/seed#1","Output":"=== RUN   FuzzReportDecode/seed#1\n"}
{"Time":"2026-09-05T23:55:25.922722+09:00","Action":"output","Package":"waiting-room/internal/installplan","Test":"FuzzReportDecode/seed#1","Output":"--- PASS: FuzzReportDecode/seed#1 (0.00s)\n"}
{"Time":"2026-09-05T23:55:25.922727+09:00","Action":"pass","Package":"waiting-room/internal/installplan","Test":"FuzzReportDecode/seed#1","Elapsed":0}
{"Time":"2026-09-05T23:55:25.922743+09:00","Action":"run","Package":"waiting-room/internal/installplan","Test":"FuzzReportDecode/seed#2"}
{"Time":"2026-09-05T23:55:25.922746+09:00","Action":"output","Package":"waiting-room/internal/installplan","Test":"FuzzReportDecode/seed#2","Output":"=== RUN   FuzzReportDecode/seed#2\n"}
{"Time":"2026-09-05T23:55:25.922775+09:00","Action":"output","Package":"waiting-room/internal/installplan","Test":"FuzzReportDecode/seed#2","Output":"--- PASS: FuzzReportDecode/seed#2 (0.00s)\n"}
{"Time":"2026-09-05T23:55:25.922779+09:00","Action":"pass","Package":"waiting-room/internal/installplan","Test":"FuzzReportDecode/seed#2","Elapsed":0}
{"Time":"2026-09-05T23:55:25.922802+09:00","Action":"output","Package":"waiting-room/internal/installplan","Test":"FuzzReportDecode","Output":"--- PASS: FuzzReportDecode (0.00s)\n"}
{"Time":"2026-09-05T23:55:25.922808+09:00","Action":"pass","Package":"waiting-room/internal/installplan","Test":"FuzzReportDecode","Elapsed":0}
{"Time":"2026-09-05T23:55:25.922841+09:00","Action":"output","Package":"waiting-room/internal/installplan","Output":"PASS\n"}
{"Time":"2026-09-05T23:55:26.047393+09:00","Action":"run","Package":"waiting-room/cmd/wrctl","Test":"TestPlanCLI"}
{"Time":"2026-09-05T23:55:26.047411+09:00","Action":"output","Package":"waiting-room/cmd/wrctl","Test":"TestPlanCLI","Output":"=== RUN   TestPlanCLI\n"}
{"Time":"2026-09-05T23:55:26.048641+09:00","Action":"output","Package":"waiting-room/cmd/wrctl","Test":"TestPlanCLI","Output":"--- PASS: TestPlanCLI (0.00s)\n"}
{"Time":"2026-09-05T23:55:26.04865+09:00","Action":"pass","Package":"waiting-room/cmd/wrctl","Test":"TestPlanCLI","Elapsed":0}
{"Time":"2026-09-05T23:55:26.048691+09:00","Action":"run","Package":"waiting-room/cmd/wrctl","Test":"TestCLIRejectsWithoutEcho"}
{"Time":"2026-09-05T23:55:26.048703+09:00","Action":"output","Package":"waiting-room/cmd/wrctl","Test":"TestCLIRejectsWithoutEcho","Output":"=== RUN   TestCLIRejectsWithoutEcho\n"}
{"Time":"2026-09-05T23:55:26.04876+09:00","Action":"output","Package":"waiting-room/cmd/wrctl","Test":"TestCLIRejectsWithoutEcho","Output":"--- PASS: TestCLIRejectsWithoutEcho (0.00s)\n"}
{"Time":"2026-09-05T23:55:26.048768+09:00","Action":"pass","Package":"waiting-room/cmd/wrctl","Test":"TestCLIRejectsWithoutEcho","Elapsed":0}
{"Time":"2026-09-05T23:55:26.048779+09:00","Action":"run","Package":"waiting-room/cmd/wrctl","Test":"TestReportCLI"}
{"Time":"2026-09-05T23:55:26.048785+09:00","Action":"output","Package":"waiting-room/cmd/wrctl","Test":"TestReportCLI","Output":"=== RUN   TestReportCLI\n"}
{"Time":"2026-09-05T23:55:26.050826+09:00","Action":"output","Package":"waiting-room/cmd/wrctl","Test":"TestReportCLI","Output":"--- PASS: TestReportCLI (0.00s)\n"}
{"Time":"2026-09-05T23:55:26.05083+09:00","Action":"pass","Package":"waiting-room/cmd/wrctl","Test":"TestReportCLI","Elapsed":0}
{"Time":"2026-09-05T23:55:26.050839+09:00","Action":"run","Package":"waiting-room/cmd/wrctl","Test":"TestEstimateCLI"}
{"Time":"2026-09-05T23:55:26.05084+09:00","Action":"output","Package":"waiting-room/cmd/wrctl","Test":"TestEstimateCLI","Output":"=== RUN   TestEstimateCLI\n"}
{"Time":"2026-09-05T23:55:26.051862+09:00","Action":"output","Package":"waiting-room/cmd/wrctl","Test":"TestEstimateCLI","Output":"--- PASS: TestEstimateCLI (0.00s)\n"}
{"Time":"2026-09-05T23:55:26.051877+09:00","Action":"pass","Package":"waiting-room/cmd/wrctl","Test":"TestEstimateCLI","Elapsed":0}
{"Time":"2026-09-05T23:55:26.051885+09:00","Action":"run","Package":"waiting-room/cmd/wrctl","Test":"TestCLIIOErrors"}
{"Time":"2026-09-05T23:55:26.051887+09:00","Action":"output","Package":"waiting-room/cmd/wrctl","Test":"TestCLIIOErrors","Output":"=== RUN   TestCLIIOErrors\n"}
{"Time":"2026-09-05T23:55:26.052344+09:00","Action":"output","Package":"waiting-room/cmd/wrctl","Test":"TestCLIIOErrors","Output":"--- PASS: TestCLIIOErrors (0.00s)\n"}
{"Time":"2026-09-05T23:55:26.05235+09:00","Action":"pass","Package":"waiting-room/cmd/wrctl","Test":"TestCLIIOErrors","Elapsed":0}
{"Time":"2026-09-05T23:55:26.052362+09:00","Action":"output","Package":"waiting-room/cmd/wrctl","Output":"PASS\n"}
{"Time":"2026-09-05T23:55:26.232014+09:00","Action":"run","Package":"waiting-room/internal/installplan/preview","Test":"TestPreviewHTTPBoundary"}
{"Time":"2026-09-05T23:55:26.232031+09:00","Action":"output","Package":"waiting-room/internal/installplan/preview","Test":"TestPreviewHTTPBoundary","Output":"=== RUN   TestPreviewHTTPBoundary\n"}
{"Time":"2026-09-05T23:55:26.232164+09:00","Action":"run","Package":"waiting-room/internal/installplan/preview","Test":"TestPreviewHTTPBoundary/plan/valid"}
{"Time":"2026-09-05T23:55:26.232168+09:00","Action":"output","Package":"waiting-room/internal/installplan/preview","Test":"TestPreviewHTTPBoundary/plan/valid","Output":"=== RUN   TestPreviewHTTPBoundary/plan/valid\n"}
{"Time":"2026-09-05T23:55:26.233197+09:00","Action":"output","Package":"waiting-room/internal/installplan/preview","Test":"TestPreviewHTTPBoundary/plan/valid","Output":"--- PASS: TestPreviewHTTPBoundary/plan/valid (0.00s)\n"}
{"Time":"2026-09-05T23:55:26.233226+09:00","Action":"pass","Package":"waiting-room/internal/installplan/preview","Test":"TestPreviewHTTPBoundary/plan/valid","Elapsed":0}
{"Time":"2026-09-05T23:55:26.23323+09:00","Action":"run","Package":"waiting-room/internal/installplan/preview","Test":"TestPreviewHTTPBoundary/plan/origin"}
{"Time":"2026-09-05T23:55:26.233231+09:00","Action":"output","Package":"waiting-room/internal/installplan/preview","Test":"TestPreviewHTTPBoundary/plan/origin","Output":"=== RUN   TestPreviewHTTPBoundary/plan/origin\n"}
{"Time":"2026-09-05T23:55:26.233292+09:00","Action":"output","Package":"waiting-room/internal/installplan/preview","Test":"TestPreviewHTTPBoundary/plan/origin","Output":"--- PASS: TestPreviewHTTPBoundary/plan/origin (0.00s)\n"}
{"Time":"2026-09-05T23:55:26.233297+09:00","Action":"pass","Package":"waiting-room/internal/installplan/preview","Test":"TestPreviewHTTPBoundary/plan/origin","Elapsed":0}
{"Time":"2026-09-05T23:55:26.233312+09:00","Action":"run","Package":"waiting-room/internal/installplan/preview","Test":"TestPreviewHTTPBoundary/plan/duplicate-origin"}
{"Time":"2026-09-05T23:55:26.233316+09:00","Action":"output","Package":"waiting-room/internal/installplan/preview","Test":"TestPreviewHTTPBoundary/plan/duplicate-origin","Output":"=== RUN   TestPreviewHTTPBoundary/plan/duplicate-origin\n"}
{"Time":"2026-09-05T23:55:26.23337+09:00","Action":"output","Package":"waiting-room/internal/installplan/preview","Test":"TestPreviewHTTPBoundary/plan/duplicate-origin","Output":"--- PASS: TestPreviewHTTPBoundary/plan/duplicate-origin (0.00s)\n"}
{"Time":"2026-09-05T23:55:26.233378+09:00","Action":"pass","Package":"waiting-room/internal/installplan/preview","Test":"TestPreviewHTTPBoundary/plan/duplicate-origin","Elapsed":0}
{"Time":"2026-09-05T23:55:26.233381+09:00","Action":"run","Package":"waiting-room/internal/installplan/preview","Test":"TestPreviewHTTPBoundary/plan/host"}
{"Time":"2026-09-05T23:55:26.233383+09:00","Action":"output","Package":"waiting-room/internal/installplan/preview","Test":"TestPreviewHTTPBoundary/plan/host","Output":"=== RUN   TestPreviewHTTPBoundary/plan/host\n"}
{"Time":"2026-09-05T23:55:26.233421+09:00","Action":"output","Package":"waiting-room/internal/installplan/preview","Test":"TestPreviewHTTPBoundary/plan/host","Output":"--- PASS: TestPreviewHTTPBoundary/plan/host (0.00s)\n"}
{"Time":"2026-09-05T23:55:26.233427+09:00","Action":"pass","Package":"waiting-room/internal/installplan/preview","Test":"TestPreviewHTTPBoundary/plan/host","Elapsed":0}
{"Time":"2026-09-05T23:55:26.233433+09:00","Action":"run","Package":"waiting-room/internal/installplan/preview","Test":"TestPreviewHTTPBoundary/plan/remote"}
{"Time":"2026-09-05T23:55:26.233434+09:00","Action":"output","Package":"waiting-room/internal/installplan/preview","Test":"TestPreviewHTTPBoundary/plan/remote","Output":"=== RUN   TestPreviewHTTPBoundary/plan/remote\n"}
{"Time":"2026-09-05T23:55:26.233487+09:00","Action":"output","Package":"waiting-room/internal/installplan/preview","Test":"TestPreviewHTTPBoundary/plan/remote","Output":"--- PASS: TestPreviewHTTPBoundary/plan/remote (0.00s)\n"}
{"Time":"2026-09-05T23:55:26.233491+09:00","Action":"pass","Package":"waiting-room/internal/installplan/preview","Test":"TestPreviewHTTPBoundary/plan/remote","Elapsed":0}
{"Time":"2026-09-05T23:55:26.233494+09:00","Action":"run","Package":"waiting-room/internal/installplan/preview","Test":"TestPreviewHTTPBoundary/plan/content-type"}
{"Time":"2026-09-05T23:55:26.233496+09:00","Action":"output","Package":"waiting-room/internal/installplan/preview","Test":"TestPreviewHTTPBoundary/plan/content-type","Output":"=== RUN   TestPreviewHTTPBoundary/plan/content-type\n"}
{"Time":"2026-09-05T23:55:26.233537+09:00","Action":"output","Package":"waiting-room/internal/installplan/preview","Test":"TestPreviewHTTPBoundary/plan/content-type","Output":"--- PASS: TestPreviewHTTPBoundary/plan/content-type (0.00s)\n"}
{"Time":"2026-09-05T23:55:26.233541+09:00","Action":"pass","Package":"waiting-room/internal/installplan/preview","Test":"TestPreviewHTTPBoundary/plan/content-type","Elapsed":0}
{"Time":"2026-09-05T23:55:26.233548+09:00","Action":"run","Package":"waiting-room/internal/installplan/preview","Test":"TestPreviewHTTPBoundary/plan/marker"}
{"Time":"2026-09-05T23:55:26.23355+09:00","Action":"output","Package":"waiting-room/internal/installplan/preview","Test":"TestPreviewHTTPBoundary/plan/marker","Output":"=== RUN   TestPreviewHTTPBoundary/plan/marker\n"}
{"Time":"2026-09-05T23:55:26.233594+09:00","Action":"output","Package":"waiting-room/internal/installplan/preview","Test":"TestPreviewHTTPBoundary/plan/marker","Output":"--- PASS: TestPreviewHTTPBoundary/plan/marker (0.00s)\n"}
{"Time":"2026-09-05T23:55:26.2336+09:00","Action":"pass","Package":"waiting-room/internal/installplan/preview","Test":"TestPreviewHTTPBoundary/plan/marker","Elapsed":0}
{"Time":"2026-09-05T23:55:26.233611+09:00","Action":"run","Package":"waiting-room/internal/installplan/preview","Test":"TestPreviewHTTPBoundary/plan/cookie"}
{"Time":"2026-09-05T23:55:26.233614+09:00","Action":"output","Package":"waiting-room/internal/installplan/preview","Test":"TestPreviewHTTPBoundary/plan/cookie","Output":"=== RUN   TestPreviewHTTPBoundary/plan/cookie\n"}
{"Time":"2026-09-05T23:55:26.233659+09:00","Action":"output","Package":"waiting-room/internal/installplan/preview","Test":"TestPreviewHTTPBoundary/plan/cookie","Output":"--- PASS: TestPreviewHTTPBoundary/plan/cookie (0.00s)\n"}
{"Time":"2026-09-05T23:55:26.233667+09:00","Action":"pass","Package":"waiting-room/internal/installplan/preview","Test":"TestPreviewHTTPBoundary/plan/cookie","Elapsed":0}
{"Time":"2026-09-05T23:55:26.233675+09:00","Action":"run","Package":"waiting-room/internal/installplan/preview","Test":"TestPreviewHTTPBoundary/plan/auth"}
{"Time":"2026-09-05T23:55:26.233677+09:00","Action":"output","Package":"waiting-room/internal/installplan/preview","Test":"TestPreviewHTTPBoundary/plan/auth","Output":"=== RUN   TestPreviewHTTPBoundary/plan/auth\n"}
{"Time":"2026-09-05T23:55:26.233742+09:00","Action":"output","Package":"waiting-room/internal/installplan/preview","Test":"TestPreviewHTTPBoundary/plan/auth","Output":"--- PASS: TestPreviewHTTPBoundary/plan/auth (0.00s)\n"}
{"Time":"2026-09-05T23:55:26.233746+09:00","Action":"pass","Package":"waiting-room/internal/installplan/preview","Test":"TestPreviewHTTPBoundary/plan/auth","Elapsed":0}
{"Time":"2026-09-05T23:55:26.233757+09:00","Action":"run","Package":"waiting-room/internal/installplan/preview","Test":"TestPreviewHTTPBoundary/plan/query"}
{"Time":"2026-09-05T23:55:26.233758+09:00","Action":"output","Package":"waiting-room/internal/installplan/preview","Test":"TestPreviewHTTPBoundary/plan/query","Output":"=== RUN   TestPreviewHTTPBoundary/plan/query\n"}
{"Time":"2026-09-05T23:55:26.233852+09:00","Action":"output","Package":"waiting-room/internal/installplan/preview","Test":"TestPreviewHTTPBoundary/plan/query","Output":"--- PASS: TestPreviewHTTPBoundary/plan/query (0.00s)\n"}
{"Time":"2026-09-05T23:55:26.233863+09:00","Action":"pass","Package":"waiting-room/internal/installplan/preview","Test":"TestPreviewHTTPBoundary/plan/query","Elapsed":0}
{"Time":"2026-09-05T23:55:26.23388+09:00","Action":"run","Package":"waiting-room/internal/installplan/preview","Test":"TestPreviewHTTPBoundary/plan/method"}
{"Time":"2026-09-05T23:55:26.233882+09:00","Action":"output","Package":"waiting-room/internal/installplan/preview","Test":"TestPreviewHTTPBoundary/plan/method","Output":"=== RUN   TestPreviewHTTPBoundary/plan/method\n"}
{"Time":"2026-09-05T23:55:26.233943+09:00","Action":"output","Package":"waiting-room/internal/installplan/preview","Test":"TestPreviewHTTPBoundary/plan/method","Output":"--- PASS: TestPreviewHTTPBoundary/plan/method (0.00s)\n"}
{"Time":"2026-09-05T23:55:26.233946+09:00","Action":"pass","Package":"waiting-room/internal/installplan/preview","Test":"TestPreviewHTTPBoundary/plan/method","Elapsed":0}
{"Time":"2026-09-05T23:55:26.233957+09:00","Action":"run","Package":"waiting-room/internal/installplan/preview","Test":"TestPreviewHTTPBoundary/plan/invalid"}
{"Time":"2026-09-05T23:55:26.233959+09:00","Action":"output","Package":"waiting-room/internal/installplan/preview","Test":"TestPreviewHTTPBoundary/plan/invalid","Output":"=== RUN   TestPreviewHTTPBoundary/plan/invalid\n"}
{"Time":"2026-09-05T23:55:26.234027+09:00","Action":"output","Package":"waiting-room/internal/installplan/preview","Test":"TestPreviewHTTPBoundary/plan/invalid","Output":"--- PASS: TestPreviewHTTPBoundary/plan/invalid (0.00s)\n"}
{"Time":"2026-09-05T23:55:26.234034+09:00","Action":"pass","Package":"waiting-room/internal/installplan/preview","Test":"TestPreviewHTTPBoundary/plan/invalid","Elapsed":0}
{"Time":"2026-09-05T23:55:26.234042+09:00","Action":"run","Package":"waiting-room/internal/installplan/preview","Test":"TestPreviewHTTPBoundary/plan/large"}
{"Time":"2026-09-05T23:55:26.234047+09:00","Action":"output","Package":"waiting-room/internal/installplan/preview","Test":"TestPreviewHTTPBoundary/plan/large","Output":"=== RUN   TestPreviewHTTPBoundary/plan/large\n"}
{"Time":"2026-09-05T23:55:26.234147+09:00","Action":"output","Package":"waiting-room/internal/installplan/preview","Test":"TestPreviewHTTPBoundary/plan/large","Output":"--- PASS: TestPreviewHTTPBoundary/plan/large (0.00s)\n"}
{"Time":"2026-09-05T23:55:26.234152+09:00","Action":"pass","Package":"waiting-room/internal/installplan/preview","Test":"TestPreviewHTTPBoundary/plan/large","Elapsed":0}
{"Time":"2026-09-05T23:55:26.234207+09:00","Action":"run","Package":"waiting-room/internal/installplan/preview","Test":"TestPreviewHTTPBoundary/estimate/valid"}
{"Time":"2026-09-05T23:55:26.234211+09:00","Action":"output","Package":"waiting-room/internal/installplan/preview","Test":"TestPreviewHTTPBoundary/estimate/valid","Output":"=== RUN   TestPreviewHTTPBoundary/estimate/valid\n"}
{"Time":"2026-09-05T23:55:26.23506+09:00","Action":"output","Package":"waiting-room/internal/installplan/preview","Test":"TestPreviewHTTPBoundary/estimate/valid","Output":"--- PASS: TestPreviewHTTPBoundary/estimate/valid (0.00s)\n"}
{"Time":"2026-09-05T23:55:26.235064+09:00","Action":"pass","Package":"waiting-room/internal/installplan/preview","Test":"TestPreviewHTTPBoundary/estimate/valid","Elapsed":0}
{"Time":"2026-09-05T23:55:26.235077+09:00","Action":"run","Package":"waiting-room/internal/installplan/preview","Test":"TestPreviewHTTPBoundary/estimate/origin"}
{"Time":"2026-09-05T23:55:26.235079+09:00","Action":"output","Package":"waiting-room/internal/installplan/preview","Test":"TestPreviewHTTPBoundary/estimate/origin","Output":"=== RUN   TestPreviewHTTPBoundary/estimate/origin\n"}
{"Time":"2026-09-05T23:55:26.235124+09:00","Action":"output","Package":"waiting-room/internal/installplan/preview","Test":"TestPreviewHTTPBoundary/estimate/origin","Output":"--- PASS: TestPreviewHTTPBoundary/estimate/origin (0.00s)\n"}
{"Time":"2026-09-05T23:55:26.235129+09:00","Action":"pass","Package":"waiting-room/internal/installplan/preview","Test":"TestPreviewHTTPBoundary/estimate/origin","Elapsed":0}
{"Time":"2026-09-05T23:55:26.235147+09:00","Action":"run","Package":"waiting-room/internal/installplan/preview","Test":"TestPreviewHTTPBoundary/estimate/duplicate-origin"}
{"Time":"2026-09-05T23:55:26.235149+09:00","Action":"output","Package":"waiting-room/internal/installplan/preview","Test":"TestPreviewHTTPBoundary/estimate/duplicate-origin","Output":"=== RUN   TestPreviewHTTPBoundary/estimate/duplicate-origin\n"}
{"Time":"2026-09-05T23:55:26.235192+09:00","Action":"output","Package":"waiting-room/internal/installplan/preview","Test":"TestPreviewHTTPBoundary/estimate/duplicate-origin","Output":"--- PASS: TestPreviewHTTPBoundary/estimate/duplicate-origin (0.00s)\n"}
{"Time":"2026-09-05T23:55:26.235197+09:00","Action":"pass","Package":"waiting-room/internal/installplan/preview","Test":"TestPreviewHTTPBoundary/estimate/duplicate-origin","Elapsed":0}
{"Time":"2026-09-05T23:55:26.235205+09:00","Action":"run","Package":"waiting-room/internal/installplan/preview","Test":"TestPreviewHTTPBoundary/estimate/host"}
{"Time":"2026-09-05T23:55:26.235207+09:00","Action":"output","Package":"waiting-room/internal/installplan/preview","Test":"TestPreviewHTTPBoundary/estimate/host","Output":"=== RUN   TestPreviewHTTPBoundary/estimate/host\n"}
{"Time":"2026-09-05T23:55:26.23525+09:00","Action":"output","Package":"waiting-room/internal/installplan/preview","Test":"TestPreviewHTTPBoundary/estimate/host","Output":"--- PASS: TestPreviewHTTPBoundary/estimate/host (0.00s)\n"}
{"Time":"2026-09-05T23:55:26.235257+09:00","Action":"pass","Package":"waiting-room/internal/installplan/preview","Test":"TestPreviewHTTPBoundary/estimate/host","Elapsed":0}
{"Time":"2026-09-05T23:55:26.235268+09:00","Action":"run","Package":"waiting-room/internal/installplan/preview","Test":"TestPreviewHTTPBoundary/estimate/remote"}
{"Time":"2026-09-05T23:55:26.235269+09:00","Action":"output","Package":"waiting-room/internal/installplan/preview","Test":"TestPreviewHTTPBoundary/estimate/remote","Output":"=== RUN   TestPreviewHTTPBoundary/estimate/remote\n"}
{"Time":"2026-09-05T23:55:26.235308+09:00","Action":"output","Package":"waiting-room/internal/installplan/preview","Test":"TestPreviewHTTPBoundary/estimate/remote","Output":"--- PASS: TestPreviewHTTPBoundary/estimate/remote (0.00s)\n"}
{"Time":"2026-09-05T23:55:26.235314+09:00","Action":"pass","Package":"waiting-room/internal/installplan/preview","Test":"TestPreviewHTTPBoundary/estimate/remote","Elapsed":0}
{"Time":"2026-09-05T23:55:26.235352+09:00","Action":"run","Package":"waiting-room/internal/installplan/preview","Test":"TestPreviewHTTPBoundary/estimate/content-type"}
{"Time":"2026-09-05T23:55:26.235357+09:00","Action":"output","Package":"waiting-room/internal/installplan/preview","Test":"TestPreviewHTTPBoundary/estimate/content-type","Output":"=== RUN   TestPreviewHTTPBoundary/estimate/content-type\n"}
{"Time":"2026-09-05T23:55:26.235407+09:00","Action":"output","Package":"waiting-room/internal/installplan/preview","Test":"TestPreviewHTTPBoundary/estimate/content-type","Output":"--- PASS: TestPreviewHTTPBoundary/estimate/content-type (0.00s)\n"}
{"Time":"2026-09-05T23:55:26.235412+09:00","Action":"pass","Package":"waiting-room/internal/installplan/preview","Test":"TestPreviewHTTPBoundary/estimate/content-type","Elapsed":0}
{"Time":"2026-09-05T23:55:26.235422+09:00","Action":"run","Package":"waiting-room/internal/installplan/preview","Test":"TestPreviewHTTPBoundary/estimate/marker"}
{"Time":"2026-09-05T23:55:26.235424+09:00","Action":"output","Package":"waiting-room/internal/installplan/preview","Test":"TestPreviewHTTPBoundary/estimate/marker","Output":"=== RUN   TestPreviewHTTPBoundary/estimate/marker\n"}
{"Time":"2026-09-05T23:55:26.235464+09:00","Action":"output","Package":"waiting-room/internal/installplan/preview","Test":"TestPreviewHTTPBoundary/estimate/marker","Output":"--- PASS: TestPreviewHTTPBoundary/estimate/marker (0.00s)\n"}
{"Time":"2026-09-05T23:55:26.235468+09:00","Action":"pass","Package":"waiting-room/internal/installplan/preview","Test":"TestPreviewHTTPBoundary/estimate/marker","Elapsed":0}
{"Time":"2026-09-05T23:55:26.235488+09:00","Action":"run","Package":"waiting-room/internal/installplan/preview","Test":"TestPreviewHTTPBoundary/estimate/cookie"}
{"Time":"2026-09-05T23:55:26.235494+09:00","Action":"output","Package":"waiting-room/internal/installplan/preview","Test":"TestPreviewHTTPBoundary/estimate/cookie","Output":"=== RUN   TestPreviewHTTPBoundary/estimate/cookie\n"}
{"Time":"2026-09-05T23:55:26.235524+09:00","Action":"output","Package":"waiting-room/internal/installplan/preview","Test":"TestPreviewHTTPBoundary/estimate/cookie","Output":"--- PASS: TestPreviewHTTPBoundary/estimate/cookie (0.00s)\n"}
{"Time":"2026-09-05T23:55:26.235564+09:00","Action":"pass","Package":"waiting-room/internal/installplan/preview","Test":"TestPreviewHTTPBoundary/estimate/cookie","Elapsed":0}
{"Time":"2026-09-05T23:55:26.235585+09:00","Action":"run","Package":"waiting-room/internal/installplan/preview","Test":"TestPreviewHTTPBoundary/estimate/auth"}
{"Time":"2026-09-05T23:55:26.235588+09:00","Action":"output","Package":"waiting-room/internal/installplan/preview","Test":"TestPreviewHTTPBoundary/estimate/auth","Output":"=== RUN   TestPreviewHTTPBoundary/estimate/auth\n"}
{"Time":"2026-09-05T23:55:26.235656+09:00","Action":"output","Package":"waiting-room/internal/installplan/preview","Test":"TestPreviewHTTPBoundary/estimate/auth","Output":"--- PASS: TestPreviewHTTPBoundary/estimate/auth (0.00s)\n"}
{"Time":"2026-09-05T23:55:26.235664+09:00","Action":"pass","Package":"waiting-room/internal/installplan/preview","Test":"TestPreviewHTTPBoundary/estimate/auth","Elapsed":0}
{"Time":"2026-09-05T23:55:26.235675+09:00","Action":"run","Package":"waiting-room/internal/installplan/preview","Test":"TestPreviewHTTPBoundary/estimate/query"}
{"Time":"2026-09-05T23:55:26.235678+09:00","Action":"output","Package":"waiting-room/internal/installplan/preview","Test":"TestPreviewHTTPBoundary/estimate/query","Output":"=== RUN   TestPreviewHTTPBoundary/estimate/query\n"}
{"Time":"2026-09-05T23:55:26.23573+09:00","Action":"output","Package":"waiting-room/internal/installplan/preview","Test":"TestPreviewHTTPBoundary/estimate/query","Output":"--- PASS: TestPreviewHTTPBoundary/estimate/query (0.00s)\n"}
{"Time":"2026-09-05T23:55:26.235787+09:00","Action":"pass","Package":"waiting-room/internal/installplan/preview","Test":"TestPreviewHTTPBoundary/estimate/query","Elapsed":0}
{"Time":"2026-09-05T23:55:26.235839+09:00","Action":"run","Package":"waiting-room/internal/installplan/preview","Test":"TestPreviewHTTPBoundary/estimate/method"}
{"Time":"2026-09-05T23:55:26.235843+09:00","Action":"output","Package":"waiting-room/internal/installplan/preview","Test":"TestPreviewHTTPBoundary/estimate/method","Output":"=== RUN   TestPreviewHTTPBoundary/estimate/method\n"}
{"Time":"2026-09-05T23:55:26.235965+09:00","Action":"output","Package":"waiting-room/internal/installplan/preview","Test":"TestPreviewHTTPBoundary/estimate/method","Output":"--- PASS: TestPreviewHTTPBoundary/estimate/method (0.00s)\n"}
{"Time":"2026-09-05T23:55:26.235981+09:00","Action":"pass","Package":"waiting-room/internal/installplan/preview","Test":"TestPreviewHTTPBoundary/estimate/method","Elapsed":0}
{"Time":"2026-09-05T23:55:26.236+09:00","Action":"run","Package":"waiting-room/internal/installplan/preview","Test":"TestPreviewHTTPBoundary/estimate/invalid"}
{"Time":"2026-09-05T23:55:26.236002+09:00","Action":"output","Package":"waiting-room/internal/installplan/preview","Test":"TestPreviewHTTPBoundary/estimate/invalid","Output":"=== RUN   TestPreviewHTTPBoundary/estimate/invalid\n"}
{"Time":"2026-09-05T23:55:26.236136+09:00","Action":"output","Package":"waiting-room/internal/installplan/preview","Test":"TestPreviewHTTPBoundary/estimate/invalid","Output":"--- PASS: TestPreviewHTTPBoundary/estimate/invalid (0.00s)\n"}
{"Time":"2026-09-05T23:55:26.236155+09:00","Action":"pass","Package":"waiting-room/internal/installplan/preview","Test":"TestPreviewHTTPBoundary/estimate/invalid","Elapsed":0}
{"Time":"2026-09-05T23:55:26.236173+09:00","Action":"run","Package":"waiting-room/internal/installplan/preview","Test":"TestPreviewHTTPBoundary/estimate/large"}
{"Time":"2026-09-05T23:55:26.236175+09:00","Action":"output","Package":"waiting-room/internal/installplan/preview","Test":"TestPreviewHTTPBoundary/estimate/large","Output":"=== RUN   TestPreviewHTTPBoundary/estimate/large\n"}
{"Time":"2026-09-05T23:55:26.236359+09:00","Action":"output","Package":"waiting-room/internal/installplan/preview","Test":"TestPreviewHTTPBoundary/estimate/large","Output":"--- PASS: TestPreviewHTTPBoundary/estimate/large (0.00s)\n"}
{"Time":"2026-09-05T23:55:26.236372+09:00","Action":"pass","Package":"waiting-room/internal/installplan/preview","Test":"TestPreviewHTTPBoundary/estimate/large","Elapsed":0}
{"Time":"2026-09-05T23:55:26.236491+09:00","Action":"run","Package":"waiting-room/internal/installplan/preview","Test":"TestPreviewHTTPBoundary/report/valid"}
{"Time":"2026-09-05T23:55:26.236495+09:00","Action":"output","Package":"waiting-room/internal/installplan/preview","Test":"TestPreviewHTTPBoundary/report/valid","Output":"=== RUN   TestPreviewHTTPBoundary/report/valid\n"}
{"Time":"2026-09-05T23:55:26.238939+09:00","Action":"output","Package":"waiting-room/internal/installplan/preview","Test":"TestPreviewHTTPBoundary/report/valid","Output":"--- PASS: TestPreviewHTTPBoundary/report/valid (0.00s)\n"}
{"Time":"2026-09-05T23:55:26.238952+09:00","Action":"pass","Package":"waiting-room/internal/installplan/preview","Test":"TestPreviewHTTPBoundary/report/valid","Elapsed":0}
{"Time":"2026-09-05T23:55:26.23897+09:00","Action":"run","Package":"waiting-room/internal/installplan/preview","Test":"TestPreviewHTTPBoundary/report/origin"}
{"Time":"2026-09-05T23:55:26.238972+09:00","Action":"output","Package":"waiting-room/internal/installplan/preview","Test":"TestPreviewHTTPBoundary/report/origin","Output":"=== RUN   TestPreviewHTTPBoundary/report/origin\n"}
{"Time":"2026-09-05T23:55:26.23904+09:00","Action":"output","Package":"waiting-room/internal/installplan/preview","Test":"TestPreviewHTTPBoundary/report/origin","Output":"--- PASS: TestPreviewHTTPBoundary/report/origin (0.00s)\n"}
{"Time":"2026-09-05T23:55:26.239052+09:00","Action":"pass","Package":"waiting-room/internal/installplan/preview","Test":"TestPreviewHTTPBoundary/report/origin","Elapsed":0}
{"Time":"2026-09-05T23:55:26.239073+09:00","Action":"run","Package":"waiting-room/internal/installplan/preview","Test":"TestPreviewHTTPBoundary/report/duplicate-origin"}
{"Time":"2026-09-05T23:55:26.239075+09:00","Action":"output","Package":"waiting-room/internal/installplan/preview","Test":"TestPreviewHTTPBoundary/report/duplicate-origin","Output":"=== RUN   TestPreviewHTTPBoundary/report/duplicate-origin\n"}
{"Time":"2026-09-05T23:55:26.239146+09:00","Action":"output","Package":"waiting-room/internal/installplan/preview","Test":"TestPreviewHTTPBoundary/report/duplicate-origin","Output":"--- PASS: TestPreviewHTTPBoundary/report/duplicate-origin (0.00s)\n"}
{"Time":"2026-09-05T23:55:26.239168+09:00","Action":"pass","Package":"waiting-room/internal/installplan/preview","Test":"TestPreviewHTTPBoundary/report/duplicate-origin","Elapsed":0}
{"Time":"2026-09-05T23:55:26.239172+09:00","Action":"run","Package":"waiting-room/internal/installplan/preview","Test":"TestPreviewHTTPBoundary/report/host"}
{"Time":"2026-09-05T23:55:26.239173+09:00","Action":"output","Package":"waiting-room/internal/installplan/preview","Test":"TestPreviewHTTPBoundary/report/host","Output":"=== RUN   TestPreviewHTTPBoundary/report/host\n"}
{"Time":"2026-09-05T23:55:26.239236+09:00","Action":"output","Package":"waiting-room/internal/installplan/preview","Test":"TestPreviewHTTPBoundary/report/host","Output":"--- PASS: TestPreviewHTTPBoundary/report/host (0.00s)\n"}
{"Time":"2026-09-05T23:55:26.239249+09:00","Action":"pass","Package":"waiting-room/internal/installplan/preview","Test":"TestPreviewHTTPBoundary/report/host","Elapsed":0}
{"Time":"2026-09-05T23:55:26.239255+09:00","Action":"run","Package":"waiting-room/internal/installplan/preview","Test":"TestPreviewHTTPBoundary/report/remote"}
{"Time":"2026-09-05T23:55:26.239257+09:00","Action":"output","Package":"waiting-room/internal/installplan/preview","Test":"TestPreviewHTTPBoundary/report/remote","Output":"=== RUN   TestPreviewHTTPBoundary/report/remote\n"}
{"Time":"2026-09-05T23:55:26.239322+09:00","Action":"output","Package":"waiting-room/internal/installplan/preview","Test":"TestPreviewHTTPBoundary/report/remote","Output":"--- PASS: TestPreviewHTTPBoundary/report/remote (0.00s)\n"}
{"Time":"2026-09-05T23:55:26.239327+09:00","Action":"pass","Package":"waiting-room/internal/installplan/preview","Test":"TestPreviewHTTPBoundary/report/remote","Elapsed":0}
{"Time":"2026-09-05T23:55:26.239343+09:00","Action":"run","Package":"waiting-room/internal/installplan/preview","Test":"TestPreviewHTTPBoundary/report/content-type"}
{"Time":"2026-09-05T23:55:26.239345+09:00","Action":"output","Package":"waiting-room/internal/installplan/preview","Test":"TestPreviewHTTPBoundary/report/content-type","Output":"=== RUN   TestPreviewHTTPBoundary/report/content-type\n"}
{"Time":"2026-09-05T23:55:26.239406+09:00","Action":"output","Package":"waiting-room/internal/installplan/preview","Test":"TestPreviewHTTPBoundary/report/content-type","Output":"--- PASS: TestPreviewHTTPBoundary/report/content-type (0.00s)\n"}
{"Time":"2026-09-05T23:55:26.239419+09:00","Action":"pass","Package":"waiting-room/internal/installplan/preview","Test":"TestPreviewHTTPBoundary/report/content-type","Elapsed":0}
{"Time":"2026-09-05T23:55:26.239424+09:00","Action":"run","Package":"waiting-room/internal/installplan/preview","Test":"TestPreviewHTTPBoundary/report/marker"}
{"Time":"2026-09-05T23:55:26.239425+09:00","Action":"output","Package":"waiting-room/internal/installplan/preview","Test":"TestPreviewHTTPBoundary/report/marker","Output":"=== RUN   TestPreviewHTTPBoundary/report/marker\n"}
{"Time":"2026-09-05T23:55:26.239493+09:00","Action":"output","Package":"waiting-room/internal/installplan/preview","Test":"TestPreviewHTTPBoundary/report/marker","Output":"--- PASS: TestPreviewHTTPBoundary/report/marker (0.00s)\n"}
{"Time":"2026-09-05T23:55:26.239498+09:00","Action":"pass","Package":"waiting-room/internal/installplan/preview","Test":"TestPreviewHTTPBoundary/report/marker","Elapsed":0}
{"Time":"2026-09-05T23:55:26.239513+09:00","Action":"run","Package":"waiting-room/internal/installplan/preview","Test":"TestPreviewHTTPBoundary/report/cookie"}
{"Time":"2026-09-05T23:55:26.239517+09:00","Action":"output","Package":"waiting-room/internal/installplan/preview","Test":"TestPreviewHTTPBoundary/report/cookie","Output":"=== RUN   TestPreviewHTTPBoundary/report/cookie\n"}
{"Time":"2026-09-05T23:55:26.239579+09:00","Action":"output","Package":"waiting-room/internal/installplan/preview","Test":"TestPreviewHTTPBoundary/report/cookie","Output":"--- PASS: TestPreviewHTTPBoundary/report/cookie (0.00s)\n"}
{"Time":"2026-09-05T23:55:26.239584+09:00","Action":"pass","Package":"waiting-room/internal/installplan/preview","Test":"TestPreviewHTTPBoundary/report/cookie","Elapsed":0}
{"Time":"2026-09-05T23:55:26.239603+09:00","Action":"run","Package":"waiting-room/internal/installplan/preview","Test":"TestPreviewHTTPBoundary/report/auth"}
{"Time":"2026-09-05T23:55:26.239606+09:00","Action":"output","Package":"waiting-room/internal/installplan/preview","Test":"TestPreviewHTTPBoundary/report/auth","Output":"=== RUN   TestPreviewHTTPBoundary/report/auth\n"}
{"Time":"2026-09-05T23:55:26.23967+09:00","Action":"output","Package":"waiting-room/internal/installplan/preview","Test":"TestPreviewHTTPBoundary/report/auth","Output":"--- PASS: TestPreviewHTTPBoundary/report/auth (0.00s)\n"}
{"Time":"2026-09-05T23:55:26.239675+09:00","Action":"pass","Package":"waiting-room/internal/installplan/preview","Test":"TestPreviewHTTPBoundary/report/auth","Elapsed":0}
{"Time":"2026-09-05T23:55:26.239692+09:00","Action":"run","Package":"waiting-room/internal/installplan/preview","Test":"TestPreviewHTTPBoundary/report/query"}
{"Time":"2026-09-05T23:55:26.239693+09:00","Action":"output","Package":"waiting-room/internal/installplan/preview","Test":"TestPreviewHTTPBoundary/report/query","Output":"=== RUN   TestPreviewHTTPBoundary/report/query\n"}
{"Time":"2026-09-05T23:55:26.239756+09:00","Action":"output","Package":"waiting-room/internal/installplan/preview","Test":"TestPreviewHTTPBoundary/report/query","Output":"--- PASS: TestPreviewHTTPBoundary/report/query (0.00s)\n"}
{"Time":"2026-09-05T23:55:26.23977+09:00","Action":"pass","Package":"waiting-room/internal/installplan/preview","Test":"TestPreviewHTTPBoundary/report/query","Elapsed":0}
{"Time":"2026-09-05T23:55:26.239784+09:00","Action":"run","Package":"waiting-room/internal/installplan/preview","Test":"TestPreviewHTTPBoundary/report/method"}
{"Time":"2026-09-05T23:55:26.239788+09:00","Action":"output","Package":"waiting-room/internal/installplan/preview","Test":"TestPreviewHTTPBoundary/report/method","Output":"=== RUN   TestPreviewHTTPBoundary/report/method\n"}
{"Time":"2026-09-05T23:55:26.239845+09:00","Action":"output","Package":"waiting-room/internal/installplan/preview","Test":"TestPreviewHTTPBoundary/report/method","Output":"--- PASS: TestPreviewHTTPBoundary/report/method (0.00s)\n"}
{"Time":"2026-09-05T23:55:26.239849+09:00","Action":"pass","Package":"waiting-room/internal/installplan/preview","Test":"TestPreviewHTTPBoundary/report/method","Elapsed":0}
{"Time":"2026-09-05T23:55:26.239873+09:00","Action":"run","Package":"waiting-room/internal/installplan/preview","Test":"TestPreviewHTTPBoundary/report/invalid"}
{"Time":"2026-09-05T23:55:26.239878+09:00","Action":"output","Package":"waiting-room/internal/installplan/preview","Test":"TestPreviewHTTPBoundary/report/invalid","Output":"=== RUN   TestPreviewHTTPBoundary/report/invalid\n"}
{"Time":"2026-09-05T23:55:26.239966+09:00","Action":"output","Package":"waiting-room/internal/installplan/preview","Test":"TestPreviewHTTPBoundary/report/invalid","Output":"--- PASS: TestPreviewHTTPBoundary/report/invalid (0.00s)\n"}
{"Time":"2026-09-05T23:55:26.23997+09:00","Action":"pass","Package":"waiting-room/internal/installplan/preview","Test":"TestPreviewHTTPBoundary/report/invalid","Elapsed":0}
{"Time":"2026-09-05T23:55:26.239993+09:00","Action":"run","Package":"waiting-room/internal/installplan/preview","Test":"TestPreviewHTTPBoundary/report/large"}
{"Time":"2026-09-05T23:55:26.239996+09:00","Action":"output","Package":"waiting-room/internal/installplan/preview","Test":"TestPreviewHTTPBoundary/report/large","Output":"=== RUN   TestPreviewHTTPBoundary/report/large\n"}
{"Time":"2026-09-05T23:55:26.24016+09:00","Action":"output","Package":"waiting-room/internal/installplan/preview","Test":"TestPreviewHTTPBoundary/report/large","Output":"--- PASS: TestPreviewHTTPBoundary/report/large (0.00s)\n"}
{"Time":"2026-09-05T23:55:26.240165+09:00","Action":"pass","Package":"waiting-room/internal/installplan/preview","Test":"TestPreviewHTTPBoundary/report/large","Elapsed":0}
{"Time":"2026-09-05T23:55:26.248078+09:00","Action":"output","Package":"waiting-room/internal/installplan/preview","Test":"TestPreviewHTTPBoundary","Output":"--- PASS: TestPreviewHTTPBoundary (0.02s)\n"}
{"Time":"2026-09-05T23:55:26.248118+09:00","Action":"pass","Package":"waiting-room/internal/installplan/preview","Test":"TestPreviewHTTPBoundary","Elapsed":0.02}
{"Time":"2026-09-05T23:55:26.248138+09:00","Action":"output","Package":"waiting-room/internal/installplan/preview","Output":"PASS\n"}
{"Time":"2026-09-05T23:55:26.733478+09:00","Action":"output","Package":"waiting-room/internal/installplan/preflight","Output":"ok  \twaiting-room/internal/installplan/preflight\t1.248s\n"}
{"Time":"2026-09-05T23:55:26.733509+09:00","Action":"pass","Package":"waiting-room/internal/installplan/preflight","Elapsed":1.248}
{"Time":"2026-09-05T23:55:26.933353+09:00","Action":"output","Package":"waiting-room/internal/installplan","Output":"ok  \twaiting-room/internal/installplan\t1.448s\n"}
{"Time":"2026-09-05T23:55:26.933384+09:00","Action":"pass","Package":"waiting-room/internal/installplan","Elapsed":1.448}
{"Time":"2026-09-05T23:55:27.057327+09:00","Action":"output","Package":"waiting-room/cmd/wrctl","Output":"ok  \twaiting-room/cmd/wrctl\t1.539s\n"}
{"Time":"2026-09-05T23:55:27.057383+09:00","Action":"pass","Package":"waiting-room/cmd/wrctl","Elapsed":1.5390000000000001}
{"Time":"2026-09-05T23:55:27.256442+09:00","Action":"output","Package":"waiting-room/internal/installplan/preview","Output":"ok  \twaiting-room/internal/installplan/preview\t1.739s\n"}
{"Time":"2026-09-05T23:55:27.256474+09:00","Action":"pass","Package":"waiting-room/internal/installplan/preview","Elapsed":1.7389999999999999}
