GOMAXPROCS=2 go test -tags=integration,tiers -race -count=1 -timeout=5m -v -run '^TestProcessHTTPVisitorTiers$' ./internal/processlab
=== RUN   TestProcessHTTPVisitorTiers
=== RUN   TestProcessHTTPVisitorTiers/1000
    tiers_integration_test.go:301: HTTP_TIER_RESULT {"admitted":3,"coordinatorDeathChecked":false,"elapsedSeconds":0.724176333,"evictions":0,"expectedCapacityRejections":0,"expectedUnsafeRejections":128,"joinP95ms":15.067,"joinP99ms":18.684,"joined":1000,"qualification":"NOT_RUN","queued":997,"retries":100,"scope":"local-app-http-four-child-processes","statusP95ms":10.94,"statusP99ms":12.254,"statusReads":1000,"valkeyUsedBytes":4696168,"visitors":1000,"workers":32}
=== RUN   TestProcessHTTPVisitorTiers/2000
    tiers_integration_test.go:301: HTTP_TIER_RESULT {"admitted":3,"coordinatorDeathChecked":false,"elapsedSeconds":2.118845083,"evictions":0,"expectedCapacityRejections":0,"expectedUnsafeRejections":128,"joinP95ms":24.173,"joinP99ms":28.721,"joined":2000,"qualification":"NOT_RUN","queued":1997,"retries":200,"scope":"local-app-http-four-child-processes","statusP95ms":31.032,"statusP99ms":41.337,"statusReads":2000,"valkeyUsedBytes":6184672,"visitors":2000,"workers":32}
=== RUN   TestProcessHTTPVisitorTiers/5000
    tiers_integration_test.go:158: join[1460]: HTTP 503, transportFailed=false
    tiers_integration_test.go:158: join[1483]: HTTP 503, transportFailed=false
    tiers_integration_test.go:158: join[1486]: HTTP 503, transportFailed=false
    tiers_integration_test.go:158: join[1485]: HTTP 503, transportFailed=false
    tiers_integration_test.go:158: join[1484]: HTTP 503, transportFailed=false
    tiers_integration_test.go:158: join[1487]: HTTP 503, transportFailed=false
    tiers_integration_test.go:158: join[1490]: HTTP 503, transportFailed=false
    tiers_integration_test.go:158: join[1492]: HTTP 503, transportFailed=false
    tiers_integration_test.go:158: join[1488]: HTTP 503, transportFailed=false
    tiers_integration_test.go:158: join[1468]: HTTP 503, transportFailed=false
    tiers_integration_test.go:158: join[1457]: HTTP 503, transportFailed=false
    tiers_integration_test.go:158: join[1466]: HTTP 503, transportFailed=false
    tiers_integration_test.go:158: join[1472]: HTTP 503, transportFailed=false
    tiers_integration_test.go:158: join[1491]: HTTP 503, transportFailed=false
    tiers_integration_test.go:158: join[1480]: HTTP 503, transportFailed=false
    tiers_integration_test.go:158: join[1465]: HTTP 503, transportFailed=false
    tiers_integration_test.go:158: join[1469]: HTTP 503, transportFailed=false
    tiers_integration_test.go:158: join[1464]: HTTP 503, transportFailed=false
    tiers_integration_test.go:158: join[1474]: HTTP 503, transportFailed=false
    tiers_integration_test.go:158: join[1462]: HTTP 503, transportFailed=false
    tiers_integration_test.go:158: join[1470]: HTTP 503, transportFailed=false
    tiers_integration_test.go:158: join[1476]: HTTP 503, transportFailed=false
    tiers_integration_test.go:158: join[1473]: HTTP 503, transportFailed=false
    tiers_integration_test.go:158: join[1471]: HTTP 503, transportFailed=false
    tiers_integration_test.go:158: join[1502]: HTTP 503, transportFailed=false
    tiers_integration_test.go:158: join[1478]: HTTP 503, transportFailed=false
    tiers_integration_test.go:158: join[1456]: HTTP 503, transportFailed=false
    tiers_integration_test.go:158: join[1458]: HTTP 503, transportFailed=false
    tiers_integration_test.go:158: join[1482]: HTTP 503, transportFailed=false
    tiers_integration_test.go:158: join[1498]: HTTP 503, transportFailed=false
    tiers_integration_test.go:158: join[1494]: HTTP 503, transportFailed=false
    tiers_integration_test.go:158: join[1496]: HTTP 503, transportFailed=false
    tiers_integration_test.go:158: join[1504]: HTTP 503, transportFailed=false
    tiers_integration_test.go:158: join[1475]: HTTP 503, transportFailed=false
    tiers_integration_test.go:158: join[1500]: HTTP 503, transportFailed=false
    tiers_integration_test.go:158: join[1506]: HTTP 503, transportFailed=false
    tiers_integration_test.go:158: join[1461]: HTTP 503, transportFailed=false
    tiers_integration_test.go:158: join[1489]: HTTP 503, transportFailed=false
    tiers_integration_test.go:158: join[1493]: HTTP 503, transportFailed=false
    tiers_integration_test.go:158: join[1481]: HTTP 503, transportFailed=false
    tiers_integration_test.go:158: join[1508]: HTTP 503, transportFailed=false
    tiers_integration_test.go:158: join[1477]: HTTP 503, transportFailed=false
    tiers_integration_test.go:158: join[1509]: HTTP 503, transportFailed=false
    tiers_integration_test.go:158: join[1528]: HTTP 503, transportFailed=false
    tiers_integration_test.go:158: join[1463]: HTTP 503, transportFailed=false
    tiers_integration_test.go:158: join[1510]: HTTP 503, transportFailed=false
    tiers_integration_test.go:158: join[1459]: HTTP 503, transportFailed=false
    tiers_integration_test.go:158: join[1467]: HTTP 503, transportFailed=false
    tiers_integration_test.go:158: join[1522]: HTTP 503, transportFailed=false
    tiers_integration_test.go:158: join[1523]: HTTP 503, transportFailed=false
    tiers_integration_test.go:158: join[1512]: HTTP 503, transportFailed=false
    tiers_integration_test.go:158: join[1516]: HTTP 503, transportFailed=false
    tiers_integration_test.go:158: join[1503]: HTTP 503, transportFailed=false
    tiers_integration_test.go:158: join[1499]: HTTP 503, transportFailed=false
    tiers_integration_test.go:158: join[1520]: HTTP 503, transportFailed=false
    tiers_integration_test.go:158: join[1455]: HTTP 503, transportFailed=false
    tiers_integration_test.go:158: join[1518]: HTTP 503, transportFailed=false
    tiers_integration_test.go:158: join[1524]: HTTP 503, transportFailed=false
    tiers_integration_test.go:158: join[1511]: HTTP 503, transportFailed=false
    tiers_integration_test.go:158: join[1505]: HTTP 503, transportFailed=false
    tiers_integration_test.go:158: join[1517]: HTTP 503, transportFailed=false
    tiers_integration_test.go:158: join[1514]: HTTP 503, transportFailed=false
    tiers_integration_test.go:158: join[1527]: HTTP 503, transportFailed=false
    tiers_integration_test.go:158: join[1519]: HTTP 503, transportFailed=false
    tiers_integration_test.go:158: join[1526]: HTTP 503, transportFailed=false
    tiers_integration_test.go:158: join[1479]: HTTP 503, transportFailed=false
    tiers_integration_test.go:158: join[1515]: HTTP 503, transportFailed=false
    tiers_integration_test.go:158: join[1495]: HTTP 503, transportFailed=false
    tiers_integration_test.go:158: join[1497]: HTTP 503, transportFailed=false
    tiers_integration_test.go:158: join[1501]: HTTP 503, transportFailed=false
    tiers_integration_test.go:158: join[1525]: HTTP 503, transportFailed=false
    tiers_integration_test.go:158: join[1507]: HTTP 503, transportFailed=false
    tiers_integration_test.go:158: join[1521]: HTTP 503, transportFailed=false
    tiers_integration_test.go:158: join[1513]: HTTP 503, transportFailed=false
    tiers_integration_test.go:158: join[1530]: HTTP 503, transportFailed=false
    tiers_integration_test.go:158: join[1537]: HTTP 503, transportFailed=false
    tiers_integration_test.go:158: join[1540]: HTTP 503, transportFailed=false
    tiers_integration_test.go:158: join[1531]: HTTP 503, transportFailed=false
    tiers_integration_test.go:158: join[1529]: HTTP 503, transportFailed=false
    tiers_integration_test.go:158: join[1536]: HTTP 503, transportFailed=false
    tiers_integration_test.go:158: join[1547]: HTTP 503, transportFailed=false
    tiers_integration_test.go:158: join[1538]: HTTP 503, transportFailed=false
    tiers_integration_test.go:158: join[1535]: HTTP 503, transportFailed=false
    tiers_integration_test.go:158: join[1543]: HTTP 503, transportFailed=false
    tiers_integration_test.go:158: join[1542]: HTTP 503, transportFailed=false
    tiers_integration_test.go:158: join[1539]: HTTP 503, transportFailed=false
    tiers_integration_test.go:158: join[1551]: HTTP 503, transportFailed=false
    tiers_integration_test.go:158: join[1557]: HTTP 503, transportFailed=false
    tiers_integration_test.go:158: join[1559]: HTTP 503, transportFailed=false
    tiers_integration_test.go:158: join[1553]: HTTP 503, transportFailed=false
    tiers_integration_test.go:158: join[1546]: HTTP 503, transportFailed=false
    tiers_integration_test.go:158: join[1558]: HTTP 503, transportFailed=false
    tiers_integration_test.go:158: join[1534]: HTTP 503, transportFailed=false
    tiers_integration_test.go:158: join[1545]: HTTP 503, transportFailed=false
    tiers_integration_test.go:158: join[1555]: HTTP 503, transportFailed=false
    tiers_integration_test.go:158: join[1562]: HTTP 503, transportFailed=false
    tiers_integration_test.go:158: join[1533]: HTTP 503, transportFailed=false
    tiers_integration_test.go:158: join[1554]: HTTP 503, transportFailed=false
    tiers_integration_test.go:158: join[1544]: HTTP 503, transportFailed=false
    tiers_integration_test.go:158: join[1541]: HTTP 503, transportFailed=false
    tiers_integration_test.go:158: join[1548]: HTTP 503, transportFailed=false
    tiers_integration_test.go:158: join[1560]: HTTP 503, transportFailed=false
    tiers_integration_test.go:158: join[1552]: HTTP 503, transportFailed=false
    tiers_integration_test.go:158: join[1532]: HTTP 503, transportFailed=false
    tiers_integration_test.go:158: join[1550]: HTTP 503, transportFailed=false
    tiers_integration_test.go:158: join[1565]: HTTP 503, transportFailed=false
    tiers_integration_test.go:158: join[1563]: HTTP 503, transportFailed=false
    tiers_integration_test.go:158: join[1567]: HTTP 503, transportFailed=false
    tiers_integration_test.go:158: join[1570]: HTTP 503, transportFailed=false
    tiers_integration_test.go:158: join[1581]: HTTP 503, transportFailed=false
    tiers_integration_test.go:158: join[1564]: HTTP 503, transportFailed=false
    tiers_integration_test.go:158: join[1556]: HTTP 503, transportFailed=false
    tiers_integration_test.go:158: join[1566]: HTTP 503, transportFailed=false
    tiers_integration_test.go:158: join[1584]: HTTP 503, transportFailed=false
    tiers_integration_test.go:158: join[1582]: HTTP 503, transportFailed=false
    tiers_integration_test.go:158: join[1572]: HTTP 503, transportFailed=false
    tiers_integration_test.go:158: join[1592]: HTTP 503, transportFailed=false
    tiers_integration_test.go:158: join[1588]: HTTP 503, transportFailed=false
    tiers_integration_test.go:158: join[1576]: HTTP 503, transportFailed=false
    tiers_integration_test.go:158: join[1580]: HTTP 503, transportFailed=false
    tiers_integration_test.go:158: join[1578]: HTTP 503, transportFailed=false
    tiers_integration_test.go:158: join[1586]: HTTP 503, transportFailed=false
    tiers_integration_test.go:158: join[1594]: HTTP 503, transportFailed=false
    tiers_integration_test.go:158: join[1579]: HTTP 503, transportFailed=false
    tiers_integration_test.go:158: join[1577]: HTTP 503, transportFailed=false
    tiers_integration_test.go:158: join[1568]: HTTP 503, transportFailed=false
    tiers_integration_test.go:158: join[1602]: HTTP 503, transportFailed=false
    tiers_integration_test.go:158: join[1590]: HTTP 503, transportFailed=false
    tiers_integration_test.go:158: join[1574]: HTTP 503, transportFailed=false
    tiers_integration_test.go:158: join[1598]: HTTP 503, transportFailed=false
    tiers_integration_test.go:158: join[1596]: HTTP 503, transportFailed=false
    tiers_integration_test.go:158: join[1604]: HTTP 503, transportFailed=false
    tiers_integration_test.go:158: join[1600]: HTTP 503, transportFailed=false
    tiers_integration_test.go:158: join[1606]: HTTP 503, transportFailed=false
    tiers_integration_test.go:158: join[1608]: HTTP 503, transportFailed=false
    tiers_integration_test.go:158: join[1610]: HTTP 503, transportFailed=false
    tiers_integration_test.go:158: join[1614]: HTTP 503, transportFailed=false
    tiers_integration_test.go:158: join[1612]: HTTP 503, transportFailed=false
    tiers_integration_test.go:158: join[1616]: HTTP 503, transportFailed=false
    tiers_integration_test.go:158: join[1618]: HTTP 503, transportFailed=false
    tiers_integration_test.go:158: join[1622]: HTTP 503, transportFailed=false
    tiers_integration_test.go:158: join[1620]: HTTP 503, transportFailed=false
    tiers_integration_test.go:158: join[1549]: HTTP 503, transportFailed=false
    tiers_integration_test.go:158: join[1583]: HTTP 503, transportFailed=false
    tiers_integration_test.go:158: join[1597]: HTTP 503, transportFailed=false
    tiers_integration_test.go:158: join[1599]: HTTP 503, transportFailed=false
    tiers_integration_test.go:158: join[1593]: HTTP 503, transportFailed=false
    tiers_integration_test.go:158: join[1624]: HTTP 503, transportFailed=false
    tiers_integration_test.go:158: join[1609]: HTTP 503, transportFailed=false
    tiers_integration_test.go:158: join[1569]: HTTP 503, transportFailed=false
    tiers_integration_test.go:158: join[1613]: HTTP 503, transportFailed=false
    tiers_integration_test.go:158: join[1587]: HTTP 503, transportFailed=false
    tiers_integration_test.go:158: join[1561]: HTTP 503, transportFailed=false
    tiers_integration_test.go:158: join[1615]: HTTP 503, transportFailed=false
    tiers_integration_test.go:158: join[1621]: HTTP 503, transportFailed=false
    tiers_integration_test.go:158: join[1623]: HTTP 503, transportFailed=false
    tiers_integration_test.go:158: join[1585]: HTTP 503, transportFailed=false
    tiers_integration_test.go:158: join[1589]: HTTP 503, transportFailed=false
    tiers_integration_test.go:158: join[1628]: HTTP 503, transportFailed=false
    tiers_integration_test.go:158: join[1595]: HTTP 503, transportFailed=false
    tiers_integration_test.go:158: join[1627]: HTTP 503, transportFailed=false
    tiers_integration_test.go:158: join[1626]: HTTP 503, transportFailed=false
    tiers_integration_test.go:158: join[1573]: HTTP 503, transportFailed=false
    tiers_integration_test.go:158: join[1632]: HTTP 503, transportFailed=false
    tiers_integration_test.go:158: join[1575]: HTTP 503, transportFailed=false
    tiers_integration_test.go:158: join[1571]: HTTP 503, transportFailed=false
    tiers_integration_test.go:158: join[1607]: HTTP 503, transportFailed=false
    tiers_integration_test.go:158: join[1625]: HTTP 503, transportFailed=false
    tiers_integration_test.go:158: join[1634]: HTTP 503, transportFailed=false
    tiers_integration_test.go:158: join[1631]: HTTP 503, transportFailed=false
    tiers_integration_test.go:158: join[1629]: HTTP 503, transportFailed=false
    tiers_integration_test.go:158: join[1601]: HTTP 503, transportFailed=false
    tiers_integration_test.go:158: join[1591]: HTTP 503, transportFailed=false
    tiers_integration_test.go:158: join[1605]: HTTP 503, transportFailed=false
    tiers_integration_test.go:158: join[1611]: HTTP 503, transportFailed=false
    tiers_integration_test.go:158: join[1617]: HTTP 503, transportFailed=false
    tiers_integration_test.go:158: join[1619]: HTTP 503, transportFailed=false
    tiers_integration_test.go:158: join[1630]: HTTP 503, transportFailed=false
    tiers_integration_test.go:158: join[1659]: HTTP 503, transportFailed=false
    tiers_integration_test.go:158: join[1661]: HTTP 503, transportFailed=false
    tiers_integration_test.go:158: join[1635]: HTTP 503, transportFailed=false
    tiers_integration_test.go:158: join[1643]: HTTP 503, transportFailed=false
    tiers_integration_test.go:158: join[1653]: HTTP 503, transportFailed=false
    tiers_integration_test.go:158: join[1641]: HTTP 503, transportFailed=false
    tiers_integration_test.go:158: join[1644]: HTTP 503, transportFailed=false
    tiers_integration_test.go:158: join[1648]: HTTP 503, transportFailed=false
    tiers_integration_test.go:158: join[1603]: HTTP 503, transportFailed=false
    tiers_integration_test.go:158: join[1655]: HTTP 503, transportFailed=false
    tiers_integration_test.go:158: join[1639]: HTTP 503, transportFailed=false
    tiers_integration_test.go:158: join[1640]: HTTP 503, transportFailed=false
    tiers_integration_test.go:158: join[1652]: HTTP 503, transportFailed=false
    tiers_integration_test.go:158: join[1651]: HTTP 503, transportFailed=false
    tiers_integration_test.go:158: join[1633]: HTTP 503, transportFailed=false
    tiers_integration_test.go:158: join[1647]: HTTP 503, transportFailed=false
    tiers_integration_test.go:158: join[1663]: HTTP 503, transportFailed=false
    tiers_integration_test.go:158: join[1645]: HTTP 503, transportFailed=false
    tiers_integration_test.go:158: join[1657]: HTTP 503, transportFailed=false
    tiers_integration_test.go:158: join[1637]: HTTP 503, transportFailed=false
    tiers_integration_test.go:158: join[1672]: HTTP 503, transportFailed=false
    tiers_integration_test.go:158: join[1642]: HTTP 503, transportFailed=false
    tiers_integration_test.go:158: join[1638]: HTTP 503, transportFailed=false
    tiers_integration_test.go:158: join[1660]: HTTP 503, transportFailed=false
    tiers_integration_test.go:158: join[1650]: HTTP 503, transportFailed=false
    tiers_integration_test.go:158: join[1664]: HTTP 503, transportFailed=false
    tiers_integration_test.go:158: join[1679]: HTTP 503, transportFailed=false
    tiers_integration_test.go:158: join[1662]: HTTP 503, transportFailed=false
    tiers_integration_test.go:158: join[1658]: HTTP 503, transportFailed=false
    tiers_integration_test.go:158: join[1636]: HTTP 503, transportFailed=false
    tiers_integration_test.go:158: join[1646]: HTTP 503, transportFailed=false
    tiers_integration_test.go:158: join[1670]: HTTP 503, transportFailed=false
    tiers_integration_test.go:158: join[1668]: HTTP 503, transportFailed=false
    tiers_integration_test.go:158: join[1666]: HTTP 503, transportFailed=false
    tiers_integration_test.go:158: join[1694]: HTTP 503, transportFailed=false
    tiers_integration_test.go:158: join[1686]: HTTP 503, transportFailed=false
    tiers_integration_test.go:158: join[1674]: HTTP 503, transportFailed=false
    tiers_integration_test.go:158: join[1654]: HTTP 503, transportFailed=false
    tiers_integration_test.go:158: join[1676]: HTTP 503, transportFailed=false
    tiers_integration_test.go:158: join[1683]: HTTP 503, transportFailed=false
    tiers_integration_test.go:158: join[1681]: HTTP 503, transportFailed=false
    tiers_integration_test.go:158: join[1673]: HTTP 503, transportFailed=false
    tiers_integration_test.go:158: join[1684]: HTTP 503, transportFailed=false
    tiers_integration_test.go:158: join[1685]: HTTP 503, transportFailed=false
    tiers_integration_test.go:158: join[1692]: HTTP 503, transportFailed=false
    tiers_integration_test.go:158: join[1667]: HTTP 503, transportFailed=false
    tiers_integration_test.go:158: join[1649]: HTTP 503, transportFailed=false
    tiers_integration_test.go:158: join[1665]: HTTP 503, transportFailed=false
    tiers_integration_test.go:158: join[1677]: HTTP 503, transportFailed=false
    tiers_integration_test.go:158: join[1675]: HTTP 503, transportFailed=false
    tiers_integration_test.go:158: join[1688]: HTTP 503, transportFailed=false
    tiers_integration_test.go:158: join[1693]: HTTP 503, transportFailed=false
    tiers_integration_test.go:158: join[1698]: HTTP 503, transportFailed=false
    tiers_integration_test.go:158: join[1682]: HTTP 503, transportFailed=false
    tiers_integration_test.go:158: join[1690]: HTTP 503, transportFailed=false
    tiers_integration_test.go:158: join[1669]: HTTP 503, transportFailed=false
    tiers_integration_test.go:158: join[1697]: HTTP 503, transportFailed=false
    tiers_integration_test.go:158: join[1696]: HTTP 503, transportFailed=false
    tiers_integration_test.go:158: join[1691]: HTTP 503, transportFailed=false
    tiers_integration_test.go:158: join[1671]: HTTP 503, transportFailed=false
    tiers_integration_test.go:158: join[1704]: HTTP 503, transportFailed=false
    tiers_integration_test.go:158: join[1711]: HTTP 503, transportFailed=false
    tiers_integration_test.go:158: join[1707]: HTTP 503, transportFailed=false
    tiers_integration_test.go:158: join[1695]: HTTP 503, transportFailed=false
    tiers_integration_test.go:158: join[1700]: HTTP 503, transportFailed=false
    tiers_integration_test.go:158: join[1710]: HTTP 503, transportFailed=false
    tiers_integration_test.go:158: join[1714]: HTTP 503, transportFailed=false
    tiers_integration_test.go:158: join[1713]: HTTP 503, transportFailed=false
    tiers_integration_test.go:158: join[1699]: HTTP 503, transportFailed=false
    tiers_integration_test.go:158: join[1656]: HTTP 503, transportFailed=false
    tiers_integration_test.go:158: join[1678]: HTTP 503, transportFailed=false
    tiers_integration_test.go:158: join[1680]: HTTP 503, transportFailed=false
    tiers_integration_test.go:158: join[1689]: HTTP 503, transportFailed=false
    tiers_integration_test.go:158: join[1712]: HTTP 503, transportFailed=false
    tiers_integration_test.go:158: join[1687]: HTTP 503, transportFailed=false
    tiers_integration_test.go:158: join[1709]: HTTP 503, transportFailed=false
    tiers_integration_test.go:158: join[1705]: HTTP 503, transportFailed=false
    tiers_integration_test.go:158: join[1706]: HTTP 503, transportFailed=false
    tiers_integration_test.go:158: join[1716]: HTTP 503, transportFailed=false
    tiers_integration_test.go:158: join[1702]: HTTP 503, transportFailed=false
    tiers_integration_test.go:158: join[1701]: HTTP 503, transportFailed=false
    tiers_integration_test.go:158: join[1703]: HTTP 503, transportFailed=false
    tiers_integration_test.go:158: join[1721]: HTTP 503, transportFailed=false
    tiers_integration_test.go:158: join[1727]: HTTP 503, transportFailed=false
    tiers_integration_test.go:158: join[1715]: HTTP 503, transportFailed=false
    tiers_integration_test.go:158: join[1717]: HTTP 503, transportFailed=false
    tiers_integration_test.go:158: join[1723]: HTTP 503, transportFailed=false
    tiers_integration_test.go:158: join[1718]: HTTP 503, transportFailed=false
    tiers_integration_test.go:158: join[1728]: HTTP 503, transportFailed=false
    tiers_integration_test.go:158: join[1708]: HTTP 503, transportFailed=false
    tiers_integration_test.go:158: join[1731]: HTTP 503, transportFailed=false
    tiers_integration_test.go:158: join[1741]: HTTP 503, transportFailed=false
    tiers_integration_test.go:158: join[1743]: HTTP 503, transportFailed=false
    tiers_integration_test.go:158: join[1747]: HTTP 503, transportFailed=false
    tiers_integration_test.go:158: join[1735]: HTTP 503, transportFailed=false
    tiers_integration_test.go:158: join[1737]: HTTP 503, transportFailed=false
    tiers_integration_test.go:158: join[1745]: HTTP 503, transportFailed=false
    tiers_integration_test.go:158: join[1730]: HTTP 503, transportFailed=false
    tiers_integration_test.go:158: join[1719]: HTTP 503, transportFailed=false
    tiers_integration_test.go:158: join[1722]: HTTP 503, transportFailed=false
    tiers_integration_test.go:158: join[1720]: HTTP 503, transportFailed=false
    tiers_integration_test.go:158: join[1733]: HTTP 503, transportFailed=false
    tiers_integration_test.go:158: join[1751]: HTTP 503, transportFailed=false
    tiers_integration_test.go:158: join[1749]: HTTP 503, transportFailed=false
    tiers_integration_test.go:158: join[1739]: HTTP 503, transportFailed=false
    tiers_integration_test.go:158: join[1729]: HTTP 503, transportFailed=false
    tiers_integration_test.go:158: join[1725]: HTTP 503, transportFailed=false
    tiers_integration_test.go:158: join[1724]: HTTP 503, transportFailed=false
    tiers_integration_test.go:158: join[1753]: HTTP 503, transportFailed=false
    tiers_integration_test.go:158: join[1726]: HTTP 503, transportFailed=false
    tiers_integration_test.go:158: join[1746]: HTTP 503, transportFailed=false
    tiers_integration_test.go:158: join[1740]: HTTP 503, transportFailed=false
    tiers_integration_test.go:158: join[1769]: HTTP 503, transportFailed=false
    tiers_integration_test.go:158: join[1770]: HTTP 503, transportFailed=false
    tiers_integration_test.go:158: join[1738]: HTTP 503, transportFailed=false
    tiers_integration_test.go:158: join[1742]: HTTP 503, transportFailed=false
    tiers_integration_test.go:158: join[1756]: HTTP 503, transportFailed=false
    tiers_integration_test.go:158: join[1750]: HTTP 503, transportFailed=false
    tiers_integration_test.go:158: join[1759]: HTTP 503, transportFailed=false
    tiers_integration_test.go:158: join[1767]: HTTP 503, transportFailed=false
    tiers_integration_test.go:158: join[1761]: HTTP 503, transportFailed=false
    tiers_integration_test.go:158: join[1760]: HTTP 503, transportFailed=false
    tiers_integration_test.go:158: join[1773]: HTTP 503, transportFailed=false
    tiers_integration_test.go:158: join[1744]: HTTP 503, transportFailed=false
    tiers_integration_test.go:158: join[1736]: HTTP 503, transportFailed=false
    tiers_integration_test.go:158: join[1763]: HTTP 503, transportFailed=false
    tiers_integration_test.go:158: join[1757]: HTTP 503, transportFailed=false
    tiers_integration_test.go:158: join[1752]: HTTP 503, transportFailed=false
    tiers_integration_test.go:158: join[1755]: HTTP 503, transportFailed=false
    tiers_integration_test.go:158: join[1748]: HTTP 503, transportFailed=false
    tiers_integration_test.go:158: join[1732]: HTTP 503, transportFailed=false
    tiers_integration_test.go:158: join[1765]: HTTP 503, transportFailed=false
    tiers_integration_test.go:158: join[1758]: HTTP 503, transportFailed=false
    tiers_integration_test.go:158: join[1768]: HTTP 503, transportFailed=false
    tiers_integration_test.go:158: join[1771]: HTTP 503, transportFailed=false
    tiers_integration_test.go:158: join[1775]: HTTP 503, transportFailed=false
    tiers_integration_test.go:158: join[1754]: HTTP 503, transportFailed=false
    tiers_integration_test.go:158: join[1764]: HTTP 503, transportFailed=false
    tiers_integration_test.go:158: join[1762]: HTTP 503, transportFailed=false
    tiers_integration_test.go:158: join[1766]: HTTP 503, transportFailed=false
    tiers_integration_test.go:158: join[1772]: HTTP 503, transportFailed=false
    tiers_integration_test.go:158: join[1734]: HTTP 503, transportFailed=false
    tiers_integration_test.go:158: join[1776]: HTTP 503, transportFailed=false
    tiers_integration_test.go:158: join[1774]: HTTP 503, transportFailed=false
    tiers_integration_test.go:158: join[1796]: HTTP 503, transportFailed=false
    tiers_integration_test.go:158: join[1785]: HTTP 503, transportFailed=false
    tiers_integration_test.go:158: join[1780]: HTTP 503, transportFailed=false
    tiers_integration_test.go:158: join[1790]: HTTP 503, transportFailed=false
    tiers_integration_test.go:158: join[1788]: HTTP 503, transportFailed=false
    tiers_integration_test.go:158: join[1781]: HTTP 503, transportFailed=false
    tiers_integration_test.go:158: join[1787]: HTTP 503, transportFailed=false
    tiers_integration_test.go:158: join[1784]: HTTP 503, transportFailed=false
    tiers_integration_test.go:158: join[1794]: HTTP 503, transportFailed=false
    tiers_integration_test.go:158: join[1783]: HTTP 503, transportFailed=false
    tiers_integration_test.go:158: join[1792]: HTTP 503, transportFailed=false
    tiers_integration_test.go:158: join[1778]: HTTP 503, transportFailed=false
    tiers_integration_test.go:158: join[1779]: HTTP 503, transportFailed=false
    tiers_integration_test.go:158: join[1791]: HTTP 503, transportFailed=false
    tiers_integration_test.go:158: join[1786]: HTTP 503, transportFailed=false
    tiers_integration_test.go:158: join[1777]: HTTP 503, transportFailed=false
    tiers_integration_test.go:158: join[1782]: HTTP 503, transportFailed=false
    tiers_integration_test.go:158: join[1812]: HTTP 503, transportFailed=false
    tiers_integration_test.go:158: join[1816]: HTTP 503, transportFailed=false
    tiers_integration_test.go:158: join[1814]: HTTP 503, transportFailed=false
    tiers_integration_test.go:158: join[1824]: HTTP 503, transportFailed=false
    tiers_integration_test.go:158: join[1789]: HTTP 503, transportFailed=false
    tiers_integration_test.go:158: join[1807]: HTTP 503, transportFailed=false
    tiers_integration_test.go:158: join[1795]: HTTP 503, transportFailed=false
    tiers_integration_test.go:158: join[1811]: HTTP 503, transportFailed=false
    tiers_integration_test.go:158: join[1815]: HTTP 503, transportFailed=false
    tiers_integration_test.go:158: join[1817]: HTTP 503, transportFailed=false
    tiers_integration_test.go:158: join[1823]: HTTP 503, transportFailed=false
    tiers_integration_test.go:158: join[1822]: HTTP 503, transportFailed=false
    tiers_integration_test.go:158: join[1818]: HTTP 503, transportFailed=false
    tiers_integration_test.go:158: join[1806]: HTTP 503, transportFailed=false
    tiers_integration_test.go:158: join[1810]: HTTP 503, transportFailed=false
    tiers_integration_test.go:158: join[1820]: HTTP 503, transportFailed=false
    tiers_integration_test.go:158: join[1799]: HTTP 503, transportFailed=false
    tiers_integration_test.go:158: join[1819]: HTTP 503, transportFailed=false
    tiers_integration_test.go:158: join[1836]: HTTP 503, transportFailed=false
    tiers_integration_test.go:158: join[1808]: HTTP 503, transportFailed=false
    tiers_integration_test.go:158: join[1826]: HTTP 503, transportFailed=false
    tiers_integration_test.go:158: join[1834]: HTTP 503, transportFailed=false
    tiers_integration_test.go:158: join[1821]: HTTP 503, transportFailed=false
    tiers_integration_test.go:158: join[1809]: HTTP 503, transportFailed=false
    tiers_integration_test.go:158: join[1803]: HTTP 503, transportFailed=false
    tiers_integration_test.go:158: join[1805]: HTTP 503, transportFailed=false
    tiers_integration_test.go:158: join[1828]: HTTP 503, transportFailed=false
    tiers_integration_test.go:158: join[1835]: HTTP 503, transportFailed=false
    tiers_integration_test.go:158: join[1797]: HTTP 503, transportFailed=false
    tiers_integration_test.go:158: join[1830]: HTTP 503, transportFailed=false
    tiers_integration_test.go:158: join[1827]: HTTP 503, transportFailed=false
    tiers_integration_test.go:158: join[1793]: HTTP 503, transportFailed=false
    tiers_integration_test.go:158: join[1841]: HTTP 503, transportFailed=false
    tiers_integration_test.go:158: join[1813]: HTTP 503, transportFailed=false
    tiers_integration_test.go:158: join[1847]: HTTP 503, transportFailed=false
    tiers_integration_test.go:158: join[1801]: HTTP 503, transportFailed=false
    tiers_integration_test.go:158: join[1825]: HTTP 503, transportFailed=false
    tiers_integration_test.go:158: join[1833]: HTTP 503, transportFailed=false
    tiers_integration_test.go:158: join[1851]: HTTP 503, transportFailed=false
    tiers_integration_test.go:158: join[1837]: HTTP 503, transportFailed=false
    tiers_integration_test.go:158: join[1839]: HTTP 503, transportFailed=false
    tiers_integration_test.go:158: join[1800]: HTTP 503, transportFailed=false
    tiers_integration_test.go:158: join[1848]: HTTP 503, transportFailed=false
    tiers_integration_test.go:158: join[1854]: HTTP 503, transportFailed=false
    tiers_integration_test.go:158: join[1843]: HTTP 503, transportFailed=false
    tiers_integration_test.go:158: join[1849]: HTTP 503, transportFailed=false
    tiers_integration_test.go:158: join[1829]: HTTP 503, transportFailed=false
    tiers_integration_test.go:158: join[1846]: HTTP 503, transportFailed=false
    tiers_integration_test.go:158: join[1853]: HTTP 503, transportFailed=false
    tiers_integration_test.go:158: join[1844]: HTTP 503, transportFailed=false
    tiers_integration_test.go:158: join[1831]: HTTP 503, transportFailed=false
    tiers_integration_test.go:158: join[1802]: HTTP 503, transportFailed=false
    tiers_integration_test.go:158: join[1852]: HTTP 503, transportFailed=false
    tiers_integration_test.go:158: join[1832]: HTTP 503, transportFailed=false
    tiers_integration_test.go:158: join[1855]: HTTP 503, transportFailed=false
    tiers_integration_test.go:158: join[1857]: HTTP 503, transportFailed=false
    tiers_integration_test.go:158: join[1838]: HTTP 503, transportFailed=false
    tiers_integration_test.go:158: join[1840]: HTTP 503, transportFailed=false
    tiers_integration_test.go:158: join[1845]: HTTP 503, transportFailed=false
    tiers_integration_test.go:158: join[1798]: HTTP 503, transportFailed=false
    tiers_integration_test.go:158: join[1804]: HTTP 503, transportFailed=false
    tiers_integration_test.go:158: join[1842]: HTTP 503, transportFailed=false
    tiers_integration_test.go:158: join[1866]: HTTP 503, transportFailed=false
    tiers_integration_test.go:158: join[1856]: HTTP 503, transportFailed=false
    tiers_integration_test.go:158: join[1860]: HTTP 503, transportFailed=false
    tiers_integration_test.go:158: join[1863]: HTTP 503, transportFailed=false
    tiers_integration_test.go:158: join[1878]: HTTP 503, transportFailed=false
    tiers_integration_test.go:158: join[1882]: HTTP 503, transportFailed=false
    tiers_integration_test.go:158: join[1874]: HTTP 503, transportFailed=false
    tiers_integration_test.go:158: join[1859]: HTTP 503, transportFailed=false
    tiers_integration_test.go:158: join[1861]: HTTP 503, transportFailed=false
    tiers_integration_test.go:158: join[1858]: HTTP 503, transportFailed=false
    tiers_integration_test.go:158: join[1869]: HTTP 503, transportFailed=false
    tiers_integration_test.go:158: join[1875]: HTTP 503, transportFailed=false
    tiers_integration_test.go:158: join[1871]: HTTP 503, transportFailed=false
    tiers_integration_test.go:158: join[1865]: HTTP 503, transportFailed=false
    tiers_integration_test.go:158: join[1872]: HTTP 503, transportFailed=false
    tiers_integration_test.go:158: join[1880]: HTTP 503, transportFailed=false
    tiers_integration_test.go:158: join[1864]: HTTP 503, transportFailed=false
    tiers_integration_test.go:158: join[1870]: HTTP 503, transportFailed=false
    tiers_integration_test.go:158: join[1862]: HTTP 503, transportFailed=false
    tiers_integration_test.go:158: join[1876]: HTTP 503, transportFailed=false
    tiers_integration_test.go:158: join[1867]: HTTP 503, transportFailed=false
    tiers_integration_test.go:158: join[1868]: HTTP 503, transportFailed=false
    tiers_integration_test.go:158: join[1894]: HTTP 503, transportFailed=false
    tiers_integration_test.go:158: join[1887]: HTTP 503, transportFailed=false
    tiers_integration_test.go:158: join[1893]: HTTP 503, transportFailed=false
    tiers_integration_test.go:158: join[1904]: HTTP 503, transportFailed=false
    tiers_integration_test.go:158: join[1881]: HTTP 503, transportFailed=false
    tiers_integration_test.go:158: join[1886]: HTTP 503, transportFailed=false
    tiers_integration_test.go:158: join[1889]: HTTP 503, transportFailed=false
    tiers_integration_test.go:158: join[1884]: HTTP 503, transportFailed=false
    tiers_integration_test.go:158: join[1877]: HTTP 503, transportFailed=false
    tiers_integration_test.go:158: join[1892]: HTTP 503, transportFailed=false
    tiers_integration_test.go:158: join[1898]: HTTP 503, transportFailed=false
    tiers_integration_test.go:158: join[1902]: HTTP 503, transportFailed=false
    tiers_integration_test.go:158: join[1896]: HTTP 503, transportFailed=false
    tiers_integration_test.go:158: join[1873]: HTTP 503, transportFailed=false
    tiers_integration_test.go:158: join[1900]: HTTP 503, transportFailed=false
    tiers_integration_test.go:158: join[1879]: HTTP 503, transportFailed=false
    tiers_integration_test.go:158: join[1883]: HTTP 503, transportFailed=false
    tiers_integration_test.go:158: join[1891]: HTTP 503, transportFailed=false
    tiers_integration_test.go:158: join[1890]: HTTP 503, transportFailed=false
    tiers_integration_test.go:158: join[1888]: HTTP 503, transportFailed=false
    tiers_integration_test.go:158: join[1885]: HTTP 503, transportFailed=false
    tiers_integration_test.go:158: join[1911]: HTTP 503, transportFailed=false
    tiers_integration_test.go:158: join[1909]: HTTP 503, transportFailed=false
    tiers_integration_test.go:158: join[1914]: HTTP 503, transportFailed=false
    tiers_integration_test.go:158: join[1913]: HTTP 503, transportFailed=false
    tiers_integration_test.go:158: join[1908]: HTTP 503, transportFailed=false
    tiers_integration_test.go:158: join[1916]: HTTP 503, transportFailed=false
    tiers_integration_test.go:158: join[1901]: HTTP 503, transportFailed=false
    tiers_integration_test.go:158: join[1918]: HTTP 503, transportFailed=false
    tiers_integration_test.go:158: join[1920]: HTTP 503, transportFailed=false
    tiers_integration_test.go:158: join[1929]: HTTP 503, transportFailed=false
    tiers_integration_test.go:158: join[1903]: HTTP 503, transportFailed=false
    tiers_integration_test.go:158: join[1924]: HTTP 503, transportFailed=false
    tiers_integration_test.go:158: join[1899]: HTTP 503, transportFailed=false
    tiers_integration_test.go:158: join[1907]: HTTP 503, transportFailed=false
    tiers_integration_test.go:158: join[1923]: HTTP 503, transportFailed=false
    tiers_integration_test.go:158: join[1910]: HTTP 503, transportFailed=false
    tiers_integration_test.go:158: join[1933]: HTTP 503, transportFailed=false
    tiers_integration_test.go:158: join[1935]: HTTP 503, transportFailed=false
    tiers_integration_test.go:158: join[1922]: HTTP 503, transportFailed=false
    tiers_integration_test.go:158: join[1905]: HTTP 503, transportFailed=false
    tiers_integration_test.go:158: join[1912]: HTTP 503, transportFailed=false
    tiers_integration_test.go:158: join[1939]: HTTP 503, transportFailed=false
    tiers_integration_test.go:158: join[1906]: HTTP 503, transportFailed=false
    tiers_integration_test.go:158: join[1930]: HTTP 503, transportFailed=false
    tiers_integration_test.go:158: join[1938]: HTTP 503, transportFailed=false
    tiers_integration_test.go:158: join[1895]: HTTP 503, transportFailed=false
    tiers_integration_test.go:158: join[1943]: HTTP 503, transportFailed=false
    tiers_integration_test.go:158: join[1927]: HTTP 503, transportFailed=false
    tiers_integration_test.go:158: join[1940]: HTTP 503, transportFailed=false
    tiers_integration_test.go:158: join[1937]: HTTP 503, transportFailed=false
    tiers_integration_test.go:158: join[1950]: HTTP 503, transportFailed=false
    tiers_integration_test.go:158: join[1925]: HTTP 503, transportFailed=false
    tiers_integration_test.go:158: join[1936]: HTTP 503, transportFailed=false
    tiers_integration_test.go:158: join[1928]: HTTP 503, transportFailed=false
    tiers_integration_test.go:158: join[1952]: HTTP 503, transportFailed=false
    tiers_integration_test.go:158: join[1944]: HTTP 503, transportFailed=false
    tiers_integration_test.go:158: join[1850]: HTTP 503, transportFailed=false
    tiers_integration_test.go:158: join[1945]: HTTP 503, transportFailed=false
    tiers_integration_test.go:158: join[1951]: HTTP 503, transportFailed=false
    tiers_integration_test.go:158: join[1957]: HTTP 503, transportFailed=false
    tiers_integration_test.go:158: join[1956]: HTTP 503, transportFailed=false
    tiers_integration_test.go:158: join[1915]: HTTP 503, transportFailed=false
    tiers_integration_test.go:158: join[1926]: HTTP 503, transportFailed=false
    tiers_integration_test.go:158: join[1942]: HTTP 503, transportFailed=false
    tiers_integration_test.go:158: join[1958]: HTTP 503, transportFailed=false
    tiers_integration_test.go:158: join[1955]: HTTP 503, transportFailed=false
    tiers_integration_test.go:158: join[1954]: HTTP 503, transportFailed=false
    tiers_integration_test.go:158: join[1949]: HTTP 503, transportFailed=false
    tiers_integration_test.go:158: join[1932]: HTTP 503, transportFailed=false
    tiers_integration_test.go:158: join[1947]: HTTP 503, transportFailed=false
    tiers_integration_test.go:158: join[1966]: HTTP 503, transportFailed=false
    tiers_integration_test.go:158: join[1919]: HTTP 503, transportFailed=false
    tiers_integration_test.go:158: join[1948]: HTTP 503, transportFailed=false
    tiers_integration_test.go:158: join[1965]: HTTP 503, transportFailed=false
    tiers_integration_test.go:158: join[1946]: HTTP 503, transportFailed=false
    tiers_integration_test.go:158: join[1921]: HTTP 503, transportFailed=false
    tiers_integration_test.go:158: join[1934]: HTTP 503, transportFailed=false
    tiers_integration_test.go:158: join[1917]: HTTP 503, transportFailed=false
    tiers_integration_test.go:158: join[1897]: HTTP 503, transportFailed=false
    tiers_integration_test.go:158: join[1959]: HTTP 503, transportFailed=false
    tiers_integration_test.go:158: join[1941]: HTTP 503, transportFailed=false
    tiers_integration_test.go:158: join[1931]: HTTP 503, transportFailed=false
    tiers_integration_test.go:158: join[1953]: HTTP 503, transportFailed=false
    tiers_integration_test.go:158: join[1970]: HTTP 503, transportFailed=false
    tiers_integration_test.go:158: join[1960]: HTTP 503, transportFailed=false
    tiers_integration_test.go:158: join[1961]: HTTP 503, transportFailed=false
    tiers_integration_test.go:158: join[1963]: HTTP 503, transportFailed=false
    tiers_integration_test.go:158: join[1968]: HTTP 503, transportFailed=false
    tiers_integration_test.go:158: join[1964]: HTTP 503, transportFailed=false
    tiers_integration_test.go:158: join[1967]: HTTP 503, transportFailed=false
    tiers_integration_test.go:158: join[1972]: HTTP 503, transportFailed=false
    tiers_integration_test.go:158: join[1969]: HTTP 503, transportFailed=false
    tiers_integration_test.go:158: join[1973]: HTTP 503, transportFailed=false
    tiers_integration_test.go:158: join[1962]: HTTP 503, transportFailed=false
    tiers_integration_test.go:158: join[1971]: HTTP 503, transportFailed=false
    tiers_integration_test.go:158: join[1975]: HTTP 503, transportFailed=false
    tiers_integration_test.go:158: join[1978]: HTTP 503, transportFailed=false
    tiers_integration_test.go:158: join[1993]: HTTP 503, transportFailed=false
    tiers_integration_test.go:158: join[1992]: HTTP 503, transportFailed=false
    tiers_integration_test.go:158: join[1974]: HTTP 503, transportFailed=false
    tiers_integration_test.go:158: join[1976]: HTTP 503, transportFailed=false
    tiers_integration_test.go:158: join[2000]: HTTP 503, transportFailed=false
    tiers_integration_test.go:158: join[1984]: HTTP 503, transportFailed=false
    tiers_integration_test.go:158: join[1980]: HTTP 503, transportFailed=false
    tiers_integration_test.go:158: join[1991]: HTTP 503, transportFailed=false
    tiers_integration_test.go:158: join[1987]: HTTP 503, transportFailed=false
    tiers_integration_test.go:158: join[1989]: HTTP 503, transportFailed=false
    tiers_integration_test.go:158: join[1977]: HTTP 503, transportFailed=false
    tiers_integration_test.go:158: join[1979]: HTTP 503, transportFailed=false
    tiers_integration_test.go:158: join[1988]: HTTP 503, transportFailed=false
    tiers_integration_test.go:158: join[2008]: HTTP 503, transportFailed=false
    tiers_integration_test.go:158: join[1982]: HTTP 503, transportFailed=false
    tiers_integration_test.go:158: join[1983]: HTTP 503, transportFailed=false
    tiers_integration_test.go:158: join[1990]: HTTP 503, transportFailed=false
    tiers_integration_test.go:158: join[2004]: HTTP 503, transportFailed=false
    tiers_integration_test.go:158: join[1994]: HTTP 503, transportFailed=false
    tiers_integration_test.go:158: join[2002]: HTTP 503, transportFailed=false
    tiers_integration_test.go:158: join[2007]: HTTP 503, transportFailed=false
    tiers_integration_test.go:158: join[2006]: HTTP 503, transportFailed=false
    tiers_integration_test.go:158: join[1981]: HTTP 503, transportFailed=false
    tiers_integration_test.go:158: join[2009]: HTTP 503, transportFailed=false
    tiers_integration_test.go:158: join[1986]: HTTP 503, transportFailed=false
    tiers_integration_test.go:158: join[1999]: HTTP 503, transportFailed=false
    tiers_integration_test.go:158: join[1985]: HTTP 503, transportFailed=false
    tiers_integration_test.go:158: join[2012]: HTTP 503, transportFailed=false
    tiers_integration_test.go:158: join[1997]: HTTP 503, transportFailed=false
    tiers_integration_test.go:158: join[2005]: HTTP 503, transportFailed=false
    tiers_integration_test.go:158: join[2017]: HTTP 503, transportFailed=false
    tiers_integration_test.go:158: join[2013]: HTTP 503, transportFailed=false
    tiers_integration_test.go:158: join[1995]: HTTP 503, transportFailed=false
    tiers_integration_test.go:158: join[2029]: HTTP 503, transportFailed=false
    tiers_integration_test.go:158: join[2016]: HTTP 503, transportFailed=false
    tiers_integration_test.go:158: join[2015]: HTTP 503, transportFailed=false
    tiers_integration_test.go:158: join[1996]: HTTP 503, transportFailed=false
    tiers_integration_test.go:158: join[2010]: HTTP 503, transportFailed=false
    tiers_integration_test.go:158: join[2011]: HTTP 503, transportFailed=false
    tiers_integration_test.go:158: join[1998]: HTTP 503, transportFailed=false
    tiers_integration_test.go:158: join[2001]: HTTP 503, transportFailed=false
    tiers_integration_test.go:158: join[2027]: HTTP 503, transportFailed=false
    tiers_integration_test.go:158: join[2018]: HTTP 503, transportFailed=false
    tiers_integration_test.go:158: join[2021]: HTTP 503, transportFailed=false
    tiers_integration_test.go:158: join[2020]: HTTP 503, transportFailed=false
    tiers_integration_test.go:158: join[2024]: HTTP 503, transportFailed=false
    tiers_integration_test.go:158: join[2028]: HTTP 503, transportFailed=false
    tiers_integration_test.go:158: join[2022]: HTTP 503, transportFailed=false
    tiers_integration_test.go:158: join[2003]: HTTP 503, transportFailed=false
    tiers_integration_test.go:158: join[2019]: HTTP 503, transportFailed=false
    tiers_integration_test.go:158: join[2031]: HTTP 503, transportFailed=false
    tiers_integration_test.go:158: join[2023]: HTTP 503, transportFailed=false
    tiers_integration_test.go:158: join[2014]: HTTP 503, transportFailed=false
    tiers_integration_test.go:158: join[2034]: HTTP 503, transportFailed=false
    tiers_integration_test.go:158: join[2040]: HTTP 503, transportFailed=false
    tiers_integration_test.go:158: join[2036]: HTTP 503, transportFailed=false
    tiers_integration_test.go:158: join[2032]: HTTP 503, transportFailed=false
    tiers_integration_test.go:158: join[2025]: HTTP 503, transportFailed=false
    tiers_integration_test.go:158: join[2026]: HTTP 503, transportFailed=false
    tiers_integration_test.go:158: join[2030]: HTTP 503, transportFailed=false
    tiers_integration_test.go:158: join[2049]: HTTP 503, transportFailed=false
    tiers_integration_test.go:158: join[2050]: HTTP 503, transportFailed=false
    tiers_integration_test.go:158: join[2035]: HTTP 503, transportFailed=false
    tiers_integration_test.go:158: join[2038]: HTTP 503, transportFailed=false
    tiers_integration_test.go:158: join[2037]: HTTP 503, transportFailed=false
    tiers_integration_test.go:158: join[2039]: HTTP 503, transportFailed=false
    tiers_integration_test.go:158: join[2051]: HTTP 503, transportFailed=false
    tiers_integration_test.go:158: join[2059]: HTTP 503, transportFailed=false
    tiers_integration_test.go:158: join[2033]: HTTP 503, transportFailed=false
    tiers_integration_test.go:158: join[2041]: HTTP 503, transportFailed=false
    tiers_integration_test.go:158: join[2042]: HTTP 503, transportFailed=false
    tiers_integration_test.go:158: join[2048]: HTTP 503, transportFailed=false
    tiers_integration_test.go:158: join[2054]: HTTP 503, transportFailed=false
    tiers_integration_test.go:158: join[2062]: HTTP 503, transportFailed=false
    tiers_integration_test.go:158: join[2052]: HTTP 503, transportFailed=false
    tiers_integration_test.go:158: join[2046]: HTTP 503, transportFailed=false
    tiers_integration_test.go:158: join[2043]: HTTP 503, transportFailed=false
    tiers_integration_test.go:158: join[2057]: HTTP 503, transportFailed=false
    tiers_integration_test.go:158: join[2061]: HTTP 503, transportFailed=false
    tiers_integration_test.go:158: join[2058]: HTTP 503, transportFailed=false
    tiers_integration_test.go:158: join[2065]: HTTP 503, transportFailed=false
    tiers_integration_test.go:158: join[2045]: HTTP 503, transportFailed=false
    tiers_integration_test.go:158: join[2068]: HTTP 503, transportFailed=false
    tiers_integration_test.go:158: join[2044]: HTTP 503, transportFailed=false
    tiers_integration_test.go:158: join[2069]: HTTP 503, transportFailed=false
    tiers_integration_test.go:158: join[2077]: HTTP 503, transportFailed=false
    tiers_integration_test.go:158: join[2070]: HTTP 503, transportFailed=false
    tiers_integration_test.go:158: join[2055]: HTTP 503, transportFailed=false
    tiers_integration_test.go:158: join[2089]: HTTP 503, transportFailed=false
    tiers_integration_test.go:158: join[2082]: HTTP 503, transportFailed=false
    tiers_integration_test.go:158: join[2078]: HTTP 503, transportFailed=false
    tiers_integration_test.go:158: join[2071]: HTTP 503, transportFailed=false
    tiers_integration_test.go:158: join[2084]: HTTP 503, transportFailed=false
    tiers_integration_test.go:158: join[2056]: HTTP 503, transportFailed=false
    tiers_integration_test.go:158: join[2085]: HTTP 503, transportFailed=false
    tiers_integration_test.go:158: join[2063]: HTTP 503, transportFailed=false
    tiers_integration_test.go:158: join[2067]: HTTP 503, transportFailed=false
    tiers_integration_test.go:158: join[2083]: HTTP 503, transportFailed=false
    tiers_integration_test.go:158: join[2086]: HTTP 503, transportFailed=false
    tiers_integration_test.go:158: join[2075]: HTTP 503, transportFailed=false
    tiers_integration_test.go:158: join[2073]: HTTP 503, transportFailed=false
    tiers_integration_test.go:158: join[2066]: HTTP 503, transportFailed=false
    tiers_integration_test.go:158: join[2081]: HTTP 503, transportFailed=false
    tiers_integration_test.go:158: join[2080]: HTTP 503, transportFailed=false
    tiers_integration_test.go:158: join[2064]: HTTP 503, transportFailed=false
    tiers_integration_test.go:158: join[2072]: HTTP 503, transportFailed=false
    tiers_integration_test.go:158: join[2074]: HTTP 503, transportFailed=false
    tiers_integration_test.go:158: join[2087]: HTTP 503, transportFailed=false
    tiers_integration_test.go:158: join[2053]: HTTP 503, transportFailed=false
    tiers_integration_test.go:158: join[2079]: HTTP 503, transportFailed=false
    tiers_integration_test.go:158: join[2097]: HTTP 503, transportFailed=false
    tiers_integration_test.go:158: join[2095]: HTTP 503, transportFailed=false
    tiers_integration_test.go:158: join[2102]: HTTP 503, transportFailed=false
    tiers_integration_test.go:158: join[2100]: HTTP 503, transportFailed=false
    tiers_integration_test.go:158: join[2047]: HTTP 503, transportFailed=false
    tiers_integration_test.go:158: join[2098]: HTTP 503, transportFailed=false
    tiers_integration_test.go:158: join[2113]: HTTP 503, transportFailed=false
    tiers_integration_test.go:158: join[2099]: HTTP 503, transportFailed=false
    tiers_integration_test.go:158: join[2106]: HTTP 503, transportFailed=false
    tiers_integration_test.go:158: join[2110]: HTTP 503, transportFailed=false
    tiers_integration_test.go:158: join[2111]: HTTP 503, transportFailed=false
    tiers_integration_test.go:158: join[2107]: HTTP 503, transportFailed=false
    tiers_integration_test.go:158: join[2109]: HTTP 503, transportFailed=false
    tiers_integration_test.go:158: join[2114]: HTTP 503, transportFailed=false
    tiers_integration_test.go:158: join[2101]: HTTP 503, transportFailed=false
    tiers_integration_test.go:158: join[2105]: HTTP 503, transportFailed=false
    tiers_integration_test.go:158: join[2118]: HTTP 503, transportFailed=false
    tiers_integration_test.go:158: join[2096]: HTTP 503, transportFailed=false
    tiers_integration_test.go:158: join[2119]: HTTP 503, transportFailed=false
    tiers_integration_test.go:158: join[2121]: HTTP 503, transportFailed=false
    tiers_integration_test.go:158: join[2117]: HTTP 503, transportFailed=false
    tiers_integration_test.go:158: join[2103]: HTTP 503, transportFailed=false
    tiers_integration_test.go:158: join[2112]: HTTP 503, transportFailed=false
    tiers_integration_test.go:158: join[2108]: HTTP 503, transportFailed=false
    tiers_integration_test.go:158: join[2104]: HTTP 503, transportFailed=false
    tiers_integration_test.go:158: join[2120]: HTTP 503, transportFailed=false
    tiers_integration_test.go:158: join[2060]: HTTP 503, transportFailed=false
    tiers_integration_test.go:158: join[2125]: HTTP 503, transportFailed=false
    tiers_integration_test.go:158: join[2092]: HTTP 503, transportFailed=false
    tiers_integration_test.go:158: join[2076]: HTTP 503, transportFailed=false
    tiers_integration_test.go:158: join[2126]: HTTP 503, transportFailed=false
    tiers_integration_test.go:158: join[2122]: HTTP 503, transportFailed=false
    tiers_integration_test.go:158: join[2088]: HTTP 503, transportFailed=false
    tiers_integration_test.go:158: join[2129]: HTTP 503, transportFailed=false
    tiers_integration_test.go:158: join[2093]: HTTP 503, transportFailed=false
    tiers_integration_test.go:158: join[2124]: HTTP 503, transportFailed=false
    tiers_integration_test.go:158: join[2115]: HTTP 503, transportFailed=false
    tiers_integration_test.go:158: join[2140]: HTTP 503, transportFailed=false
    tiers_integration_test.go:158: join[2131]: HTTP 503, transportFailed=false
    tiers_integration_test.go:158: join[2132]: HTTP 503, transportFailed=false
    tiers_integration_test.go:158: join[2128]: HTTP 503, transportFailed=false
    tiers_integration_test.go:158: join[2090]: HTTP 503, transportFailed=false
    tiers_integration_test.go:158: join[2116]: HTTP 503, transportFailed=false
    tiers_integration_test.go:158: join[2094]: HTTP 503, transportFailed=false
    tiers_integration_test.go:158: join[2130]: HTTP 503, transportFailed=false
    tiers_integration_test.go:158: join[2134]: HTTP 503, transportFailed=false
    tiers_integration_test.go:158: join[2091]: HTTP 503, transportFailed=false
    tiers_integration_test.go:158: join[2144]: HTTP 503, transportFailed=false
    tiers_integration_test.go:158: join[2136]: HTTP 503, transportFailed=false
    tiers_integration_test.go:158: join[2138]: HTTP 503, transportFailed=false
    tiers_integration_test.go:158: join[2139]: HTTP 503, transportFailed=false
    tiers_integration_test.go:158: join[2127]: HTTP 503, transportFailed=false
    tiers_integration_test.go:158: join[2142]: HTTP 503, transportFailed=false
    tiers_integration_test.go:158: join[2145]: HTTP 503, transportFailed=false
    tiers_integration_test.go:158: join[2135]: HTTP 503, transportFailed=false
    tiers_integration_test.go:158: join[2123]: HTTP 503, transportFailed=false
    tiers_integration_test.go:158: join[2141]: HTTP 503, transportFailed=false
    tiers_integration_test.go:158: join[2164]: HTTP 503, transportFailed=false
    tiers_integration_test.go:158: join[2161]: HTTP 503, transportFailed=false
    tiers_integration_test.go:158: join[2156]: HTTP 503, transportFailed=false
    tiers_integration_test.go:158: join[2165]: HTTP 503, transportFailed=false
    tiers_integration_test.go:158: join[2143]: HTTP 503, transportFailed=false
    tiers_integration_test.go:158: join[2162]: HTTP 503, transportFailed=false
    tiers_integration_test.go:158: join[2146]: HTTP 503, transportFailed=false
    tiers_integration_test.go:158: join[2137]: HTTP 503, transportFailed=false
    tiers_integration_test.go:158: join[2155]: HTTP 503, transportFailed=false
    tiers_integration_test.go:158: join[2133]: HTTP 503, transportFailed=false
    tiers_integration_test.go:158: join[2147]: HTTP 503, transportFailed=false
    tiers_integration_test.go:158: join[2167]: HTTP 503, transportFailed=false
    tiers_integration_test.go:158: join[2153]: HTTP 503, transportFailed=false
    tiers_integration_test.go:158: join[2152]: HTTP 503, transportFailed=false
    tiers_integration_test.go:158: join[2163]: HTTP 503, transportFailed=false
    tiers_integration_test.go:158: join[2148]: HTTP 503, transportFailed=false
    tiers_integration_test.go:158: join[2158]: HTTP 503, transportFailed=false
    tiers_integration_test.go:158: join[2160]: HTTP 503, transportFailed=false
    tiers_integration_test.go:158: join[2149]: HTTP 503, transportFailed=false
    tiers_integration_test.go:158: join[2159]: HTTP 503, transportFailed=false
    tiers_integration_test.go:158: join[2157]: HTTP 503, transportFailed=false
    tiers_integration_test.go:158: join[2166]: HTTP 503, transportFailed=false
    tiers_integration_test.go:158: join[2150]: HTTP 503, transportFailed=false
    tiers_integration_test.go:158: join[2151]: HTTP 503, transportFailed=false
    tiers_integration_test.go:158: join[2154]: HTTP 503, transportFailed=false
    tiers_integration_test.go:158: join[2172]: HTTP 503, transportFailed=false
    tiers_integration_test.go:158: join[2170]: HTTP 503, transportFailed=false
    tiers_integration_test.go:158: join[2173]: HTTP 503, transportFailed=false
    tiers_integration_test.go:158: join[2174]: HTTP 503, transportFailed=false
    tiers_integration_test.go:158: join[2178]: HTTP 503, transportFailed=false
    tiers_integration_test.go:158: join[2179]: HTTP 503, transportFailed=false
    tiers_integration_test.go:158: join[2171]: HTTP 503, transportFailed=false
    tiers_integration_test.go:158: join[2180]: HTTP 503, transportFailed=false
    tiers_integration_test.go:158: join[2181]: HTTP 503, transportFailed=false
    tiers_integration_test.go:158: join[2176]: HTTP 503, transportFailed=false
    tiers_integration_test.go:158: join[2175]: HTTP 503, transportFailed=false
    tiers_integration_test.go:158: join[2168]: HTTP 503, transportFailed=false
    tiers_integration_test.go:158: join[2169]: HTTP 503, transportFailed=false
    tiers_integration_test.go:158: join[2182]: HTTP 503, transportFailed=false
    tiers_integration_test.go:158: join[2183]: HTTP 503, transportFailed=false
    tiers_integration_test.go:158: join[2185]: HTTP 503, transportFailed=false
    tiers_integration_test.go:158: join[2177]: HTTP 503, transportFailed=false
    tiers_integration_test.go:158: join[2189]: HTTP 503, transportFailed=false
    tiers_integration_test.go:158: join[2187]: HTTP 503, transportFailed=false
    tiers_integration_test.go:158: join[2190]: HTTP 503, transportFailed=false
    tiers_integration_test.go:158: join[2184]: HTTP 503, transportFailed=false
    tiers_integration_test.go:158: join[2191]: HTTP 503, transportFailed=false
    tiers_integration_test.go:158: join[2186]: HTTP 503, transportFailed=false
    tiers_integration_test.go:158: join[2193]: HTTP 503, transportFailed=false
    tiers_integration_test.go:158: join[2203]: HTTP 503, transportFailed=false
    tiers_integration_test.go:158: join[2199]: HTTP 503, transportFailed=false
    tiers_integration_test.go:158: join[2197]: HTTP 503, transportFailed=false
    tiers_integration_test.go:158: join[2213]: HTTP 503, transportFailed=false
    tiers_integration_test.go:158: join[2195]: HTTP 503, transportFailed=false
    tiers_integration_test.go:158: join[2192]: HTTP 503, transportFailed=false
    tiers_integration_test.go:158: join[2194]: HTTP 503, transportFailed=false
    tiers_integration_test.go:158: join[2198]: HTTP 503, transportFailed=false
    tiers_integration_test.go:158: join[2209]: HTTP 503, transportFailed=false
    tiers_integration_test.go:158: join[2217]: HTTP 503, transportFailed=false
    tiers_integration_test.go:158: join[2215]: HTTP 503, transportFailed=false
    tiers_integration_test.go:158: join[2207]: HTTP 503, transportFailed=false
    tiers_integration_test.go:158: join[2201]: HTTP 503, transportFailed=false
    tiers_integration_test.go:158: join[2204]: HTTP 503, transportFailed=false
    tiers_integration_test.go:158: join[2211]: HTTP 503, transportFailed=false
    tiers_integration_test.go:158: join[2231]: HTTP 503, transportFailed=false
    tiers_integration_test.go:158: join[2225]: HTTP 503, transportFailed=false
    tiers_integration_test.go:158: join[2219]: HTTP 503, transportFailed=false
    tiers_integration_test.go:158: join[2221]: HTTP 503, transportFailed=false
    tiers_integration_test.go:158: join[2223]: HTTP 503, transportFailed=false
    tiers_integration_test.go:158: join[2205]: HTTP 503, transportFailed=false
    tiers_integration_test.go:158: join[2212]: HTTP 503, transportFailed=false
    tiers_integration_test.go:158: join[2235]: HTTP 503, transportFailed=false
    tiers_integration_test.go:158: join[2208]: HTTP 503, transportFailed=false
    tiers_integration_test.go:158: join[2196]: HTTP 503, transportFailed=false
    tiers_integration_test.go:158: join[2233]: HTTP 503, transportFailed=false
    tiers_integration_test.go:158: join[2188]: HTTP 503, transportFailed=false
    tiers_integration_test.go:158: join[2210]: HTTP 503, transportFailed=false
    tiers_integration_test.go:158: join[2216]: HTTP 503, transportFailed=false
    tiers_integration_test.go:158: join[2229]: HTTP 503, transportFailed=false
    tiers_integration_test.go:158: join[2202]: HTTP 503, transportFailed=false
    tiers_integration_test.go:158: join[2220]: HTTP 503, transportFailed=false
    tiers_integration_test.go:158: join[2237]: HTTP 503, transportFailed=false
    tiers_integration_test.go:158: join[2200]: HTTP 503, transportFailed=false
    tiers_integration_test.go:158: join[2228]: HTTP 503, transportFailed=false
    tiers_integration_test.go:158: join[2227]: HTTP 503, transportFailed=false
    tiers_integration_test.go:158: join[2241]: HTTP 503, transportFailed=false
    tiers_integration_test.go:158: join[2239]: HTTP 503, transportFailed=false
    tiers_integration_test.go:158: join[2245]: HTTP 503, transportFailed=false
    tiers_integration_test.go:158: join[2218]: HTTP 503, transportFailed=false
    tiers_integration_test.go:158: join[2222]: HTTP 503, transportFailed=false
    tiers_integration_test.go:158: join[2214]: HTTP 503, transportFailed=false
    tiers_integration_test.go:158: join[2251]: HTTP 503, transportFailed=false
    tiers_integration_test.go:158: join[2247]: HTTP 503, transportFailed=false
    tiers_integration_test.go:158: join[2253]: HTTP 503, transportFailed=false
    tiers_integration_test.go:158: join[2261]: HTTP 503, transportFailed=false
    tiers_integration_test.go:158: join[2226]: HTTP 503, transportFailed=false
    tiers_integration_test.go:158: join[2255]: HTTP 503, transportFailed=false
    tiers_integration_test.go:158: join[2243]: HTTP 503, transportFailed=false
    tiers_integration_test.go:158: join[2236]: HTTP 503, transportFailed=false
    tiers_integration_test.go:158: join[2249]: HTTP 503, transportFailed=false
    tiers_integration_test.go:158: join[2263]: HTTP 503, transportFailed=false
    tiers_integration_test.go:158: join[2257]: HTTP 503, transportFailed=false
    tiers_integration_test.go:158: join[2259]: HTTP 503, transportFailed=false
    tiers_integration_test.go:158: join[2271]: HTTP 503, transportFailed=false
    tiers_integration_test.go:158: join[2269]: HTTP 503, transportFailed=false
    tiers_integration_test.go:158: join[2265]: HTTP 503, transportFailed=false
    tiers_integration_test.go:158: join[2238]: HTTP 503, transportFailed=false
    tiers_integration_test.go:158: join[2267]: HTTP 503, transportFailed=false
    tiers_integration_test.go:158: join[2273]: HTTP 503, transportFailed=false
    tiers_integration_test.go:158: join[2224]: HTTP 503, transportFailed=false
    tiers_integration_test.go:158: join[2232]: HTTP 503, transportFailed=false
    tiers_integration_test.go:158: join[2230]: HTTP 503, transportFailed=false
    tiers_integration_test.go:158: join[2275]: HTTP 503, transportFailed=false
    tiers_integration_test.go:158: join[2277]: HTTP 503, transportFailed=false
    tiers_integration_test.go:158: join[2258]: HTTP 503, transportFailed=false
    tiers_integration_test.go:158: join[2281]: HTTP 503, transportFailed=false
    tiers_integration_test.go:158: join[2206]: HTTP 503, transportFailed=false
    tiers_integration_test.go:158: join[2246]: HTTP 503, transportFailed=false
    tiers_integration_test.go:158: join[2234]: HTTP 503, transportFailed=false
    tiers_integration_test.go:158: join[2279]: HTTP 503, transportFailed=false
    tiers_integration_test.go:158: join[2250]: HTTP 503, transportFailed=false
    tiers_integration_test.go:158: join[2283]: HTTP 503, transportFailed=false
    tiers_integration_test.go:158: join[2256]: HTTP 503, transportFailed=false
    tiers_integration_test.go:158: join[2289]: HTTP 503, transportFailed=false
    tiers_integration_test.go:158: join[2274]: HTTP 503, transportFailed=false
    tiers_integration_test.go:158: join[2268]: HTTP 503, transportFailed=false
    tiers_integration_test.go:158: join[2270]: HTTP 503, transportFailed=false
    tiers_integration_test.go:158: join[2254]: HTTP 503, transportFailed=false
    tiers_integration_test.go:158: join[2282]: HTTP 503, transportFailed=false
    tiers_integration_test.go:158: join[2287]: HTTP 503, transportFailed=false
    tiers_integration_test.go:158: join[2244]: HTTP 503, transportFailed=false
    tiers_integration_test.go:158: join[2284]: HTTP 503, transportFailed=false
    tiers_integration_test.go:158: join[2280]: HTTP 503, transportFailed=false
    tiers_integration_test.go:158: join[2295]: HTTP 503, transportFailed=false
    tiers_integration_test.go:158: join[2296]: HTTP 503, transportFailed=false
    tiers_integration_test.go:158: join[2276]: HTTP 503, transportFailed=false
    tiers_integration_test.go:158: join[2285]: HTTP 503, transportFailed=false
    tiers_integration_test.go:158: join[2298]: HTTP 503, transportFailed=false
    tiers_integration_test.go:158: join[2264]: HTTP 503, transportFailed=false
    tiers_integration_test.go:158: join[2262]: HTTP 503, transportFailed=false
    tiers_integration_test.go:158: join[2260]: HTTP 503, transportFailed=false
    tiers_integration_test.go:158: join[2290]: HTTP 503, transportFailed=false
    tiers_integration_test.go:158: join[2293]: HTTP 503, transportFailed=false
    tiers_integration_test.go:158: join[2297]: HTTP 503, transportFailed=false
    tiers_integration_test.go:158: join[2248]: HTTP 503, transportFailed=false
    tiers_integration_test.go:158: join[2294]: HTTP 503, transportFailed=false
    tiers_integration_test.go:158: join[2305]: HTTP 503, transportFailed=false
    tiers_integration_test.go:158: join[2266]: HTTP 503, transportFailed=false
    tiers_integration_test.go:158: join[2288]: HTTP 503, transportFailed=false
    tiers_integration_test.go:158: join[2272]: HTTP 503, transportFailed=false
    tiers_integration_test.go:158: join[2242]: HTTP 503, transportFailed=false
    tiers_integration_test.go:158: join[2306]: HTTP 503, transportFailed=false
    tiers_integration_test.go:158: join[2301]: HTTP 503, transportFailed=false
    tiers_integration_test.go:158: join[2240]: HTTP 503, transportFailed=false
    tiers_integration_test.go:158: join[2291]: HTTP 503, transportFailed=false
    tiers_integration_test.go:158: join[2300]: HTTP 503, transportFailed=false
    tiers_integration_test.go:158: join[2252]: HTTP 503, transportFailed=false
    tiers_integration_test.go:158: join[2304]: HTTP 503, transportFailed=false
    tiers_integration_test.go:158: join[2278]: HTTP 503, transportFailed=false
    tiers_integration_test.go:158: join[2286]: HTTP 503, transportFailed=false
    tiers_integration_test.go:158: join[2303]: HTTP 503, transportFailed=false
    tiers_integration_test.go:158: join[2319]: HTTP 503, transportFailed=false
    tiers_integration_test.go:158: join[2302]: HTTP 503, transportFailed=false
    tiers_integration_test.go:158: join[2299]: HTTP 503, transportFailed=false
    tiers_integration_test.go:158: join[2310]: HTTP 503, transportFailed=false
    tiers_integration_test.go:158: join[2292]: HTTP 503, transportFailed=false
    tiers_integration_test.go:158: join[2315]: HTTP 503, transportFailed=false
    tiers_integration_test.go:158: join[2307]: HTTP 503, transportFailed=false
    tiers_integration_test.go:158: join[2308]: HTTP 503, transportFailed=false
    tiers_integration_test.go:158: join[2322]: HTTP 503, transportFailed=false
    tiers_integration_test.go:158: join[2314]: HTTP 503, transportFailed=false
    tiers_integration_test.go:158: join[2316]: HTTP 503, transportFailed=false
    tiers_integration_test.go:158: join[2321]: HTTP 503, transportFailed=false
    tiers_integration_test.go:158: join[2312]: HTTP 503, transportFailed=false
    tiers_integration_test.go:158: join[2311]: HTTP 503, transportFailed=false
    tiers_integration_test.go:158: join[2309]: HTTP 503, transportFailed=false
    tiers_integration_test.go:158: join[2338]: HTTP 503, transportFailed=false
    tiers_integration_test.go:158: join[2326]: HTTP 503, transportFailed=false
    tiers_integration_test.go:158: join[2328]: HTTP 503, transportFailed=false
    tiers_integration_test.go:158: join[2332]: HTTP 503, transportFailed=false
    tiers_integration_test.go:158: join[2318]: HTTP 503, transportFailed=false
    tiers_integration_test.go:158: join[2317]: HTTP 503, transportFailed=false
    tiers_integration_test.go:158: join[2342]: HTTP 503, transportFailed=false
    tiers_integration_test.go:158: join[2323]: HTTP 503, transportFailed=false
    tiers_integration_test.go:158: join[2330]: HTTP 503, transportFailed=false
    tiers_integration_test.go:158: join[2334]: HTTP 503, transportFailed=false
    tiers_integration_test.go:158: join[2344]: HTTP 503, transportFailed=false
    tiers_integration_test.go:158: join[2336]: HTTP 503, transportFailed=false
    tiers_integration_test.go:158: join[2313]: HTTP 503, transportFailed=false
    tiers_integration_test.go:158: join[2320]: HTTP 503, transportFailed=false
    tiers_integration_test.go:158: join[2340]: HTTP 503, transportFailed=false
    tiers_integration_test.go:158: join[2333]: HTTP 503, transportFailed=false
    tiers_integration_test.go:158: join[2331]: HTTP 503, transportFailed=false
    tiers_integration_test.go:158: join[2327]: HTTP 503, transportFailed=false
    tiers_integration_test.go:158: join[2347]: HTTP 503, transportFailed=false
    tiers_integration_test.go:158: join[2335]: HTTP 503, transportFailed=false
    tiers_integration_test.go:158: join[2325]: HTTP 503, transportFailed=false
    tiers_integration_test.go:158: join[2355]: HTTP 503, transportFailed=false
    tiers_integration_test.go:158: join[2337]: HTTP 503, transportFailed=false
    tiers_integration_test.go:158: join[2341]: HTTP 503, transportFailed=false
    tiers_integration_test.go:158: join[2329]: HTTP 503, transportFailed=false
    tiers_integration_test.go:158: join[2348]: HTTP 503, transportFailed=false
    tiers_integration_test.go:158: join[2349]: HTTP 503, transportFailed=false
    tiers_integration_test.go:158: join[2350]: HTTP 503, transportFailed=false
    tiers_integration_test.go:158: join[2354]: HTTP 503, transportFailed=false
    tiers_integration_test.go:158: join[2352]: HTTP 503, transportFailed=false
    tiers_integration_test.go:158: join[2339]: HTTP 503, transportFailed=false
    tiers_integration_test.go:158: join[2343]: HTTP 503, transportFailed=false
    tiers_integration_test.go:158: join[2346]: HTTP 503, transportFailed=false
    tiers_integration_test.go:158: join[2345]: HTTP 503, transportFailed=false
    tiers_integration_test.go:158: join[2351]: HTTP 503, transportFailed=false
    tiers_integration_test.go:158: join[2364]: HTTP 503, transportFailed=false
    tiers_integration_test.go:158: join[2377]: HTTP 503, transportFailed=false
    tiers_integration_test.go:158: join[2379]: HTTP 503, transportFailed=false
    tiers_integration_test.go:158: join[2353]: HTTP 503, transportFailed=false
    tiers_integration_test.go:158: join[2368]: HTTP 503, transportFailed=false
    tiers_integration_test.go:158: join[2366]: HTTP 503, transportFailed=false
    tiers_integration_test.go:158: join[2380]: HTTP 503, transportFailed=false
    tiers_integration_test.go:158: join[2358]: HTTP 503, transportFailed=false
    tiers_integration_test.go:158: join[2383]: HTTP 503, transportFailed=false
    tiers_integration_test.go:158: join[2361]: HTTP 503, transportFailed=false
    tiers_integration_test.go:158: join[2382]: HTTP 503, transportFailed=false
    tiers_integration_test.go:158: join[2357]: HTTP 503, transportFailed=false
    tiers_integration_test.go:158: join[2356]: HTTP 503, transportFailed=false
    tiers_integration_test.go:158: join[2387]: HTTP 503, transportFailed=false
    tiers_integration_test.go:158: join[2362]: HTTP 503, transportFailed=false
    tiers_integration_test.go:158: join[2367]: HTTP 503, transportFailed=false
    tiers_integration_test.go:158: join[2381]: HTTP 503, transportFailed=false
    tiers_integration_test.go:158: join[2324]: HTTP 503, transportFailed=false
    tiers_integration_test.go:158: join[2376]: HTTP 503, transportFailed=false
    tiers_integration_test.go:158: join[2375]: HTTP 503, transportFailed=false
    tiers_integration_test.go:158: join[2371]: HTTP 503, transportFailed=false
    tiers_integration_test.go:158: join[2359]: HTTP 503, transportFailed=false
    tiers_integration_test.go:158: join[2370]: HTTP 503, transportFailed=false
    tiers_integration_test.go:158: join[2373]: HTTP 503, transportFailed=false
    tiers_integration_test.go:158: join[2374]: HTTP 503, transportFailed=false
    tiers_integration_test.go:158: join[2372]: HTTP 503, transportFailed=false
    tiers_integration_test.go:158: join[2360]: HTTP 503, transportFailed=false
    tiers_integration_test.go:158: join[2363]: HTTP 503, transportFailed=false
    tiers_integration_test.go:158: join[2389]: HTTP 503, transportFailed=false
    tiers_integration_test.go:158: join[2369]: HTTP 503, transportFailed=false
    tiers_integration_test.go:158: join[2406]: HTTP 503, transportFailed=false
    tiers_integration_test.go:158: join[2397]: HTTP 503, transportFailed=false
    tiers_integration_test.go:158: join[2400]: HTTP 503, transportFailed=false
    tiers_integration_test.go:158: join[2407]: HTTP 503, transportFailed=false
    tiers_integration_test.go:158: join[2398]: HTTP 503, transportFailed=false
    tiers_integration_test.go:158: join[2388]: HTTP 503, transportFailed=false
    tiers_integration_test.go:158: join[2365]: HTTP 503, transportFailed=false
    tiers_integration_test.go:158: join[2392]: HTTP 503, transportFailed=false
    tiers_integration_test.go:158: join[2396]: HTTP 503, transportFailed=false
    tiers_integration_test.go:158: join[2412]: HTTP 503, transportFailed=false
    tiers_integration_test.go:158: join[2404]: HTTP 503, transportFailed=false
    tiers_integration_test.go:158: join[2394]: HTTP 503, transportFailed=false
    tiers_integration_test.go:158: join[2386]: HTTP 503, transportFailed=false
    tiers_integration_test.go:158: join[2402]: HTTP 503, transportFailed=false
    tiers_integration_test.go:158: join[2390]: HTTP 503, transportFailed=false
    tiers_integration_test.go:158: join[2405]: HTTP 503, transportFailed=false
    tiers_integration_test.go:158: join[2384]: HTTP 503, transportFailed=false
    tiers_integration_test.go:158: join[2411]: HTTP 503, transportFailed=false
    tiers_integration_test.go:158: join[2418]: HTTP 503, transportFailed=false
    tiers_integration_test.go:158: join[2410]: HTTP 503, transportFailed=false
    tiers_integration_test.go:158: join[2426]: HTTP 503, transportFailed=false
    tiers_integration_test.go:158: join[2409]: HTTP 503, transportFailed=false
    tiers_integration_test.go:158: join[2399]: HTTP 503, transportFailed=false
    tiers_integration_test.go:158: join[2391]: HTTP 503, transportFailed=false
    tiers_integration_test.go:158: join[2403]: HTTP 503, transportFailed=false
    tiers_integration_test.go:158: join[2433]: HTTP 503, transportFailed=false
    tiers_integration_test.go:158: join[2401]: HTTP 503, transportFailed=false
    tiers_integration_test.go:158: join[2416]: HTTP 503, transportFailed=false
    tiers_integration_test.go:158: join[2393]: HTTP 503, transportFailed=false
    tiers_integration_test.go:158: join[2415]: HTTP 503, transportFailed=false
    tiers_integration_test.go:158: join[2434]: HTTP 503, transportFailed=false
    tiers_integration_test.go:158: join[2435]: HTTP 503, transportFailed=false
    tiers_integration_test.go:158: join[2420]: HTTP 503, transportFailed=false
    tiers_integration_test.go:158: join[2436]: HTTP 503, transportFailed=false
    tiers_integration_test.go:158: join[2428]: HTTP 503, transportFailed=false
    tiers_integration_test.go:158: join[2378]: HTTP 503, transportFailed=false
    tiers_integration_test.go:158: join[2441]: HTTP 503, transportFailed=false
    tiers_integration_test.go:158: join[2438]: HTTP 503, transportFailed=false
    tiers_integration_test.go:158: join[2444]: HTTP 503, transportFailed=false
    tiers_integration_test.go:158: join[2395]: HTTP 503, transportFailed=false
    tiers_integration_test.go:158: join[2413]: HTTP 503, transportFailed=false
    tiers_integration_test.go:158: join[2414]: HTTP 503, transportFailed=false
    tiers_integration_test.go:158: join[2385]: HTTP 503, transportFailed=false
    tiers_integration_test.go:158: join[2408]: HTTP 503, transportFailed=false
    tiers_integration_test.go:158: join[2439]: HTTP 503, transportFailed=false
    tiers_integration_test.go:158: join[2417]: HTTP 503, transportFailed=false
    tiers_integration_test.go:158: join[2425]: HTTP 503, transportFailed=false
    tiers_integration_test.go:158: join[2451]: HTTP 503, transportFailed=false
    tiers_integration_test.go:158: join[2427]: HTTP 503, transportFailed=false
    tiers_integration_test.go:158: join[2448]: HTTP 503, transportFailed=false
    tiers_integration_test.go:158: join[2447]: HTTP 503, transportFailed=false
    tiers_integration_test.go:158: join[2424]: HTTP 503, transportFailed=false
    tiers_integration_test.go:158: join[2440]: HTTP 503, transportFailed=false
    tiers_integration_test.go:158: join[2437]: HTTP 503, transportFailed=false
    tiers_integration_test.go:158: join[2432]: HTTP 503, transportFailed=false
    tiers_integration_test.go:158: join[2442]: HTTP 503, transportFailed=false
    tiers_integration_test.go:158: join[2422]: HTTP 503, transportFailed=false
    tiers_integration_test.go:158: join[2430]: HTTP 503, transportFailed=false
    tiers_integration_test.go:158: join[2450]: HTTP 503, transportFailed=false
    tiers_integration_test.go:158: join[2460]: HTTP 503, transportFailed=false
    tiers_integration_test.go:158: join[2452]: HTTP 503, transportFailed=false
    tiers_integration_test.go:158: join[2454]: HTTP 503, transportFailed=false
    tiers_integration_test.go:158: join[2458]: HTTP 503, transportFailed=false
    tiers_integration_test.go:158: join[2456]: HTTP 503, transportFailed=false
    tiers_integration_test.go:158: join[2446]: HTTP 503, transportFailed=false
    tiers_integration_test.go:158: join[2421]: HTTP 503, transportFailed=false
    tiers_integration_test.go:158: join[2462]: HTTP 503, transportFailed=false
    tiers_integration_test.go:158: join[2423]: HTTP 503, transportFailed=false
    tiers_integration_test.go:158: join[2478]: HTTP 503, transportFailed=false
    tiers_integration_test.go:158: join[2449]: HTTP 503, transportFailed=false
    tiers_integration_test.go:158: join[2445]: HTTP 503, transportFailed=false
    tiers_integration_test.go:158: join[2429]: HTTP 503, transportFailed=false
    tiers_integration_test.go:158: join[2461]: HTTP 503, transportFailed=false
    tiers_integration_test.go:158: join[2464]: HTTP 503, transportFailed=false
    tiers_integration_test.go:158: join[2457]: HTTP 503, transportFailed=false
    tiers_integration_test.go:158: join[2474]: HTTP 503, transportFailed=false
    tiers_integration_test.go:158: join[2463]: HTTP 503, transportFailed=false
    tiers_integration_test.go:158: join[2466]: HTTP 503, transportFailed=false
    tiers_integration_test.go:158: join[2476]: HTTP 503, transportFailed=false
    tiers_integration_test.go:158: join[2468]: HTTP 503, transportFailed=false
    tiers_integration_test.go:158: join[2473]: HTTP 503, transportFailed=false
    tiers_integration_test.go:158: join[2431]: HTTP 503, transportFailed=false
    tiers_integration_test.go:158: join[2482]: HTTP 503, transportFailed=false
    tiers_integration_test.go:158: join[2470]: HTTP 503, transportFailed=false
    tiers_integration_test.go:158: join[2475]: HTTP 503, transportFailed=false
    tiers_integration_test.go:158: join[2443]: HTTP 503, transportFailed=false
    tiers_integration_test.go:158: join[2472]: HTTP 503, transportFailed=false
    tiers_integration_test.go:158: join[2455]: HTTP 503, transportFailed=false
    tiers_integration_test.go:158: join[2471]: HTTP 503, transportFailed=false
    tiers_integration_test.go:158: join[2453]: HTTP 503, transportFailed=false
    tiers_integration_test.go:158: join[2419]: HTTP 503, transportFailed=false
    tiers_integration_test.go:158: join[2480]: HTTP 503, transportFailed=false
    tiers_integration_test.go:158: join[2459]: HTTP 503, transportFailed=false
    tiers_integration_test.go:158: join[2484]: HTTP 503, transportFailed=false
    tiers_integration_test.go:158: join[2481]: HTTP 503, transportFailed=false
    tiers_integration_test.go:158: join[2494]: HTTP 503, transportFailed=false
    tiers_integration_test.go:158: join[2486]: HTTP 503, transportFailed=false
    tiers_integration_test.go:158: join[2490]: HTTP 503, transportFailed=false
    tiers_integration_test.go:158: join[2477]: HTTP 503, transportFailed=false
    tiers_integration_test.go:158: join[2479]: HTTP 503, transportFailed=false
    tiers_integration_test.go:158: join[2488]: HTTP 503, transportFailed=false
    tiers_integration_test.go:158: join[2465]: HTTP 503, transportFailed=false
    tiers_integration_test.go:158: join[2469]: HTTP 503, transportFailed=false
    tiers_integration_test.go:158: join[2500]: HTTP 503, transportFailed=false
    tiers_integration_test.go:158: join[2498]: HTTP 503, transportFailed=false
    tiers_integration_test.go:158: join[2489]: HTTP 503, transportFailed=false
    tiers_integration_test.go:158: join[2506]: HTTP 503, transportFailed=false
    tiers_integration_test.go:158: join[2491]: HTTP 503, transportFailed=false
    tiers_integration_test.go:158: join[2483]: HTTP 503, transportFailed=false
    tiers_integration_test.go:158: join[2518]: HTTP 503, transportFailed=false
    tiers_integration_test.go:158: join[2504]: HTTP 503, transportFailed=false
    tiers_integration_test.go:158: join[2467]: HTTP 503, transportFailed=false
    tiers_integration_test.go:158: join[2493]: HTTP 503, transportFailed=false
    tiers_integration_test.go:158: join[2497]: HTTP 503, transportFailed=false
    tiers_integration_test.go:158: join[2485]: HTTP 503, transportFailed=false
    tiers_integration_test.go:158: join[2510]: HTTP 503, transportFailed=false
    tiers_integration_test.go:158: join[2487]: HTTP 503, transportFailed=false
    tiers_integration_test.go:158: join[2514]: HTTP 503, transportFailed=false
    tiers_integration_test.go:158: join[2492]: HTTP 503, transportFailed=false
    tiers_integration_test.go:158: join[2515]: HTTP 503, transportFailed=false
    tiers_integration_test.go:158: join[2505]: HTTP 503, transportFailed=false
    tiers_integration_test.go:158: join[2513]: HTTP 503, transportFailed=false
    tiers_integration_test.go:158: join[2517]: HTTP 503, transportFailed=false
    tiers_integration_test.go:158: join[2512]: HTTP 503, transportFailed=false
    tiers_integration_test.go:158: join[2525]: HTTP 503, transportFailed=false
    tiers_integration_test.go:158: join[2528]: HTTP 503, transportFailed=false
    tiers_integration_test.go:158: join[2509]: HTTP 503, transportFailed=false
    tiers_integration_test.go:158: join[2508]: HTTP 503, transportFailed=false
    tiers_integration_test.go:158: join[2503]: HTTP 503, transportFailed=false
    tiers_integration_test.go:158: join[2499]: HTTP 503, transportFailed=false
    tiers_integration_test.go:158: join[2519]: HTTP 503, transportFailed=false
    tiers_integration_test.go:158: join[2502]: HTTP 503, transportFailed=false
    tiers_integration_test.go:158: join[2496]: HTTP 503, transportFailed=false
    tiers_integration_test.go:158: join[2511]: HTTP 503, transportFailed=false
    tiers_integration_test.go:158: join[2540]: HTTP 503, transportFailed=false
    tiers_integration_test.go:158: join[2538]: HTTP 503, transportFailed=false
    tiers_integration_test.go:158: join[2536]: HTTP 503, transportFailed=false
    tiers_integration_test.go:158: join[2507]: HTTP 503, transportFailed=false
    tiers_integration_test.go:158: join[2539]: HTTP 503, transportFailed=false
    tiers_integration_test.go:158: join[2544]: HTTP 503, transportFailed=false
    tiers_integration_test.go:158: join[2543]: HTTP 503, transportFailed=false
    tiers_integration_test.go:158: join[2547]: HTTP 503, transportFailed=false
    tiers_integration_test.go:158: join[2495]: HTTP 503, transportFailed=false
    tiers_integration_test.go:158: join[2523]: HTTP 503, transportFailed=false
    tiers_integration_test.go:158: join[2501]: HTTP 503, transportFailed=false
    tiers_integration_test.go:158: join[2526]: HTTP 503, transportFailed=false
    tiers_integration_test.go:158: join[2522]: HTTP 503, transportFailed=false
    tiers_integration_test.go:158: join[2527]: HTTP 503, transportFailed=false
    tiers_integration_test.go:158: join[2541]: HTTP 503, transportFailed=false
    tiers_integration_test.go:158: join[2534]: HTTP 503, transportFailed=false
    tiers_integration_test.go:158: join[2531]: HTTP 503, transportFailed=false
    tiers_integration_test.go:158: join[2537]: HTTP 503, transportFailed=false
    tiers_integration_test.go:158: join[2555]: HTTP 503, transportFailed=false
    tiers_integration_test.go:158: join[2553]: HTTP 503, transportFailed=false
    tiers_integration_test.go:158: join[2551]: HTTP 503, transportFailed=false
    tiers_integration_test.go:158: join[2546]: HTTP 503, transportFailed=false
    tiers_integration_test.go:158: join[2535]: HTTP 503, transportFailed=false
    tiers_integration_test.go:158: join[2529]: HTTP 503, transportFailed=false
    tiers_integration_test.go:158: join[2563]: HTTP 503, transportFailed=false
    tiers_integration_test.go:158: join[2545]: HTTP 503, transportFailed=false
    tiers_integration_test.go:158: join[2549]: HTTP 503, transportFailed=false
    tiers_integration_test.go:158: join[2556]: HTTP 503, transportFailed=false
    tiers_integration_test.go:158: join[2567]: HTTP 503, transportFailed=false
    tiers_integration_test.go:158: join[2533]: HTTP 503, transportFailed=false
    tiers_integration_test.go:158: join[2530]: HTTP 503, transportFailed=false
    tiers_integration_test.go:158: join[2561]: HTTP 503, transportFailed=false
    tiers_integration_test.go:158: join[2552]: HTTP 503, transportFailed=false
    tiers_integration_test.go:158: join[2524]: HTTP 503, transportFailed=false
    tiers_integration_test.go:158: join[2542]: HTTP 503, transportFailed=false
    tiers_integration_test.go:158: join[2532]: HTTP 503, transportFailed=false
    tiers_integration_test.go:158: join[2559]: HTTP 503, transportFailed=false
    tiers_integration_test.go:158: join[2554]: HTTP 503, transportFailed=false
    tiers_integration_test.go:158: join[2516]: HTTP 503, transportFailed=false
    tiers_integration_test.go:158: join[2550]: HTTP 503, transportFailed=false
    tiers_integration_test.go:158: join[2520]: HTTP 503, transportFailed=false
    tiers_integration_test.go:158: join[2576]: HTTP 503, transportFailed=false
    tiers_integration_test.go:158: join[2562]: HTTP 503, transportFailed=false
    tiers_integration_test.go:158: join[2548]: HTTP 503, transportFailed=false
    tiers_integration_test.go:158: join[2558]: HTTP 503, transportFailed=false
    tiers_integration_test.go:158: join[2582]: HTTP 503, transportFailed=false
    tiers_integration_test.go:158: join[2566]: HTTP 503, transportFailed=false
    tiers_integration_test.go:158: join[2577]: HTTP 503, transportFailed=false
    tiers_integration_test.go:158: join[2584]: HTTP 503, transportFailed=false
    tiers_integration_test.go:158: join[2573]: HTTP 503, transportFailed=false
    tiers_integration_test.go:158: join[2588]: HTTP 503, transportFailed=false
    tiers_integration_test.go:158: join[2581]: HTTP 503, transportFailed=false
    tiers_integration_test.go:158: join[2521]: HTTP 503, transportFailed=false
    tiers_integration_test.go:158: join[2560]: HTTP 503, transportFailed=false
    tiers_integration_test.go:158: join[2575]: HTTP 503, transportFailed=false
    tiers_integration_test.go:158: join[2565]: HTTP 503, transportFailed=false
    tiers_integration_test.go:158: join[2585]: HTTP 503, transportFailed=false
    tiers_integration_test.go:158: join[2557]: HTTP 503, transportFailed=false
    tiers_integration_test.go:158: join[2589]: HTTP 503, transportFailed=false
    tiers_integration_test.go:158: join[2569]: HTTP 503, transportFailed=false
    tiers_integration_test.go:158: join[2571]: HTTP 503, transportFailed=false
    tiers_integration_test.go:158: join[2598]: HTTP 503, transportFailed=false
    tiers_integration_test.go:158: join[2587]: HTTP 503, transportFailed=false
    tiers_integration_test.go:158: join[2601]: HTTP 503, transportFailed=false
    tiers_integration_test.go:158: join[2583]: HTTP 503, transportFailed=false
    tiers_integration_test.go:158: join[2603]: HTTP 503, transportFailed=false
    tiers_integration_test.go:158: join[2586]: HTTP 503, transportFailed=false
    tiers_integration_test.go:158: join[2597]: HTTP 503, transportFailed=false
    tiers_integration_test.go:158: join[2572]: HTTP 503, transportFailed=false
    tiers_integration_test.go:158: join[2595]: HTTP 503, transportFailed=false
    tiers_integration_test.go:158: join[2593]: HTTP 503, transportFailed=false
    tiers_integration_test.go:158: join[2599]: HTTP 503, transportFailed=false
    tiers_integration_test.go:158: join[2591]: HTTP 503, transportFailed=false
    tiers_integration_test.go:158: join[2579]: HTTP 503, transportFailed=false
    tiers_integration_test.go:158: join[2592]: HTTP 503, transportFailed=false
    tiers_integration_test.go:158: join[2594]: HTTP 503, transportFailed=false
    tiers_integration_test.go:158: join[2570]: HTTP 503, transportFailed=false
    tiers_integration_test.go:158: join[2613]: HTTP 503, transportFailed=false
    tiers_integration_test.go:158: join[2590]: HTTP 503, transportFailed=false
    tiers_integration_test.go:158: join[2606]: HTTP 503, transportFailed=false
    tiers_integration_test.go:158: join[2608]: HTTP 503, transportFailed=false
    tiers_integration_test.go:158: join[2602]: HTTP 503, transportFailed=false
    tiers_integration_test.go:158: join[2564]: HTTP 503, transportFailed=false
    tiers_integration_test.go:158: join[2578]: HTTP 503, transportFailed=false
    tiers_integration_test.go:158: join[2574]: HTTP 503, transportFailed=false
    tiers_integration_test.go:158: join[2580]: HTTP 503, transportFailed=false
    tiers_integration_test.go:158: join[2615]: HTTP 503, transportFailed=false
    tiers_integration_test.go:158: join[2625]: HTTP 503, transportFailed=false
    tiers_integration_test.go:158: join[2607]: HTTP 503, transportFailed=false
    tiers_integration_test.go:158: join[2604]: HTTP 503, transportFailed=false
    tiers_integration_test.go:158: join[2610]: HTTP 503, transportFailed=false
    tiers_integration_test.go:158: join[2568]: HTTP 503, transportFailed=false
    tiers_integration_test.go:158: join[2619]: HTTP 503, transportFailed=false
    tiers_integration_test.go:158: join[2609]: HTTP 503, transportFailed=false
    tiers_integration_test.go:158: join[2611]: HTTP 503, transportFailed=false
    tiers_integration_test.go:158: join[2614]: HTTP 503, transportFailed=false
    tiers_integration_test.go:158: join[2617]: HTTP 503, transportFailed=false
    tiers_integration_test.go:158: join[2623]: HTTP 503, transportFailed=false
    tiers_integration_test.go:158: join[2596]: HTTP 503, transportFailed=false
    tiers_integration_test.go:158: join[2627]: HTTP 503, transportFailed=false
    tiers_integration_test.go:158: join[2605]: HTTP 503, transportFailed=false
    tiers_integration_test.go:158: join[2600]: HTTP 503, transportFailed=false
    tiers_integration_test.go:158: join[2624]: HTTP 503, transportFailed=false
    tiers_integration_test.go:158: join[2626]: HTTP 503, transportFailed=false
    tiers_integration_test.go:158: join[2629]: HTTP 503, transportFailed=false
    tiers_integration_test.go:158: join[2631]: HTTP 503, transportFailed=false
    tiers_integration_test.go:158: join[2641]: HTTP 503, transportFailed=false
    tiers_integration_test.go:158: join[2621]: HTTP 503, transportFailed=false
    tiers_integration_test.go:158: join[2612]: HTTP 503, transportFailed=false
    tiers_integration_test.go:158: join[2620]: HTTP 503, transportFailed=false
    tiers_integration_test.go:158: join[2646]: HTTP 503, transportFailed=false
    tiers_integration_test.go:158: join[2637]: HTTP 503, transportFailed=false
    tiers_integration_test.go:158: join[2645]: HTTP 503, transportFailed=false
    tiers_integration_test.go:158: join[2633]: HTTP 503, transportFailed=false
    tiers_integration_test.go:158: join[2647]: HTTP 503, transportFailed=false
    tiers_integration_test.go:158: join[2643]: HTTP 503, transportFailed=false
    tiers_integration_test.go:158: join[2635]: HTTP 503, transportFailed=false
    tiers_integration_test.go:158: join[2639]: HTTP 503, transportFailed=false
    tiers_integration_test.go:158: join[2649]: HTTP 503, transportFailed=false
    tiers_integration_test.go:158: join[2655]: HTTP 503, transportFailed=false
    tiers_integration_test.go:158: join[2659]: HTTP 503, transportFailed=false
    tiers_integration_test.go:158: join[2651]: HTTP 503, transportFailed=false
    tiers_integration_test.go:158: join[2622]: HTTP 503, transportFailed=false
    tiers_integration_test.go:158: join[2618]: HTTP 503, transportFailed=false
    tiers_integration_test.go:158: join[2616]: HTTP 503, transportFailed=false
    tiers_integration_test.go:158: join[2665]: HTTP 503, transportFailed=false
    tiers_integration_test.go:158: join[2661]: HTTP 503, transportFailed=false
    tiers_integration_test.go:158: join[2663]: HTTP 503, transportFailed=false
    tiers_integration_test.go:158: join[2667]: HTTP 503, transportFailed=false
    tiers_integration_test.go:158: join[2653]: HTTP 503, transportFailed=false
    tiers_integration_test.go:158: join[2657]: HTTP 503, transportFailed=false
    tiers_integration_test.go:158: join[2669]: HTTP 503, transportFailed=false
    tiers_integration_test.go:158: join[2671]: HTTP 503, transportFailed=false
    tiers_integration_test.go:158: join[2673]: HTTP 503, transportFailed=false
    tiers_integration_test.go:158: join[2675]: HTTP 503, transportFailed=false
    tiers_integration_test.go:158: join[2679]: HTTP 503, transportFailed=false
    tiers_integration_test.go:158: join[2677]: HTTP 503, transportFailed=false
    tiers_integration_test.go:158: join[2636]: HTTP 503, transportFailed=false
    tiers_integration_test.go:158: join[2638]: HTTP 503, transportFailed=false
    tiers_integration_test.go:158: join[2642]: HTTP 503, transportFailed=false
    tiers_integration_test.go:158: join[2681]: HTTP 503, transportFailed=false
    tiers_integration_test.go:158: join[2640]: HTTP 503, transportFailed=false
    tiers_integration_test.go:158: join[2683]: HTTP 503, transportFailed=false
    tiers_integration_test.go:158: join[2687]: HTTP 503, transportFailed=false
    tiers_integration_test.go:158: join[2689]: HTTP 503, transportFailed=false
    tiers_integration_test.go:158: join[2685]: HTTP 503, transportFailed=false
    tiers_integration_test.go:158: join[2691]: HTTP 503, transportFailed=false
    tiers_integration_test.go:158: join[2693]: HTTP 503, transportFailed=false
    tiers_integration_test.go:158: join[2695]: HTTP 503, transportFailed=false
    tiers_integration_test.go:158: join[2697]: HTTP 503, transportFailed=false
    tiers_integration_test.go:158: join[2648]: HTTP 503, transportFailed=false
    tiers_integration_test.go:158: join[2634]: HTTP 503, transportFailed=false
    tiers_integration_test.go:158: join[2699]: HTTP 503, transportFailed=false
    tiers_integration_test.go:158: join[2692]: HTTP 503, transportFailed=false
    tiers_integration_test.go:158: join[2652]: HTTP 503, transportFailed=false
    tiers_integration_test.go:158: join[2656]: HTTP 503, transportFailed=false
    tiers_integration_test.go:158: join[2676]: HTTP 503, transportFailed=false
    tiers_integration_test.go:158: join[2654]: HTTP 503, transportFailed=false
    tiers_integration_test.go:158: join[2664]: HTTP 503, transportFailed=false
    tiers_integration_test.go:158: join[2701]: HTTP 503, transportFailed=false
    tiers_integration_test.go:158: join[2694]: HTTP 503, transportFailed=false
    tiers_integration_test.go:158: join[2698]: HTTP 503, transportFailed=false
    tiers_integration_test.go:158: join[2703]: HTTP 503, transportFailed=false
    tiers_integration_test.go:158: join[2658]: HTTP 503, transportFailed=false
    tiers_integration_test.go:158: join[2709]: HTTP 503, transportFailed=false
    tiers_integration_test.go:158: join[2702]: HTTP 503, transportFailed=false
    tiers_integration_test.go:158: join[2696]: HTTP 503, transportFailed=false
    tiers_integration_test.go:158: join[2705]: HTTP 503, transportFailed=false
    tiers_integration_test.go:158: join[2670]: HTTP 503, transportFailed=false
    tiers_integration_test.go:158: join[2680]: HTTP 503, transportFailed=false
    tiers_integration_test.go:158: join[2707]: HTTP 503, transportFailed=false
    tiers_integration_test.go:158: join[2644]: HTTP 503, transportFailed=false
    tiers_integration_test.go:158: join[2711]: HTTP 503, transportFailed=false
    tiers_integration_test.go:158: join[2660]: HTTP 503, transportFailed=false
    tiers_integration_test.go:158: join[2706]: HTTP 503, transportFailed=false
    tiers_integration_test.go:158: join[2700]: HTTP 503, transportFailed=false
    tiers_integration_test.go:158: join[2632]: HTTP 503, transportFailed=false
    tiers_integration_test.go:158: join[2713]: HTTP 503, transportFailed=false
    tiers_integration_test.go:158: join[2708]: HTTP 503, transportFailed=false
    tiers_integration_test.go:158: join[2704]: HTTP 503, transportFailed=false
    tiers_integration_test.go:158: join[2719]: HTTP 503, transportFailed=false
    tiers_integration_test.go:158: join[2723]: HTTP 503, transportFailed=false
    tiers_integration_test.go:158: join[2690]: HTTP 503, transportFailed=false
    tiers_integration_test.go:158: join[2650]: HTTP 503, transportFailed=false
    tiers_integration_test.go:158: join[2717]: HTTP 503, transportFailed=false
    tiers_integration_test.go:158: join[2674]: HTTP 503, transportFailed=false
    tiers_integration_test.go:158: join[2630]: HTTP 503, transportFailed=false
    tiers_integration_test.go:158: join[2721]: HTTP 503, transportFailed=false
    tiers_integration_test.go:158: join[2712]: HTTP 503, transportFailed=false
    tiers_integration_test.go:158: join[2715]: HTTP 503, transportFailed=false
    tiers_integration_test.go:158: join[2725]: HTTP 503, transportFailed=false
    tiers_integration_test.go:158: join[2710]: HTTP 503, transportFailed=false
    tiers_integration_test.go:158: join[2672]: HTTP 503, transportFailed=false
    tiers_integration_test.go:158: join[2668]: HTTP 503, transportFailed=false
    tiers_integration_test.go:158: join[2662]: HTTP 503, transportFailed=false
    tiers_integration_test.go:158: join[2737]: HTTP 503, transportFailed=false
    tiers_integration_test.go:158: join[2720]: HTTP 503, transportFailed=false
    tiers_integration_test.go:158: join[2678]: HTTP 503, transportFailed=false
    tiers_integration_test.go:158: join[2628]: HTTP 503, transportFailed=false
    tiers_integration_test.go:158: join[2736]: HTTP 503, transportFailed=false
    tiers_integration_test.go:158: join[2739]: HTTP 503, transportFailed=false
    tiers_integration_test.go:158: join[2731]: HTTP 503, transportFailed=false
    tiers_integration_test.go:158: join[2718]: HTTP 503, transportFailed=false
    tiers_integration_test.go:158: join[2730]: HTTP 503, transportFailed=false
    tiers_integration_test.go:158: join[2735]: HTTP 503, transportFailed=false
    tiers_integration_test.go:158: join[2746]: HTTP 503, transportFailed=false
    tiers_integration_test.go:158: join[2734]: HTTP 503, transportFailed=false
    tiers_integration_test.go:158: join[2714]: HTTP 503, transportFailed=false
    tiers_integration_test.go:158: join[2729]: HTTP 503, transportFailed=false
    tiers_integration_test.go:158: join[2744]: HTTP 503, transportFailed=false
    tiers_integration_test.go:158: join[2724]: HTTP 503, transportFailed=false
    tiers_integration_test.go:158: join[2727]: HTTP 503, transportFailed=false
    tiers_integration_test.go:158: join[2732]: HTTP 503, transportFailed=false
    tiers_integration_test.go:158: join[2726]: HTTP 503, transportFailed=false
    tiers_integration_test.go:158: join[2743]: HTTP 503, transportFailed=false
    tiers_integration_test.go:158: join[2682]: HTTP 503, transportFailed=false
    tiers_integration_test.go:158: join[2745]: HTTP 503, transportFailed=false
    tiers_integration_test.go:158: join[2741]: HTTP 503, transportFailed=false
    tiers_integration_test.go:158: join[2686]: HTTP 503, transportFailed=false
    tiers_integration_test.go:158: join[2688]: HTTP 503, transportFailed=false
    tiers_integration_test.go:158: join[2733]: HTTP 503, transportFailed=false
    tiers_integration_test.go:158: join[2722]: HTTP 503, transportFailed=false
    tiers_integration_test.go:158: join[2759]: HTTP 503, transportFailed=false
    tiers_integration_test.go:158: join[2754]: HTTP 503, transportFailed=false
    tiers_integration_test.go:158: join[2684]: HTTP 503, transportFailed=false
    tiers_integration_test.go:158: join[2666]: HTTP 503, transportFailed=false
    tiers_integration_test.go:158: join[2742]: HTTP 503, transportFailed=false
    tiers_integration_test.go:158: join[2755]: HTTP 503, transportFailed=false
    tiers_integration_test.go:158: join[2756]: HTTP 503, transportFailed=false
    tiers_integration_test.go:158: join[2738]: HTTP 503, transportFailed=false
    tiers_integration_test.go:158: join[2740]: HTTP 503, transportFailed=false
    tiers_integration_test.go:158: join[2716]: HTTP 503, transportFailed=false
    tiers_integration_test.go:158: join[2728]: HTTP 503, transportFailed=false
    tiers_integration_test.go:158: join[2774]: HTTP 503, transportFailed=false
    tiers_integration_test.go:158: join[2763]: HTTP 503, transportFailed=false
    tiers_integration_test.go:158: join[2768]: HTTP 503, transportFailed=false
    tiers_integration_test.go:158: join[2762]: HTTP 503, transportFailed=false
    tiers_integration_test.go:158: join[2772]: HTTP 503, transportFailed=false
    tiers_integration_test.go:158: join[2770]: HTTP 503, transportFailed=false
    tiers_integration_test.go:158: join[2775]: HTTP 503, transportFailed=false
    tiers_integration_test.go:158: join[2769]: HTTP 503, transportFailed=false
    tiers_integration_test.go:158: join[2766]: HTTP 503, transportFailed=false
    tiers_integration_test.go:158: join[2778]: HTTP 503, transportFailed=false
    tiers_integration_test.go:158: join[2784]: HTTP 503, transportFailed=false
    tiers_integration_test.go:158: join[2760]: HTTP 503, transportFailed=false
    tiers_integration_test.go:158: join[2781]: HTTP 503, transportFailed=false
    tiers_integration_test.go:158: join[2748]: HTTP 503, transportFailed=false
    tiers_integration_test.go:158: join[2747]: HTTP 503, transportFailed=false
    tiers_integration_test.go:158: join[2749]: HTTP 503, transportFailed=false
    tiers_integration_test.go:158: join[2758]: HTTP 503, transportFailed=false
    tiers_integration_test.go:158: join[2751]: HTTP 503, transportFailed=false
    tiers_integration_test.go:158: join[2764]: HTTP 503, transportFailed=false
    tiers_integration_test.go:158: join[2783]: HTTP 503, transportFailed=false
    tiers_integration_test.go:158: join[2782]: HTTP 503, transportFailed=false
    tiers_integration_test.go:158: join[2753]: HTTP 503, transportFailed=false
    tiers_integration_test.go:158: join[2777]: HTTP 503, transportFailed=false
    tiers_integration_test.go:158: join[2773]: HTTP 503, transportFailed=false
    tiers_integration_test.go:158: join[2757]: HTTP 503, transportFailed=false
    tiers_integration_test.go:158: join[2779]: HTTP 503, transportFailed=false
    tiers_integration_test.go:158: join[2771]: HTTP 503, transportFailed=false
    tiers_integration_test.go:158: join[2752]: HTTP 503, transportFailed=false
    tiers_integration_test.go:158: join[2750]: HTTP 503, transportFailed=false
    tiers_integration_test.go:158: join[2780]: HTTP 503, transportFailed=false
    tiers_integration_test.go:158: join[2776]: HTTP 503, transportFailed=false
    tiers_integration_test.go:158: join[2767]: HTTP 503, transportFailed=false
    tiers_integration_test.go:158: join[2794]: HTTP 503, transportFailed=false
    tiers_integration_test.go:158: join[2761]: HTTP 503, transportFailed=false
    tiers_integration_test.go:158: join[2789]: HTTP 503, transportFailed=false
    tiers_integration_test.go:158: join[2793]: HTTP 503, transportFailed=false
    tiers_integration_test.go:158: join[2797]: HTTP 503, transportFailed=false
    tiers_integration_test.go:158: join[2765]: HTTP 503, transportFailed=false
    tiers_integration_test.go:158: join[2788]: HTTP 503, transportFailed=false
    tiers_integration_test.go:158: join[2817]: HTTP 503, transportFailed=false
    tiers_integration_test.go:158: join[2787]: HTTP 503, transportFailed=false
    tiers_integration_test.go:158: join[2805]: HTTP 503, transportFailed=false
    tiers_integration_test.go:158: join[2785]: HTTP 503, transportFailed=false
    tiers_integration_test.go:158: join[2813]: HTTP 503, transportFailed=false
    tiers_integration_test.go:158: join[2790]: HTTP 503, transportFailed=false
    tiers_integration_test.go:158: join[2791]: HTTP 503, transportFailed=false
    tiers_integration_test.go:158: join[2802]: HTTP 503, transportFailed=false
    tiers_integration_test.go:158: join[2820]: HTTP 503, transportFailed=false
    tiers_integration_test.go:158: join[2821]: HTTP 503, transportFailed=false
    tiers_integration_test.go:158: join[2792]: HTTP 503, transportFailed=false
    tiers_integration_test.go:158: join[2807]: HTTP 503, transportFailed=false
    tiers_integration_test.go:158: join[2826]: HTTP 503, transportFailed=false
    tiers_integration_test.go:158: join[2816]: HTTP 503, transportFailed=false
    tiers_integration_test.go:158: join[2800]: HTTP 503, transportFailed=false
    tiers_integration_test.go:158: join[2823]: HTTP 503, transportFailed=false
    tiers_integration_test.go:158: join[2786]: HTTP 503, transportFailed=false
    tiers_integration_test.go:158: join[2804]: HTTP 503, transportFailed=false
    tiers_integration_test.go:158: join[2808]: HTTP 503, transportFailed=false
    tiers_integration_test.go:158: join[2812]: HTTP 503, transportFailed=false
    tiers_integration_test.go:158: join[2815]: HTTP 503, transportFailed=false
    tiers_integration_test.go:158: join[2809]: HTTP 503, transportFailed=false
    tiers_integration_test.go:158: join[2806]: HTTP 503, transportFailed=false
    tiers_integration_test.go:158: join[2799]: HTTP 503, transportFailed=false
    tiers_integration_test.go:158: join[2803]: HTTP 503, transportFailed=false
    tiers_integration_test.go:158: join[2837]: HTTP 503, transportFailed=false
    tiers_integration_test.go:158: join[2814]: HTTP 503, transportFailed=false
    tiers_integration_test.go:158: join[2795]: HTTP 503, transportFailed=false
    tiers_integration_test.go:158: join[2830]: HTTP 503, transportFailed=false
    tiers_integration_test.go:158: join[2832]: HTTP 503, transportFailed=false
    tiers_integration_test.go:158: join[2834]: HTTP 503, transportFailed=false
    tiers_integration_test.go:158: join[2836]: HTTP 503, transportFailed=false
    tiers_integration_test.go:158: join[2796]: HTTP 503, transportFailed=false
    tiers_integration_test.go:158: join[2798]: HTTP 503, transportFailed=false
    tiers_integration_test.go:158: join[2810]: HTTP 503, transportFailed=false
    tiers_integration_test.go:158: join[2831]: HTTP 503, transportFailed=false
    tiers_integration_test.go:158: join[2845]: HTTP 503, transportFailed=false
    tiers_integration_test.go:158: join[2840]: HTTP 503, transportFailed=false
    tiers_integration_test.go:158: join[2829]: HTTP 503, transportFailed=false
    tiers_integration_test.go:158: join[2835]: HTTP 503, transportFailed=false
    tiers_integration_test.go:158: join[2850]: HTTP 503, transportFailed=false
    tiers_integration_test.go:158: join[2828]: HTTP 503, transportFailed=false
    tiers_integration_test.go:158: join[2842]: HTTP 503, transportFailed=false
    tiers_integration_test.go:158: join[2811]: HTTP 503, transportFailed=false
    tiers_integration_test.go:158: join[2833]: HTTP 503, transportFailed=false
    tiers_integration_test.go:158: join[2819]: HTTP 503, transportFailed=false
    tiers_integration_test.go:158: join[2801]: HTTP 503, transportFailed=false
    tiers_integration_test.go:158: join[2852]: HTTP 503, transportFailed=false
    tiers_integration_test.go:158: join[2859]: HTTP 503, transportFailed=false
    tiers_integration_test.go:158: join[2849]: HTTP 503, transportFailed=false
    tiers_integration_test.go:158: join[2838]: HTTP 503, transportFailed=false
    tiers_integration_test.go:158: join[2822]: HTTP 503, transportFailed=false
    tiers_integration_test.go:158: join[2853]: HTTP 503, transportFailed=false
    tiers_integration_test.go:158: join[2841]: HTTP 503, transportFailed=false
    tiers_integration_test.go:158: join[2851]: HTTP 503, transportFailed=false
    tiers_integration_test.go:158: join[2827]: HTTP 503, transportFailed=false
    tiers_integration_test.go:158: join[2858]: HTTP 503, transportFailed=false
    tiers_integration_test.go:158: join[2861]: HTTP 503, transportFailed=false
    tiers_integration_test.go:158: join[2856]: HTTP 503, transportFailed=false
    tiers_integration_test.go:158: join[2839]: HTTP 503, transportFailed=false
    tiers_integration_test.go:158: join[2848]: HTTP 503, transportFailed=false
    tiers_integration_test.go:158: join[2869]: HTTP 503, transportFailed=false
    tiers_integration_test.go:158: join[2855]: HTTP 503, transportFailed=false
    tiers_integration_test.go:158: join[2846]: HTTP 503, transportFailed=false
    tiers_integration_test.go:158: join[2825]: HTTP 503, transportFailed=false
    tiers_integration_test.go:158: join[2824]: HTTP 503, transportFailed=false
    tiers_integration_test.go:158: join[2872]: HTTP 503, transportFailed=false
    tiers_integration_test.go:158: join[2878]: HTTP 503, transportFailed=false
    tiers_integration_test.go:158: join[2879]: HTTP 503, transportFailed=false
    tiers_integration_test.go:158: join[2847]: HTTP 503, transportFailed=false
    tiers_integration_test.go:158: join[2818]: HTTP 503, transportFailed=false
    tiers_integration_test.go:158: join[2854]: HTTP 503, transportFailed=false
    tiers_integration_test.go:158: join[2844]: HTTP 503, transportFailed=false
    tiers_integration_test.go:158: join[2867]: HTTP 503, transportFailed=false
    tiers_integration_test.go:158: join[2843]: HTTP 503, transportFailed=false
    tiers_integration_test.go:158: join[2883]: HTTP 503, transportFailed=false
    tiers_integration_test.go:158: join[2871]: HTTP 503, transportFailed=false
    tiers_integration_test.go:158: join[2862]: HTTP 503, transportFailed=false
    tiers_integration_test.go:158: join[2885]: HTTP 503, transportFailed=false
    tiers_integration_test.go:158: join[2877]: HTTP 503, transportFailed=false
    tiers_integration_test.go:158: join[2875]: HTTP 503, transportFailed=false
    tiers_integration_test.go:158: join[2870]: HTTP 503, transportFailed=false
    tiers_integration_test.go:158: join[2873]: HTTP 503, transportFailed=false
    tiers_integration_test.go:158: join[2889]: HTTP 503, transportFailed=false
    tiers_integration_test.go:158: join[2886]: HTTP 503, transportFailed=false
    tiers_integration_test.go:158: join[2863]: HTTP 503, transportFailed=false
    tiers_integration_test.go:158: join[2876]: HTTP 503, transportFailed=false
    tiers_integration_test.go:158: join[2891]: HTTP 503, transportFailed=false
    tiers_integration_test.go:158: join[2888]: HTTP 503, transportFailed=false
    tiers_integration_test.go:158: join[2892]: HTTP 503, transportFailed=false
    tiers_integration_test.go:158: join[2893]: HTTP 503, transportFailed=false
    tiers_integration_test.go:158: join[2880]: HTTP 503, transportFailed=false
    tiers_integration_test.go:158: join[2884]: HTTP 503, transportFailed=false
    tiers_integration_test.go:158: join[2881]: HTTP 503, transportFailed=false
    tiers_integration_test.go:158: join[2857]: HTTP 503, transportFailed=false
    tiers_integration_test.go:158: join[2895]: HTTP 503, transportFailed=false
    tiers_integration_test.go:158: join[2882]: HTTP 503, transportFailed=false
    tiers_integration_test.go:158: join[2860]: HTTP 503, transportFailed=false
    tiers_integration_test.go:158: join[2868]: HTTP 503, transportFailed=false
    tiers_integration_test.go:158: join[2865]: HTTP 503, transportFailed=false
    tiers_integration_test.go:158: join[2864]: HTTP 503, transportFailed=false
    tiers_integration_test.go:158: join[2894]: HTTP 503, transportFailed=false
    tiers_integration_test.go:158: join[2874]: HTTP 503, transportFailed=false
    tiers_integration_test.go:158: join[2866]: HTTP 503, transportFailed=false
    tiers_integration_test.go:158: join[2890]: HTTP 503, transportFailed=false
    tiers_integration_test.go:158: join[2899]: HTTP 503, transportFailed=false
    tiers_integration_test.go:158: join[2903]: HTTP 503, transportFailed=false
    tiers_integration_test.go:158: join[2902]: HTTP 503, transportFailed=false
    tiers_integration_test.go:158: join[2900]: HTTP 503, transportFailed=false
    tiers_integration_test.go:158: join[2907]: HTTP 503, transportFailed=false
    tiers_integration_test.go:158: join[2912]: HTTP 503, transportFailed=false
    tiers_integration_test.go:158: join[2916]: HTTP 503, transportFailed=false
    tiers_integration_test.go:158: join[2909]: HTTP 503, transportFailed=false
    tiers_integration_test.go:158: join[2898]: HTTP 503, transportFailed=false
    tiers_integration_test.go:158: join[2911]: HTTP 503, transportFailed=false
    tiers_integration_test.go:158: join[2906]: HTTP 503, transportFailed=false
    tiers_integration_test.go:158: join[2910]: HTTP 503, transportFailed=false
    tiers_integration_test.go:158: join[2919]: HTTP 503, transportFailed=false
    tiers_integration_test.go:158: join[2905]: HTTP 503, transportFailed=false
    tiers_integration_test.go:158: join[2915]: HTTP 503, transportFailed=false
    tiers_integration_test.go:158: join[2887]: HTTP 503, transportFailed=false
    tiers_integration_test.go:158: join[2897]: HTTP 503, transportFailed=false
    tiers_integration_test.go:158: join[2901]: HTTP 503, transportFailed=false
    tiers_integration_test.go:158: join[2914]: HTTP 503, transportFailed=false
    tiers_integration_test.go:158: join[2921]: HTTP 503, transportFailed=false
    tiers_integration_test.go:158: join[2923]: HTTP 503, transportFailed=false
    tiers_integration_test.go:158: join[2927]: HTTP 503, transportFailed=false
    tiers_integration_test.go:158: join[2908]: HTTP 503, transportFailed=false
    tiers_integration_test.go:158: join[2913]: HTTP 503, transportFailed=false
    tiers_integration_test.go:158: join[2929]: HTTP 503, transportFailed=false
    tiers_integration_test.go:158: join[2931]: HTTP 503, transportFailed=false
    tiers_integration_test.go:158: join[2917]: HTTP 503, transportFailed=false
    tiers_integration_test.go:158: join[2918]: HTTP 503, transportFailed=false
    tiers_integration_test.go:158: join[2930]: HTTP 503, transportFailed=false
    tiers_integration_test.go:158: join[2941]: HTTP 503, transportFailed=false
    tiers_integration_test.go:158: join[2932]: HTTP 503, transportFailed=false
    tiers_integration_test.go:158: join[2940]: HTTP 503, transportFailed=false
    tiers_integration_test.go:158: join[2945]: HTTP 503, transportFailed=false
    tiers_integration_test.go:158: join[2920]: HTTP 503, transportFailed=false
    tiers_integration_test.go:158: join[2946]: HTTP 503, transportFailed=false
    tiers_integration_test.go:158: join[2904]: HTTP 503, transportFailed=false
    tiers_integration_test.go:158: join[2928]: HTTP 503, transportFailed=false
    tiers_integration_test.go:158: join[2924]: HTTP 503, transportFailed=false
    tiers_integration_test.go:158: join[2951]: HTTP 503, transportFailed=false
    tiers_integration_test.go:158: join[2953]: HTTP 503, transportFailed=false
    tiers_integration_test.go:158: join[2896]: HTTP 503, transportFailed=false
    tiers_integration_test.go:158: join[2939]: HTTP 503, transportFailed=false
    tiers_integration_test.go:158: join[2938]: HTTP 503, transportFailed=false
    tiers_integration_test.go:158: join[2922]: HTTP 503, transportFailed=false
    tiers_integration_test.go:158: join[2935]: HTTP 503, transportFailed=false
    tiers_integration_test.go:158: join[2937]: HTTP 503, transportFailed=false
    tiers_integration_test.go:158: join[2936]: HTTP 503, transportFailed=false
    tiers_integration_test.go:158: join[2933]: HTTP 503, transportFailed=false
    tiers_integration_test.go:158: join[2934]: HTTP 503, transportFailed=false
    tiers_integration_test.go:158: join[2926]: HTTP 503, transportFailed=false
    tiers_integration_test.go:158: join[2925]: HTTP 503, transportFailed=false
    tiers_integration_test.go:158: join[2948]: HTTP 503, transportFailed=false
    tiers_integration_test.go:158: join[2955]: HTTP 503, transportFailed=false
    tiers_integration_test.go:158: join[2952]: HTTP 503, transportFailed=false
    tiers_integration_test.go:158: join[2957]: HTTP 503, transportFailed=false
    tiers_integration_test.go:158: join[2954]: HTTP 503, transportFailed=false
    tiers_integration_test.go:158: join[2958]: HTTP 503, transportFailed=false
    tiers_integration_test.go:158: join[2969]: HTTP 503, transportFailed=false
    tiers_integration_test.go:158: join[2956]: HTTP 503, transportFailed=false
    tiers_integration_test.go:158: join[2962]: HTTP 503, transportFailed=false
    tiers_integration_test.go:158: join[2960]: HTTP 503, transportFailed=false
    tiers_integration_test.go:158: join[2944]: HTTP 503, transportFailed=false
    tiers_integration_test.go:158: join[2968]: HTTP 503, transportFailed=false
    tiers_integration_test.go:158: join[2959]: HTTP 503, transportFailed=false
    tiers_integration_test.go:158: join[2961]: HTTP 503, transportFailed=false
    tiers_integration_test.go:158: join[2966]: HTTP 503, transportFailed=false
    tiers_integration_test.go:158: join[2964]: HTTP 503, transportFailed=false
    tiers_integration_test.go:158: join[2978]: HTTP 503, transportFailed=false
    tiers_integration_test.go:158: join[2972]: HTTP 503, transportFailed=false
    tiers_integration_test.go:158: join[2942]: HTTP 503, transportFailed=false
    tiers_integration_test.go:158: join[2963]: HTTP 503, transportFailed=false
    tiers_integration_test.go:158: join[2970]: HTTP 503, transportFailed=false
    tiers_integration_test.go:158: join[2965]: HTTP 503, transportFailed=false
    tiers_integration_test.go:158: join[2950]: HTTP 503, transportFailed=false
    tiers_integration_test.go:158: join[2982]: HTTP 503, transportFailed=false
    tiers_integration_test.go:158: join[2976]: HTTP 503, transportFailed=false
    tiers_integration_test.go:158: join[2975]: HTTP 503, transportFailed=false
    tiers_integration_test.go:158: join[2993]: HTTP 503, transportFailed=false
    tiers_integration_test.go:158: join[2986]: HTTP 503, transportFailed=false
    tiers_integration_test.go:158: join[2947]: HTTP 503, transportFailed=false
    tiers_integration_test.go:158: join[2980]: HTTP 503, transportFailed=false
    tiers_integration_test.go:158: join[2949]: HTTP 503, transportFailed=false
    tiers_integration_test.go:158: join[3000]: HTTP 503, transportFailed=false
    tiers_integration_test.go:158: join[2971]: HTTP 503, transportFailed=false
    tiers_integration_test.go:158: join[2981]: HTTP 503, transportFailed=false
    tiers_integration_test.go:158: join[3002]: HTTP 503, transportFailed=false
    tiers_integration_test.go:158: join[2967]: HTTP 503, transportFailed=false
    tiers_integration_test.go:158: join[2984]: HTTP 503, transportFailed=false
    tiers_integration_test.go:158: join[3001]: HTTP 503, transportFailed=false
    tiers_integration_test.go:158: join[2994]: HTTP 503, transportFailed=false
    tiers_integration_test.go:158: join[2992]: HTTP 503, transportFailed=false
    tiers_integration_test.go:158: join[2977]: HTTP 503, transportFailed=false
    tiers_integration_test.go:158: join[2990]: HTTP 503, transportFailed=false
    tiers_integration_test.go:158: join[3003]: HTTP 503, transportFailed=false
    tiers_integration_test.go:158: join[2999]: HTTP 503, transportFailed=false
    tiers_integration_test.go:158: join[3004]: HTTP 503, transportFailed=false
    tiers_integration_test.go:158: join[3006]: HTTP 503, transportFailed=false
    tiers_integration_test.go:158: join[3007]: HTTP 503, transportFailed=false
    tiers_integration_test.go:158: join[2985]: HTTP 503, transportFailed=false
    tiers_integration_test.go:158: join[2974]: HTTP 503, transportFailed=false
    tiers_integration_test.go:158: join[2988]: HTTP 503, transportFailed=false
    tiers_integration_test.go:158: join[2989]: HTTP 503, transportFailed=false
    tiers_integration_test.go:158: join[3010]: HTTP 503, transportFailed=false
    tiers_integration_test.go:158: join[2987]: HTTP 503, transportFailed=false
    tiers_integration_test.go:158: join[2943]: HTTP 503, transportFailed=false
    tiers_integration_test.go:158: join[2996]: HTTP 503, transportFailed=false
    tiers_integration_test.go:158: join[3008]: HTTP 503, transportFailed=false
    tiers_integration_test.go:158: join[3016]: HTTP 503, transportFailed=false
    tiers_integration_test.go:158: join[2998]: HTTP 503, transportFailed=false
    tiers_integration_test.go:158: join[2973]: HTTP 503, transportFailed=false
    tiers_integration_test.go:158: join[2997]: HTTP 503, transportFailed=false
    tiers_integration_test.go:158: join[3005]: HTTP 503, transportFailed=false
    tiers_integration_test.go:158: join[2979]: HTTP 503, transportFailed=false
    tiers_integration_test.go:158: join[3017]: HTTP 503, transportFailed=false
    tiers_integration_test.go:158: join[3014]: HTTP 503, transportFailed=false
    tiers_integration_test.go:158: join[3013]: HTTP 503, transportFailed=false
    tiers_integration_test.go:158: join[2995]: HTTP 503, transportFailed=false
    tiers_integration_test.go:158: join[3019]: HTTP 503, transportFailed=false
    tiers_integration_test.go:158: join[3015]: HTTP 503, transportFailed=false
    tiers_integration_test.go:158: join[3011]: HTTP 503, transportFailed=false
    tiers_integration_test.go:158: join[3012]: HTTP 503, transportFailed=false
    tiers_integration_test.go:158: join[2991]: HTTP 503, transportFailed=false
    tiers_integration_test.go:158: join[3009]: HTTP 503, transportFailed=false
    tiers_integration_test.go:158: join[3024]: HTTP 503, transportFailed=false
    tiers_integration_test.go:158: join[2983]: HTTP 503, transportFailed=false
    tiers_integration_test.go:158: join[3018]: HTTP 503, transportFailed=false
    tiers_integration_test.go:158: join[3033]: HTTP 503, transportFailed=false
    tiers_integration_test.go:158: join[3021]: HTTP 503, transportFailed=false
    tiers_integration_test.go:158: join[3022]: HTTP 503, transportFailed=false
    tiers_integration_test.go:158: join[3027]: HTTP 503, transportFailed=false
    tiers_integration_test.go:158: join[3023]: HTTP 503, transportFailed=false
    tiers_integration_test.go:158: join[3029]: HTTP 503, transportFailed=false
    tiers_integration_test.go:158: join[3031]: HTTP 503, transportFailed=false
    tiers_integration_test.go:158: join[3025]: HTTP 503, transportFailed=false
    tiers_integration_test.go:158: join[3034]: HTTP 503, transportFailed=false
    tiers_integration_test.go:158: join[3030]: HTTP 503, transportFailed=false
    tiers_integration_test.go:158: join[3026]: HTTP 503, transportFailed=false
    tiers_integration_test.go:158: join[3020]: HTTP 503, transportFailed=false
    tiers_integration_test.go:158: join[3032]: HTTP 503, transportFailed=false
    tiers_integration_test.go:158: join[3028]: HTTP 503, transportFailed=false
    tiers_integration_test.go:158: join[3035]: HTTP 503, transportFailed=false
    tiers_integration_test.go:158: join[3043]: HTTP 503, transportFailed=false
    tiers_integration_test.go:158: join[3036]: HTTP 503, transportFailed=false
    tiers_integration_test.go:158: join[3037]: HTTP 503, transportFailed=false
    tiers_integration_test.go:158: join[3038]: HTTP 503, transportFailed=false
    tiers_integration_test.go:158: join[3042]: HTTP 503, transportFailed=false
    tiers_integration_test.go:158: join[3051]: HTTP 503, transportFailed=false
    tiers_integration_test.go:158: join[3068]: HTTP 503, transportFailed=false
    tiers_integration_test.go:158: join[3041]: HTTP 503, transportFailed=false
    tiers_integration_test.go:158: join[3055]: HTTP 503, transportFailed=false
    tiers_integration_test.go:158: join[3049]: HTTP 503, transportFailed=false
    tiers_integration_test.go:158: join[3066]: HTTP 503, transportFailed=false
    tiers_integration_test.go:158: join[3040]: HTTP 503, transportFailed=false
    tiers_integration_test.go:158: join[3060]: HTTP 503, transportFailed=false
    tiers_integration_test.go:158: join[3056]: HTTP 503, transportFailed=false
    tiers_integration_test.go:158: join[3070]: HTTP 503, transportFailed=false
    tiers_integration_test.go:158: join[3071]: HTTP 503, transportFailed=false
    tiers_integration_test.go:158: join[3053]: HTTP 503, transportFailed=false
    tiers_integration_test.go:158: join[3064]: HTTP 503, transportFailed=false
    tiers_integration_test.go:158: join[3059]: HTTP 503, transportFailed=false
    tiers_integration_test.go:158: join[3075]: HTTP 503, transportFailed=false
    tiers_integration_test.go:158: join[3077]: HTTP 503, transportFailed=false
    tiers_integration_test.go:158: join[3047]: HTTP 503, transportFailed=false
    tiers_integration_test.go:158: join[3054]: HTTP 503, transportFailed=false
    tiers_integration_test.go:158: join[3069]: HTTP 503, transportFailed=false
    tiers_integration_test.go:158: join[3058]: HTTP 503, transportFailed=false
    tiers_integration_test.go:158: join[3081]: HTTP 503, transportFailed=false
    tiers_integration_test.go:158: join[3084]: HTTP 503, transportFailed=false
    tiers_integration_test.go:158: join[3050]: HTTP 503, transportFailed=false
    tiers_integration_test.go:158: join[3076]: HTTP 503, transportFailed=false
    tiers_integration_test.go:158: join[3074]: HTTP 503, transportFailed=false
    tiers_integration_test.go:158: join[3078]: HTTP 503, transportFailed=false
    tiers_integration_test.go:158: join[3082]: HTTP 503, transportFailed=false
    tiers_integration_test.go:158: join[3062]: HTTP 503, transportFailed=false
    tiers_integration_test.go:158: join[3079]: HTTP 503, transportFailed=false
    tiers_integration_test.go:158: join[3087]: HTTP 503, transportFailed=false
    tiers_integration_test.go:158: join[3072]: HTTP 503, transportFailed=false
    tiers_integration_test.go:158: join[3083]: HTTP 503, transportFailed=false
    tiers_integration_test.go:158: join[3048]: HTTP 503, transportFailed=false
    tiers_integration_test.go:158: join[3057]: HTTP 503, transportFailed=false
    tiers_integration_test.go:158: join[3073]: HTTP 503, transportFailed=false
    tiers_integration_test.go:158: join[3067]: HTTP 503, transportFailed=false
    tiers_integration_test.go:158: join[3052]: HTTP 503, transportFailed=false
    tiers_integration_test.go:158: join[3080]: HTTP 503, transportFailed=false
    tiers_integration_test.go:158: join[3061]: HTTP 503, transportFailed=false
    tiers_integration_test.go:158: join[3086]: HTTP 503, transportFailed=false
    tiers_integration_test.go:158: join[3063]: HTTP 503, transportFailed=false
    tiers_integration_test.go:158: join[3065]: HTTP 503, transportFailed=false
    tiers_integration_test.go:158: join[3091]: HTTP 503, transportFailed=false
    tiers_integration_test.go:158: join[3095]: HTTP 503, transportFailed=false
    tiers_integration_test.go:158: join[3085]: HTTP 503, transportFailed=false
    tiers_integration_test.go:158: join[3039]: HTTP 503, transportFailed=false
    tiers_integration_test.go:158: join[3046]: HTTP 503, transportFailed=false
    tiers_integration_test.go:158: join[3045]: HTTP 503, transportFailed=false
    tiers_integration_test.go:158: join[3089]: HTTP 503, transportFailed=false
    tiers_integration_test.go:158: join[3097]: HTTP 503, transportFailed=false
    tiers_integration_test.go:158: join[3103]: HTTP 503, transportFailed=false
    tiers_integration_test.go:158: join[3090]: HTTP 503, transportFailed=false
    tiers_integration_test.go:158: join[3101]: HTTP 503, transportFailed=false
    tiers_integration_test.go:158: join[3092]: HTTP 503, transportFailed=false
    tiers_integration_test.go:158: join[3102]: HTTP 503, transportFailed=false
    tiers_integration_test.go:158: join[3111]: HTTP 503, transportFailed=false
    tiers_integration_test.go:158: join[3100]: HTTP 503, transportFailed=false
    tiers_integration_test.go:158: join[3096]: HTTP 503, transportFailed=false
    tiers_integration_test.go:158: join[3104]: HTTP 503, transportFailed=false
    tiers_integration_test.go:158: join[3098]: HTTP 503, transportFailed=false
    tiers_integration_test.go:158: join[3044]: HTTP 503, transportFailed=false
    tiers_integration_test.go:158: join[3107]: HTTP 503, transportFailed=false
    tiers_integration_test.go:158: join[3088]: HTTP 503, transportFailed=false
    tiers_integration_test.go:158: join[3094]: HTTP 503, transportFailed=false
    tiers_integration_test.go:158: join[3105]: HTTP 503, transportFailed=false
    tiers_integration_test.go:158: join[3109]: HTTP 503, transportFailed=false
    tiers_integration_test.go:158: join[3093]: HTTP 503, transportFailed=false
    tiers_integration_test.go:158: join[3115]: HTTP 503, transportFailed=false
    tiers_integration_test.go:158: join[3110]: HTTP 503, transportFailed=false
    tiers_integration_test.go:158: join[3108]: HTTP 503, transportFailed=false
    tiers_integration_test.go:158: join[3099]: HTTP 503, transportFailed=false
    tiers_integration_test.go:158: join[3133]: HTTP 503, transportFailed=false
    tiers_integration_test.go:158: join[3113]: HTTP 503, transportFailed=false
    tiers_integration_test.go:158: join[3116]: HTTP 503, transportFailed=false
    tiers_integration_test.go:158: join[3135]: HTTP 503, transportFailed=false
    tiers_integration_test.go:158: join[3106]: HTTP 503, transportFailed=false
    tiers_integration_test.go:158: join[3112]: HTTP 503, transportFailed=false
    tiers_integration_test.go:158: join[3121]: HTTP 503, transportFailed=false
    tiers_integration_test.go:158: join[3114]: HTTP 503, transportFailed=false
    tiers_integration_test.go:158: join[3117]: HTTP 503, transportFailed=false
    tiers_integration_test.go:158: join[3131]: HTTP 503, transportFailed=false
    tiers_integration_test.go:158: join[3122]: HTTP 503, transportFailed=false
    tiers_integration_test.go:158: join[3136]: HTTP 503, transportFailed=false
    tiers_integration_test.go:158: join[3125]: HTTP 503, transportFailed=false
    tiers_integration_test.go:158: join[3127]: HTTP 503, transportFailed=false
    tiers_integration_test.go:158: join[3119]: HTTP 503, transportFailed=false
    tiers_integration_test.go:158: join[3146]: HTTP 503, transportFailed=false
    tiers_integration_test.go:158: join[3120]: HTTP 503, transportFailed=false
    tiers_integration_test.go:158: join[3134]: HTTP 503, transportFailed=false
    tiers_integration_test.go:158: join[3123]: HTTP 503, transportFailed=false
    tiers_integration_test.go:158: join[3129]: HTTP 503, transportFailed=false
    tiers_integration_test.go:158: join[3137]: HTTP 503, transportFailed=false
    tiers_integration_test.go:158: join[3141]: HTTP 503, transportFailed=false
    tiers_integration_test.go:158: join[3139]: HTTP 503, transportFailed=false
    tiers_integration_test.go:158: join[3138]: HTTP 503, transportFailed=false
    tiers_integration_test.go:158: join[3143]: HTTP 503, transportFailed=false
    tiers_integration_test.go:158: join[3124]: HTTP 503, transportFailed=false
    tiers_integration_test.go:158: join[3148]: HTTP 503, transportFailed=false
    tiers_integration_test.go:158: join[3132]: HTTP 503, transportFailed=false
    tiers_integration_test.go:158: join[3126]: HTTP 503, transportFailed=false
    tiers_integration_test.go:158: join[3153]: HTTP 503, transportFailed=false
    tiers_integration_test.go:158: join[3128]: HTTP 503, transportFailed=false
    tiers_integration_test.go:158: join[3140]: HTTP 503, transportFailed=false
    tiers_integration_test.go:158: join[3156]: HTTP 503, transportFailed=false
    tiers_integration_test.go:158: join[3160]: HTTP 503, transportFailed=false
    tiers_integration_test.go:158: join[3144]: HTTP 503, transportFailed=false
    tiers_integration_test.go:158: join[3142]: HTTP 503, transportFailed=false
    tiers_integration_test.go:158: join[3149]: HTTP 503, transportFailed=false
    tiers_integration_test.go:158: join[3130]: HTTP 503, transportFailed=false
    tiers_integration_test.go:158: join[3150]: HTTP 503, transportFailed=false
    tiers_integration_test.go:158: join[3162]: HTTP 503, transportFailed=false
    tiers_integration_test.go:158: join[3154]: HTTP 503, transportFailed=false
    tiers_integration_test.go:158: join[3169]: HTTP 503, transportFailed=false
    tiers_integration_test.go:158: join[3165]: HTTP 503, transportFailed=false
    tiers_integration_test.go:158: join[3163]: HTTP 503, transportFailed=false
    tiers_integration_test.go:158: join[3167]: HTTP 503, transportFailed=false
    tiers_integration_test.go:158: join[3166]: HTTP 503, transportFailed=false
    tiers_integration_test.go:158: join[3155]: HTTP 503, transportFailed=false
    tiers_integration_test.go:158: join[3173]: HTTP 503, transportFailed=false
    tiers_integration_test.go:158: join[3145]: HTTP 503, transportFailed=false
    tiers_integration_test.go:158: join[3168]: HTTP 503, transportFailed=false
    tiers_integration_test.go:158: join[3147]: HTTP 503, transportFailed=false
    tiers_integration_test.go:158: join[3157]: HTTP 503, transportFailed=false
    tiers_integration_test.go:158: join[3170]: HTTP 503, transportFailed=false
    tiers_integration_test.go:158: join[3164]: HTTP 503, transportFailed=false
    tiers_integration_test.go:158: join[3152]: HTTP 503, transportFailed=false
    tiers_integration_test.go:158: join[3151]: HTTP 503, transportFailed=false
    tiers_integration_test.go:158: join[3159]: HTTP 503, transportFailed=false
    tiers_integration_test.go:158: join[3118]: HTTP 503, transportFailed=false
    tiers_integration_test.go:158: join[3158]: HTTP 503, transportFailed=false
    tiers_integration_test.go:158: join[3161]: HTTP 503, transportFailed=false
    tiers_integration_test.go:158: join[3176]: HTTP 503, transportFailed=false
    tiers_integration_test.go:158: join[3179]: HTTP 503, transportFailed=false
    tiers_integration_test.go:158: join[3180]: HTTP 503, transportFailed=false
    tiers_integration_test.go:158: join[3178]: HTTP 503, transportFailed=false
    tiers_integration_test.go:158: join[3185]: HTTP 503, transportFailed=false
    tiers_integration_test.go:158: join[3188]: HTTP 503, transportFailed=false
    tiers_integration_test.go:158: join[3197]: HTTP 503, transportFailed=false
    tiers_integration_test.go:158: join[3183]: HTTP 503, transportFailed=false
    tiers_integration_test.go:158: join[3186]: HTTP 503, transportFailed=false
    tiers_integration_test.go:158: join[3172]: HTTP 503, transportFailed=false
    tiers_integration_test.go:158: join[3174]: HTTP 503, transportFailed=false
    tiers_integration_test.go:158: join[3175]: HTTP 503, transportFailed=false
    tiers_integration_test.go:158: join[3182]: HTTP 503, transportFailed=false
    tiers_integration_test.go:158: join[3201]: HTTP 503, transportFailed=false
    tiers_integration_test.go:158: join[3177]: HTTP 503, transportFailed=false
    tiers_integration_test.go:158: join[3198]: HTTP 503, transportFailed=false
    tiers_integration_test.go:158: join[3190]: HTTP 503, transportFailed=false
    tiers_integration_test.go:158: join[3193]: HTTP 503, transportFailed=false
    tiers_integration_test.go:158: join[3187]: HTTP 503, transportFailed=false
    tiers_integration_test.go:158: join[3195]: HTTP 503, transportFailed=false
    tiers_integration_test.go:158: join[3202]: HTTP 503, transportFailed=false
    tiers_integration_test.go:158: join[3206]: HTTP 503, transportFailed=false
    tiers_integration_test.go:158: join[3191]: HTTP 503, transportFailed=false
    tiers_integration_test.go:158: join[3194]: HTTP 503, transportFailed=false
    tiers_integration_test.go:158: join[3171]: HTTP 503, transportFailed=false
    tiers_integration_test.go:158: join[3184]: HTTP 503, transportFailed=false
    tiers_integration_test.go:158: join[3203]: HTTP 503, transportFailed=false
    tiers_integration_test.go:158: join[3181]: HTTP 503, transportFailed=false
    tiers_integration_test.go:158: join[3192]: HTTP 503, transportFailed=false
    tiers_integration_test.go:158: join[3204]: HTTP 503, transportFailed=false
    tiers_integration_test.go:158: join[3189]: HTTP 503, transportFailed=false
    tiers_integration_test.go:158: join[3216]: HTTP 503, transportFailed=false
    tiers_integration_test.go:158: join[3215]: HTTP 503, transportFailed=false
    tiers_integration_test.go:158: join[3218]: HTTP 503, transportFailed=false
    tiers_integration_test.go:158: join[3211]: HTTP 503, transportFailed=false
    tiers_integration_test.go:158: join[3200]: HTTP 503, transportFailed=false
    tiers_integration_test.go:158: join[3214]: HTTP 503, transportFailed=false
    tiers_integration_test.go:158: join[3213]: HTTP 503, transportFailed=false
    tiers_integration_test.go:158: join[3219]: HTTP 503, transportFailed=false
    tiers_integration_test.go:158: join[3210]: HTTP 503, transportFailed=false
    tiers_integration_test.go:158: join[3217]: HTTP 503, transportFailed=false
    tiers_integration_test.go:158: join[3199]: HTTP 503, transportFailed=false
    tiers_integration_test.go:158: join[3196]: HTTP 503, transportFailed=false
    tiers_integration_test.go:158: join[3205]: HTTP 503, transportFailed=false
    tiers_integration_test.go:158: join[3232]: HTTP 503, transportFailed=false
    tiers_integration_test.go:158: join[3233]: HTTP 503, transportFailed=false
    tiers_integration_test.go:158: join[3235]: HTTP 503, transportFailed=false
    tiers_integration_test.go:158: join[3231]: HTTP 503, transportFailed=false
    tiers_integration_test.go:158: join[3221]: HTTP 503, transportFailed=false
    tiers_integration_test.go:158: join[3209]: HTTP 503, transportFailed=false
    tiers_integration_test.go:158: join[3226]: HTTP 503, transportFailed=false
    tiers_integration_test.go:158: join[3223]: HTTP 503, transportFailed=false
    tiers_integration_test.go:158: join[3208]: HTTP 503, transportFailed=false
    tiers_integration_test.go:158: join[3212]: HTTP 503, transportFailed=false
    tiers_integration_test.go:158: join[3207]: HTTP 503, transportFailed=false
    tiers_integration_test.go:158: join[3220]: HTTP 503, transportFailed=false
    tiers_integration_test.go:158: join[3229]: HTTP 503, transportFailed=false
    tiers_integration_test.go:158: join[3236]: HTTP 503, transportFailed=false
    tiers_integration_test.go:158: join[3237]: HTTP 503, transportFailed=false
    tiers_integration_test.go:158: join[3247]: HTTP 503, transportFailed=false
    tiers_integration_test.go:158: join[3238]: HTTP 503, transportFailed=false
    tiers_integration_test.go:158: join[3228]: HTTP 503, transportFailed=false
    tiers_integration_test.go:158: join[3243]: HTTP 503, transportFailed=false
    tiers_integration_test.go:158: join[3239]: HTTP 503, transportFailed=false
    tiers_integration_test.go:158: join[3234]: HTTP 503, transportFailed=false
    tiers_integration_test.go:158: join[3225]: HTTP 503, transportFailed=false
    tiers_integration_test.go:158: join[3222]: HTTP 503, transportFailed=false
    tiers_integration_test.go:158: join[3224]: HTTP 503, transportFailed=false
    tiers_integration_test.go:158: join[3227]: HTTP 503, transportFailed=false
    tiers_integration_test.go:158: join[3230]: HTTP 503, transportFailed=false
    tiers_integration_test.go:158: join[3245]: HTTP 503, transportFailed=false
    tiers_integration_test.go:158: join[3257]: HTTP 503, transportFailed=false
    tiers_integration_test.go:158: join[3244]: HTTP 503, transportFailed=false
    tiers_integration_test.go:158: join[3249]: HTTP 503, transportFailed=false
    tiers_integration_test.go:158: join[3246]: HTTP 503, transportFailed=false
    tiers_integration_test.go:158: join[3240]: HTTP 503, transportFailed=false
    tiers_integration_test.go:158: join[3241]: HTTP 503, transportFailed=false
    tiers_integration_test.go:158: join[3248]: HTTP 503, transportFailed=false
    tiers_integration_test.go:158: join[3242]: HTTP 503, transportFailed=false
    tiers_integration_test.go:158: join[3259]: HTTP 503, transportFailed=false
    tiers_integration_test.go:158: join[3250]: HTTP 503, transportFailed=false
    tiers_integration_test.go:158: join[3255]: HTTP 503, transportFailed=false
    tiers_integration_test.go:158: join[3266]: HTTP 503, transportFailed=false
    tiers_integration_test.go:158: join[3256]: HTTP 503, transportFailed=false
    tiers_integration_test.go:158: join[3273]: HTTP 503, transportFailed=false
    tiers_integration_test.go:158: join[3252]: HTTP 503, transportFailed=false
    tiers_integration_test.go:158: join[3258]: HTTP 503, transportFailed=false
    tiers_integration_test.go:158: join[3274]: HTTP 503, transportFailed=false
    tiers_integration_test.go:158: join[3267]: HTTP 503, transportFailed=false
    tiers_integration_test.go:158: join[3254]: HTTP 503, transportFailed=false
    tiers_integration_test.go:158: join[3270]: HTTP 503, transportFailed=false
    tiers_integration_test.go:158: join[3265]: HTTP 503, transportFailed=false
    tiers_integration_test.go:158: join[3263]: HTTP 503, transportFailed=false
    tiers_integration_test.go:158: join[3261]: HTTP 503, transportFailed=false
    tiers_integration_test.go:158: join[3276]: HTTP 503, transportFailed=false
    tiers_integration_test.go:158: join[3269]: HTTP 503, transportFailed=false
    tiers_integration_test.go:158: join[3260]: HTTP 503, transportFailed=false
    tiers_integration_test.go:158: join[3251]: HTTP 503, transportFailed=false
    tiers_integration_test.go:158: join[3264]: HTTP 503, transportFailed=false
    tiers_integration_test.go:158: join[3282]: HTTP 503, transportFailed=false
    tiers_integration_test.go:158: join[3281]: HTTP 503, transportFailed=false
    tiers_integration_test.go:158: join[3275]: HTTP 503, transportFailed=false
    tiers_integration_test.go:158: join[3268]: HTTP 503, transportFailed=false
    tiers_integration_test.go:158: join[3262]: HTTP 503, transportFailed=false
    tiers_integration_test.go:158: join[3271]: HTTP 503, transportFailed=false
    tiers_integration_test.go:158: join[3283]: HTTP 503, transportFailed=false
    tiers_integration_test.go:158: join[3280]: HTTP 503, transportFailed=false
    tiers_integration_test.go:158: join[3253]: HTTP 503, transportFailed=false
    tiers_integration_test.go:158: join[3277]: HTTP 503, transportFailed=false
    tiers_integration_test.go:158: join[3286]: HTTP 503, transportFailed=false
    tiers_integration_test.go:158: join[3272]: HTTP 503, transportFailed=false
    tiers_integration_test.go:158: join[3289]: HTTP 503, transportFailed=false
    tiers_integration_test.go:158: join[3288]: HTTP 503, transportFailed=false
    tiers_integration_test.go:158: join[3279]: HTTP 503, transportFailed=false
    tiers_integration_test.go:158: join[3278]: HTTP 503, transportFailed=false
    tiers_integration_test.go:158: join[3297]: HTTP 503, transportFailed=false
    tiers_integration_test.go:158: join[3285]: HTTP 503, transportFailed=false
    tiers_integration_test.go:158: join[3296]: HTTP 503, transportFailed=false
    tiers_integration_test.go:158: join[3284]: HTTP 503, transportFailed=false
    tiers_integration_test.go:158: join[3302]: HTTP 503, transportFailed=false
    tiers_integration_test.go:158: join[3291]: HTTP 503, transportFailed=false
    tiers_integration_test.go:158: join[3290]: HTTP 503, transportFailed=false
    tiers_integration_test.go:158: join[3306]: HTTP 503, transportFailed=false
    tiers_integration_test.go:158: join[3287]: HTTP 503, transportFailed=false
    tiers_integration_test.go:158: join[3294]: HTTP 503, transportFailed=false
    tiers_integration_test.go:158: join[3304]: HTTP 503, transportFailed=false
    tiers_integration_test.go:158: join[3315]: HTTP 503, transportFailed=false
    tiers_integration_test.go:158: join[3313]: HTTP 503, transportFailed=false
    tiers_integration_test.go:158: join[3293]: HTTP 503, transportFailed=false
    tiers_integration_test.go:158: join[3299]: HTTP 503, transportFailed=false
    tiers_integration_test.go:158: join[3316]: HTTP 503, transportFailed=false
    tiers_integration_test.go:158: join[3292]: HTTP 503, transportFailed=false
    tiers_integration_test.go:158: join[3322]: HTTP 503, transportFailed=false
    tiers_integration_test.go:158: join[3301]: HTTP 503, transportFailed=false
    tiers_integration_test.go:158: join[3317]: HTTP 503, transportFailed=false
    tiers_integration_test.go:158: join[3309]: HTTP 503, transportFailed=false
    tiers_integration_test.go:158: join[3319]: HTTP 503, transportFailed=false
    tiers_integration_test.go:158: join[3295]: HTTP 503, transportFailed=false
    tiers_integration_test.go:158: join[3307]: HTTP 503, transportFailed=false
    tiers_integration_test.go:158: join[3303]: HTTP 503, transportFailed=false
    tiers_integration_test.go:158: join[3311]: HTTP 503, transportFailed=false
    tiers_integration_test.go:158: join[3318]: HTTP 503, transportFailed=false
    tiers_integration_test.go:158: join[3300]: HTTP 503, transportFailed=false
    tiers_integration_test.go:158: join[3308]: HTTP 503, transportFailed=false
    tiers_integration_test.go:158: join[3320]: HTTP 503, transportFailed=false
    tiers_integration_test.go:158: join[3332]: HTTP 503, transportFailed=false
    tiers_integration_test.go:158: join[3328]: HTTP 503, transportFailed=false
    tiers_integration_test.go:158: join[3305]: HTTP 503, transportFailed=false
    tiers_integration_test.go:158: join[3312]: HTTP 503, transportFailed=false
    tiers_integration_test.go:158: join[3327]: HTTP 503, transportFailed=false
    tiers_integration_test.go:158: join[3323]: HTTP 503, transportFailed=false
    tiers_integration_test.go:158: join[3325]: HTTP 503, transportFailed=false
    tiers_integration_test.go:158: join[3298]: HTTP 503, transportFailed=false
    tiers_integration_test.go:158: join[3331]: HTTP 503, transportFailed=false
    tiers_integration_test.go:158: join[3314]: HTTP 503, transportFailed=false
    tiers_integration_test.go:158: join[3321]: HTTP 503, transportFailed=false
    tiers_integration_test.go:158: join[3336]: HTTP 503, transportFailed=false
    tiers_integration_test.go:158: join[3326]: HTTP 503, transportFailed=false
    tiers_integration_test.go:158: join[3310]: HTTP 503, transportFailed=false
    tiers_integration_test.go:158: join[3330]: HTTP 503, transportFailed=false
    tiers_integration_test.go:158: join[3337]: HTTP 503, transportFailed=false
    tiers_integration_test.go:158: join[3344]: HTTP 503, transportFailed=false
    tiers_integration_test.go:158: join[3334]: HTTP 503, transportFailed=false
    tiers_integration_test.go:158: join[3329]: HTTP 503, transportFailed=false
    tiers_integration_test.go:158: join[3338]: HTTP 503, transportFailed=false
    tiers_integration_test.go:158: join[3345]: HTTP 503, transportFailed=false
    tiers_integration_test.go:158: join[3335]: HTTP 503, transportFailed=false
    tiers_integration_test.go:158: join[3343]: HTTP 503, transportFailed=false
    tiers_integration_test.go:158: join[3333]: HTTP 503, transportFailed=false
    tiers_integration_test.go:158: join[3358]: HTTP 503, transportFailed=false
    tiers_integration_test.go:158: join[3349]: HTTP 503, transportFailed=false
    tiers_integration_test.go:158: join[3351]: HTTP 503, transportFailed=false
    tiers_integration_test.go:158: join[3347]: HTTP 503, transportFailed=false
    tiers_integration_test.go:158: join[3340]: HTTP 503, transportFailed=false
    tiers_integration_test.go:158: join[3324]: HTTP 503, transportFailed=false
    tiers_integration_test.go:158: join[3348]: HTTP 503, transportFailed=false
    tiers_integration_test.go:158: join[3342]: HTTP 503, transportFailed=false
    tiers_integration_test.go:158: join[3341]: HTTP 503, transportFailed=false
    tiers_integration_test.go:158: join[3367]: HTTP 503, transportFailed=false
    tiers_integration_test.go:158: join[3339]: HTTP 503, transportFailed=false
    tiers_integration_test.go:158: join[3366]: HTTP 503, transportFailed=false
    tiers_integration_test.go:158: join[3361]: HTTP 503, transportFailed=false
    tiers_integration_test.go:158: join[3362]: HTTP 503, transportFailed=false
    tiers_integration_test.go:158: join[3360]: HTTP 503, transportFailed=false
    tiers_integration_test.go:158: join[3365]: HTTP 503, transportFailed=false
    tiers_integration_test.go:158: join[3374]: HTTP 503, transportFailed=false
    tiers_integration_test.go:158: join[3364]: HTTP 503, transportFailed=false
    tiers_integration_test.go:158: join[3355]: HTTP 503, transportFailed=false
    tiers_integration_test.go:158: join[3371]: HTTP 503, transportFailed=false
    tiers_integration_test.go:158: join[3354]: HTTP 503, transportFailed=false
    tiers_integration_test.go:158: join[3350]: HTTP 503, transportFailed=false
    tiers_integration_test.go:158: join[3368]: HTTP 503, transportFailed=false
    tiers_integration_test.go:158: join[3357]: HTTP 503, transportFailed=false
    tiers_integration_test.go:158: join[3386]: HTTP 503, transportFailed=false
    tiers_integration_test.go:158: join[3346]: HTTP 503, transportFailed=false
    tiers_integration_test.go:158: join[3352]: HTTP 503, transportFailed=false
    tiers_integration_test.go:158: join[3384]: HTTP 503, transportFailed=false
    tiers_integration_test.go:158: join[3369]: HTTP 503, transportFailed=false
    tiers_integration_test.go:158: join[3392]: HTTP 503, transportFailed=false
    tiers_integration_test.go:158: join[3370]: HTTP 503, transportFailed=false
    tiers_integration_test.go:158: join[3359]: HTTP 503, transportFailed=false
    tiers_integration_test.go:158: join[3372]: HTTP 503, transportFailed=false
    tiers_integration_test.go:158: join[3383]: HTTP 503, transportFailed=false
    tiers_integration_test.go:158: join[3379]: HTTP 503, transportFailed=false
    tiers_integration_test.go:158: join[3391]: HTTP 503, transportFailed=false
    tiers_integration_test.go:158: join[3373]: HTTP 503, transportFailed=false
    tiers_integration_test.go:158: join[3393]: HTTP 503, transportFailed=false
    tiers_integration_test.go:158: join[3377]: HTTP 503, transportFailed=false
    tiers_integration_test.go:158: join[3375]: HTTP 503, transportFailed=false
    tiers_integration_test.go:158: join[3388]: HTTP 503, transportFailed=false
    tiers_integration_test.go:158: join[3382]: HTTP 503, transportFailed=false
    tiers_integration_test.go:158: join[3353]: HTTP 503, transportFailed=false
    tiers_integration_test.go:158: join[3363]: HTTP 503, transportFailed=false
    tiers_integration_test.go:158: join[3406]: HTTP 503, transportFailed=false
    tiers_integration_test.go:158: join[3403]: HTTP 503, transportFailed=false
    tiers_integration_test.go:158: join[3356]: HTTP 503, transportFailed=false
    tiers_integration_test.go:158: join[3387]: HTTP 503, transportFailed=false
    tiers_integration_test.go:158: join[3396]: HTTP 503, transportFailed=false
    tiers_integration_test.go:158: join[3400]: HTTP 503, transportFailed=false
    tiers_integration_test.go:158: join[3397]: HTTP 503, transportFailed=false
    tiers_integration_test.go:158: join[3402]: HTTP 503, transportFailed=false
    tiers_integration_test.go:158: join[3395]: HTTP 503, transportFailed=false
    tiers_integration_test.go:158: join[3390]: HTTP 503, transportFailed=false
    tiers_integration_test.go:158: join[3378]: HTTP 503, transportFailed=false
    tiers_integration_test.go:158: join[3399]: HTTP 503, transportFailed=false
    tiers_integration_test.go:158: join[3394]: HTTP 503, transportFailed=false
    tiers_integration_test.go:158: join[3380]: HTTP 503, transportFailed=false
    tiers_integration_test.go:158: join[3376]: HTTP 503, transportFailed=false
    tiers_integration_test.go:158: join[3404]: HTTP 503, transportFailed=false
    tiers_integration_test.go:158: join[3401]: HTTP 503, transportFailed=false
    tiers_integration_test.go:158: join[3381]: HTTP 503, transportFailed=false
    tiers_integration_test.go:158: join[3405]: HTTP 503, transportFailed=false
    tiers_integration_test.go:158: join[3416]: HTTP 503, transportFailed=false
    tiers_integration_test.go:158: join[3411]: HTTP 503, transportFailed=false
    tiers_integration_test.go:158: join[3407]: HTTP 503, transportFailed=false
    tiers_integration_test.go:158: join[3398]: HTTP 503, transportFailed=false
    tiers_integration_test.go:158: join[3420]: HTTP 503, transportFailed=false
    tiers_integration_test.go:158: join[3408]: HTTP 503, transportFailed=false
    tiers_integration_test.go:158: join[3422]: HTTP 503, transportFailed=false
    tiers_integration_test.go:158: join[3389]: HTTP 503, transportFailed=false
    tiers_integration_test.go:158: join[3412]: HTTP 503, transportFailed=false
    tiers_integration_test.go:158: join[3413]: HTTP 503, transportFailed=false
    tiers_integration_test.go:158: join[3410]: HTTP 503, transportFailed=false
    tiers_integration_test.go:158: join[3434]: HTTP 503, transportFailed=false
    tiers_integration_test.go:158: join[3428]: HTTP 503, transportFailed=false
    tiers_integration_test.go:158: join[3385]: HTTP 503, transportFailed=false
    tiers_integration_test.go:158: join[3424]: HTTP 503, transportFailed=false
    tiers_integration_test.go:158: join[3418]: HTTP 503, transportFailed=false
    tiers_integration_test.go:158: join[3414]: HTTP 503, transportFailed=false
    tiers_integration_test.go:158: join[3440]: HTTP 503, transportFailed=false
    tiers_integration_test.go:158: join[3439]: HTTP 503, transportFailed=false
    tiers_integration_test.go:158: join[3441]: HTTP 503, transportFailed=false
    tiers_integration_test.go:158: join[3430]: HTTP 503, transportFailed=false
    tiers_integration_test.go:158: join[3426]: HTTP 503, transportFailed=false
    tiers_integration_test.go:158: join[3436]: HTTP 503, transportFailed=false
    tiers_integration_test.go:158: join[3432]: HTTP 503, transportFailed=false
    tiers_integration_test.go:158: join[3444]: HTTP 503, transportFailed=false
    tiers_integration_test.go:158: join[3415]: HTTP 503, transportFailed=false
    tiers_integration_test.go:158: join[3452]: HTTP 503, transportFailed=false
    tiers_integration_test.go:158: join[3450]: HTTP 503, transportFailed=false
    tiers_integration_test.go:158: join[3419]: HTTP 503, transportFailed=false
    tiers_integration_test.go:158: join[3421]: HTTP 503, transportFailed=false
    tiers_integration_test.go:158: join[3448]: HTTP 503, transportFailed=false
    tiers_integration_test.go:158: join[3427]: HTTP 503, transportFailed=false
    tiers_integration_test.go:158: join[3429]: HTTP 503, transportFailed=false
    tiers_integration_test.go:158: join[3442]: HTTP 503, transportFailed=false
    tiers_integration_test.go:158: join[3447]: HTTP 503, transportFailed=false
    tiers_integration_test.go:158: join[3409]: HTTP 503, transportFailed=false
    tiers_integration_test.go:158: join[3446]: HTTP 503, transportFailed=false
    tiers_integration_test.go:158: join[3445]: HTTP 503, transportFailed=false
    tiers_integration_test.go:158: join[3468]: HTTP 503, transportFailed=false
    tiers_integration_test.go:158: join[3423]: HTTP 503, transportFailed=false
    tiers_integration_test.go:158: join[3465]: HTTP 503, transportFailed=false
    tiers_integration_test.go:158: join[3437]: HTTP 503, transportFailed=false
    tiers_integration_test.go:158: join[3417]: HTTP 503, transportFailed=false
    tiers_integration_test.go:158: join[3443]: HTTP 503, transportFailed=false
    tiers_integration_test.go:158: join[3435]: HTTP 503, transportFailed=false
    tiers_integration_test.go:158: join[3438]: HTTP 503, transportFailed=false
    tiers_integration_test.go:158: join[3449]: HTTP 503, transportFailed=false
    tiers_integration_test.go:158: join[3431]: HTTP 503, transportFailed=false
    tiers_integration_test.go:158: join[3451]: HTTP 503, transportFailed=false
    tiers_integration_test.go:158: join[3425]: HTTP 503, transportFailed=false
    tiers_integration_test.go:158: join[3473]: HTTP 503, transportFailed=false
    tiers_integration_test.go:158: join[3461]: HTTP 503, transportFailed=false
    tiers_integration_test.go:158: join[3433]: HTTP 503, transportFailed=false
    tiers_integration_test.go:158: join[3469]: HTTP 503, transportFailed=false
    tiers_integration_test.go:158: join[3458]: HTTP 503, transportFailed=false
    tiers_integration_test.go:158: join[3454]: HTTP 503, transportFailed=false
    tiers_integration_test.go:158: join[3472]: HTTP 503, transportFailed=false
    tiers_integration_test.go:158: join[3463]: HTTP 503, transportFailed=false
    tiers_integration_test.go:158: join[3457]: HTTP 503, transportFailed=false
    tiers_integration_test.go:158: join[3460]: HTTP 503, transportFailed=false
    tiers_integration_test.go:158: join[3459]: HTTP 503, transportFailed=false
    tiers_integration_test.go:158: join[3471]: HTTP 503, transportFailed=false
    tiers_integration_test.go:158: join[3455]: HTTP 503, transportFailed=false
    tiers_integration_test.go:158: join[3453]: HTTP 503, transportFailed=false
    tiers_integration_test.go:158: join[3464]: HTTP 503, transportFailed=false
    tiers_integration_test.go:158: join[3456]: HTTP 503, transportFailed=false
    tiers_integration_test.go:158: join[3466]: HTTP 503, transportFailed=false
    tiers_integration_test.go:158: join[3480]: HTTP 503, transportFailed=false
    tiers_integration_test.go:158: join[3462]: HTTP 503, transportFailed=false
    tiers_integration_test.go:158: join[3467]: HTTP 503, transportFailed=false
    tiers_integration_test.go:158: join[3488]: HTTP 503, transportFailed=false
    tiers_integration_test.go:158: join[3491]: HTTP 503, transportFailed=false
    tiers_integration_test.go:158: join[3474]: HTTP 503, transportFailed=false
    tiers_integration_test.go:158: join[3489]: HTTP 503, transportFailed=false
    tiers_integration_test.go:158: join[3485]: HTTP 503, transportFailed=false
    tiers_integration_test.go:158: join[3506]: HTTP 503, transportFailed=false
    tiers_integration_test.go:158: join[3477]: HTTP 503, transportFailed=false
    tiers_integration_test.go:158: join[3508]: HTTP 503, transportFailed=false
    tiers_integration_test.go:158: join[3478]: HTTP 503, transportFailed=false
    tiers_integration_test.go:158: join[3470]: HTTP 503, transportFailed=false
    tiers_integration_test.go:158: join[3500]: HTTP 503, transportFailed=false
    tiers_integration_test.go:158: join[3486]: HTTP 503, transportFailed=false
    tiers_integration_test.go:158: join[3503]: HTTP 503, transportFailed=false
    tiers_integration_test.go:158: join[3490]: HTTP 503, transportFailed=false
    tiers_integration_test.go:158: join[3505]: HTTP 503, transportFailed=false
    tiers_integration_test.go:158: join[3498]: HTTP 503, transportFailed=false
    tiers_integration_test.go:158: join[3501]: HTTP 503, transportFailed=false
    tiers_integration_test.go:158: join[3496]: HTTP 503, transportFailed=false
    tiers_integration_test.go:158: join[3493]: HTTP 503, transportFailed=false
    tiers_integration_test.go:158: join[3479]: HTTP 503, transportFailed=false
    tiers_integration_test.go:158: join[3484]: HTTP 503, transportFailed=false
    tiers_integration_test.go:158: join[3492]: HTTP 503, transportFailed=false
    tiers_integration_test.go:158: join[3509]: HTTP 503, transportFailed=false
    tiers_integration_test.go:158: join[3499]: HTTP 503, transportFailed=false
    tiers_integration_test.go:158: join[3481]: HTTP 503, transportFailed=false
    tiers_integration_test.go:158: join[3487]: HTTP 503, transportFailed=false
    tiers_integration_test.go:158: join[3504]: HTTP 503, transportFailed=false
    tiers_integration_test.go:158: join[3502]: HTTP 503, transportFailed=false
    tiers_integration_test.go:158: join[3497]: HTTP 503, transportFailed=false
    tiers_integration_test.go:158: join[3510]: HTTP 503, transportFailed=false
    tiers_integration_test.go:158: join[3495]: HTTP 503, transportFailed=false
    tiers_integration_test.go:158: join[3524]: HTTP 503, transportFailed=false
    tiers_integration_test.go:158: join[3482]: HTTP 503, transportFailed=false
    tiers_integration_test.go:158: join[3515]: HTTP 503, transportFailed=false
    tiers_integration_test.go:158: join[3514]: HTTP 503, transportFailed=false
    tiers_integration_test.go:158: join[3512]: HTTP 503, transportFailed=false
    tiers_integration_test.go:158: join[3522]: HTTP 503, transportFailed=false
    tiers_integration_test.go:158: join[3518]: HTTP 503, transportFailed=false
    tiers_integration_test.go:158: join[3476]: HTTP 503, transportFailed=false
    tiers_integration_test.go:158: join[3483]: HTTP 503, transportFailed=false
    tiers_integration_test.go:158: join[3494]: HTTP 503, transportFailed=false
    tiers_integration_test.go:158: join[3475]: HTTP 503, transportFailed=false
    tiers_integration_test.go:158: join[3507]: HTTP 503, transportFailed=false
    tiers_integration_test.go:158: join[3516]: HTTP 503, transportFailed=false
    tiers_integration_test.go:158: join[3520]: HTTP 503, transportFailed=false
    tiers_integration_test.go:158: join[3534]: HTTP 503, transportFailed=false
    tiers_integration_test.go:158: join[3526]: HTTP 503, transportFailed=false
    tiers_integration_test.go:158: join[3528]: HTTP 503, transportFailed=false
    tiers_integration_test.go:158: join[3517]: HTTP 503, transportFailed=false
    tiers_integration_test.go:158: join[3536]: HTTP 503, transportFailed=false
    tiers_integration_test.go:158: join[3525]: HTTP 503, transportFailed=false
    tiers_integration_test.go:158: join[3530]: HTTP 503, transportFailed=false
    tiers_integration_test.go:158: join[3511]: HTTP 503, transportFailed=false
    tiers_integration_test.go:158: join[3519]: HTTP 503, transportFailed=false
    tiers_integration_test.go:158: join[3513]: HTTP 503, transportFailed=false
    tiers_integration_test.go:158: join[3527]: HTTP 503, transportFailed=false
    tiers_integration_test.go:158: join[3523]: HTTP 503, transportFailed=false
    tiers_integration_test.go:158: join[3538]: HTTP 503, transportFailed=false
    tiers_integration_test.go:158: join[3540]: HTTP 503, transportFailed=false
    tiers_integration_test.go:158: join[3532]: HTTP 503, transportFailed=false
    tiers_integration_test.go:158: join[3554]: HTTP 503, transportFailed=false
    tiers_integration_test.go:158: join[3542]: HTTP 503, transportFailed=false
    tiers_integration_test.go:158: join[3548]: HTTP 503, transportFailed=false
    tiers_integration_test.go:158: join[3535]: HTTP 503, transportFailed=false
    tiers_integration_test.go:158: join[3521]: HTTP 503, transportFailed=false
    tiers_integration_test.go:158: join[3546]: HTTP 503, transportFailed=false
    tiers_integration_test.go:158: join[3531]: HTTP 503, transportFailed=false
    tiers_integration_test.go:158: join[3552]: HTTP 503, transportFailed=false
    tiers_integration_test.go:158: join[3545]: HTTP 503, transportFailed=false
    tiers_integration_test.go:158: join[3533]: HTTP 503, transportFailed=false
    tiers_integration_test.go:158: join[3544]: HTTP 503, transportFailed=false
    tiers_integration_test.go:158: join[3550]: HTTP 503, transportFailed=false
    tiers_integration_test.go:158: join[3529]: HTTP 503, transportFailed=false
    tiers_integration_test.go:158: join[3570]: HTTP 503, transportFailed=false
    tiers_integration_test.go:158: join[3566]: HTTP 503, transportFailed=false
    tiers_integration_test.go:158: join[3564]: HTTP 503, transportFailed=false
    tiers_integration_test.go:158: join[3565]: HTTP 503, transportFailed=false
    tiers_integration_test.go:158: join[3568]: HTTP 503, transportFailed=false
    tiers_integration_test.go:158: join[3576]: HTTP 503, transportFailed=false
    tiers_integration_test.go:158: join[3573]: HTTP 503, transportFailed=false
    tiers_integration_test.go:158: join[3574]: HTTP 503, transportFailed=false
    tiers_integration_test.go:158: join[3557]: HTTP 503, transportFailed=false
    tiers_integration_test.go:158: join[3563]: HTTP 503, transportFailed=false
    tiers_integration_test.go:158: join[3577]: HTTP 503, transportFailed=false
    tiers_integration_test.go:158: join[3578]: HTTP 503, transportFailed=false
    tiers_integration_test.go:158: join[3572]: HTTP 503, transportFailed=false
    tiers_integration_test.go:158: join[3553]: HTTP 503, transportFailed=false
    tiers_integration_test.go:158: join[3555]: HTTP 503, transportFailed=false
    tiers_integration_test.go:158: join[3561]: HTTP 503, transportFailed=false
    tiers_integration_test.go:158: join[3551]: HTTP 503, transportFailed=false
    tiers_integration_test.go:158: join[3562]: HTTP 503, transportFailed=false
    tiers_integration_test.go:158: join[3541]: HTTP 503, transportFailed=false
    tiers_integration_test.go:158: join[3558]: HTTP 503, transportFailed=false
    tiers_integration_test.go:158: join[3556]: HTTP 503, transportFailed=false
    tiers_integration_test.go:158: join[3547]: HTTP 503, transportFailed=false
    tiers_integration_test.go:158: join[3559]: HTTP 503, transportFailed=false
    tiers_integration_test.go:158: join[3575]: HTTP 503, transportFailed=false
    tiers_integration_test.go:158: join[3560]: HTTP 503, transportFailed=false
    tiers_integration_test.go:158: join[3582]: HTTP 503, transportFailed=false
    tiers_integration_test.go:158: join[3586]: HTTP 503, transportFailed=false
    tiers_integration_test.go:158: join[3549]: HTTP 503, transportFailed=false
    tiers_integration_test.go:158: join[3588]: HTTP 503, transportFailed=false
    tiers_integration_test.go:158: join[3584]: HTTP 503, transportFailed=false
    tiers_integration_test.go:158: join[3598]: HTTP 503, transportFailed=false
    tiers_integration_test.go:158: join[3602]: HTTP 503, transportFailed=false
    tiers_integration_test.go:158: join[3596]: HTTP 503, transportFailed=false
    tiers_integration_test.go:158: join[3580]: HTTP 503, transportFailed=false
    tiers_integration_test.go:158: join[3600]: HTTP 503, transportFailed=false
    tiers_integration_test.go:158: join[3594]: HTTP 503, transportFailed=false
    tiers_integration_test.go:158: join[3592]: HTTP 503, transportFailed=false
    tiers_integration_test.go:158: join[3590]: HTTP 503, transportFailed=false
    tiers_integration_test.go:158: join[3608]: HTTP 503, transportFailed=false
    tiers_integration_test.go:158: join[3606]: HTTP 503, transportFailed=false
    tiers_integration_test.go:158: join[3610]: HTTP 503, transportFailed=false
    tiers_integration_test.go:158: join[3604]: HTTP 503, transportFailed=false
    tiers_integration_test.go:158: join[3612]: HTTP 503, transportFailed=false
    tiers_integration_test.go:158: join[3616]: HTTP 503, transportFailed=false
    tiers_integration_test.go:158: join[3614]: HTTP 503, transportFailed=false
    tiers_integration_test.go:158: join[3618]: HTTP 503, transportFailed=false
    tiers_integration_test.go:158: join[3620]: HTTP 503, transportFailed=false
    tiers_integration_test.go:158: join[3622]: HTTP 503, transportFailed=false
    tiers_integration_test.go:158: join[3579]: HTTP 503, transportFailed=false
    tiers_integration_test.go:158: join[3543]: HTTP 503, transportFailed=false
    tiers_integration_test.go:158: join[3581]: HTTP 503, transportFailed=false
    tiers_integration_test.go:158: join[3583]: HTTP 503, transportFailed=false
    tiers_integration_test.go:158: join[3571]: HTTP 503, transportFailed=false
    tiers_integration_test.go:158: join[3569]: HTTP 503, transportFailed=false
    tiers_integration_test.go:158: join[3619]: HTTP 503, transportFailed=false
    tiers_integration_test.go:158: join[3605]: HTTP 503, transportFailed=false
    tiers_integration_test.go:158: join[3613]: HTTP 503, transportFailed=false
    tiers_integration_test.go:158: join[3539]: HTTP 503, transportFailed=false
    tiers_integration_test.go:158: join[3624]: HTTP 503, transportFailed=false
    tiers_integration_test.go:158: join[3537]: HTTP 503, transportFailed=false
    tiers_integration_test.go:158: join[3621]: HTTP 503, transportFailed=false
    tiers_integration_test.go:158: join[3632]: HTTP 503, transportFailed=false
    tiers_integration_test.go:158: join[3595]: HTTP 503, transportFailed=false
    tiers_integration_test.go:158: join[3627]: HTTP 503, transportFailed=false
    tiers_integration_test.go:158: join[3585]: HTTP 503, transportFailed=false
    tiers_integration_test.go:158: join[3635]: HTTP 503, transportFailed=false
    tiers_integration_test.go:158: join[3587]: HTTP 503, transportFailed=false
    tiers_integration_test.go:158: join[3609]: HTTP 503, transportFailed=false
    tiers_integration_test.go:158: join[3626]: HTTP 503, transportFailed=false
    tiers_integration_test.go:158: join[3599]: HTTP 503, transportFailed=false
    tiers_integration_test.go:158: join[3591]: HTTP 503, transportFailed=false
    tiers_integration_test.go:158: join[3611]: HTTP 503, transportFailed=false
    tiers_integration_test.go:158: join[3603]: HTTP 503, transportFailed=false
    tiers_integration_test.go:158: join[3623]: HTTP 503, transportFailed=false
    tiers_integration_test.go:158: join[3597]: HTTP 503, transportFailed=false
    tiers_integration_test.go:158: join[3628]: HTTP 503, transportFailed=false
    tiers_integration_test.go:158: join[3601]: HTTP 503, transportFailed=false
    tiers_integration_test.go:158: join[3617]: HTTP 503, transportFailed=false
    tiers_integration_test.go:158: join[3567]: HTTP 503, transportFailed=false
    tiers_integration_test.go:158: join[3589]: HTTP 503, transportFailed=false
    tiers_integration_test.go:158: join[3625]: HTTP 503, transportFailed=false
    tiers_integration_test.go:158: join[3607]: HTTP 503, transportFailed=false
    tiers_integration_test.go:158: join[3593]: HTTP 503, transportFailed=false
    tiers_integration_test.go:158: join[3615]: HTTP 503, transportFailed=false
    tiers_integration_test.go:158: join[3630]: HTTP 503, transportFailed=false
    tiers_integration_test.go:158: join[3644]: HTTP 503, transportFailed=false
    tiers_integration_test.go:158: join[3634]: HTTP 503, transportFailed=false
    tiers_integration_test.go:158: join[3629]: HTTP 503, transportFailed=false
    tiers_integration_test.go:158: join[3631]: HTTP 503, transportFailed=false
    tiers_integration_test.go:158: join[3633]: HTTP 503, transportFailed=false
    tiers_integration_test.go:158: join[3648]: HTTP 503, transportFailed=false
    tiers_integration_test.go:158: join[3636]: HTTP 503, transportFailed=false
    tiers_integration_test.go:158: join[3637]: HTTP 503, transportFailed=false
    tiers_integration_test.go:158: join[3641]: HTTP 503, transportFailed=false
    tiers_integration_test.go:158: join[3649]: HTTP 503, transportFailed=false
    tiers_integration_test.go:158: join[3666]: HTTP 503, transportFailed=false
    tiers_integration_test.go:158: join[3638]: HTTP 503, transportFailed=false
    tiers_integration_test.go:158: join[3640]: HTTP 503, transportFailed=false
    tiers_integration_test.go:158: join[3657]: HTTP 503, transportFailed=false
    tiers_integration_test.go:158: join[3643]: HTTP 503, transportFailed=false
    tiers_integration_test.go:158: join[3650]: HTTP 503, transportFailed=false
    tiers_integration_test.go:158: join[3647]: HTTP 503, transportFailed=false
    tiers_integration_test.go:158: join[3656]: HTTP 503, transportFailed=false
    tiers_integration_test.go:158: join[3646]: HTTP 503, transportFailed=false
    tiers_integration_test.go:158: join[3662]: HTTP 503, transportFailed=false
    tiers_integration_test.go:158: join[3660]: HTTP 503, transportFailed=false
    tiers_integration_test.go:158: join[3661]: HTTP 503, transportFailed=false
    tiers_integration_test.go:158: join[3653]: HTTP 503, transportFailed=false
    tiers_integration_test.go:158: join[3645]: HTTP 503, transportFailed=false
    tiers_integration_test.go:158: join[3655]: HTTP 503, transportFailed=false
    tiers_integration_test.go:158: join[3667]: HTTP 503, transportFailed=false
    tiers_integration_test.go:158: join[3670]: HTTP 503, transportFailed=false
    tiers_integration_test.go:158: join[3658]: HTTP 503, transportFailed=false
    tiers_integration_test.go:158: join[3664]: HTTP 503, transportFailed=false
    tiers_integration_test.go:158: join[3672]: HTTP 503, transportFailed=false
    tiers_integration_test.go:158: join[3639]: HTTP 503, transportFailed=false
    tiers_integration_test.go:158: join[3668]: HTTP 503, transportFailed=false
    tiers_integration_test.go:158: join[3678]: HTTP 503, transportFailed=false
    tiers_integration_test.go:158: join[3677]: HTTP 503, transportFailed=false
    tiers_integration_test.go:158: join[3675]: HTTP 503, transportFailed=false
    tiers_integration_test.go:158: join[3679]: HTTP 503, transportFailed=false
    tiers_integration_test.go:158: join[3669]: HTTP 503, transportFailed=false
    tiers_integration_test.go:158: join[3651]: HTTP 503, transportFailed=false
    tiers_integration_test.go:158: join[3652]: HTTP 503, transportFailed=false
    tiers_integration_test.go:158: join[3654]: HTTP 503, transportFailed=false
    tiers_integration_test.go:158: join[3676]: HTTP 503, transportFailed=false
    tiers_integration_test.go:158: join[3642]: HTTP 503, transportFailed=false
    tiers_integration_test.go:158: join[3665]: HTTP 503, transportFailed=false
    tiers_integration_test.go:158: join[3659]: HTTP 503, transportFailed=false
    tiers_integration_test.go:158: join[3674]: HTTP 503, transportFailed=false
    tiers_integration_test.go:158: join[3685]: HTTP 503, transportFailed=false
    tiers_integration_test.go:158: join[3697]: HTTP 503, transportFailed=false
    tiers_integration_test.go:158: join[3663]: HTTP 503, transportFailed=false
    tiers_integration_test.go:158: join[3686]: HTTP 503, transportFailed=false
    tiers_integration_test.go:158: join[3681]: HTTP 503, transportFailed=false
    tiers_integration_test.go:158: join[3692]: HTTP 503, transportFailed=false
    tiers_integration_test.go:158: join[3687]: HTTP 503, transportFailed=false
    tiers_integration_test.go:158: join[3703]: HTTP 503, transportFailed=false
    tiers_integration_test.go:158: join[3673]: HTTP 503, transportFailed=false
    tiers_integration_test.go:158: join[3696]: HTTP 503, transportFailed=false
    tiers_integration_test.go:158: join[3671]: HTTP 503, transportFailed=false
    tiers_integration_test.go:158: join[3683]: HTTP 503, transportFailed=false
    tiers_integration_test.go:158: join[3691]: HTTP 503, transportFailed=false
    tiers_integration_test.go:158: join[3684]: HTTP 503, transportFailed=false
    tiers_integration_test.go:158: join[3682]: HTTP 503, transportFailed=false
    tiers_integration_test.go:158: join[3680]: HTTP 503, transportFailed=false
    tiers_integration_test.go:158: join[3689]: HTTP 503, transportFailed=false
    tiers_integration_test.go:158: join[3690]: HTTP 503, transportFailed=false
    tiers_integration_test.go:158: join[3695]: HTTP 503, transportFailed=false
    tiers_integration_test.go:158: join[3714]: HTTP 503, transportFailed=false
    tiers_integration_test.go:158: join[3688]: HTTP 503, transportFailed=false
    tiers_integration_test.go:158: join[3716]: HTTP 503, transportFailed=false
    tiers_integration_test.go:158: join[3706]: HTTP 503, transportFailed=false
    tiers_integration_test.go:158: join[3704]: HTTP 503, transportFailed=false
    tiers_integration_test.go:158: join[3726]: HTTP 503, transportFailed=false
    tiers_integration_test.go:158: join[3699]: HTTP 503, transportFailed=false
    tiers_integration_test.go:158: join[3719]: HTTP 503, transportFailed=false
    tiers_integration_test.go:158: join[3713]: HTTP 503, transportFailed=false
    tiers_integration_test.go:158: join[3702]: HTTP 503, transportFailed=false
    tiers_integration_test.go:158: join[3724]: HTTP 503, transportFailed=false
    tiers_integration_test.go:158: join[3718]: HTTP 503, transportFailed=false
    tiers_integration_test.go:158: join[3694]: HTTP 503, transportFailed=false
    tiers_integration_test.go:158: join[3711]: HTTP 503, transportFailed=false
    tiers_integration_test.go:158: join[3698]: HTTP 503, transportFailed=false
    tiers_integration_test.go:158: join[3708]: HTTP 503, transportFailed=false
    tiers_integration_test.go:158: join[3731]: HTTP 503, transportFailed=false
    tiers_integration_test.go:158: join[3720]: HTTP 503, transportFailed=false
    tiers_integration_test.go:158: join[3712]: HTTP 503, transportFailed=false
    tiers_integration_test.go:158: join[3721]: HTTP 503, transportFailed=false
    tiers_integration_test.go:158: join[3728]: HTTP 503, transportFailed=false
    tiers_integration_test.go:158: join[3700]: HTTP 503, transportFailed=false
    tiers_integration_test.go:158: join[3705]: HTTP 503, transportFailed=false
    tiers_integration_test.go:158: join[3733]: HTTP 503, transportFailed=false
    tiers_integration_test.go:158: join[3737]: HTTP 503, transportFailed=false
    tiers_integration_test.go:158: join[3736]: HTTP 503, transportFailed=false
    tiers_integration_test.go:158: join[3727]: HTTP 503, transportFailed=false
    tiers_integration_test.go:158: join[3722]: HTTP 503, transportFailed=false
    tiers_integration_test.go:158: join[3723]: HTTP 503, transportFailed=false
    tiers_integration_test.go:158: join[3732]: HTTP 503, transportFailed=false
    tiers_integration_test.go:158: join[3734]: HTTP 503, transportFailed=false
    tiers_integration_test.go:158: join[3717]: HTTP 503, transportFailed=false
    tiers_integration_test.go:158: join[3709]: HTTP 503, transportFailed=false
    tiers_integration_test.go:158: join[3735]: HTTP 503, transportFailed=false
    tiers_integration_test.go:158: join[3693]: HTTP 503, transportFailed=false
    tiers_integration_test.go:158: join[3725]: HTTP 503, transportFailed=false
    tiers_integration_test.go:158: join[3707]: HTTP 503, transportFailed=false
    tiers_integration_test.go:158: join[3710]: HTTP 503, transportFailed=false
    tiers_integration_test.go:158: join[3715]: HTTP 503, transportFailed=false
    tiers_integration_test.go:158: join[3701]: HTTP 503, transportFailed=false
    tiers_integration_test.go:158: join[3729]: HTTP 503, transportFailed=false
    tiers_integration_test.go:158: join[3730]: HTTP 503, transportFailed=false
    tiers_integration_test.go:158: join[3749]: HTTP 503, transportFailed=false
    tiers_integration_test.go:158: join[3747]: HTTP 503, transportFailed=false
    tiers_integration_test.go:158: join[3745]: HTTP 503, transportFailed=false
    tiers_integration_test.go:158: join[3763]: HTTP 503, transportFailed=false
    tiers_integration_test.go:158: join[3739]: HTTP 503, transportFailed=false
    tiers_integration_test.go:158: join[3751]: HTTP 503, transportFailed=false
    tiers_integration_test.go:158: join[3748]: HTTP 503, transportFailed=false
    tiers_integration_test.go:158: join[3743]: HTTP 503, transportFailed=false
    tiers_integration_test.go:158: join[3740]: HTTP 503, transportFailed=false
    tiers_integration_test.go:158: join[3755]: HTTP 503, transportFailed=false
    tiers_integration_test.go:158: join[3771]: HTTP 503, transportFailed=false
    tiers_integration_test.go:158: join[3752]: HTTP 503, transportFailed=false
    tiers_integration_test.go:158: join[3744]: HTTP 503, transportFailed=false
    tiers_integration_test.go:158: join[3741]: HTTP 503, transportFailed=false
    tiers_integration_test.go:158: join[3753]: HTTP 503, transportFailed=false
    tiers_integration_test.go:158: join[3759]: HTTP 503, transportFailed=false
    tiers_integration_test.go:158: join[3765]: HTTP 503, transportFailed=false
    tiers_integration_test.go:158: join[3756]: HTTP 503, transportFailed=false
    tiers_integration_test.go:158: join[3775]: HTTP 503, transportFailed=false
    tiers_integration_test.go:158: join[3738]: HTTP 503, transportFailed=false
    tiers_integration_test.go:158: join[3768]: HTTP 503, transportFailed=false
    tiers_integration_test.go:158: join[3758]: HTTP 503, transportFailed=false
    tiers_integration_test.go:158: join[3769]: HTTP 503, transportFailed=false
    tiers_integration_test.go:158: join[3761]: HTTP 503, transportFailed=false
    tiers_integration_test.go:158: join[3767]: HTTP 503, transportFailed=false
    tiers_integration_test.go:158: join[3774]: HTTP 503, transportFailed=false
    tiers_integration_test.go:158: join[3780]: HTTP 503, transportFailed=false
    tiers_integration_test.go:158: join[3742]: HTTP 503, transportFailed=false
    tiers_integration_test.go:158: join[3760]: HTTP 503, transportFailed=false
    tiers_integration_test.go:158: join[3770]: HTTP 503, transportFailed=false
    tiers_integration_test.go:158: join[3754]: HTTP 503, transportFailed=false
    tiers_integration_test.go:158: join[3762]: HTTP 503, transportFailed=false
    tiers_integration_test.go:158: join[3757]: HTTP 503, transportFailed=false
    tiers_integration_test.go:158: join[3777]: HTTP 503, transportFailed=false
    tiers_integration_test.go:158: join[3783]: HTTP 503, transportFailed=false
    tiers_integration_test.go:158: join[3779]: HTTP 503, transportFailed=false
    tiers_integration_test.go:158: join[3785]: HTTP 503, transportFailed=false
    tiers_integration_test.go:158: join[3781]: HTTP 503, transportFailed=false
    tiers_integration_test.go:158: join[3782]: HTTP 503, transportFailed=false
    tiers_integration_test.go:158: join[3776]: HTTP 503, transportFailed=false
    tiers_integration_test.go:158: join[3773]: HTTP 503, transportFailed=false
    tiers_integration_test.go:158: join[3750]: HTTP 503, transportFailed=false
    tiers_integration_test.go:158: join[3795]: HTTP 503, transportFailed=false
    tiers_integration_test.go:158: join[3746]: HTTP 503, transportFailed=false
    tiers_integration_test.go:158: join[3794]: HTTP 503, transportFailed=false
    tiers_integration_test.go:158: join[3784]: HTTP 503, transportFailed=false
    tiers_integration_test.go:158: join[3764]: HTTP 503, transportFailed=false
    tiers_integration_test.go:158: join[3766]: HTTP 503, transportFailed=false
    tiers_integration_test.go:158: join[3787]: HTTP 503, transportFailed=false
    tiers_integration_test.go:158: join[3790]: HTTP 503, transportFailed=false
    tiers_integration_test.go:158: join[3792]: HTTP 503, transportFailed=false
    tiers_integration_test.go:158: join[3813]: HTTP 503, transportFailed=false
    tiers_integration_test.go:158: join[3772]: HTTP 503, transportFailed=false
    tiers_integration_test.go:158: join[3793]: HTTP 503, transportFailed=false
    tiers_integration_test.go:158: join[3778]: HTTP 503, transportFailed=false
    tiers_integration_test.go:158: join[3788]: HTTP 503, transportFailed=false
    tiers_integration_test.go:158: join[3791]: HTTP 503, transportFailed=false
    tiers_integration_test.go:158: join[3789]: HTTP 503, transportFailed=false
    tiers_integration_test.go:158: join[3786]: HTTP 503, transportFailed=false
    tiers_integration_test.go:158: join[3811]: HTTP 503, transportFailed=false
    tiers_integration_test.go:158: join[3796]: HTTP 503, transportFailed=false
    tiers_integration_test.go:158: join[3799]: HTTP 503, transportFailed=false
    tiers_integration_test.go:158: join[3806]: HTTP 503, transportFailed=false
    tiers_integration_test.go:158: join[3812]: HTTP 503, transportFailed=false
    tiers_integration_test.go:158: join[3809]: HTTP 503, transportFailed=false
    tiers_integration_test.go:158: join[3816]: HTTP 503, transportFailed=false
    tiers_integration_test.go:158: join[3801]: HTTP 503, transportFailed=false
    tiers_integration_test.go:158: join[3805]: HTTP 503, transportFailed=false
    tiers_integration_test.go:158: join[3802]: HTTP 503, transportFailed=false
    tiers_integration_test.go:158: join[3810]: HTTP 503, transportFailed=false
    tiers_integration_test.go:158: join[3800]: HTTP 503, transportFailed=false
    tiers_integration_test.go:158: join[3808]: HTTP 503, transportFailed=false
    tiers_integration_test.go:158: join[3807]: HTTP 503, transportFailed=false
    tiers_integration_test.go:158: join[3797]: HTTP 503, transportFailed=false
    tiers_integration_test.go:158: join[3803]: HTTP 503, transportFailed=false
    tiers_integration_test.go:158: join[3804]: HTTP 503, transportFailed=false
    tiers_integration_test.go:158: join[3821]: HTTP 503, transportFailed=false
    tiers_integration_test.go:158: join[3817]: HTTP 503, transportFailed=false
    tiers_integration_test.go:158: join[3819]: HTTP 503, transportFailed=false
    tiers_integration_test.go:158: join[3820]: HTTP 503, transportFailed=false
    tiers_integration_test.go:158: join[3818]: HTTP 503, transportFailed=false
    tiers_integration_test.go:158: join[3828]: HTTP 503, transportFailed=false
    tiers_integration_test.go:158: join[3814]: HTTP 503, transportFailed=false
    tiers_integration_test.go:158: join[3822]: HTTP 503, transportFailed=false
    tiers_integration_test.go:158: join[3826]: HTTP 503, transportFailed=false
    tiers_integration_test.go:158: join[3825]: HTTP 503, transportFailed=false
    tiers_integration_test.go:158: join[3815]: HTTP 503, transportFailed=false
    tiers_integration_test.go:158: join[3841]: HTTP 503, transportFailed=false
    tiers_integration_test.go:158: join[3827]: HTTP 503, transportFailed=false
    tiers_integration_test.go:158: join[3835]: HTTP 503, transportFailed=false
    tiers_integration_test.go:158: join[3829]: HTTP 503, transportFailed=false
    tiers_integration_test.go:158: join[3831]: HTTP 503, transportFailed=false
    tiers_integration_test.go:158: join[3823]: HTTP 503, transportFailed=false
    tiers_integration_test.go:158: join[3824]: HTTP 503, transportFailed=false
    tiers_integration_test.go:158: join[3852]: HTTP 503, transportFailed=false
    tiers_integration_test.go:158: join[3798]: HTTP 503, transportFailed=false
    tiers_integration_test.go:158: join[3837]: HTTP 503, transportFailed=false
    tiers_integration_test.go:158: join[3840]: HTTP 503, transportFailed=false
    tiers_integration_test.go:158: join[3845]: HTTP 503, transportFailed=false
    tiers_integration_test.go:158: join[3849]: HTTP 503, transportFailed=false
    tiers_integration_test.go:158: join[3834]: HTTP 503, transportFailed=false
    tiers_integration_test.go:158: join[3833]: HTTP 503, transportFailed=false
    tiers_integration_test.go:158: join[3859]: HTTP 503, transportFailed=false
    tiers_integration_test.go:158: join[3830]: HTTP 503, transportFailed=false
    tiers_integration_test.go:158: join[3853]: HTTP 503, transportFailed=false
    tiers_integration_test.go:158: join[3844]: HTTP 503, transportFailed=false
    tiers_integration_test.go:158: join[3848]: HTTP 503, transportFailed=false
    tiers_integration_test.go:158: join[3856]: HTTP 503, transportFailed=false
    tiers_integration_test.go:158: join[3836]: HTTP 503, transportFailed=false
    tiers_integration_test.go:158: join[3860]: HTTP 503, transportFailed=false
    tiers_integration_test.go:158: join[3832]: HTTP 503, transportFailed=false
    tiers_integration_test.go:158: join[3855]: HTTP 503, transportFailed=false
    tiers_integration_test.go:158: join[3850]: HTTP 503, transportFailed=false
    tiers_integration_test.go:158: join[3846]: HTTP 503, transportFailed=false
    tiers_integration_test.go:158: join[3842]: HTTP 503, transportFailed=false
    tiers_integration_test.go:158: join[3851]: HTTP 503, transportFailed=false
    tiers_integration_test.go:158: join[3839]: HTTP 503, transportFailed=false
    tiers_integration_test.go:158: join[3866]: HTTP 503, transportFailed=false
    tiers_integration_test.go:158: join[3838]: HTTP 503, transportFailed=false
    tiers_integration_test.go:158: join[3865]: HTTP 503, transportFailed=false
    tiers_integration_test.go:158: join[3843]: HTTP 503, transportFailed=false
    tiers_integration_test.go:158: join[3858]: HTTP 503, transportFailed=false
    tiers_integration_test.go:158: join[3857]: HTTP 503, transportFailed=false
    tiers_integration_test.go:158: join[3862]: HTTP 503, transportFailed=false
    tiers_integration_test.go:158: join[3869]: HTTP 503, transportFailed=false
    tiers_integration_test.go:158: join[3847]: HTTP 503, transportFailed=false
    tiers_integration_test.go:158: join[3861]: HTTP 503, transportFailed=false
    tiers_integration_test.go:158: join[3864]: HTTP 503, transportFailed=false
    tiers_integration_test.go:158: join[3889]: HTTP 503, transportFailed=false
    tiers_integration_test.go:158: join[3863]: HTTP 503, transportFailed=false
    tiers_integration_test.go:158: join[3875]: HTTP 503, transportFailed=false
    tiers_integration_test.go:158: join[3854]: HTTP 503, transportFailed=false
    tiers_integration_test.go:158: join[3885]: HTTP 503, transportFailed=false
    tiers_integration_test.go:158: join[3878]: HTTP 503, transportFailed=false
    tiers_integration_test.go:158: join[3872]: HTTP 503, transportFailed=false
    tiers_integration_test.go:158: join[3880]: HTTP 503, transportFailed=false
    tiers_integration_test.go:158: join[3868]: HTTP 503, transportFailed=false
    tiers_integration_test.go:158: join[3871]: HTTP 503, transportFailed=false
    tiers_integration_test.go:158: join[3867]: HTTP 503, transportFailed=false
    tiers_integration_test.go:158: join[3888]: HTTP 503, transportFailed=false
    tiers_integration_test.go:158: join[3896]: HTTP 503, transportFailed=false
    tiers_integration_test.go:158: join[3893]: HTTP 503, transportFailed=false
    tiers_integration_test.go:158: join[3900]: HTTP 503, transportFailed=false
    tiers_integration_test.go:158: join[3898]: HTTP 503, transportFailed=false
    tiers_integration_test.go:158: join[3879]: HTTP 503, transportFailed=false
    tiers_integration_test.go:158: join[3876]: HTTP 503, transportFailed=false
    tiers_integration_test.go:158: join[3894]: HTTP 503, transportFailed=false
    tiers_integration_test.go:158: join[3870]: HTTP 503, transportFailed=false
    tiers_integration_test.go:158: join[3886]: HTTP 503, transportFailed=false
    tiers_integration_test.go:158: join[3897]: HTTP 503, transportFailed=false
    tiers_integration_test.go:158: join[3877]: HTTP 503, transportFailed=false
    tiers_integration_test.go:158: join[3892]: HTTP 503, transportFailed=false
    tiers_integration_test.go:158: join[3881]: HTTP 503, transportFailed=false
    tiers_integration_test.go:158: join[3902]: HTTP 503, transportFailed=false
    tiers_integration_test.go:158: join[3887]: HTTP 503, transportFailed=false
    tiers_integration_test.go:158: join[3891]: HTTP 503, transportFailed=false
    tiers_integration_test.go:158: join[3890]: HTTP 503, transportFailed=false
    tiers_integration_test.go:158: join[3883]: HTTP 503, transportFailed=false
    tiers_integration_test.go:158: join[3904]: HTTP 503, transportFailed=false
    tiers_integration_test.go:158: join[3918]: HTTP 503, transportFailed=false
    tiers_integration_test.go:158: join[3882]: HTTP 503, transportFailed=false
    tiers_integration_test.go:158: join[3906]: HTTP 503, transportFailed=false
    tiers_integration_test.go:158: join[3920]: HTTP 503, transportFailed=false
    tiers_integration_test.go:158: join[3910]: HTTP 503, transportFailed=false
    tiers_integration_test.go:158: join[3884]: HTTP 503, transportFailed=false
    tiers_integration_test.go:158: join[3873]: HTTP 503, transportFailed=false
    tiers_integration_test.go:158: join[3913]: HTTP 503, transportFailed=false
    tiers_integration_test.go:158: join[3905]: HTTP 503, transportFailed=false
    tiers_integration_test.go:158: join[3907]: HTTP 503, transportFailed=false
    tiers_integration_test.go:158: join[3912]: HTTP 503, transportFailed=false
    tiers_integration_test.go:158: join[3901]: HTTP 503, transportFailed=false
    tiers_integration_test.go:158: join[3916]: HTTP 503, transportFailed=false
    tiers_integration_test.go:158: join[3909]: HTTP 503, transportFailed=false
    tiers_integration_test.go:158: join[3874]: HTTP 503, transportFailed=false
    tiers_integration_test.go:158: join[3926]: HTTP 503, transportFailed=false
    tiers_integration_test.go:158: join[3930]: HTTP 503, transportFailed=false
    tiers_integration_test.go:158: join[3908]: HTTP 503, transportFailed=false
    tiers_integration_test.go:158: join[3935]: HTTP 503, transportFailed=false
    tiers_integration_test.go:158: join[3914]: HTTP 503, transportFailed=false
    tiers_integration_test.go:158: join[3925]: HTTP 503, transportFailed=false
    tiers_integration_test.go:158: join[3924]: HTTP 503, transportFailed=false
    tiers_integration_test.go:158: join[3932]: HTTP 503, transportFailed=false
    tiers_integration_test.go:158: join[3899]: HTTP 503, transportFailed=false
    tiers_integration_test.go:158: join[3903]: HTTP 503, transportFailed=false
    tiers_integration_test.go:158: join[3929]: HTTP 503, transportFailed=false
    tiers_integration_test.go:158: join[3922]: HTTP 503, transportFailed=false
    tiers_integration_test.go:158: join[3895]: HTTP 503, transportFailed=false
    tiers_integration_test.go:158: join[3942]: HTTP 503, transportFailed=false
    tiers_integration_test.go:158: join[3915]: HTTP 503, transportFailed=false
    tiers_integration_test.go:158: join[3911]: HTTP 503, transportFailed=false
    tiers_integration_test.go:158: join[3917]: HTTP 503, transportFailed=false
    tiers_integration_test.go:158: join[3936]: HTTP 503, transportFailed=false
    tiers_integration_test.go:158: join[3954]: HTTP 503, transportFailed=false
    tiers_integration_test.go:158: join[3937]: HTTP 503, transportFailed=false
    tiers_integration_test.go:158: join[3933]: HTTP 503, transportFailed=false
    tiers_integration_test.go:158: join[3944]: HTTP 503, transportFailed=false
    tiers_integration_test.go:158: join[3946]: HTTP 503, transportFailed=false
    tiers_integration_test.go:158: join[3957]: HTTP 503, transportFailed=false
    tiers_integration_test.go:158: join[3945]: HTTP 503, transportFailed=false
    tiers_integration_test.go:158: join[3931]: HTTP 503, transportFailed=false
    tiers_integration_test.go:158: join[3943]: HTTP 503, transportFailed=false
    tiers_integration_test.go:158: join[3947]: HTTP 503, transportFailed=false
    tiers_integration_test.go:158: join[3939]: HTTP 503, transportFailed=false
    tiers_integration_test.go:158: join[3952]: HTTP 503, transportFailed=false
    tiers_integration_test.go:158: join[3950]: HTTP 503, transportFailed=false
    tiers_integration_test.go:158: join[3958]: HTTP 503, transportFailed=false
    tiers_integration_test.go:158: join[3948]: HTTP 503, transportFailed=false
    tiers_integration_test.go:158: join[3956]: HTTP 503, transportFailed=false
    tiers_integration_test.go:158: join[3951]: HTTP 503, transportFailed=false
    tiers_integration_test.go:158: join[3919]: HTTP 503, transportFailed=false
    tiers_integration_test.go:158: join[3955]: HTTP 503, transportFailed=false
    tiers_integration_test.go:158: join[3976]: HTTP 503, transportFailed=false
    tiers_integration_test.go:158: join[3974]: HTTP 503, transportFailed=false
    tiers_integration_test.go:158: join[3923]: HTTP 503, transportFailed=false
    tiers_integration_test.go:158: join[3934]: HTTP 503, transportFailed=false
    tiers_integration_test.go:158: join[3959]: HTTP 503, transportFailed=false
    tiers_integration_test.go:158: join[3973]: HTTP 503, transportFailed=false
    tiers_integration_test.go:158: join[3968]: HTTP 503, transportFailed=false
    tiers_integration_test.go:158: join[3949]: HTTP 503, transportFailed=false
    tiers_integration_test.go:158: join[3982]: HTTP 503, transportFailed=false
    tiers_integration_test.go:158: join[3978]: HTTP 503, transportFailed=false
    tiers_integration_test.go:158: join[3984]: HTTP 503, transportFailed=false
    tiers_integration_test.go:158: join[3960]: HTTP 503, transportFailed=false
    tiers_integration_test.go:158: join[3940]: HTTP 503, transportFailed=false
    tiers_integration_test.go:158: join[3961]: HTTP 503, transportFailed=false
    tiers_integration_test.go:158: join[3970]: HTTP 503, transportFailed=false
    tiers_integration_test.go:158: join[3953]: HTTP 503, transportFailed=false
    tiers_integration_test.go:158: join[3977]: HTTP 503, transportFailed=false
    tiers_integration_test.go:158: join[3986]: HTTP 503, transportFailed=false
    tiers_integration_test.go:158: join[3928]: HTTP 503, transportFailed=false
    tiers_integration_test.go:158: join[3969]: HTTP 503, transportFailed=false
    tiers_integration_test.go:158: join[3927]: HTTP 503, transportFailed=false
    tiers_integration_test.go:158: join[3971]: HTTP 503, transportFailed=false
    tiers_integration_test.go:158: join[3979]: HTTP 503, transportFailed=false
    tiers_integration_test.go:158: join[3981]: HTTP 503, transportFailed=false
    tiers_integration_test.go:158: join[3980]: HTTP 503, transportFailed=false
    tiers_integration_test.go:158: join[3964]: HTTP 503, transportFailed=false
    tiers_integration_test.go:158: join[3965]: HTTP 503, transportFailed=false
    tiers_integration_test.go:158: join[3921]: HTTP 503, transportFailed=false
    tiers_integration_test.go:158: join[3975]: HTTP 503, transportFailed=false
    tiers_integration_test.go:158: join[3938]: HTTP 503, transportFailed=false
    tiers_integration_test.go:158: join[3962]: HTTP 503, transportFailed=false
    tiers_integration_test.go:158: join[3963]: HTTP 503, transportFailed=false
    tiers_integration_test.go:158: join[3992]: HTTP 503, transportFailed=false
    tiers_integration_test.go:158: join[3972]: HTTP 503, transportFailed=false
    tiers_integration_test.go:158: join[4006]: HTTP 503, transportFailed=false
    tiers_integration_test.go:158: join[3999]: HTTP 503, transportFailed=false
    tiers_integration_test.go:158: join[3966]: HTTP 503, transportFailed=false
    tiers_integration_test.go:158: join[3985]: HTTP 503, transportFailed=false
    tiers_integration_test.go:158: join[4005]: HTTP 503, transportFailed=false
    tiers_integration_test.go:158: join[3995]: HTTP 503, transportFailed=false
    tiers_integration_test.go:158: join[3997]: HTTP 503, transportFailed=false
    tiers_integration_test.go:158: join[4004]: HTTP 503, transportFailed=false
    tiers_integration_test.go:158: join[4000]: HTTP 503, transportFailed=false
    tiers_integration_test.go:158: join[3983]: HTTP 503, transportFailed=false
    tiers_integration_test.go:158: join[4014]: HTTP 503, transportFailed=false
    tiers_integration_test.go:158: join[4003]: HTTP 503, transportFailed=false
    tiers_integration_test.go:158: join[4002]: HTTP 503, transportFailed=false
    tiers_integration_test.go:158: join[3967]: HTTP 503, transportFailed=false
    tiers_integration_test.go:158: join[3996]: HTTP 503, transportFailed=false
    tiers_integration_test.go:158: join[3998]: HTTP 503, transportFailed=false
    tiers_integration_test.go:158: join[3989]: HTTP 503, transportFailed=false
    tiers_integration_test.go:158: join[3993]: HTTP 503, transportFailed=false
    tiers_integration_test.go:158: join[4009]: HTTP 503, transportFailed=false
    tiers_integration_test.go:158: join[4015]: HTTP 503, transportFailed=false
    tiers_integration_test.go:158: join[3990]: HTTP 503, transportFailed=false
    tiers_integration_test.go:158: join[4011]: HTTP 503, transportFailed=false
    tiers_integration_test.go:158: join[4007]: HTTP 503, transportFailed=false
    tiers_integration_test.go:158: join[3991]: HTTP 503, transportFailed=false
    tiers_integration_test.go:158: join[4021]: HTTP 503, transportFailed=false
    tiers_integration_test.go:158: join[4018]: HTTP 503, transportFailed=false
    tiers_integration_test.go:158: join[4019]: HTTP 503, transportFailed=false
    tiers_integration_test.go:158: join[4035]: HTTP 503, transportFailed=false
    tiers_integration_test.go:158: join[4012]: HTTP 503, transportFailed=false
    tiers_integration_test.go:158: join[3941]: HTTP 503, transportFailed=false
    tiers_integration_test.go:158: join[4016]: HTTP 503, transportFailed=false
    tiers_integration_test.go:158: join[4024]: HTTP 503, transportFailed=false
    tiers_integration_test.go:158: join[4031]: HTTP 503, transportFailed=false
    tiers_integration_test.go:158: join[4039]: HTTP 503, transportFailed=false
    tiers_integration_test.go:158: join[4017]: HTTP 503, transportFailed=false
    tiers_integration_test.go:158: join[4026]: HTTP 503, transportFailed=false
    tiers_integration_test.go:158: join[4023]: HTTP 503, transportFailed=false
    tiers_integration_test.go:158: join[4033]: HTTP 503, transportFailed=false
    tiers_integration_test.go:158: join[4038]: HTTP 503, transportFailed=false
    tiers_integration_test.go:158: join[4041]: HTTP 503, transportFailed=false
    tiers_integration_test.go:158: join[4037]: HTTP 503, transportFailed=false
    tiers_integration_test.go:158: join[4020]: HTTP 503, transportFailed=false
    tiers_integration_test.go:158: join[4045]: HTTP 503, transportFailed=false
    tiers_integration_test.go:158: join[3994]: HTTP 503, transportFailed=false
    tiers_integration_test.go:158: join[4025]: HTTP 503, transportFailed=false
    tiers_integration_test.go:158: join[4022]: HTTP 503, transportFailed=false
    tiers_integration_test.go:158: join[4030]: HTTP 503, transportFailed=false
    tiers_integration_test.go:158: join[4008]: HTTP 503, transportFailed=false
    tiers_integration_test.go:158: join[4032]: HTTP 503, transportFailed=false
    tiers_integration_test.go:158: join[4010]: HTTP 503, transportFailed=false
    tiers_integration_test.go:158: join[4001]: HTTP 503, transportFailed=false
    tiers_integration_test.go:158: join[4027]: HTTP 503, transportFailed=false
    tiers_integration_test.go:158: join[4013]: HTTP 503, transportFailed=false
    tiers_integration_test.go:158: join[4044]: HTTP 503, transportFailed=false
    tiers_integration_test.go:158: join[4049]: HTTP 503, transportFailed=false
    tiers_integration_test.go:158: join[4047]: HTTP 503, transportFailed=false
    tiers_integration_test.go:158: join[4042]: HTTP 503, transportFailed=false
    tiers_integration_test.go:158: join[4034]: HTTP 503, transportFailed=false
    tiers_integration_test.go:158: join[4028]: HTTP 503, transportFailed=false
    tiers_integration_test.go:158: join[3987]: HTTP 503, transportFailed=false
    tiers_integration_test.go:158: join[4048]: HTTP 503, transportFailed=false
    tiers_integration_test.go:158: join[3988]: HTTP 503, transportFailed=false
    tiers_integration_test.go:158: join[4061]: HTTP 503, transportFailed=false
    tiers_integration_test.go:158: join[4036]: HTTP 503, transportFailed=false
    tiers_integration_test.go:158: join[4057]: HTTP 503, transportFailed=false
    tiers_integration_test.go:158: join[4029]: HTTP 503, transportFailed=false
    tiers_integration_test.go:158: join[4051]: HTTP 503, transportFailed=false
    tiers_integration_test.go:158: join[4060]: HTTP 503, transportFailed=false
    tiers_integration_test.go:158: join[4056]: HTTP 503, transportFailed=false
    tiers_integration_test.go:158: join[4066]: HTTP 503, transportFailed=false
    tiers_integration_test.go:158: join[4054]: HTTP 503, transportFailed=false
    tiers_integration_test.go:158: join[4063]: HTTP 503, transportFailed=false
    tiers_integration_test.go:158: join[4043]: HTTP 503, transportFailed=false
    tiers_integration_test.go:158: join[4053]: HTTP 503, transportFailed=false
    tiers_integration_test.go:158: join[4062]: HTTP 503, transportFailed=false
    tiers_integration_test.go:158: join[4052]: HTTP 503, transportFailed=false
    tiers_integration_test.go:158: join[4050]: HTTP 503, transportFailed=false
    tiers_integration_test.go:158: join[4059]: HTTP 503, transportFailed=false
    tiers_integration_test.go:158: join[4055]: HTTP 503, transportFailed=false
    tiers_integration_test.go:158: join[4075]: HTTP 503, transportFailed=false
    tiers_integration_test.go:158: join[4064]: HTTP 503, transportFailed=false
    tiers_integration_test.go:158: join[4040]: HTTP 503, transportFailed=false
    tiers_integration_test.go:158: join[4065]: HTTP 503, transportFailed=false
    tiers_integration_test.go:158: join[4058]: HTTP 503, transportFailed=false
    tiers_integration_test.go:158: join[4046]: HTTP 503, transportFailed=false
    tiers_integration_test.go:158: join[4067]: HTTP 503, transportFailed=false
    tiers_integration_test.go:158: join[4071]: HTTP 503, transportFailed=false
    tiers_integration_test.go:158: join[4090]: HTTP 503, transportFailed=false
    tiers_integration_test.go:158: join[4070]: HTTP 503, transportFailed=false
    tiers_integration_test.go:158: join[4072]: HTTP 503, transportFailed=false
    tiers_integration_test.go:158: join[4076]: HTTP 503, transportFailed=false
    tiers_integration_test.go:158: join[4086]: HTTP 503, transportFailed=false
    tiers_integration_test.go:158: join[4085]: HTTP 503, transportFailed=false
    tiers_integration_test.go:158: join[4077]: HTTP 503, transportFailed=false
    tiers_integration_test.go:158: join[4073]: HTTP 503, transportFailed=false
    tiers_integration_test.go:158: join[4092]: HTTP 503, transportFailed=false
    tiers_integration_test.go:158: join[4069]: HTTP 503, transportFailed=false
    tiers_integration_test.go:158: join[4080]: HTTP 503, transportFailed=false
    tiers_integration_test.go:158: join[4100]: HTTP 503, transportFailed=false
    tiers_integration_test.go:158: join[4074]: HTTP 503, transportFailed=false
    tiers_integration_test.go:158: join[4083]: HTTP 503, transportFailed=false
    tiers_integration_test.go:158: join[4068]: HTTP 503, transportFailed=false
    tiers_integration_test.go:158: join[4078]: HTTP 503, transportFailed=false
    tiers_integration_test.go:158: join[4102]: HTTP 503, transportFailed=false
    tiers_integration_test.go:158: join[4088]: HTTP 503, transportFailed=false
    tiers_integration_test.go:158: join[4094]: HTTP 503, transportFailed=false
    tiers_integration_test.go:158: join[4097]: HTTP 503, transportFailed=false
    tiers_integration_test.go:158: join[4079]: HTTP 503, transportFailed=false
    tiers_integration_test.go:158: join[4096]: HTTP 503, transportFailed=false
    tiers_integration_test.go:158: join[4095]: HTTP 503, transportFailed=false
    tiers_integration_test.go:158: join[4091]: HTTP 503, transportFailed=false
    tiers_integration_test.go:158: join[4108]: HTTP 503, transportFailed=false
    tiers_integration_test.go:158: join[4099]: HTTP 503, transportFailed=false
    tiers_integration_test.go:158: join[4089]: HTTP 503, transportFailed=false
    tiers_integration_test.go:158: join[4106]: HTTP 503, transportFailed=false
    tiers_integration_test.go:158: join[4093]: HTTP 503, transportFailed=false
    tiers_integration_test.go:158: join[4087]: HTTP 503, transportFailed=false
    tiers_integration_test.go:158: join[4101]: HTTP 503, transportFailed=false
    tiers_integration_test.go:158: join[4098]: HTTP 503, transportFailed=false
    tiers_integration_test.go:158: join[4081]: HTTP 503, transportFailed=false
    tiers_integration_test.go:158: join[4082]: HTTP 503, transportFailed=false
    tiers_integration_test.go:158: join[4103]: HTTP 503, transportFailed=false
    tiers_integration_test.go:158: join[4118]: HTTP 503, transportFailed=false
    tiers_integration_test.go:158: join[4107]: HTTP 503, transportFailed=false
    tiers_integration_test.go:158: join[4124]: HTTP 503, transportFailed=false
    tiers_integration_test.go:158: join[4113]: HTTP 503, transportFailed=false
    tiers_integration_test.go:158: join[4114]: HTTP 503, transportFailed=false
    tiers_integration_test.go:158: join[4117]: HTTP 503, transportFailed=false
    tiers_integration_test.go:158: join[4127]: HTTP 503, transportFailed=false
    tiers_integration_test.go:158: join[4104]: HTTP 503, transportFailed=false
    tiers_integration_test.go:158: join[4120]: HTTP 503, transportFailed=false
    tiers_integration_test.go:158: join[4128]: HTTP 503, transportFailed=false
    tiers_integration_test.go:158: join[4110]: HTTP 503, transportFailed=false
    tiers_integration_test.go:158: join[4122]: HTTP 503, transportFailed=false
    tiers_integration_test.go:158: join[4130]: HTTP 503, transportFailed=false
    tiers_integration_test.go:158: join[4116]: HTTP 503, transportFailed=false
    tiers_integration_test.go:158: join[4105]: HTTP 503, transportFailed=false
    tiers_integration_test.go:158: join[4126]: HTTP 503, transportFailed=false
    tiers_integration_test.go:158: join[4084]: HTTP 503, transportFailed=false
    tiers_integration_test.go:158: join[4112]: HTTP 503, transportFailed=false
    tiers_integration_test.go:158: join[4123]: HTTP 503, transportFailed=false
    tiers_integration_test.go:158: join[4132]: HTTP 503, transportFailed=false
    tiers_integration_test.go:158: join[4129]: HTTP 503, transportFailed=false
    tiers_integration_test.go:158: join[4134]: HTTP 503, transportFailed=false
    tiers_integration_test.go:158: join[4111]: HTTP 503, transportFailed=false
    tiers_integration_test.go:158: join[4119]: HTTP 503, transportFailed=false
    tiers_integration_test.go:158: join[4137]: HTTP 503, transportFailed=false
    tiers_integration_test.go:158: join[4125]: HTTP 503, transportFailed=false
    tiers_integration_test.go:158: join[4115]: HTTP 503, transportFailed=false
    tiers_integration_test.go:158: join[4109]: HTTP 503, transportFailed=false
    tiers_integration_test.go:158: join[4145]: HTTP 503, transportFailed=false
    tiers_integration_test.go:158: join[4135]: HTTP 503, transportFailed=false
    tiers_integration_test.go:158: join[4133]: HTTP 503, transportFailed=false
    tiers_integration_test.go:158: join[4144]: HTTP 503, transportFailed=false
    tiers_integration_test.go:158: join[4139]: HTTP 503, transportFailed=false
    tiers_integration_test.go:158: join[4121]: HTTP 503, transportFailed=false
    tiers_integration_test.go:158: join[4136]: HTTP 503, transportFailed=false
    tiers_integration_test.go:158: join[4131]: HTTP 503, transportFailed=false
    tiers_integration_test.go:158: join[4147]: HTTP 503, transportFailed=false
    tiers_integration_test.go:158: join[4149]: HTTP 503, transportFailed=false
    tiers_integration_test.go:158: join[4162]: HTTP 503, transportFailed=false
    tiers_integration_test.go:158: join[4161]: HTTP 503, transportFailed=false
    tiers_integration_test.go:158: join[4141]: HTTP 503, transportFailed=false
    tiers_integration_test.go:158: join[4142]: HTTP 503, transportFailed=false
    tiers_integration_test.go:158: join[4153]: HTTP 503, transportFailed=false
    tiers_integration_test.go:158: join[4154]: HTTP 503, transportFailed=false
    tiers_integration_test.go:158: join[4138]: HTTP 503, transportFailed=false
    tiers_integration_test.go:158: join[4152]: HTTP 503, transportFailed=false
    tiers_integration_test.go:158: join[4140]: HTTP 503, transportFailed=false
    tiers_integration_test.go:158: join[4163]: HTTP 503, transportFailed=false
    tiers_integration_test.go:158: join[4159]: HTTP 503, transportFailed=false
    tiers_integration_test.go:158: join[4148]: HTTP 503, transportFailed=false
    tiers_integration_test.go:158: join[4155]: HTTP 503, transportFailed=false
    tiers_integration_test.go:158: join[4146]: HTTP 503, transportFailed=false
    tiers_integration_test.go:158: join[4150]: HTTP 503, transportFailed=false
    tiers_integration_test.go:158: join[4164]: HTTP 503, transportFailed=false
    tiers_integration_test.go:158: join[4157]: HTTP 503, transportFailed=false
    tiers_integration_test.go:158: join[4143]: HTTP 503, transportFailed=false
    tiers_integration_test.go:158: join[4160]: HTTP 503, transportFailed=false
    tiers_integration_test.go:158: join[4174]: HTTP 503, transportFailed=false
    tiers_integration_test.go:158: join[4158]: HTTP 503, transportFailed=false
    tiers_integration_test.go:158: join[4168]: HTTP 503, transportFailed=false
    tiers_integration_test.go:158: join[4170]: HTTP 503, transportFailed=false
    tiers_integration_test.go:158: join[4156]: HTTP 503, transportFailed=false
    tiers_integration_test.go:158: join[4172]: HTTP 503, transportFailed=false
    tiers_integration_test.go:158: join[4166]: HTTP 503, transportFailed=false
    tiers_integration_test.go:158: join[4176]: HTTP 503, transportFailed=false
    tiers_integration_test.go:158: join[4188]: HTTP 503, transportFailed=false
    tiers_integration_test.go:158: join[4169]: HTTP 503, transportFailed=false
    tiers_integration_test.go:158: join[4190]: HTTP 503, transportFailed=false
    tiers_integration_test.go:158: join[4151]: HTTP 503, transportFailed=false
    tiers_integration_test.go:158: join[4178]: HTTP 503, transportFailed=false
    tiers_integration_test.go:158: join[4186]: HTTP 503, transportFailed=false
    tiers_integration_test.go:158: join[4182]: HTTP 503, transportFailed=false
    tiers_integration_test.go:158: join[4165]: HTTP 503, transportFailed=false
    tiers_integration_test.go:158: join[4184]: HTTP 503, transportFailed=false
    tiers_integration_test.go:158: join[4199]: HTTP 503, transportFailed=false
    tiers_integration_test.go:158: join[4177]: HTTP 503, transportFailed=false
    tiers_integration_test.go:158: join[4196]: HTTP 503, transportFailed=false
    tiers_integration_test.go:158: join[4173]: HTTP 503, transportFailed=false
    tiers_integration_test.go:158: join[4179]: HTTP 503, transportFailed=false
    tiers_integration_test.go:158: join[4171]: HTTP 503, transportFailed=false
    tiers_integration_test.go:158: join[4175]: HTTP 503, transportFailed=false
    tiers_integration_test.go:158: join[4192]: HTTP 503, transportFailed=false
    tiers_integration_test.go:158: join[4191]: HTTP 503, transportFailed=false
    tiers_integration_test.go:158: join[4181]: HTTP 503, transportFailed=false
    tiers_integration_test.go:158: join[4197]: HTTP 503, transportFailed=false
    tiers_integration_test.go:158: join[4201]: HTTP 503, transportFailed=false
    tiers_integration_test.go:158: join[4194]: HTTP 503, transportFailed=false
    tiers_integration_test.go:158: join[4195]: HTTP 503, transportFailed=false
    tiers_integration_test.go:158: join[4185]: HTTP 503, transportFailed=false
    tiers_integration_test.go:158: join[4189]: HTTP 503, transportFailed=false
    tiers_integration_test.go:158: join[4167]: HTTP 503, transportFailed=false
    tiers_integration_test.go:158: join[4193]: HTTP 503, transportFailed=false
    tiers_integration_test.go:158: join[4183]: HTTP 503, transportFailed=false
    tiers_integration_test.go:158: join[4180]: HTTP 503, transportFailed=false
    tiers_integration_test.go:158: join[4198]: HTTP 503, transportFailed=false
    tiers_integration_test.go:158: join[4203]: HTTP 503, transportFailed=false
    tiers_integration_test.go:158: join[4217]: HTTP 503, transportFailed=false
    tiers_integration_test.go:158: join[4187]: HTTP 503, transportFailed=false
    tiers_integration_test.go:158: join[4207]: HTTP 503, transportFailed=false
    tiers_integration_test.go:158: join[4211]: HTTP 503, transportFailed=false
    tiers_integration_test.go:158: join[4205]: HTTP 503, transportFailed=false
    tiers_integration_test.go:158: join[4213]: HTTP 503, transportFailed=false
    tiers_integration_test.go:158: join[4219]: HTTP 503, transportFailed=false
    tiers_integration_test.go:158: join[4215]: HTTP 503, transportFailed=false
    tiers_integration_test.go:158: join[4232]: HTTP 503, transportFailed=false
    tiers_integration_test.go:158: join[4223]: HTTP 503, transportFailed=false
    tiers_integration_test.go:158: join[4208]: HTTP 503, transportFailed=false
    tiers_integration_test.go:158: join[4206]: HTTP 503, transportFailed=false
    tiers_integration_test.go:158: join[4204]: HTTP 503, transportFailed=false
    tiers_integration_test.go:158: join[4216]: HTTP 503, transportFailed=false
    tiers_integration_test.go:158: join[4202]: HTTP 503, transportFailed=false
    tiers_integration_test.go:158: join[4200]: HTTP 503, transportFailed=false
    tiers_integration_test.go:158: join[4210]: HTTP 503, transportFailed=false
    tiers_integration_test.go:158: join[4221]: HTTP 503, transportFailed=false
    tiers_integration_test.go:158: join[4229]: HTTP 503, transportFailed=false
    tiers_integration_test.go:158: join[4238]: HTTP 503, transportFailed=false
    tiers_integration_test.go:158: join[4225]: HTTP 503, transportFailed=false
    tiers_integration_test.go:158: join[4233]: HTTP 503, transportFailed=false
    tiers_integration_test.go:158: join[4235]: HTTP 503, transportFailed=false
    tiers_integration_test.go:158: join[4227]: HTTP 503, transportFailed=false
    tiers_integration_test.go:158: join[4231]: HTTP 503, transportFailed=false
    tiers_integration_test.go:158: join[4245]: HTTP 503, transportFailed=false
    tiers_integration_test.go:158: join[4247]: HTTP 503, transportFailed=false
    tiers_integration_test.go:158: join[4209]: HTTP 503, transportFailed=false
    tiers_integration_test.go:158: join[4222]: HTTP 503, transportFailed=false
    tiers_integration_test.go:158: join[4214]: HTTP 503, transportFailed=false
    tiers_integration_test.go:158: join[4218]: HTTP 503, transportFailed=false
    tiers_integration_test.go:158: join[4249]: HTTP 503, transportFailed=false
    tiers_integration_test.go:158: join[4220]: HTTP 503, transportFailed=false
    tiers_integration_test.go:158: join[4234]: HTTP 503, transportFailed=false
    tiers_integration_test.go:158: join[4246]: HTTP 503, transportFailed=false
    tiers_integration_test.go:158: join[4240]: HTTP 503, transportFailed=false
    tiers_integration_test.go:158: join[4250]: HTTP 503, transportFailed=false
    tiers_integration_test.go:158: join[4230]: HTTP 503, transportFailed=false
    tiers_integration_test.go:158: join[4244]: HTTP 503, transportFailed=false
    tiers_integration_test.go:158: join[4226]: HTTP 503, transportFailed=false
    tiers_integration_test.go:158: join[4236]: HTTP 503, transportFailed=false
    tiers_integration_test.go:158: join[4224]: HTTP 503, transportFailed=false
    tiers_integration_test.go:158: join[4242]: HTTP 503, transportFailed=false
    tiers_integration_test.go:158: join[4228]: HTTP 503, transportFailed=false
    tiers_integration_test.go:158: join[4241]: HTTP 503, transportFailed=false
    tiers_integration_test.go:158: join[4260]: HTTP 503, transportFailed=false
    tiers_integration_test.go:158: join[4266]: HTTP 503, transportFailed=false
    tiers_integration_test.go:158: join[4248]: HTTP 503, transportFailed=false
    tiers_integration_test.go:158: join[4256]: HTTP 503, transportFailed=false
    tiers_integration_test.go:158: join[4264]: HTTP 503, transportFailed=false
    tiers_integration_test.go:158: join[4252]: HTTP 503, transportFailed=false
    tiers_integration_test.go:158: join[4262]: HTTP 503, transportFailed=false
    tiers_integration_test.go:158: join[4212]: HTTP 503, transportFailed=false
    tiers_integration_test.go:158: join[4258]: HTTP 503, transportFailed=false
    tiers_integration_test.go:158: join[4254]: HTTP 503, transportFailed=false
    tiers_integration_test.go:158: join[4237]: HTTP 503, transportFailed=false
    tiers_integration_test.go:158: join[4257]: HTTP 503, transportFailed=false
    tiers_integration_test.go:158: join[4251]: HTTP 503, transportFailed=false
    tiers_integration_test.go:158: join[4265]: HTTP 503, transportFailed=false
    tiers_integration_test.go:158: join[4243]: HTTP 503, transportFailed=false
    tiers_integration_test.go:158: join[4253]: HTTP 503, transportFailed=false
    tiers_integration_test.go:158: join[4239]: HTTP 503, transportFailed=false
    tiers_integration_test.go:158: join[4255]: HTTP 503, transportFailed=false
    tiers_integration_test.go:158: join[4259]: HTTP 503, transportFailed=false
    tiers_integration_test.go:158: join[4270]: HTTP 503, transportFailed=false
    tiers_integration_test.go:158: join[4273]: HTTP 503, transportFailed=false
    tiers_integration_test.go:158: join[4275]: HTTP 503, transportFailed=false
    tiers_integration_test.go:158: join[4281]: HTTP 503, transportFailed=false
    tiers_integration_test.go:158: join[4285]: HTTP 503, transportFailed=false
    tiers_integration_test.go:158: join[4261]: HTTP 503, transportFailed=false
    tiers_integration_test.go:158: join[4287]: HTTP 503, transportFailed=false
    tiers_integration_test.go:158: join[4277]: HTTP 503, transportFailed=false
    tiers_integration_test.go:158: join[4271]: HTTP 503, transportFailed=false
    tiers_integration_test.go:158: join[4291]: HTTP 503, transportFailed=false
    tiers_integration_test.go:158: join[4289]: HTTP 503, transportFailed=false
    tiers_integration_test.go:158: join[4267]: HTTP 503, transportFailed=false
    tiers_integration_test.go:158: join[4269]: HTTP 503, transportFailed=false
    tiers_integration_test.go:158: join[4279]: HTTP 503, transportFailed=false
    tiers_integration_test.go:158: join[4263]: HTTP 503, transportFailed=false
    tiers_integration_test.go:158: join[4283]: HTTP 503, transportFailed=false
    tiers_integration_test.go:158: join[4301]: HTTP 503, transportFailed=false
    tiers_integration_test.go:158: join[4297]: HTTP 503, transportFailed=false
    tiers_integration_test.go:158: join[4299]: HTTP 503, transportFailed=false
    tiers_integration_test.go:158: join[4293]: HTTP 503, transportFailed=false
    tiers_integration_test.go:158: join[4295]: HTTP 503, transportFailed=false
    tiers_integration_test.go:158: join[4304]: HTTP 503, transportFailed=false
    tiers_integration_test.go:158: join[4305]: HTTP 503, transportFailed=false
    tiers_integration_test.go:158: join[4315]: HTTP 503, transportFailed=false
    tiers_integration_test.go:158: join[4310]: HTTP 503, transportFailed=false
    tiers_integration_test.go:158: join[4272]: HTTP 503, transportFailed=false
    tiers_integration_test.go:158: join[4303]: HTTP 503, transportFailed=false
    tiers_integration_test.go:158: join[4316]: HTTP 503, transportFailed=false
    tiers_integration_test.go:158: join[4282]: HTTP 503, transportFailed=false
    tiers_integration_test.go:158: join[4268]: HTTP 503, transportFailed=false
    tiers_integration_test.go:158: join[4318]: HTTP 503, transportFailed=false
    tiers_integration_test.go:158: join[4278]: HTTP 503, transportFailed=false
    tiers_integration_test.go:158: join[4280]: HTTP 503, transportFailed=false
    tiers_integration_test.go:158: join[4306]: HTTP 503, transportFailed=false
    tiers_integration_test.go:158: join[4308]: HTTP 503, transportFailed=false
    tiers_integration_test.go:158: join[4286]: HTTP 503, transportFailed=false
    tiers_integration_test.go:158: join[4276]: HTTP 503, transportFailed=false
    tiers_integration_test.go:158: join[4314]: HTTP 503, transportFailed=false
    tiers_integration_test.go:158: join[4292]: HTTP 503, transportFailed=false
    tiers_integration_test.go:158: join[4288]: HTTP 503, transportFailed=false
    tiers_integration_test.go:158: join[4312]: HTTP 503, transportFailed=false
    tiers_integration_test.go:158: join[4300]: HTTP 503, transportFailed=false
    tiers_integration_test.go:158: join[4296]: HTTP 503, transportFailed=false
    tiers_integration_test.go:158: join[4302]: HTTP 503, transportFailed=false
    tiers_integration_test.go:158: join[4284]: HTTP 503, transportFailed=false
    tiers_integration_test.go:158: join[4274]: HTTP 503, transportFailed=false
    tiers_integration_test.go:158: join[4294]: HTTP 503, transportFailed=false
    tiers_integration_test.go:158: join[4322]: HTTP 503, transportFailed=false
    tiers_integration_test.go:158: join[4320]: HTTP 503, transportFailed=false
    tiers_integration_test.go:158: join[4317]: HTTP 503, transportFailed=false
    tiers_integration_test.go:158: join[4324]: HTTP 503, transportFailed=false
    tiers_integration_test.go:158: join[4290]: HTTP 503, transportFailed=false
    tiers_integration_test.go:158: join[4313]: HTTP 503, transportFailed=false
    tiers_integration_test.go:158: join[4309]: HTTP 503, transportFailed=false
    tiers_integration_test.go:158: join[4339]: HTTP 503, transportFailed=false
    tiers_integration_test.go:158: join[4311]: HTTP 503, transportFailed=false
    tiers_integration_test.go:158: join[4307]: HTTP 503, transportFailed=false
    tiers_integration_test.go:158: join[4298]: HTTP 503, transportFailed=false
    tiers_integration_test.go:158: join[4330]: HTTP 503, transportFailed=false
    tiers_integration_test.go:158: join[4338]: HTTP 503, transportFailed=false
    tiers_integration_test.go:158: join[4328]: HTTP 503, transportFailed=false
    tiers_integration_test.go:158: join[4336]: HTTP 503, transportFailed=false
    tiers_integration_test.go:158: join[4333]: HTTP 503, transportFailed=false
    tiers_integration_test.go:158: join[4335]: HTTP 503, transportFailed=false
    tiers_integration_test.go:158: join[4354]: HTTP 503, transportFailed=false
    tiers_integration_test.go:158: join[4329]: HTTP 503, transportFailed=false
    tiers_integration_test.go:158: join[4327]: HTTP 503, transportFailed=false
    tiers_integration_test.go:158: join[4340]: HTTP 503, transportFailed=false
    tiers_integration_test.go:158: join[4319]: HTTP 503, transportFailed=false
    tiers_integration_test.go:158: join[4337]: HTTP 503, transportFailed=false
    tiers_integration_test.go:158: join[4321]: HTTP 503, transportFailed=false
    tiers_integration_test.go:158: join[4351]: HTTP 503, transportFailed=false
    tiers_integration_test.go:158: join[4334]: HTTP 503, transportFailed=false
    tiers_integration_test.go:158: join[4332]: HTTP 503, transportFailed=false
    tiers_integration_test.go:158: join[4342]: HTTP 503, transportFailed=false
    tiers_integration_test.go:158: join[4331]: HTTP 503, transportFailed=false
    tiers_integration_test.go:158: join[4343]: HTTP 503, transportFailed=false
    tiers_integration_test.go:158: join[4345]: HTTP 503, transportFailed=false
    tiers_integration_test.go:158: join[4350]: HTTP 503, transportFailed=false
    tiers_integration_test.go:158: join[4323]: HTTP 503, transportFailed=false
    tiers_integration_test.go:158: join[4353]: HTTP 503, transportFailed=false
    tiers_integration_test.go:158: join[4355]: HTTP 503, transportFailed=false
    tiers_integration_test.go:158: join[4347]: HTTP 503, transportFailed=false
    tiers_integration_test.go:158: join[4341]: HTTP 503, transportFailed=false
    tiers_integration_test.go:158: join[4325]: HTTP 503, transportFailed=false
    tiers_integration_test.go:158: join[4361]: HTTP 503, transportFailed=false
    tiers_integration_test.go:158: join[4367]: HTTP 503, transportFailed=false
    tiers_integration_test.go:158: join[4375]: HTTP 503, transportFailed=false
    tiers_integration_test.go:158: join[4377]: HTTP 503, transportFailed=false
    tiers_integration_test.go:158: join[4357]: HTTP 503, transportFailed=false
    tiers_integration_test.go:158: join[4365]: HTTP 503, transportFailed=false
    tiers_integration_test.go:158: join[4349]: HTTP 503, transportFailed=false
    tiers_integration_test.go:158: join[4369]: HTTP 503, transportFailed=false
    tiers_integration_test.go:158: join[4359]: HTTP 503, transportFailed=false
    tiers_integration_test.go:158: join[4373]: HTTP 503, transportFailed=false
    tiers_integration_test.go:158: join[4363]: HTTP 503, transportFailed=false
    tiers_integration_test.go:158: join[4371]: HTTP 503, transportFailed=false
    tiers_integration_test.go:158: join[4381]: HTTP 503, transportFailed=false
    tiers_integration_test.go:158: join[4383]: HTTP 503, transportFailed=false
    tiers_integration_test.go:158: join[4385]: HTTP 503, transportFailed=false
    tiers_integration_test.go:158: join[4379]: HTTP 503, transportFailed=false
    tiers_integration_test.go:158: join[4344]: HTTP 503, transportFailed=false
    tiers_integration_test.go:158: join[4360]: HTTP 503, transportFailed=false
    tiers_integration_test.go:158: join[4370]: HTTP 503, transportFailed=false
    tiers_integration_test.go:158: join[4372]: HTTP 503, transportFailed=false
    tiers_integration_test.go:158: join[4346]: HTTP 503, transportFailed=false
    tiers_integration_test.go:158: join[4392]: HTTP 503, transportFailed=false
    tiers_integration_test.go:158: join[4326]: HTTP 503, transportFailed=false
    tiers_integration_test.go:158: join[4368]: HTTP 503, transportFailed=false
    tiers_integration_test.go:158: join[4348]: HTTP 503, transportFailed=false
    tiers_integration_test.go:158: join[4387]: HTTP 503, transportFailed=false
    tiers_integration_test.go:158: join[4393]: HTTP 503, transportFailed=false
    tiers_integration_test.go:158: join[4389]: HTTP 503, transportFailed=false
    tiers_integration_test.go:158: join[4380]: HTTP 503, transportFailed=false
    tiers_integration_test.go:158: join[4376]: HTTP 503, transportFailed=false
    tiers_integration_test.go:158: join[4386]: HTTP 503, transportFailed=false
    tiers_integration_test.go:158: join[4390]: HTTP 503, transportFailed=false
    tiers_integration_test.go:158: join[4388]: HTTP 503, transportFailed=false
    tiers_integration_test.go:158: join[4374]: HTTP 503, transportFailed=false
    tiers_integration_test.go:158: join[4382]: HTTP 503, transportFailed=false
    tiers_integration_test.go:158: join[4366]: HTTP 503, transportFailed=false
    tiers_integration_test.go:158: join[4414]: HTTP 503, transportFailed=false
    tiers_integration_test.go:158: join[4384]: HTTP 503, transportFailed=false
    tiers_integration_test.go:158: join[4378]: HTTP 503, transportFailed=false
    tiers_integration_test.go:158: join[4356]: HTTP 503, transportFailed=false
    tiers_integration_test.go:158: join[4391]: HTTP 503, transportFailed=false
    tiers_integration_test.go:158: join[4417]: HTTP 503, transportFailed=false
    tiers_integration_test.go:158: join[4408]: HTTP 503, transportFailed=false
    tiers_integration_test.go:158: join[4411]: HTTP 503, transportFailed=false
    tiers_integration_test.go:158: join[4362]: HTTP 503, transportFailed=false
    tiers_integration_test.go:158: join[4398]: HTTP 503, transportFailed=false
    tiers_integration_test.go:158: join[4394]: HTTP 503, transportFailed=false
    tiers_integration_test.go:158: join[4352]: HTTP 503, transportFailed=false
    tiers_integration_test.go:158: join[4401]: HTTP 503, transportFailed=false
    tiers_integration_test.go:158: join[4404]: HTTP 503, transportFailed=false
    tiers_integration_test.go:158: join[4416]: HTTP 503, transportFailed=false
    tiers_integration_test.go:158: join[4425]: HTTP 503, transportFailed=false
    tiers_integration_test.go:158: join[4406]: HTTP 503, transportFailed=false
    tiers_integration_test.go:158: join[4419]: HTTP 503, transportFailed=false
    tiers_integration_test.go:158: join[4402]: HTTP 503, transportFailed=false
    tiers_integration_test.go:158: join[4405]: HTTP 503, transportFailed=false
    tiers_integration_test.go:158: join[4420]: HTTP 503, transportFailed=false
    tiers_integration_test.go:158: join[4429]: HTTP 503, transportFailed=false
    tiers_integration_test.go:158: join[4410]: HTTP 503, transportFailed=false
    tiers_integration_test.go:158: join[4409]: HTTP 503, transportFailed=false
    tiers_integration_test.go:158: join[4399]: HTTP 503, transportFailed=false
    tiers_integration_test.go:158: join[4427]: HTTP 503, transportFailed=false
    tiers_integration_test.go:158: join[4412]: HTTP 503, transportFailed=false
    tiers_integration_test.go:158: join[4421]: HTTP 503, transportFailed=false
    tiers_integration_test.go:158: join[4423]: HTTP 503, transportFailed=false
    tiers_integration_test.go:158: join[4403]: HTTP 503, transportFailed=false
    tiers_integration_test.go:158: join[4436]: HTTP 503, transportFailed=false
    tiers_integration_test.go:158: join[4422]: HTTP 503, transportFailed=false
    tiers_integration_test.go:158: join[4397]: HTTP 503, transportFailed=false
    tiers_integration_test.go:158: join[4413]: HTTP 503, transportFailed=false
    tiers_integration_test.go:158: join[4395]: HTTP 503, transportFailed=false
    tiers_integration_test.go:158: join[4415]: HTTP 503, transportFailed=false
    tiers_integration_test.go:158: join[4407]: HTTP 503, transportFailed=false
    tiers_integration_test.go:158: join[4396]: HTTP 503, transportFailed=false
    tiers_integration_test.go:158: join[4418]: HTTP 503, transportFailed=false
    tiers_integration_test.go:158: join[4428]: HTTP 503, transportFailed=false
    tiers_integration_test.go:158: join[4430]: HTTP 503, transportFailed=false
    tiers_integration_test.go:158: join[4424]: HTTP 503, transportFailed=false
    tiers_integration_test.go:158: join[4400]: HTTP 503, transportFailed=false
    tiers_integration_test.go:158: join[4358]: HTTP 503, transportFailed=false
    tiers_integration_test.go:158: join[4364]: HTTP 503, transportFailed=false
    tiers_integration_test.go:158: join[4432]: HTTP 503, transportFailed=false
    tiers_integration_test.go:158: join[4426]: HTTP 503, transportFailed=false
    tiers_integration_test.go:158: join[4438]: HTTP 503, transportFailed=false
    tiers_integration_test.go:158: join[4441]: HTTP 503, transportFailed=false
    tiers_integration_test.go:158: join[4443]: HTTP 503, transportFailed=false
    tiers_integration_test.go:158: join[4442]: HTTP 503, transportFailed=false
    tiers_integration_test.go:158: join[4454]: HTTP 503, transportFailed=false
    tiers_integration_test.go:158: join[4434]: HTTP 503, transportFailed=false
    tiers_integration_test.go:158: join[4444]: HTTP 503, transportFailed=false
    tiers_integration_test.go:158: join[4440]: HTTP 503, transportFailed=false
    tiers_integration_test.go:158: join[4448]: HTTP 503, transportFailed=false
    tiers_integration_test.go:158: join[4450]: HTTP 503, transportFailed=false
    tiers_integration_test.go:158: join[4452]: HTTP 503, transportFailed=false
    tiers_integration_test.go:158: join[4446]: HTTP 503, transportFailed=false
    tiers_integration_test.go:158: join[4462]: HTTP 503, transportFailed=false
    tiers_integration_test.go:158: join[4433]: HTTP 503, transportFailed=false
    tiers_integration_test.go:158: join[4456]: HTTP 503, transportFailed=false
    tiers_integration_test.go:158: join[4458]: HTTP 503, transportFailed=false
    tiers_integration_test.go:158: join[4451]: HTTP 503, transportFailed=false
    tiers_integration_test.go:158: join[4445]: HTTP 503, transportFailed=false
    tiers_integration_test.go:158: join[4435]: HTTP 503, transportFailed=false
    tiers_integration_test.go:158: join[4476]: HTTP 503, transportFailed=false
    tiers_integration_test.go:158: join[4466]: HTTP 503, transportFailed=false
    tiers_integration_test.go:158: join[4470]: HTTP 503, transportFailed=false
    tiers_integration_test.go:158: join[4474]: HTTP 503, transportFailed=false
    tiers_integration_test.go:158: join[4453]: HTTP 503, transportFailed=false
    tiers_integration_test.go:158: join[4455]: HTTP 503, transportFailed=false
    tiers_integration_test.go:158: join[4472]: HTTP 503, transportFailed=false
    tiers_integration_test.go:158: join[4484]: HTTP 503, transportFailed=false
    tiers_integration_test.go:158: join[4468]: HTTP 503, transportFailed=false
    tiers_integration_test.go:158: join[4464]: HTTP 503, transportFailed=false
    tiers_integration_test.go:158: join[4467]: HTTP 503, transportFailed=false
    tiers_integration_test.go:158: join[4482]: HTTP 503, transportFailed=false
    tiers_integration_test.go:158: join[4486]: HTTP 503, transportFailed=false
    tiers_integration_test.go:158: join[4447]: HTTP 503, transportFailed=false
    tiers_integration_test.go:158: join[4469]: HTTP 503, transportFailed=false
    tiers_integration_test.go:158: join[4480]: HTTP 503, transportFailed=false
    tiers_integration_test.go:158: join[4459]: HTTP 503, transportFailed=false
    tiers_integration_test.go:158: join[4478]: HTTP 503, transportFailed=false
    tiers_integration_test.go:158: join[4481]: HTTP 503, transportFailed=false
    tiers_integration_test.go:158: join[4473]: HTTP 503, transportFailed=false
    tiers_integration_test.go:158: join[4465]: HTTP 503, transportFailed=false
    tiers_integration_test.go:158: join[4461]: HTTP 503, transportFailed=false
    tiers_integration_test.go:158: join[4463]: HTTP 503, transportFailed=false
    tiers_integration_test.go:158: join[4449]: HTTP 503, transportFailed=false
    tiers_integration_test.go:158: join[4477]: HTTP 503, transportFailed=false
    tiers_integration_test.go:158: join[4487]: HTTP 503, transportFailed=false
    tiers_integration_test.go:158: join[4457]: HTTP 503, transportFailed=false
    tiers_integration_test.go:158: join[4479]: HTTP 503, transportFailed=false
    tiers_integration_test.go:158: join[4488]: HTTP 503, transportFailed=false
    tiers_integration_test.go:158: join[4494]: HTTP 503, transportFailed=false
    tiers_integration_test.go:158: join[4497]: HTTP 503, transportFailed=false
    tiers_integration_test.go:158: join[4495]: HTTP 503, transportFailed=false
    tiers_integration_test.go:158: join[4512]: HTTP 503, transportFailed=false
    tiers_integration_test.go:158: join[4507]: HTTP 503, transportFailed=false
    tiers_integration_test.go:158: join[4489]: HTTP 503, transportFailed=false
    tiers_integration_test.go:158: join[4491]: HTTP 503, transportFailed=false
    tiers_integration_test.go:158: join[4493]: HTTP 503, transportFailed=false
    tiers_integration_test.go:158: join[4504]: HTTP 503, transportFailed=false
    tiers_integration_test.go:158: join[4490]: HTTP 503, transportFailed=false
    tiers_integration_test.go:158: join[4510]: HTTP 503, transportFailed=false
    tiers_integration_test.go:158: join[4439]: HTTP 503, transportFailed=false
    tiers_integration_test.go:158: join[4437]: HTTP 503, transportFailed=false
    tiers_integration_test.go:158: join[4471]: HTTP 503, transportFailed=false
    tiers_integration_test.go:158: join[4431]: HTTP 503, transportFailed=false
    tiers_integration_test.go:158: join[4499]: HTTP 503, transportFailed=false
    tiers_integration_test.go:158: join[4502]: HTTP 503, transportFailed=false
    tiers_integration_test.go:158: join[4508]: HTTP 503, transportFailed=false
    tiers_integration_test.go:158: join[4498]: HTTP 503, transportFailed=false
    tiers_integration_test.go:158: join[4496]: HTTP 503, transportFailed=false
    tiers_integration_test.go:158: join[4475]: HTTP 503, transportFailed=false
    tiers_integration_test.go:158: join[4492]: HTTP 503, transportFailed=false
    tiers_integration_test.go:158: join[4513]: HTTP 503, transportFailed=false
    tiers_integration_test.go:158: join[4500]: HTTP 503, transportFailed=false
    tiers_integration_test.go:158: join[4506]: HTTP 503, transportFailed=false
    tiers_integration_test.go:158: join[4518]: HTTP 503, transportFailed=false
    tiers_integration_test.go:158: join[4501]: HTTP 503, transportFailed=false
    tiers_integration_test.go:158: join[4503]: HTTP 503, transportFailed=false
    tiers_integration_test.go:158: join[4509]: HTTP 503, transportFailed=false
    tiers_integration_test.go:158: join[4505]: HTTP 503, transportFailed=false
    tiers_integration_test.go:158: join[4516]: HTTP 503, transportFailed=false
    tiers_integration_test.go:158: join[4526]: HTTP 503, transportFailed=false
    tiers_integration_test.go:158: join[4536]: HTTP 503, transportFailed=false
    tiers_integration_test.go:158: join[4514]: HTTP 503, transportFailed=false
    tiers_integration_test.go:158: join[4540]: HTTP 503, transportFailed=false
    tiers_integration_test.go:158: join[4485]: HTTP 503, transportFailed=false
    tiers_integration_test.go:158: join[4532]: HTTP 503, transportFailed=false
    tiers_integration_test.go:158: join[4522]: HTTP 503, transportFailed=false
    tiers_integration_test.go:158: join[4520]: HTTP 503, transportFailed=false
    tiers_integration_test.go:158: join[4528]: HTTP 503, transportFailed=false
    tiers_integration_test.go:158: join[4534]: HTTP 503, transportFailed=false
    tiers_integration_test.go:158: join[4524]: HTTP 503, transportFailed=false
    tiers_integration_test.go:158: join[4460]: HTTP 503, transportFailed=false
    tiers_integration_test.go:158: join[4530]: HTTP 503, transportFailed=false
    tiers_integration_test.go:158: join[4548]: HTTP 503, transportFailed=false
    tiers_integration_test.go:158: join[4544]: HTTP 503, transportFailed=false
    tiers_integration_test.go:158: join[4515]: HTTP 503, transportFailed=false
    tiers_integration_test.go:158: join[4546]: HTTP 503, transportFailed=false
    tiers_integration_test.go:158: join[4538]: HTTP 503, transportFailed=false
    tiers_integration_test.go:158: join[4483]: HTTP 503, transportFailed=false
    tiers_integration_test.go:158: join[4511]: HTTP 503, transportFailed=false
    tiers_integration_test.go:158: join[4558]: HTTP 503, transportFailed=false
    tiers_integration_test.go:158: join[4542]: HTTP 503, transportFailed=false
    tiers_integration_test.go:158: join[4535]: HTTP 503, transportFailed=false
    tiers_integration_test.go:158: join[4556]: HTTP 503, transportFailed=false
    tiers_integration_test.go:158: join[4564]: HTTP 503, transportFailed=false
    tiers_integration_test.go:158: join[4554]: HTTP 503, transportFailed=false
    tiers_integration_test.go:158: join[4525]: HTTP 503, transportFailed=false
    tiers_integration_test.go:158: join[4523]: HTTP 503, transportFailed=false
    tiers_integration_test.go:158: join[4550]: HTTP 503, transportFailed=false
    tiers_integration_test.go:158: join[4560]: HTTP 503, transportFailed=false
    tiers_integration_test.go:158: join[4552]: HTTP 503, transportFailed=false
    tiers_integration_test.go:158: join[4562]: HTTP 503, transportFailed=false
    tiers_integration_test.go:158: join[4521]: HTTP 503, transportFailed=false
    tiers_integration_test.go:158: join[4517]: HTTP 503, transportFailed=false
    tiers_integration_test.go:158: join[4572]: HTTP 503, transportFailed=false
    tiers_integration_test.go:158: join[4566]: HTTP 503, transportFailed=false
    tiers_integration_test.go:158: join[4570]: HTTP 503, transportFailed=false
    tiers_integration_test.go:158: join[4574]: HTTP 503, transportFailed=false
    tiers_integration_test.go:158: join[4568]: HTTP 503, transportFailed=false
    tiers_integration_test.go:158: join[4576]: HTTP 503, transportFailed=false
    tiers_integration_test.go:158: join[4578]: HTTP 503, transportFailed=false
    tiers_integration_test.go:158: join[4519]: HTTP 503, transportFailed=false
    tiers_integration_test.go:158: join[4582]: HTTP 503, transportFailed=false
    tiers_integration_test.go:158: join[4543]: HTTP 503, transportFailed=false
    tiers_integration_test.go:158: join[4580]: HTTP 503, transportFailed=false
    tiers_integration_test.go:158: join[4531]: HTTP 503, transportFailed=false
    tiers_integration_test.go:158: join[4584]: HTTP 503, transportFailed=false
    tiers_integration_test.go:158: join[4539]: HTTP 503, transportFailed=false
    tiers_integration_test.go:158: join[4529]: HTTP 503, transportFailed=false
    tiers_integration_test.go:158: join[4533]: HTTP 503, transportFailed=false
    tiers_integration_test.go:158: join[4541]: HTTP 503, transportFailed=false
    tiers_integration_test.go:158: join[4527]: HTTP 503, transportFailed=false
    tiers_integration_test.go:158: join[4537]: HTTP 503, transportFailed=false
    tiers_integration_test.go:158: join[4545]: HTTP 503, transportFailed=false
    tiers_integration_test.go:158: join[4551]: HTTP 503, transportFailed=false
    tiers_integration_test.go:158: join[4586]: HTTP 503, transportFailed=false
    tiers_integration_test.go:158: join[4588]: HTTP 503, transportFailed=false
    tiers_integration_test.go:158: join[4594]: HTTP 503, transportFailed=false
    tiers_integration_test.go:158: join[4573]: HTTP 503, transportFailed=false
    tiers_integration_test.go:158: join[4563]: HTTP 503, transportFailed=false
    tiers_integration_test.go:158: join[4569]: HTTP 503, transportFailed=false
    tiers_integration_test.go:158: join[4596]: HTTP 503, transportFailed=false
    tiers_integration_test.go:158: join[4575]: HTTP 503, transportFailed=false
    tiers_integration_test.go:158: join[4585]: HTTP 503, transportFailed=false
    tiers_integration_test.go:158: join[4553]: HTTP 503, transportFailed=false
    tiers_integration_test.go:158: join[4547]: HTTP 503, transportFailed=false
    tiers_integration_test.go:158: join[4590]: HTTP 503, transportFailed=false
    tiers_integration_test.go:158: join[4571]: HTTP 503, transportFailed=false
    tiers_integration_test.go:158: join[4549]: HTTP 503, transportFailed=false
    tiers_integration_test.go:158: join[4555]: HTTP 503, transportFailed=false
    tiers_integration_test.go:158: join[4561]: HTTP 503, transportFailed=false
    tiers_integration_test.go:158: join[4593]: HTTP 503, transportFailed=false
    tiers_integration_test.go:158: join[4577]: HTTP 503, transportFailed=false
    tiers_integration_test.go:158: join[4592]: HTTP 503, transportFailed=false
    tiers_integration_test.go:158: join[4559]: HTTP 503, transportFailed=false
    tiers_integration_test.go:158: join[4557]: HTTP 503, transportFailed=false
    tiers_integration_test.go:158: join[4565]: HTTP 503, transportFailed=false
    tiers_integration_test.go:158: join[4567]: HTTP 503, transportFailed=false
    tiers_integration_test.go:158: join[4599]: HTTP 503, transportFailed=false
    tiers_integration_test.go:158: join[4600]: HTTP 503, transportFailed=false
    tiers_integration_test.go:158: join[4608]: HTTP 503, transportFailed=false
    tiers_integration_test.go:158: join[4602]: HTTP 503, transportFailed=false
    tiers_integration_test.go:158: join[4618]: HTTP 503, transportFailed=false
    tiers_integration_test.go:158: join[4613]: HTTP 503, transportFailed=false
    tiers_integration_test.go:158: join[4612]: HTTP 503, transportFailed=false
    tiers_integration_test.go:158: join[4603]: HTTP 503, transportFailed=false
    tiers_integration_test.go:158: join[4583]: HTTP 503, transportFailed=false
    tiers_integration_test.go:158: join[4581]: HTTP 503, transportFailed=false
    tiers_integration_test.go:158: join[4595]: HTTP 503, transportFailed=false
    tiers_integration_test.go:158: join[4587]: HTTP 503, transportFailed=false
    tiers_integration_test.go:158: join[4589]: HTTP 503, transportFailed=false
    tiers_integration_test.go:158: join[4579]: HTTP 503, transportFailed=false
    tiers_integration_test.go:158: join[4601]: HTTP 503, transportFailed=false
    tiers_integration_test.go:158: join[4591]: HTTP 503, transportFailed=false
    tiers_integration_test.go:158: join[4597]: HTTP 503, transportFailed=false
    tiers_integration_test.go:158: join[4598]: HTTP 503, transportFailed=false
    tiers_integration_test.go:158: join[4610]: HTTP 503, transportFailed=false
    tiers_integration_test.go:158: join[4606]: HTTP 503, transportFailed=false
    tiers_integration_test.go:158: join[4615]: HTTP 503, transportFailed=false
    tiers_integration_test.go:158: join[4614]: HTTP 503, transportFailed=false
    tiers_integration_test.go:158: join[4609]: HTTP 503, transportFailed=false
    tiers_integration_test.go:158: join[4611]: HTTP 503, transportFailed=false
    tiers_integration_test.go:158: join[4604]: HTTP 503, transportFailed=false
    tiers_integration_test.go:158: join[4616]: HTTP 503, transportFailed=false
    tiers_integration_test.go:158: join[4607]: HTTP 503, transportFailed=false
    tiers_integration_test.go:158: join[4617]: HTTP 503, transportFailed=false
    tiers_integration_test.go:158: join[4619]: HTTP 503, transportFailed=false
    tiers_integration_test.go:158: join[4605]: HTTP 503, transportFailed=false
    tiers_integration_test.go:158: join[4623]: HTTP 503, transportFailed=false
    tiers_integration_test.go:158: join[4641]: HTTP 503, transportFailed=false
    tiers_integration_test.go:158: join[4633]: HTTP 503, transportFailed=false
    tiers_integration_test.go:158: join[4631]: HTTP 503, transportFailed=false
    tiers_integration_test.go:158: join[4640]: HTTP 503, transportFailed=false
    tiers_integration_test.go:158: join[4627]: HTTP 503, transportFailed=false
    tiers_integration_test.go:158: join[4621]: HTTP 503, transportFailed=false
    tiers_integration_test.go:158: join[4645]: HTTP 503, transportFailed=false
    tiers_integration_test.go:158: join[4635]: HTTP 503, transportFailed=false
    tiers_integration_test.go:158: join[4638]: HTTP 503, transportFailed=false
    tiers_integration_test.go:158: join[4653]: HTTP 503, transportFailed=false
    tiers_integration_test.go:158: join[4647]: HTTP 503, transportFailed=false
    tiers_integration_test.go:158: join[4625]: HTTP 503, transportFailed=false
    tiers_integration_test.go:158: join[4644]: HTTP 503, transportFailed=false
    tiers_integration_test.go:158: join[4646]: HTTP 503, transportFailed=false
    tiers_integration_test.go:158: join[4650]: HTTP 503, transportFailed=false
    tiers_integration_test.go:158: join[4643]: HTTP 503, transportFailed=false
    tiers_integration_test.go:158: join[4629]: HTTP 503, transportFailed=false
    tiers_integration_test.go:158: join[4648]: HTTP 503, transportFailed=false
    tiers_integration_test.go:158: join[4639]: HTTP 503, transportFailed=false
    tiers_integration_test.go:158: join[4649]: HTTP 503, transportFailed=false
    tiers_integration_test.go:158: join[4628]: HTTP 503, transportFailed=false
    tiers_integration_test.go:158: join[4630]: HTTP 503, transportFailed=false
    tiers_integration_test.go:158: join[4620]: HTTP 503, transportFailed=false
    tiers_integration_test.go:158: join[4642]: HTTP 503, transportFailed=false
    tiers_integration_test.go:158: join[4636]: HTTP 503, transportFailed=false
    tiers_integration_test.go:158: join[4652]: HTTP 503, transportFailed=false
    tiers_integration_test.go:158: join[4622]: HTTP 503, transportFailed=false
    tiers_integration_test.go:158: join[4624]: HTTP 503, transportFailed=false
    tiers_integration_test.go:158: join[4634]: HTTP 503, transportFailed=false
    tiers_integration_test.go:158: join[4651]: HTTP 503, transportFailed=false
    tiers_integration_test.go:158: join[4637]: HTTP 503, transportFailed=false
    tiers_integration_test.go:158: join[4632]: HTTP 503, transportFailed=false
    tiers_integration_test.go:158: join[4656]: HTTP 503, transportFailed=false
    tiers_integration_test.go:158: join[4626]: HTTP 503, transportFailed=false
    tiers_integration_test.go:158: join[4655]: HTTP 503, transportFailed=false
    tiers_integration_test.go:158: join[4654]: HTTP 503, transportFailed=false
    tiers_integration_test.go:158: join[4660]: HTTP 503, transportFailed=false
    tiers_integration_test.go:158: join[4667]: HTTP 503, transportFailed=false
    tiers_integration_test.go:158: join[4657]: HTTP 503, transportFailed=false
    tiers_integration_test.go:158: join[4663]: HTTP 503, transportFailed=false
    tiers_integration_test.go:158: join[4674]: HTTP 503, transportFailed=false
    tiers_integration_test.go:158: join[4673]: HTTP 503, transportFailed=false
    tiers_integration_test.go:158: join[4659]: HTTP 503, transportFailed=false
    tiers_integration_test.go:158: join[4658]: HTTP 503, transportFailed=false
    tiers_integration_test.go:158: join[4666]: HTTP 503, transportFailed=false
    tiers_integration_test.go:158: join[4662]: HTTP 503, transportFailed=false
    tiers_integration_test.go:158: join[4672]: HTTP 503, transportFailed=false
    tiers_integration_test.go:158: join[4664]: HTTP 503, transportFailed=false
    tiers_integration_test.go:158: join[4696]: HTTP 503, transportFailed=false
    tiers_integration_test.go:158: join[4665]: HTTP 503, transportFailed=false
    tiers_integration_test.go:158: join[4675]: HTTP 503, transportFailed=false
    tiers_integration_test.go:158: join[4661]: HTTP 503, transportFailed=false
    tiers_integration_test.go:158: join[4668]: HTTP 503, transportFailed=false
    tiers_integration_test.go:158: join[4694]: HTTP 503, transportFailed=false
    tiers_integration_test.go:158: join[4669]: HTTP 503, transportFailed=false
    tiers_integration_test.go:158: join[4682]: HTTP 503, transportFailed=false
    tiers_integration_test.go:158: join[4686]: HTTP 503, transportFailed=false
    tiers_integration_test.go:158: join[4680]: HTTP 503, transportFailed=false
    tiers_integration_test.go:158: join[4685]: HTTP 503, transportFailed=false
    tiers_integration_test.go:158: join[4670]: HTTP 503, transportFailed=false
    tiers_integration_test.go:158: join[4683]: HTTP 503, transportFailed=false
    tiers_integration_test.go:158: join[4698]: HTTP 503, transportFailed=false
    tiers_integration_test.go:158: join[4704]: HTTP 503, transportFailed=false
    tiers_integration_test.go:158: join[4679]: HTTP 503, transportFailed=false
    tiers_integration_test.go:158: join[4681]: HTTP 503, transportFailed=false
    tiers_integration_test.go:158: join[4688]: HTTP 503, transportFailed=false
    tiers_integration_test.go:158: join[4671]: HTTP 503, transportFailed=false
    tiers_integration_test.go:158: join[4702]: HTTP 503, transportFailed=false
    tiers_integration_test.go:158: join[4693]: HTTP 503, transportFailed=false
    tiers_integration_test.go:158: join[4677]: HTTP 503, transportFailed=false
    tiers_integration_test.go:158: join[4692]: HTTP 503, transportFailed=false
    tiers_integration_test.go:158: join[4700]: HTTP 503, transportFailed=false
    tiers_integration_test.go:158: join[4678]: HTTP 503, transportFailed=false
    tiers_integration_test.go:158: join[4691]: HTTP 503, transportFailed=false
    tiers_integration_test.go:158: join[4701]: HTTP 503, transportFailed=false
    tiers_integration_test.go:158: join[4712]: HTTP 503, transportFailed=false
    tiers_integration_test.go:158: join[4690]: HTTP 503, transportFailed=false
    tiers_integration_test.go:158: join[4684]: HTTP 503, transportFailed=false
    tiers_integration_test.go:158: join[4710]: HTTP 503, transportFailed=false
    tiers_integration_test.go:158: join[4676]: HTTP 503, transportFailed=false
    tiers_integration_test.go:158: join[4708]: HTTP 503, transportFailed=false
    tiers_integration_test.go:158: join[4709]: HTTP 503, transportFailed=false
    tiers_integration_test.go:158: join[4720]: HTTP 503, transportFailed=false
    tiers_integration_test.go:158: join[4718]: HTTP 503, transportFailed=false
    tiers_integration_test.go:158: join[4722]: HTTP 503, transportFailed=false
    tiers_integration_test.go:158: join[4706]: HTTP 503, transportFailed=false
    tiers_integration_test.go:158: join[4714]: HTTP 503, transportFailed=false
    tiers_integration_test.go:158: join[4716]: HTTP 503, transportFailed=false
    tiers_integration_test.go:158: join[4730]: HTTP 503, transportFailed=false
    tiers_integration_test.go:158: join[4726]: HTTP 503, transportFailed=false
    tiers_integration_test.go:158: join[4732]: HTTP 503, transportFailed=false
    tiers_integration_test.go:158: join[4728]: HTTP 503, transportFailed=false
    tiers_integration_test.go:158: join[4734]: HTTP 503, transportFailed=false
    tiers_integration_test.go:158: join[4740]: HTTP 503, transportFailed=false
    tiers_integration_test.go:158: join[4736]: HTTP 503, transportFailed=false
    tiers_integration_test.go:158: join[4687]: HTTP 503, transportFailed=false
    tiers_integration_test.go:158: join[4742]: HTTP 503, transportFailed=false
    tiers_integration_test.go:158: join[4738]: HTTP 503, transportFailed=false
    tiers_integration_test.go:158: join[4699]: HTTP 503, transportFailed=false
    tiers_integration_test.go:158: join[4717]: HTTP 503, transportFailed=false
    tiers_integration_test.go:158: join[4697]: HTTP 503, transportFailed=false
    tiers_integration_test.go:158: join[4703]: HTTP 503, transportFailed=false
    tiers_integration_test.go:158: join[4707]: HTTP 503, transportFailed=false
    tiers_integration_test.go:158: join[4715]: HTTP 503, transportFailed=false
    tiers_integration_test.go:158: join[4689]: HTTP 503, transportFailed=false
    tiers_integration_test.go:158: join[4746]: HTTP 503, transportFailed=false
    tiers_integration_test.go:158: join[4748]: HTTP 503, transportFailed=false
    tiers_integration_test.go:158: join[4711]: HTTP 503, transportFailed=false
    tiers_integration_test.go:158: join[4744]: HTTP 503, transportFailed=false
    tiers_integration_test.go:158: join[4719]: HTTP 503, transportFailed=false
    tiers_integration_test.go:158: join[4705]: HTTP 503, transportFailed=false
    tiers_integration_test.go:158: join[4695]: HTTP 503, transportFailed=false
    tiers_integration_test.go:158: join[4725]: HTTP 503, transportFailed=false
    tiers_integration_test.go:158: join[4721]: HTTP 503, transportFailed=false
    tiers_integration_test.go:158: join[4727]: HTTP 503, transportFailed=false
    tiers_integration_test.go:158: join[4723]: HTTP 503, transportFailed=false
    tiers_integration_test.go:158: join[4752]: HTTP 503, transportFailed=false
    tiers_integration_test.go:158: join[4739]: HTTP 503, transportFailed=false
    tiers_integration_test.go:158: join[4729]: HTTP 503, transportFailed=false
    tiers_integration_test.go:158: join[4713]: HTTP 503, transportFailed=false
    tiers_integration_test.go:158: join[4731]: HTTP 503, transportFailed=false
    tiers_integration_test.go:158: join[4735]: HTTP 503, transportFailed=false
    tiers_integration_test.go:158: join[4755]: HTTP 503, transportFailed=false
    tiers_integration_test.go:158: join[4745]: HTTP 503, transportFailed=false
    tiers_integration_test.go:158: join[4759]: HTTP 503, transportFailed=false
    tiers_integration_test.go:158: join[4750]: HTTP 503, transportFailed=false
    tiers_integration_test.go:158: join[4754]: HTTP 503, transportFailed=false
    tiers_integration_test.go:158: join[4764]: HTTP 503, transportFailed=false
    tiers_integration_test.go:158: join[4724]: HTTP 503, transportFailed=false
    tiers_integration_test.go:158: join[4760]: HTTP 503, transportFailed=false
    tiers_integration_test.go:158: join[4773]: HTTP 503, transportFailed=false
    tiers_integration_test.go:158: join[4767]: HTTP 503, transportFailed=false
    tiers_integration_test.go:158: join[4766]: HTTP 503, transportFailed=false
    tiers_integration_test.go:158: join[4771]: HTTP 503, transportFailed=false
    tiers_integration_test.go:158: join[4743]: HTTP 503, transportFailed=false
    tiers_integration_test.go:158: join[4737]: HTTP 503, transportFailed=false
    tiers_integration_test.go:158: join[4753]: HTTP 503, transportFailed=false
    tiers_integration_test.go:158: join[4751]: HTTP 503, transportFailed=false
    tiers_integration_test.go:158: join[4763]: HTTP 503, transportFailed=false
    tiers_integration_test.go:158: join[4781]: HTTP 503, transportFailed=false
    tiers_integration_test.go:158: join[4749]: HTTP 503, transportFailed=false
    tiers_integration_test.go:158: join[4782]: HTTP 503, transportFailed=false
    tiers_integration_test.go:158: join[4785]: HTTP 503, transportFailed=false
    tiers_integration_test.go:158: join[4747]: HTTP 503, transportFailed=false
    tiers_integration_test.go:158: join[4757]: HTTP 503, transportFailed=false
    tiers_integration_test.go:158: join[4733]: HTTP 503, transportFailed=false
    tiers_integration_test.go:158: join[4761]: HTTP 503, transportFailed=false
    tiers_integration_test.go:158: join[4762]: HTTP 503, transportFailed=false
    tiers_integration_test.go:158: join[4791]: HTTP 503, transportFailed=false
    tiers_integration_test.go:158: join[4797]: HTTP 503, transportFailed=false
    tiers_integration_test.go:158: join[4799]: HTTP 503, transportFailed=false
    tiers_integration_test.go:158: join[4795]: HTTP 503, transportFailed=false
    tiers_integration_test.go:158: join[4758]: HTTP 503, transportFailed=false
    tiers_integration_test.go:158: join[4756]: HTTP 503, transportFailed=false
    tiers_integration_test.go:158: join[4800]: HTTP 503, transportFailed=false
    tiers_integration_test.go:158: join[4769]: HTTP 503, transportFailed=false
    tiers_integration_test.go:158: join[4741]: HTTP 503, transportFailed=false
    tiers_integration_test.go:158: join[4796]: HTTP 503, transportFailed=false
    tiers_integration_test.go:158: join[4780]: HTTP 503, transportFailed=false
    tiers_integration_test.go:158: join[4798]: HTTP 503, transportFailed=false
    tiers_integration_test.go:158: join[4789]: HTTP 503, transportFailed=false
    tiers_integration_test.go:158: join[4765]: HTTP 503, transportFailed=false
    tiers_integration_test.go:158: join[4784]: HTTP 503, transportFailed=false
    tiers_integration_test.go:158: join[4788]: HTTP 503, transportFailed=false
    tiers_integration_test.go:158: join[4793]: HTTP 503, transportFailed=false
    tiers_integration_test.go:158: join[4768]: HTTP 503, transportFailed=false
    tiers_integration_test.go:158: join[4777]: HTTP 503, transportFailed=false
    tiers_integration_test.go:158: join[4776]: HTTP 503, transportFailed=false
    tiers_integration_test.go:158: join[4779]: HTTP 503, transportFailed=false
    tiers_integration_test.go:158: join[4787]: HTTP 503, transportFailed=false
    tiers_integration_test.go:158: join[4783]: HTTP 503, transportFailed=false
    tiers_integration_test.go:158: join[4807]: HTTP 503, transportFailed=false
    tiers_integration_test.go:158: join[4775]: HTTP 503, transportFailed=false
    tiers_integration_test.go:158: join[4792]: HTTP 503, transportFailed=false
    tiers_integration_test.go:158: join[4778]: HTTP 503, transportFailed=false
    tiers_integration_test.go:158: join[4794]: HTTP 503, transportFailed=false
    tiers_integration_test.go:158: join[4804]: HTTP 503, transportFailed=false
    tiers_integration_test.go:158: join[4790]: HTTP 503, transportFailed=false
    tiers_integration_test.go:158: join[4806]: HTTP 503, transportFailed=false
    tiers_integration_test.go:158: join[4808]: HTTP 503, transportFailed=false
    tiers_integration_test.go:158: join[4770]: HTTP 503, transportFailed=false
    tiers_integration_test.go:158: join[4827]: HTTP 503, transportFailed=false
    tiers_integration_test.go:158: join[4823]: HTTP 503, transportFailed=false
    tiers_integration_test.go:158: join[4820]: HTTP 503, transportFailed=false
    tiers_integration_test.go:158: join[4772]: HTTP 503, transportFailed=false
    tiers_integration_test.go:158: join[4814]: HTTP 503, transportFailed=false
    tiers_integration_test.go:158: join[4821]: HTTP 503, transportFailed=false
    tiers_integration_test.go:158: join[4805]: HTTP 503, transportFailed=false
    tiers_integration_test.go:158: join[4774]: HTTP 503, transportFailed=false
    tiers_integration_test.go:158: join[4815]: HTTP 503, transportFailed=false
    tiers_integration_test.go:158: join[4801]: HTTP 503, transportFailed=false
    tiers_integration_test.go:158: join[4803]: HTTP 503, transportFailed=false
    tiers_integration_test.go:158: join[4786]: HTTP 503, transportFailed=false
    tiers_integration_test.go:158: join[4816]: HTTP 503, transportFailed=false
    tiers_integration_test.go:158: join[4813]: HTTP 503, transportFailed=false
    tiers_integration_test.go:158: join[4812]: HTTP 503, transportFailed=false
    tiers_integration_test.go:158: join[4817]: HTTP 503, transportFailed=false
    tiers_integration_test.go:158: join[4826]: HTTP 503, transportFailed=false
    tiers_integration_test.go:158: join[4819]: HTTP 503, transportFailed=false
    tiers_integration_test.go:158: join[4825]: HTTP 503, transportFailed=false
    tiers_integration_test.go:158: join[4834]: HTTP 503, transportFailed=false
    tiers_integration_test.go:158: join[4822]: HTTP 503, transportFailed=false
    tiers_integration_test.go:158: join[4829]: HTTP 503, transportFailed=false
    tiers_integration_test.go:158: join[4831]: HTTP 503, transportFailed=false
    tiers_integration_test.go:158: join[4846]: HTTP 503, transportFailed=false
    tiers_integration_test.go:158: join[4811]: HTTP 503, transportFailed=false
    tiers_integration_test.go:158: join[4842]: HTTP 503, transportFailed=false
    tiers_integration_test.go:158: join[4845]: HTTP 503, transportFailed=false
    tiers_integration_test.go:158: join[4830]: HTTP 503, transportFailed=false
    tiers_integration_test.go:158: join[4844]: HTTP 503, transportFailed=false
    tiers_integration_test.go:158: join[4809]: HTTP 503, transportFailed=false
    tiers_integration_test.go:158: join[4840]: HTTP 503, transportFailed=false
    tiers_integration_test.go:158: join[4838]: HTTP 503, transportFailed=false
    tiers_integration_test.go:158: join[4836]: HTTP 503, transportFailed=false
    tiers_integration_test.go:158: join[4835]: HTTP 503, transportFailed=false
    tiers_integration_test.go:158: join[4824]: HTTP 503, transportFailed=false
    tiers_integration_test.go:158: join[4859]: HTTP 503, transportFailed=false
    tiers_integration_test.go:158: join[4858]: HTTP 503, transportFailed=false
    tiers_integration_test.go:158: join[4832]: HTTP 503, transportFailed=false
    tiers_integration_test.go:158: join[4839]: HTTP 503, transportFailed=false
    tiers_integration_test.go:158: join[4853]: HTTP 503, transportFailed=false
    tiers_integration_test.go:158: join[4847]: HTTP 503, transportFailed=false
    tiers_integration_test.go:158: join[4818]: HTTP 503, transportFailed=false
    tiers_integration_test.go:158: join[4848]: HTTP 503, transportFailed=false
    tiers_integration_test.go:158: join[4841]: HTTP 503, transportFailed=false
    tiers_integration_test.go:158: join[4837]: HTTP 503, transportFailed=false
    tiers_integration_test.go:158: join[4852]: HTTP 503, transportFailed=false
    tiers_integration_test.go:158: join[4802]: HTTP 503, transportFailed=false
    tiers_integration_test.go:158: join[4833]: HTTP 503, transportFailed=false
    tiers_integration_test.go:158: join[4854]: HTTP 503, transportFailed=false
    tiers_integration_test.go:158: join[4828]: HTTP 503, transportFailed=false
    tiers_integration_test.go:158: join[4843]: HTTP 503, transportFailed=false
    tiers_integration_test.go:158: join[4855]: HTTP 503, transportFailed=false
    tiers_integration_test.go:158: join[4850]: HTTP 503, transportFailed=false
    tiers_integration_test.go:158: join[4810]: HTTP 503, transportFailed=false
    tiers_integration_test.go:158: join[4857]: HTTP 503, transportFailed=false
    tiers_integration_test.go:158: join[4862]: HTTP 503, transportFailed=false
    tiers_integration_test.go:158: join[4849]: HTTP 503, transportFailed=false
    tiers_integration_test.go:158: join[4863]: HTTP 503, transportFailed=false
    tiers_integration_test.go:158: join[4866]: HTTP 503, transportFailed=false
    tiers_integration_test.go:158: join[4876]: HTTP 503, transportFailed=false
    tiers_integration_test.go:158: join[4860]: HTTP 503, transportFailed=false
    tiers_integration_test.go:158: join[4877]: HTTP 503, transportFailed=false
    tiers_integration_test.go:158: join[4861]: HTTP 503, transportFailed=false
    tiers_integration_test.go:158: join[4873]: HTTP 503, transportFailed=false
    tiers_integration_test.go:158: join[4851]: HTTP 503, transportFailed=false
    tiers_integration_test.go:158: join[4856]: HTTP 503, transportFailed=false
    tiers_integration_test.go:158: join[4869]: HTTP 503, transportFailed=false
    tiers_integration_test.go:158: join[4868]: HTTP 503, transportFailed=false
    tiers_integration_test.go:158: join[4864]: HTTP 503, transportFailed=false
    tiers_integration_test.go:158: join[4865]: HTTP 503, transportFailed=false
    tiers_integration_test.go:158: join[4889]: HTTP 503, transportFailed=false
    tiers_integration_test.go:158: join[4875]: HTTP 503, transportFailed=false
    tiers_integration_test.go:158: join[4867]: HTTP 503, transportFailed=false
    tiers_integration_test.go:158: join[4871]: HTTP 503, transportFailed=false
    tiers_integration_test.go:158: join[4879]: HTTP 503, transportFailed=false
    tiers_integration_test.go:158: join[4870]: HTTP 503, transportFailed=false
    tiers_integration_test.go:158: join[4883]: HTTP 503, transportFailed=false
    tiers_integration_test.go:158: join[4885]: HTTP 503, transportFailed=false
    tiers_integration_test.go:158: join[4878]: HTTP 503, transportFailed=false
    tiers_integration_test.go:158: join[4887]: HTTP 503, transportFailed=false
    tiers_integration_test.go:158: join[4891]: HTTP 503, transportFailed=false
    tiers_integration_test.go:158: join[4874]: HTTP 503, transportFailed=false
    tiers_integration_test.go:158: join[4893]: HTTP 503, transportFailed=false
    tiers_integration_test.go:158: join[4881]: HTTP 503, transportFailed=false
    tiers_integration_test.go:158: join[4909]: HTTP 503, transportFailed=false
    tiers_integration_test.go:158: join[4872]: HTTP 503, transportFailed=false
    tiers_integration_test.go:158: join[4880]: HTTP 503, transportFailed=false
    tiers_integration_test.go:158: join[4892]: HTTP 503, transportFailed=false
    tiers_integration_test.go:158: join[4884]: HTTP 503, transportFailed=false
    tiers_integration_test.go:158: join[4898]: HTTP 503, transportFailed=false
    tiers_integration_test.go:158: join[4897]: HTTP 503, transportFailed=false
    tiers_integration_test.go:158: join[4911]: HTTP 503, transportFailed=false
    tiers_integration_test.go:158: join[4900]: HTTP 503, transportFailed=false
    tiers_integration_test.go:158: join[4890]: HTTP 503, transportFailed=false
    tiers_integration_test.go:158: join[4896]: HTTP 503, transportFailed=false
    tiers_integration_test.go:158: join[4882]: HTTP 503, transportFailed=false
    tiers_integration_test.go:158: join[4888]: HTTP 503, transportFailed=false
    tiers_integration_test.go:158: join[4895]: HTTP 503, transportFailed=false
    tiers_integration_test.go:158: join[4912]: HTTP 503, transportFailed=false
    tiers_integration_test.go:158: join[4901]: HTTP 503, transportFailed=false
    tiers_integration_test.go:158: join[4894]: HTTP 503, transportFailed=false
    tiers_integration_test.go:158: join[4903]: HTTP 503, transportFailed=false
    tiers_integration_test.go:158: join[4904]: HTTP 503, transportFailed=false
    tiers_integration_test.go:158: join[4886]: HTTP 503, transportFailed=false
    tiers_integration_test.go:158: join[4906]: HTTP 503, transportFailed=false
    tiers_integration_test.go:158: join[4905]: HTTP 503, transportFailed=false
    tiers_integration_test.go:158: join[4920]: HTTP 503, transportFailed=false
    tiers_integration_test.go:158: join[4924]: HTTP 503, transportFailed=false
    tiers_integration_test.go:158: join[4922]: HTTP 503, transportFailed=false
    tiers_integration_test.go:158: join[4907]: HTTP 503, transportFailed=false
    tiers_integration_test.go:158: join[4899]: HTTP 503, transportFailed=false
    tiers_integration_test.go:158: join[4913]: HTTP 503, transportFailed=false
    tiers_integration_test.go:158: join[4932]: HTTP 503, transportFailed=false
    tiers_integration_test.go:158: join[4926]: HTTP 503, transportFailed=false
    tiers_integration_test.go:158: join[4921]: HTTP 503, transportFailed=false
    tiers_integration_test.go:158: join[4916]: HTTP 503, transportFailed=false
    tiers_integration_test.go:158: join[4917]: HTTP 503, transportFailed=false
    tiers_integration_test.go:158: join[4930]: HTTP 503, transportFailed=false
    tiers_integration_test.go:158: join[4936]: HTTP 503, transportFailed=false
    tiers_integration_test.go:158: join[4933]: HTTP 503, transportFailed=false
    tiers_integration_test.go:158: join[4914]: HTTP 503, transportFailed=false
    tiers_integration_test.go:158: join[4918]: HTTP 503, transportFailed=false
    tiers_integration_test.go:158: join[4931]: HTTP 503, transportFailed=false
    tiers_integration_test.go:158: join[4902]: HTTP 503, transportFailed=false
    tiers_integration_test.go:158: join[4934]: HTTP 503, transportFailed=false
    tiers_integration_test.go:158: join[4919]: HTTP 503, transportFailed=false
    tiers_integration_test.go:158: join[4939]: HTTP 503, transportFailed=false
    tiers_integration_test.go:158: join[4923]: HTTP 503, transportFailed=false
    tiers_integration_test.go:158: join[4927]: HTTP 503, transportFailed=false
    tiers_integration_test.go:158: join[4941]: HTTP 503, transportFailed=false
    tiers_integration_test.go:158: join[4929]: HTTP 503, transportFailed=false
    tiers_integration_test.go:158: join[4915]: HTTP 503, transportFailed=false
    tiers_integration_test.go:158: join[4937]: HTTP 503, transportFailed=false
    tiers_integration_test.go:158: join[4935]: HTTP 503, transportFailed=false
    tiers_integration_test.go:158: join[4925]: HTTP 503, transportFailed=false
    tiers_integration_test.go:158: join[4928]: HTTP 503, transportFailed=false
    tiers_integration_test.go:158: join[4910]: HTTP 503, transportFailed=false
    tiers_integration_test.go:158: join[4946]: HTTP 503, transportFailed=false
    tiers_integration_test.go:158: join[4908]: HTTP 503, transportFailed=false
    tiers_integration_test.go:158: join[4955]: HTTP 503, transportFailed=false
    tiers_integration_test.go:158: join[4949]: HTTP 503, transportFailed=false
    tiers_integration_test.go:158: join[4944]: HTTP 503, transportFailed=false
    tiers_integration_test.go:158: join[4948]: HTTP 503, transportFailed=false
    tiers_integration_test.go:158: join[4962]: HTTP 503, transportFailed=false
    tiers_integration_test.go:158: join[4950]: HTTP 503, transportFailed=false
    tiers_integration_test.go:158: join[4969]: HTTP 503, transportFailed=false
    tiers_integration_test.go:158: join[4967]: HTTP 503, transportFailed=false
    tiers_integration_test.go:158: join[4954]: HTTP 503, transportFailed=false
    tiers_integration_test.go:158: join[4966]: HTTP 503, transportFailed=false
    tiers_integration_test.go:158: join[4951]: HTTP 503, transportFailed=false
    tiers_integration_test.go:158: join[4961]: HTTP 503, transportFailed=false
    tiers_integration_test.go:158: join[4970]: HTTP 503, transportFailed=false
    tiers_integration_test.go:158: join[4973]: HTTP 503, transportFailed=false
    tiers_integration_test.go:158: join[4958]: HTTP 503, transportFailed=false
    tiers_integration_test.go:158: join[4942]: HTTP 503, transportFailed=false
    tiers_integration_test.go:158: join[4959]: HTTP 503, transportFailed=false
    tiers_integration_test.go:158: join[4956]: HTTP 503, transportFailed=false
    tiers_integration_test.go:158: join[4938]: HTTP 503, transportFailed=false
    tiers_integration_test.go:158: join[4976]: HTTP 503, transportFailed=false
    tiers_integration_test.go:158: join[4960]: HTTP 503, transportFailed=false
    tiers_integration_test.go:158: join[4963]: HTTP 503, transportFailed=false
    tiers_integration_test.go:158: join[4940]: HTTP 503, transportFailed=false
    tiers_integration_test.go:158: join[4943]: HTTP 503, transportFailed=false
    tiers_integration_test.go:158: join[4964]: HTTP 503, transportFailed=false
    tiers_integration_test.go:158: join[4952]: HTTP 503, transportFailed=false
    tiers_integration_test.go:158: join[4968]: HTTP 503, transportFailed=false
    tiers_integration_test.go:158: join[4978]: HTTP 503, transportFailed=false
    tiers_integration_test.go:158: join[4977]: HTTP 503, transportFailed=false
    tiers_integration_test.go:158: join[4972]: HTTP 503, transportFailed=false
    tiers_integration_test.go:158: join[4984]: HTTP 503, transportFailed=false
    tiers_integration_test.go:158: join[4974]: HTTP 503, transportFailed=false
    tiers_integration_test.go:158: join[4979]: HTTP 503, transportFailed=false
    tiers_integration_test.go:158: join[4965]: HTTP 503, transportFailed=false
    tiers_integration_test.go:158: join[4988]: HTTP 503, transportFailed=false
    tiers_integration_test.go:158: join[4945]: HTTP 503, transportFailed=false
    tiers_integration_test.go:158: join[4980]: HTTP 503, transportFailed=false
    tiers_integration_test.go:158: join[4982]: HTTP 503, transportFailed=false
    tiers_integration_test.go:158: join[4971]: HTTP 503, transportFailed=false
    tiers_integration_test.go:158: join[4983]: HTTP 503, transportFailed=false
    tiers_integration_test.go:158: join[4986]: HTTP 503, transportFailed=false
    tiers_integration_test.go:158: join[4957]: HTTP 503, transportFailed=false
    tiers_integration_test.go:158: join[4981]: HTTP 503, transportFailed=false
    tiers_integration_test.go:158: join[4953]: HTTP 503, transportFailed=false
    tiers_integration_test.go:158: join[4995]: HTTP 503, transportFailed=false
    tiers_integration_test.go:158: join[4975]: HTTP 503, transportFailed=false
    tiers_integration_test.go:158: join[4947]: HTTP 503, transportFailed=false
    tiers_integration_test.go:158: join[4989]: HTTP 503, transportFailed=false
    tiers_integration_test.go:158: join[4997]: HTTP 503, transportFailed=false
    tiers_integration_test.go:158: join[4987]: HTTP 503, transportFailed=false
    tiers_integration_test.go:158: join[4994]: HTTP 503, transportFailed=false
    tiers_integration_test.go:158: join[4998]: HTTP 503, transportFailed=false
    tiers_integration_test.go:158: join[4991]: HTTP 503, transportFailed=false
    tiers_integration_test.go:158: join[4993]: HTTP 503, transportFailed=false
    tiers_integration_test.go:158: join[4996]: HTTP 503, transportFailed=false
    tiers_integration_test.go:158: join[4985]: HTTP 503, transportFailed=false
    tiers_integration_test.go:158: join[4990]: HTTP 503, transportFailed=false
    tiers_integration_test.go:158: join[4999]: HTTP 503, transportFailed=false
    tiers_integration_test.go:158: join[4992]: HTTP 503, transportFailed=false
--- FAIL: TestProcessHTTPVisitorTiers (7.41s)
    --- PASS: TestProcessHTTPVisitorTiers/1000 (1.74s)
    --- PASS: TestProcessHTTPVisitorTiers/2000 (2.27s)
    --- FAIL: TestProcessHTTPVisitorTiers/5000 (1.73s)
FAIL
FAIL	waiting-room/internal/processlab	8.334s
FAIL
make: *** [test-http-tiers] Error 1
