{"Time":"2026-09-05T22:17:17.298029+09:00","Action":"start","Package":"waiting-room/internal/installplan"}
{"Time":"2026-09-05T22:17:17.299445+09:00","Action":"start","Package":"waiting-room/internal/installplan/preflight"}
{"Time":"2026-09-05T22:17:17.29948+09:00","Action":"start","Package":"waiting-room/cmd/wrctl"}
{"Time":"2026-09-05T22:17:17.597078+09:00","Action":"run","Package":"waiting-room/internal/installplan","Test":"TestDigestBindsCanonicalPlan"}
{"Time":"2026-09-05T22:17:17.597212+09:00","Action":"output","Package":"waiting-room/internal/installplan","Test":"TestDigestBindsCanonicalPlan","Output":"=== RUN   TestDigestBindsCanonicalPlan\n"}
{"Time":"2026-09-05T22:17:17.599274+09:00","Action":"output","Package":"waiting-room/internal/installplan","Test":"TestDigestBindsCanonicalPlan","Output":"--- PASS: TestDigestBindsCanonicalPlan (0.00s)\n"}
{"Time":"2026-09-05T22:17:17.599284+09:00","Action":"pass","Package":"waiting-room/internal/installplan","Test":"TestDigestBindsCanonicalPlan","Elapsed":0}
{"Time":"2026-09-05T22:17:17.599316+09:00","Action":"run","Package":"waiting-room/internal/installplan","Test":"TestProfiles"}
{"Time":"2026-09-05T22:17:17.599321+09:00","Action":"output","Package":"waiting-room/internal/installplan","Test":"TestProfiles","Output":"=== RUN   TestProfiles\n"}
{"Time":"2026-09-05T22:17:17.599354+09:00","Action":"run","Package":"waiting-room/internal/installplan","Test":"TestProfiles/standard"}
{"Time":"2026-09-05T22:17:17.599368+09:00","Action":"output","Package":"waiting-room/internal/installplan","Test":"TestProfiles/standard","Output":"=== RUN   TestProfiles/standard\n"}
{"Time":"2026-09-05T22:17:17.599745+09:00","Action":"output","Package":"waiting-room/internal/installplan","Test":"TestProfiles/standard","Output":"--- PASS: TestProfiles/standard (0.00s)\n"}
{"Time":"2026-09-05T22:17:17.599754+09:00","Action":"pass","Package":"waiting-room/internal/installplan","Test":"TestProfiles/standard","Elapsed":0}
{"Time":"2026-09-05T22:17:17.599776+09:00","Action":"run","Package":"waiting-room/internal/installplan","Test":"TestProfiles/high-scale"}
{"Time":"2026-09-05T22:17:17.599781+09:00","Action":"output","Package":"waiting-room/internal/installplan","Test":"TestProfiles/high-scale","Output":"=== RUN   TestProfiles/high-scale\n"}
{"Time":"2026-09-05T22:17:17.600125+09:00","Action":"output","Package":"waiting-room/internal/installplan","Test":"TestProfiles/high-scale","Output":"--- PASS: TestProfiles/high-scale (0.00s)\n"}
{"Time":"2026-09-05T22:17:17.600137+09:00","Action":"pass","Package":"waiting-room/internal/installplan","Test":"TestProfiles/high-scale","Elapsed":0}
{"Time":"2026-09-05T22:17:17.600226+09:00","Action":"output","Package":"waiting-room/internal/installplan","Test":"TestProfiles","Output":"--- PASS: TestProfiles (0.00s)\n"}
{"Time":"2026-09-05T22:17:17.600231+09:00","Action":"pass","Package":"waiting-room/internal/installplan","Test":"TestProfiles","Elapsed":0}
{"Time":"2026-09-05T22:17:17.600246+09:00","Action":"run","Package":"waiting-room/internal/installplan","Test":"TestValidationBoundaries"}
{"Time":"2026-09-05T22:17:17.60025+09:00","Action":"output","Package":"waiting-room/internal/installplan","Test":"TestValidationBoundaries","Output":"=== RUN   TestValidationBoundaries\n"}
{"Time":"2026-09-05T22:17:17.600583+09:00","Action":"run","Package":"waiting-room/internal/installplan","Test":"TestValidationBoundaries/standard/peak-zero"}
{"Time":"2026-09-05T22:17:17.600588+09:00","Action":"output","Package":"waiting-room/internal/installplan","Test":"TestValidationBoundaries/standard/peak-zero","Output":"=== RUN   TestValidationBoundaries/standard/peak-zero\n"}
{"Time":"2026-09-05T22:17:17.600636+09:00","Action":"output","Package":"waiting-room/internal/installplan","Test":"TestValidationBoundaries/standard/peak-zero","Output":"--- PASS: TestValidationBoundaries/standard/peak-zero (0.00s)\n"}
{"Time":"2026-09-05T22:17:17.600644+09:00","Action":"pass","Package":"waiting-room/internal/installplan","Test":"TestValidationBoundaries/standard/peak-zero","Elapsed":0}
{"Time":"2026-09-05T22:17:17.600663+09:00","Action":"run","Package":"waiting-room/internal/installplan","Test":"TestValidationBoundaries/standard/peak-over"}
{"Time":"2026-09-05T22:17:17.600666+09:00","Action":"output","Package":"waiting-room/internal/installplan","Test":"TestValidationBoundaries/standard/peak-over","Output":"=== RUN   TestValidationBoundaries/standard/peak-over\n"}
{"Time":"2026-09-05T22:17:17.600717+09:00","Action":"output","Package":"waiting-room/internal/installplan","Test":"TestValidationBoundaries/standard/peak-over","Output":"--- PASS: TestValidationBoundaries/standard/peak-over (0.00s)\n"}
{"Time":"2026-09-05T22:17:17.600749+09:00","Action":"pass","Package":"waiting-room/internal/installplan","Test":"TestValidationBoundaries/standard/peak-over","Elapsed":0}
{"Time":"2026-09-05T22:17:17.600767+09:00","Action":"run","Package":"waiting-room/internal/installplan","Test":"TestValidationBoundaries/standard/lease-zero"}
{"Time":"2026-09-05T22:17:17.60077+09:00","Action":"output","Package":"waiting-room/internal/installplan","Test":"TestValidationBoundaries/standard/lease-zero","Output":"=== RUN   TestValidationBoundaries/standard/lease-zero\n"}
{"Time":"2026-09-05T22:17:17.600793+09:00","Action":"output","Package":"waiting-room/internal/installplan","Test":"TestValidationBoundaries/standard/lease-zero","Output":"--- PASS: TestValidationBoundaries/standard/lease-zero (0.00s)\n"}
{"Time":"2026-09-05T22:17:17.6008+09:00","Action":"pass","Package":"waiting-room/internal/installplan","Test":"TestValidationBoundaries/standard/lease-zero","Elapsed":0}
{"Time":"2026-09-05T22:17:17.600817+09:00","Action":"run","Package":"waiting-room/internal/installplan","Test":"TestValidationBoundaries/standard/lease-over"}
{"Time":"2026-09-05T22:17:17.600821+09:00","Action":"output","Package":"waiting-room/internal/installplan","Test":"TestValidationBoundaries/standard/lease-over","Output":"=== RUN   TestValidationBoundaries/standard/lease-over\n"}
{"Time":"2026-09-05T22:17:17.600869+09:00","Action":"output","Package":"waiting-room/internal/installplan","Test":"TestValidationBoundaries/standard/lease-over","Output":"--- PASS: TestValidationBoundaries/standard/lease-over (0.00s)\n"}
{"Time":"2026-09-05T22:17:17.600873+09:00","Action":"pass","Package":"waiting-room/internal/installplan","Test":"TestValidationBoundaries/standard/lease-over","Elapsed":0}
{"Time":"2026-09-05T22:17:17.600889+09:00","Action":"run","Package":"waiting-room/internal/installplan","Test":"TestValidationBoundaries/standard/rate-zero"}
{"Time":"2026-09-05T22:17:17.600896+09:00","Action":"output","Package":"waiting-room/internal/installplan","Test":"TestValidationBoundaries/standard/rate-zero","Output":"=== RUN   TestValidationBoundaries/standard/rate-zero\n"}
{"Time":"2026-09-05T22:17:17.600935+09:00","Action":"output","Package":"waiting-room/internal/installplan","Test":"TestValidationBoundaries/standard/rate-zero","Output":"--- PASS: TestValidationBoundaries/standard/rate-zero (0.00s)\n"}
{"Time":"2026-09-05T22:17:17.600944+09:00","Action":"pass","Package":"waiting-room/internal/installplan","Test":"TestValidationBoundaries/standard/rate-zero","Elapsed":0}
{"Time":"2026-09-05T22:17:17.600963+09:00","Action":"run","Package":"waiting-room/internal/installplan","Test":"TestValidationBoundaries/standard/rate-over"}
{"Time":"2026-09-05T22:17:17.600968+09:00","Action":"output","Package":"waiting-room/internal/installplan","Test":"TestValidationBoundaries/standard/rate-over","Output":"=== RUN   TestValidationBoundaries/standard/rate-over\n"}
{"Time":"2026-09-05T22:17:17.601001+09:00","Action":"output","Package":"waiting-room/internal/installplan","Test":"TestValidationBoundaries/standard/rate-over","Output":"--- PASS: TestValidationBoundaries/standard/rate-over (0.00s)\n"}
{"Time":"2026-09-05T22:17:17.601007+09:00","Action":"pass","Package":"waiting-room/internal/installplan","Test":"TestValidationBoundaries/standard/rate-over","Elapsed":0}
{"Time":"2026-09-05T22:17:17.601022+09:00","Action":"run","Package":"waiting-room/internal/installplan","Test":"TestValidationBoundaries/standard/ttl-low"}
{"Time":"2026-09-05T22:17:17.601025+09:00","Action":"output","Package":"waiting-room/internal/installplan","Test":"TestValidationBoundaries/standard/ttl-low","Output":"=== RUN   TestValidationBoundaries/standard/ttl-low\n"}
{"Time":"2026-09-05T22:17:17.601067+09:00","Action":"output","Package":"waiting-room/internal/installplan","Test":"TestValidationBoundaries/standard/ttl-low","Output":"--- PASS: TestValidationBoundaries/standard/ttl-low (0.00s)\n"}
{"Time":"2026-09-05T22:17:17.601072+09:00","Action":"pass","Package":"waiting-room/internal/installplan","Test":"TestValidationBoundaries/standard/ttl-low","Elapsed":0}
{"Time":"2026-09-05T22:17:17.601086+09:00","Action":"run","Package":"waiting-room/internal/installplan","Test":"TestValidationBoundaries/standard/ttl-high"}
{"Time":"2026-09-05T22:17:17.601089+09:00","Action":"output","Package":"waiting-room/internal/installplan","Test":"TestValidationBoundaries/standard/ttl-high","Output":"=== RUN   TestValidationBoundaries/standard/ttl-high\n"}
{"Time":"2026-09-05T22:17:17.601127+09:00","Action":"output","Package":"waiting-room/internal/installplan","Test":"TestValidationBoundaries/standard/ttl-high","Output":"--- PASS: TestValidationBoundaries/standard/ttl-high (0.00s)\n"}
{"Time":"2026-09-05T22:17:17.601137+09:00","Action":"pass","Package":"waiting-room/internal/installplan","Test":"TestValidationBoundaries/standard/ttl-high","Elapsed":0}
{"Time":"2026-09-05T22:17:17.601158+09:00","Action":"run","Package":"waiting-room/internal/installplan","Test":"TestValidationBoundaries/standard/forced-off"}
{"Time":"2026-09-05T22:17:17.601163+09:00","Action":"output","Package":"waiting-room/internal/installplan","Test":"TestValidationBoundaries/standard/forced-off","Output":"=== RUN   TestValidationBoundaries/standard/forced-off\n"}
{"Time":"2026-09-05T22:17:17.601226+09:00","Action":"output","Package":"waiting-room/internal/installplan","Test":"TestValidationBoundaries/standard/forced-off","Output":"--- PASS: TestValidationBoundaries/standard/forced-off (0.00s)\n"}
{"Time":"2026-09-05T22:17:17.601232+09:00","Action":"pass","Package":"waiting-room/internal/installplan","Test":"TestValidationBoundaries/standard/forced-off","Elapsed":0}
{"Time":"2026-09-05T22:17:17.601246+09:00","Action":"run","Package":"waiting-room/internal/installplan","Test":"TestValidationBoundaries/standard/unknown-policy"}
{"Time":"2026-09-05T22:17:17.601249+09:00","Action":"output","Package":"waiting-room/internal/installplan","Test":"TestValidationBoundaries/standard/unknown-policy","Output":"=== RUN   TestValidationBoundaries/standard/unknown-policy\n"}
{"Time":"2026-09-05T22:17:17.601308+09:00","Action":"output","Package":"waiting-room/internal/installplan","Test":"TestValidationBoundaries/standard/unknown-policy","Output":"--- PASS: TestValidationBoundaries/standard/unknown-policy (0.00s)\n"}
{"Time":"2026-09-05T22:17:17.601325+09:00","Action":"pass","Package":"waiting-room/internal/installplan","Test":"TestValidationBoundaries/standard/unknown-policy","Elapsed":0}
{"Time":"2026-09-05T22:17:17.601331+09:00","Action":"run","Package":"waiting-room/internal/installplan","Test":"TestValidationBoundaries/standard/multi-region"}
{"Time":"2026-09-05T22:17:17.601336+09:00","Action":"output","Package":"waiting-room/internal/installplan","Test":"TestValidationBoundaries/standard/multi-region","Output":"=== RUN   TestValidationBoundaries/standard/multi-region\n"}
{"Time":"2026-09-05T22:17:17.601382+09:00","Action":"output","Package":"waiting-room/internal/installplan","Test":"TestValidationBoundaries/standard/multi-region","Output":"--- PASS: TestValidationBoundaries/standard/multi-region (0.00s)\n"}
{"Time":"2026-09-05T22:17:17.601401+09:00","Action":"pass","Package":"waiting-room/internal/installplan","Test":"TestValidationBoundaries/standard/multi-region","Elapsed":0}
{"Time":"2026-09-05T22:17:17.601417+09:00","Action":"run","Package":"waiting-room/internal/installplan","Test":"TestValidationBoundaries/standard/unknown-profile"}
{"Time":"2026-09-05T22:17:17.601422+09:00","Action":"output","Package":"waiting-room/internal/installplan","Test":"TestValidationBoundaries/standard/unknown-profile","Output":"=== RUN   TestValidationBoundaries/standard/unknown-profile\n"}
{"Time":"2026-09-05T22:17:17.601449+09:00","Action":"output","Package":"waiting-room/internal/installplan","Test":"TestValidationBoundaries/standard/unknown-profile","Output":"--- PASS: TestValidationBoundaries/standard/unknown-profile (0.00s)\n"}
{"Time":"2026-09-05T22:17:17.601461+09:00","Action":"pass","Package":"waiting-room/internal/installplan","Test":"TestValidationBoundaries/standard/unknown-profile","Elapsed":0}
{"Time":"2026-09-05T22:17:17.601472+09:00","Action":"run","Package":"waiting-room/internal/installplan","Test":"TestValidationBoundaries/standard/version"}
{"Time":"2026-09-05T22:17:17.601473+09:00","Action":"output","Package":"waiting-room/internal/installplan","Test":"TestValidationBoundaries/standard/version","Output":"=== RUN   TestValidationBoundaries/standard/version\n"}
{"Time":"2026-09-05T22:17:17.601512+09:00","Action":"output","Package":"waiting-room/internal/installplan","Test":"TestValidationBoundaries/standard/version","Output":"--- PASS: TestValidationBoundaries/standard/version (0.00s)\n"}
{"Time":"2026-09-05T22:17:17.601519+09:00","Action":"pass","Package":"waiting-room/internal/installplan","Test":"TestValidationBoundaries/standard/version","Elapsed":0}
{"Time":"2026-09-05T22:17:17.601535+09:00","Action":"run","Package":"waiting-room/internal/installplan","Test":"TestValidationBoundaries/standard/totp-mode"}
{"Time":"2026-09-05T22:17:17.601538+09:00","Action":"output","Package":"waiting-room/internal/installplan","Test":"TestValidationBoundaries/standard/totp-mode","Output":"=== RUN   TestValidationBoundaries/standard/totp-mode\n"}
{"Time":"2026-09-05T22:17:17.601582+09:00","Action":"output","Package":"waiting-room/internal/installplan","Test":"TestValidationBoundaries/standard/totp-mode","Output":"--- PASS: TestValidationBoundaries/standard/totp-mode (0.00s)\n"}
{"Time":"2026-09-05T22:17:17.6016+09:00","Action":"pass","Package":"waiting-room/internal/installplan","Test":"TestValidationBoundaries/standard/totp-mode","Elapsed":0}
{"Time":"2026-09-05T22:17:17.601606+09:00","Action":"run","Package":"waiting-room/internal/installplan","Test":"TestValidationBoundaries/standard/region-empty"}
{"Time":"2026-09-05T22:17:17.601608+09:00","Action":"output","Package":"waiting-room/internal/installplan","Test":"TestValidationBoundaries/standard/region-empty","Output":"=== RUN   TestValidationBoundaries/standard/region-empty\n"}
{"Time":"2026-09-05T22:17:17.601648+09:00","Action":"output","Package":"waiting-room/internal/installplan","Test":"TestValidationBoundaries/standard/region-empty","Output":"--- PASS: TestValidationBoundaries/standard/region-empty (0.00s)\n"}
{"Time":"2026-09-05T22:17:17.601653+09:00","Action":"pass","Package":"waiting-room/internal/installplan","Test":"TestValidationBoundaries/standard/region-empty","Elapsed":0}
{"Time":"2026-09-05T22:17:17.601668+09:00","Action":"run","Package":"waiting-room/internal/installplan","Test":"TestValidationBoundaries/standard/region-long"}
{"Time":"2026-09-05T22:17:17.601671+09:00","Action":"output","Package":"waiting-room/internal/installplan","Test":"TestValidationBoundaries/standard/region-long","Output":"=== RUN   TestValidationBoundaries/standard/region-long\n"}
{"Time":"2026-09-05T22:17:17.601743+09:00","Action":"output","Package":"waiting-room/internal/installplan","Test":"TestValidationBoundaries/standard/region-long","Output":"--- PASS: TestValidationBoundaries/standard/region-long (0.00s)\n"}
{"Time":"2026-09-05T22:17:17.601748+09:00","Action":"pass","Package":"waiting-room/internal/installplan","Test":"TestValidationBoundaries/standard/region-long","Elapsed":0}
{"Time":"2026-09-05T22:17:17.602045+09:00","Action":"run","Package":"waiting-room/internal/installplan","Test":"TestValidationBoundaries/high-scale/peak-zero"}
{"Time":"2026-09-05T22:17:17.602049+09:00","Action":"output","Package":"waiting-room/internal/installplan","Test":"TestValidationBoundaries/high-scale/peak-zero","Output":"=== RUN   TestValidationBoundaries/high-scale/peak-zero\n"}
{"Time":"2026-09-05T22:17:17.602077+09:00","Action":"output","Package":"waiting-room/internal/installplan","Test":"TestValidationBoundaries/high-scale/peak-zero","Output":"--- PASS: TestValidationBoundaries/high-scale/peak-zero (0.00s)\n"}
{"Time":"2026-09-05T22:17:17.602093+09:00","Action":"pass","Package":"waiting-room/internal/installplan","Test":"TestValidationBoundaries/high-scale/peak-zero","Elapsed":0}
{"Time":"2026-09-05T22:17:17.602108+09:00","Action":"run","Package":"waiting-room/internal/installplan","Test":"TestValidationBoundaries/high-scale/peak-over"}
{"Time":"2026-09-05T22:17:17.602112+09:00","Action":"output","Package":"waiting-room/internal/installplan","Test":"TestValidationBoundaries/high-scale/peak-over","Output":"=== RUN   TestValidationBoundaries/high-scale/peak-over\n"}
{"Time":"2026-09-05T22:17:17.602155+09:00","Action":"output","Package":"waiting-room/internal/installplan","Test":"TestValidationBoundaries/high-scale/peak-over","Output":"--- PASS: TestValidationBoundaries/high-scale/peak-over (0.00s)\n"}
{"Time":"2026-09-05T22:17:17.602163+09:00","Action":"pass","Package":"waiting-room/internal/installplan","Test":"TestValidationBoundaries/high-scale/peak-over","Elapsed":0}
{"Time":"2026-09-05T22:17:17.602182+09:00","Action":"run","Package":"waiting-room/internal/installplan","Test":"TestValidationBoundaries/high-scale/lease-zero"}
{"Time":"2026-09-05T22:17:17.602185+09:00","Action":"output","Package":"waiting-room/internal/installplan","Test":"TestValidationBoundaries/high-scale/lease-zero","Output":"=== RUN   TestValidationBoundaries/high-scale/lease-zero\n"}
{"Time":"2026-09-05T22:17:17.602323+09:00","Action":"output","Package":"waiting-room/internal/installplan","Test":"TestValidationBoundaries/high-scale/lease-zero","Output":"--- PASS: TestValidationBoundaries/high-scale/lease-zero (0.00s)\n"}
{"Time":"2026-09-05T22:17:17.602338+09:00","Action":"pass","Package":"waiting-room/internal/installplan","Test":"TestValidationBoundaries/high-scale/lease-zero","Elapsed":0}
{"Time":"2026-09-05T22:17:17.602377+09:00","Action":"run","Package":"waiting-room/internal/installplan","Test":"TestValidationBoundaries/high-scale/lease-over"}
{"Time":"2026-09-05T22:17:17.602403+09:00","Action":"output","Package":"waiting-room/internal/installplan","Test":"TestValidationBoundaries/high-scale/lease-over","Output":"=== RUN   TestValidationBoundaries/high-scale/lease-over\n"}
{"Time":"2026-09-05T22:17:17.602485+09:00","Action":"output","Package":"waiting-room/internal/installplan","Test":"TestValidationBoundaries/high-scale/lease-over","Output":"--- PASS: TestValidationBoundaries/high-scale/lease-over (0.00s)\n"}
{"Time":"2026-09-05T22:17:17.6025+09:00","Action":"pass","Package":"waiting-room/internal/installplan","Test":"TestValidationBoundaries/high-scale/lease-over","Elapsed":0}
{"Time":"2026-09-05T22:17:17.60256+09:00","Action":"run","Package":"waiting-room/internal/installplan","Test":"TestValidationBoundaries/high-scale/rate-zero"}
{"Time":"2026-09-05T22:17:17.602571+09:00","Action":"output","Package":"waiting-room/internal/installplan","Test":"TestValidationBoundaries/high-scale/rate-zero","Output":"=== RUN   TestValidationBoundaries/high-scale/rate-zero\n"}
{"Time":"2026-09-05T22:17:17.602626+09:00","Action":"output","Package":"waiting-room/internal/installplan","Test":"TestValidationBoundaries/high-scale/rate-zero","Output":"--- PASS: TestValidationBoundaries/high-scale/rate-zero (0.00s)\n"}
{"Time":"2026-09-05T22:17:17.602643+09:00","Action":"pass","Package":"waiting-room/internal/installplan","Test":"TestValidationBoundaries/high-scale/rate-zero","Elapsed":0}
{"Time":"2026-09-05T22:17:17.602665+09:00","Action":"run","Package":"waiting-room/internal/installplan","Test":"TestValidationBoundaries/high-scale/rate-over"}
{"Time":"2026-09-05T22:17:17.602669+09:00","Action":"output","Package":"waiting-room/internal/installplan","Test":"TestValidationBoundaries/high-scale/rate-over","Output":"=== RUN   TestValidationBoundaries/high-scale/rate-over\n"}
{"Time":"2026-09-05T22:17:17.60273+09:00","Action":"output","Package":"waiting-room/internal/installplan","Test":"TestValidationBoundaries/high-scale/rate-over","Output":"--- PASS: TestValidationBoundaries/high-scale/rate-over (0.00s)\n"}
{"Time":"2026-09-05T22:17:17.602739+09:00","Action":"pass","Package":"waiting-room/internal/installplan","Test":"TestValidationBoundaries/high-scale/rate-over","Elapsed":0}
{"Time":"2026-09-05T22:17:17.602761+09:00","Action":"run","Package":"waiting-room/internal/installplan","Test":"TestValidationBoundaries/high-scale/ttl-low"}
{"Time":"2026-09-05T22:17:17.602769+09:00","Action":"output","Package":"waiting-room/internal/installplan","Test":"TestValidationBoundaries/high-scale/ttl-low","Output":"=== RUN   TestValidationBoundaries/high-scale/ttl-low\n"}
{"Time":"2026-09-05T22:17:17.602842+09:00","Action":"output","Package":"waiting-room/internal/installplan","Test":"TestValidationBoundaries/high-scale/ttl-low","Output":"--- PASS: TestValidationBoundaries/high-scale/ttl-low (0.00s)\n"}
{"Time":"2026-09-05T22:17:17.60287+09:00","Action":"pass","Package":"waiting-room/internal/installplan","Test":"TestValidationBoundaries/high-scale/ttl-low","Elapsed":0}
{"Time":"2026-09-05T22:17:17.602893+09:00","Action":"run","Package":"waiting-room/internal/installplan","Test":"TestValidationBoundaries/high-scale/ttl-high"}
{"Time":"2026-09-05T22:17:17.602896+09:00","Action":"output","Package":"waiting-room/internal/installplan","Test":"TestValidationBoundaries/high-scale/ttl-high","Output":"=== RUN   TestValidationBoundaries/high-scale/ttl-high\n"}
{"Time":"2026-09-05T22:17:17.602969+09:00","Action":"output","Package":"waiting-room/internal/installplan","Test":"TestValidationBoundaries/high-scale/ttl-high","Output":"--- PASS: TestValidationBoundaries/high-scale/ttl-high (0.00s)\n"}
{"Time":"2026-09-05T22:17:17.602981+09:00","Action":"pass","Package":"waiting-room/internal/installplan","Test":"TestValidationBoundaries/high-scale/ttl-high","Elapsed":0}
{"Time":"2026-09-05T22:17:17.603001+09:00","Action":"run","Package":"waiting-room/internal/installplan","Test":"TestValidationBoundaries/high-scale/forced-off"}
{"Time":"2026-09-05T22:17:17.603006+09:00","Action":"output","Package":"waiting-room/internal/installplan","Test":"TestValidationBoundaries/high-scale/forced-off","Output":"=== RUN   TestValidationBoundaries/high-scale/forced-off\n"}
{"Time":"2026-09-05T22:17:17.603062+09:00","Action":"output","Package":"waiting-room/internal/installplan","Test":"TestValidationBoundaries/high-scale/forced-off","Output":"--- PASS: TestValidationBoundaries/high-scale/forced-off (0.00s)\n"}
{"Time":"2026-09-05T22:17:17.603069+09:00","Action":"pass","Package":"waiting-room/internal/installplan","Test":"TestValidationBoundaries/high-scale/forced-off","Elapsed":0}
{"Time":"2026-09-05T22:17:17.60309+09:00","Action":"run","Package":"waiting-room/internal/installplan","Test":"TestValidationBoundaries/high-scale/unknown-policy"}
{"Time":"2026-09-05T22:17:17.603095+09:00","Action":"output","Package":"waiting-room/internal/installplan","Test":"TestValidationBoundaries/high-scale/unknown-policy","Output":"=== RUN   TestValidationBoundaries/high-scale/unknown-policy\n"}
{"Time":"2026-09-05T22:17:17.603157+09:00","Action":"output","Package":"waiting-room/internal/installplan","Test":"TestValidationBoundaries/high-scale/unknown-policy","Output":"--- PASS: TestValidationBoundaries/high-scale/unknown-policy (0.00s)\n"}
{"Time":"2026-09-05T22:17:17.603164+09:00","Action":"pass","Package":"waiting-room/internal/installplan","Test":"TestValidationBoundaries/high-scale/unknown-policy","Elapsed":0}
{"Time":"2026-09-05T22:17:17.603183+09:00","Action":"run","Package":"waiting-room/internal/installplan","Test":"TestValidationBoundaries/high-scale/multi-region"}
{"Time":"2026-09-05T22:17:17.603186+09:00","Action":"output","Package":"waiting-room/internal/installplan","Test":"TestValidationBoundaries/high-scale/multi-region","Output":"=== RUN   TestValidationBoundaries/high-scale/multi-region\n"}
{"Time":"2026-09-05T22:17:17.603229+09:00","Action":"output","Package":"waiting-room/internal/installplan","Test":"TestValidationBoundaries/high-scale/multi-region","Output":"--- PASS: TestValidationBoundaries/high-scale/multi-region (0.00s)\n"}
{"Time":"2026-09-05T22:17:17.60325+09:00","Action":"pass","Package":"waiting-room/internal/installplan","Test":"TestValidationBoundaries/high-scale/multi-region","Elapsed":0}
{"Time":"2026-09-05T22:17:17.60326+09:00","Action":"run","Package":"waiting-room/internal/installplan","Test":"TestValidationBoundaries/high-scale/unknown-profile"}
{"Time":"2026-09-05T22:17:17.603262+09:00","Action":"output","Package":"waiting-room/internal/installplan","Test":"TestValidationBoundaries/high-scale/unknown-profile","Output":"=== RUN   TestValidationBoundaries/high-scale/unknown-profile\n"}
{"Time":"2026-09-05T22:17:17.603319+09:00","Action":"output","Package":"waiting-room/internal/installplan","Test":"TestValidationBoundaries/high-scale/unknown-profile","Output":"--- PASS: TestValidationBoundaries/high-scale/unknown-profile (0.00s)\n"}
{"Time":"2026-09-05T22:17:17.603326+09:00","Action":"pass","Package":"waiting-room/internal/installplan","Test":"TestValidationBoundaries/high-scale/unknown-profile","Elapsed":0}
{"Time":"2026-09-05T22:17:17.603339+09:00","Action":"run","Package":"waiting-room/internal/installplan","Test":"TestValidationBoundaries/high-scale/version"}
{"Time":"2026-09-05T22:17:17.603343+09:00","Action":"output","Package":"waiting-room/internal/installplan","Test":"TestValidationBoundaries/high-scale/version","Output":"=== RUN   TestValidationBoundaries/high-scale/version\n"}
{"Time":"2026-09-05T22:17:17.603378+09:00","Action":"output","Package":"waiting-room/internal/installplan","Test":"TestValidationBoundaries/high-scale/version","Output":"--- PASS: TestValidationBoundaries/high-scale/version (0.00s)\n"}
{"Time":"2026-09-05T22:17:17.603411+09:00","Action":"pass","Package":"waiting-room/internal/installplan","Test":"TestValidationBoundaries/high-scale/version","Elapsed":0}
{"Time":"2026-09-05T22:17:17.603418+09:00","Action":"run","Package":"waiting-room/internal/installplan","Test":"TestValidationBoundaries/high-scale/totp-mode"}
{"Time":"2026-09-05T22:17:17.60342+09:00","Action":"output","Package":"waiting-room/internal/installplan","Test":"TestValidationBoundaries/high-scale/totp-mode","Output":"=== RUN   TestValidationBoundaries/high-scale/totp-mode\n"}
{"Time":"2026-09-05T22:17:17.603539+09:00","Action":"output","Package":"waiting-room/internal/installplan","Test":"TestValidationBoundaries/high-scale/totp-mode","Output":"--- PASS: TestValidationBoundaries/high-scale/totp-mode (0.00s)\n"}
{"Time":"2026-09-05T22:17:17.603548+09:00","Action":"pass","Package":"waiting-room/internal/installplan","Test":"TestValidationBoundaries/high-scale/totp-mode","Elapsed":0}
{"Time":"2026-09-05T22:17:17.603582+09:00","Action":"run","Package":"waiting-room/internal/installplan","Test":"TestValidationBoundaries/high-scale/region-empty"}
{"Time":"2026-09-05T22:17:17.603586+09:00","Action":"output","Package":"waiting-room/internal/installplan","Test":"TestValidationBoundaries/high-scale/region-empty","Output":"=== RUN   TestValidationBoundaries/high-scale/region-empty\n"}
{"Time":"2026-09-05T22:17:17.603648+09:00","Action":"output","Package":"waiting-room/internal/installplan","Test":"TestValidationBoundaries/high-scale/region-empty","Output":"--- PASS: TestValidationBoundaries/high-scale/region-empty (0.00s)\n"}
{"Time":"2026-09-05T22:17:17.603656+09:00","Action":"pass","Package":"waiting-room/internal/installplan","Test":"TestValidationBoundaries/high-scale/region-empty","Elapsed":0}
{"Time":"2026-09-05T22:17:17.603677+09:00","Action":"run","Package":"waiting-room/internal/installplan","Test":"TestValidationBoundaries/high-scale/region-long"}
{"Time":"2026-09-05T22:17:17.60368+09:00","Action":"output","Package":"waiting-room/internal/installplan","Test":"TestValidationBoundaries/high-scale/region-long","Output":"=== RUN   TestValidationBoundaries/high-scale/region-long\n"}
{"Time":"2026-09-05T22:17:17.603767+09:00","Action":"output","Package":"waiting-room/internal/installplan","Test":"TestValidationBoundaries/high-scale/region-long","Output":"--- PASS: TestValidationBoundaries/high-scale/region-long (0.00s)\n"}
{"Time":"2026-09-05T22:17:17.603775+09:00","Action":"pass","Package":"waiting-room/internal/installplan","Test":"TestValidationBoundaries/high-scale/region-long","Elapsed":0}
{"Time":"2026-09-05T22:17:17.603851+09:00","Action":"output","Package":"waiting-room/internal/installplan","Test":"TestValidationBoundaries","Output":"--- PASS: TestValidationBoundaries (0.00s)\n"}
{"Time":"2026-09-05T22:17:17.603858+09:00","Action":"pass","Package":"waiting-room/internal/installplan","Test":"TestValidationBoundaries","Elapsed":0}
{"Time":"2026-09-05T22:17:17.603876+09:00","Action":"run","Package":"waiting-room/internal/installplan","Test":"TestStrictDecodeAndNoErrorEcho"}
{"Time":"2026-09-05T22:17:17.603886+09:00","Action":"output","Package":"waiting-room/internal/installplan","Test":"TestStrictDecodeAndNoErrorEcho","Output":"=== RUN   TestStrictDecodeAndNoErrorEcho\n"}
{"Time":"2026-09-05T22:17:17.60407+09:00","Action":"run","Package":"waiting-room/internal/installplan","Test":"TestStrictDecodeAndNoErrorEcho/multiple"}
{"Time":"2026-09-05T22:17:17.60408+09:00","Action":"output","Package":"waiting-room/internal/installplan","Test":"TestStrictDecodeAndNoErrorEcho/multiple","Output":"=== RUN   TestStrictDecodeAndNoErrorEcho/multiple\n"}
{"Time":"2026-09-05T22:17:17.604282+09:00","Action":"output","Package":"waiting-room/internal/installplan","Test":"TestStrictDecodeAndNoErrorEcho/multiple","Output":"--- PASS: TestStrictDecodeAndNoErrorEcho/multiple (0.00s)\n"}
{"Time":"2026-09-05T22:17:17.604291+09:00","Action":"pass","Package":"waiting-room/internal/installplan","Test":"TestStrictDecodeAndNoErrorEcho/multiple","Elapsed":0}
{"Time":"2026-09-05T22:17:17.604309+09:00","Action":"run","Package":"waiting-room/internal/installplan","Test":"TestStrictDecodeAndNoErrorEcho/duplicate"}
{"Time":"2026-09-05T22:17:17.604313+09:00","Action":"output","Package":"waiting-room/internal/installplan","Test":"TestStrictDecodeAndNoErrorEcho/duplicate","Output":"=== RUN   TestStrictDecodeAndNoErrorEcho/duplicate\n"}
{"Time":"2026-09-05T22:17:17.604459+09:00","Action":"output","Package":"waiting-room/internal/installplan","Test":"TestStrictDecodeAndNoErrorEcho/duplicate","Output":"--- PASS: TestStrictDecodeAndNoErrorEcho/duplicate (0.00s)\n"}
{"Time":"2026-09-05T22:17:17.604466+09:00","Action":"pass","Package":"waiting-room/internal/installplan","Test":"TestStrictDecodeAndNoErrorEcho/duplicate","Elapsed":0}
{"Time":"2026-09-05T22:17:17.604486+09:00","Action":"run","Package":"waiting-room/internal/installplan","Test":"TestStrictDecodeAndNoErrorEcho/missing-bool"}
{"Time":"2026-09-05T22:17:17.604488+09:00","Action":"output","Package":"waiting-room/internal/installplan","Test":"TestStrictDecodeAndNoErrorEcho/missing-bool","Output":"=== RUN   TestStrictDecodeAndNoErrorEcho/missing-bool\n"}
{"Time":"2026-09-05T22:17:17.604629+09:00","Action":"output","Package":"waiting-room/internal/installplan","Test":"TestStrictDecodeAndNoErrorEcho/missing-bool","Output":"--- PASS: TestStrictDecodeAndNoErrorEcho/missing-bool (0.00s)\n"}
{"Time":"2026-09-05T22:17:17.604648+09:00","Action":"pass","Package":"waiting-room/internal/installplan","Test":"TestStrictDecodeAndNoErrorEcho/missing-bool","Elapsed":0}
{"Time":"2026-09-05T22:17:17.604656+09:00","Action":"run","Package":"waiting-room/internal/installplan","Test":"TestStrictDecodeAndNoErrorEcho/wrong-type"}
{"Time":"2026-09-05T22:17:17.604658+09:00","Action":"output","Package":"waiting-room/internal/installplan","Test":"TestStrictDecodeAndNoErrorEcho/wrong-type","Output":"=== RUN   TestStrictDecodeAndNoErrorEcho/wrong-type\n"}
{"Time":"2026-09-05T22:17:17.604881+09:00","Action":"output","Package":"waiting-room/internal/installplan","Test":"TestStrictDecodeAndNoErrorEcho/wrong-type","Output":"--- PASS: TestStrictDecodeAndNoErrorEcho/wrong-type (0.00s)\n"}
{"Time":"2026-09-05T22:17:17.604888+09:00","Action":"pass","Package":"waiting-room/internal/installplan","Test":"TestStrictDecodeAndNoErrorEcho/wrong-type","Elapsed":0}
{"Time":"2026-09-05T22:17:17.604907+09:00","Action":"run","Package":"waiting-room/internal/installplan","Test":"TestStrictDecodeAndNoErrorEcho/oversize"}
{"Time":"2026-09-05T22:17:17.604911+09:00","Action":"output","Package":"waiting-room/internal/installplan","Test":"TestStrictDecodeAndNoErrorEcho/oversize","Output":"=== RUN   TestStrictDecodeAndNoErrorEcho/oversize\n"}
{"Time":"2026-09-05T22:17:17.605067+09:00","Action":"output","Package":"waiting-room/internal/installplan","Test":"TestStrictDecodeAndNoErrorEcho/oversize","Output":"--- PASS: TestStrictDecodeAndNoErrorEcho/oversize (0.00s)\n"}
{"Time":"2026-09-05T22:17:17.605076+09:00","Action":"pass","Package":"waiting-room/internal/installplan","Test":"TestStrictDecodeAndNoErrorEcho/oversize","Elapsed":0}
{"Time":"2026-09-05T22:17:17.605097+09:00","Action":"run","Package":"waiting-room/internal/installplan","Test":"TestStrictDecodeAndNoErrorEcho/regions"}
{"Time":"2026-09-05T22:17:17.605101+09:00","Action":"output","Package":"waiting-room/internal/installplan","Test":"TestStrictDecodeAndNoErrorEcho/regions","Output":"=== RUN   TestStrictDecodeAndNoErrorEcho/regions\n"}
{"Time":"2026-09-05T22:17:17.605192+09:00","Action":"output","Package":"waiting-room/internal/installplan","Test":"TestStrictDecodeAndNoErrorEcho/regions","Output":"--- PASS: TestStrictDecodeAndNoErrorEcho/regions (0.00s)\n"}
{"Time":"2026-09-05T22:17:17.6052+09:00","Action":"pass","Package":"waiting-room/internal/installplan","Test":"TestStrictDecodeAndNoErrorEcho/regions","Elapsed":0}
{"Time":"2026-09-05T22:17:17.605204+09:00","Action":"run","Package":"waiting-room/internal/installplan","Test":"TestStrictDecodeAndNoErrorEcho/nested-case"}
{"Time":"2026-09-05T22:17:17.605208+09:00","Action":"output","Package":"waiting-room/internal/installplan","Test":"TestStrictDecodeAndNoErrorEcho/nested-case","Output":"=== RUN   TestStrictDecodeAndNoErrorEcho/nested-case\n"}
{"Time":"2026-09-05T22:17:17.605367+09:00","Action":"output","Package":"waiting-room/internal/installplan","Test":"TestStrictDecodeAndNoErrorEcho/nested-case","Output":"--- PASS: TestStrictDecodeAndNoErrorEcho/nested-case (0.00s)\n"}
{"Time":"2026-09-05T22:17:17.605374+09:00","Action":"pass","Package":"waiting-room/internal/installplan","Test":"TestStrictDecodeAndNoErrorEcho/nested-case","Elapsed":0}
{"Time":"2026-09-05T22:17:17.605386+09:00","Action":"run","Package":"waiting-room/internal/installplan","Test":"TestStrictDecodeAndNoErrorEcho/array"}
{"Time":"2026-09-05T22:17:17.605388+09:00","Action":"output","Package":"waiting-room/internal/installplan","Test":"TestStrictDecodeAndNoErrorEcho/array","Output":"=== RUN   TestStrictDecodeAndNoErrorEcho/array\n"}
{"Time":"2026-09-05T22:17:17.605425+09:00","Action":"output","Package":"waiting-room/internal/installplan","Test":"TestStrictDecodeAndNoErrorEcho/array","Output":"--- PASS: TestStrictDecodeAndNoErrorEcho/array (0.00s)\n"}
{"Time":"2026-09-05T22:17:17.605448+09:00","Action":"pass","Package":"waiting-room/internal/installplan","Test":"TestStrictDecodeAndNoErrorEcho/array","Elapsed":0}
{"Time":"2026-09-05T22:17:17.605472+09:00","Action":"run","Package":"waiting-room/internal/installplan","Test":"TestStrictDecodeAndNoErrorEcho/malformed"}
{"Time":"2026-09-05T22:17:17.605476+09:00","Action":"output","Package":"waiting-room/internal/installplan","Test":"TestStrictDecodeAndNoErrorEcho/malformed","Output":"=== RUN   TestStrictDecodeAndNoErrorEcho/malformed\n"}
{"Time":"2026-09-05T22:17:17.605543+09:00","Action":"output","Package":"waiting-room/internal/installplan","Test":"TestStrictDecodeAndNoErrorEcho/malformed","Output":"--- PASS: TestStrictDecodeAndNoErrorEcho/malformed (0.00s)\n"}
{"Time":"2026-09-05T22:17:17.605548+09:00","Action":"pass","Package":"waiting-room/internal/installplan","Test":"TestStrictDecodeAndNoErrorEcho/malformed","Elapsed":0}
{"Time":"2026-09-05T22:17:17.605567+09:00","Action":"run","Package":"waiting-room/internal/installplan","Test":"TestStrictDecodeAndNoErrorEcho/unknown-secret"}
{"Time":"2026-09-05T22:17:17.605572+09:00","Action":"output","Package":"waiting-room/internal/installplan","Test":"TestStrictDecodeAndNoErrorEcho/unknown-secret","Output":"=== RUN   TestStrictDecodeAndNoErrorEcho/unknown-secret\n"}
{"Time":"2026-09-05T22:17:17.605739+09:00","Action":"output","Package":"waiting-room/internal/installplan","Test":"TestStrictDecodeAndNoErrorEcho/unknown-secret","Output":"--- PASS: TestStrictDecodeAndNoErrorEcho/unknown-secret (0.00s)\n"}
{"Time":"2026-09-05T22:17:17.605745+09:00","Action":"pass","Package":"waiting-room/internal/installplan","Test":"TestStrictDecodeAndNoErrorEcho/unknown-secret","Elapsed":0}
{"Time":"2026-09-05T22:17:17.60576+09:00","Action":"run","Package":"waiting-room/internal/installplan","Test":"TestStrictDecodeAndNoErrorEcho/nested-secret"}
{"Time":"2026-09-05T22:17:17.605777+09:00","Action":"output","Package":"waiting-room/internal/installplan","Test":"TestStrictDecodeAndNoErrorEcho/nested-secret","Output":"=== RUN   TestStrictDecodeAndNoErrorEcho/nested-secret\n"}
{"Time":"2026-09-05T22:17:17.605969+09:00","Action":"output","Package":"waiting-room/internal/installplan","Test":"TestStrictDecodeAndNoErrorEcho/nested-secret","Output":"--- PASS: TestStrictDecodeAndNoErrorEcho/nested-secret (0.00s)\n"}
{"Time":"2026-09-05T22:17:17.605986+09:00","Action":"pass","Package":"waiting-room/internal/installplan","Test":"TestStrictDecodeAndNoErrorEcho/nested-secret","Elapsed":0}
{"Time":"2026-09-05T22:17:17.606005+09:00","Action":"run","Package":"waiting-room/internal/installplan","Test":"TestStrictDecodeAndNoErrorEcho/duplicate-escaped"}
{"Time":"2026-09-05T22:17:17.60601+09:00","Action":"output","Package":"waiting-room/internal/installplan","Test":"TestStrictDecodeAndNoErrorEcho/duplicate-escaped","Output":"=== RUN   TestStrictDecodeAndNoErrorEcho/duplicate-escaped\n"}
{"Time":"2026-09-05T22:17:17.606196+09:00","Action":"output","Package":"waiting-room/internal/installplan","Test":"TestStrictDecodeAndNoErrorEcho/duplicate-escaped","Output":"--- PASS: TestStrictDecodeAndNoErrorEcho/duplicate-escaped (0.00s)\n"}
{"Time":"2026-09-05T22:17:17.60621+09:00","Action":"pass","Package":"waiting-room/internal/installplan","Test":"TestStrictDecodeAndNoErrorEcho/duplicate-escaped","Elapsed":0}
{"Time":"2026-09-05T22:17:17.606223+09:00","Action":"run","Package":"waiting-room/internal/installplan","Test":"TestStrictDecodeAndNoErrorEcho/wrong-case"}
{"Time":"2026-09-05T22:17:17.606225+09:00","Action":"output","Package":"waiting-room/internal/installplan","Test":"TestStrictDecodeAndNoErrorEcho/wrong-case","Output":"=== RUN   TestStrictDecodeAndNoErrorEcho/wrong-case\n"}
{"Time":"2026-09-05T22:17:17.606369+09:00","Action":"output","Package":"waiting-room/internal/installplan","Test":"TestStrictDecodeAndNoErrorEcho/wrong-case","Output":"--- PASS: TestStrictDecodeAndNoErrorEcho/wrong-case (0.00s)\n"}
{"Time":"2026-09-05T22:17:17.606375+09:00","Action":"pass","Package":"waiting-room/internal/installplan","Test":"TestStrictDecodeAndNoErrorEcho/wrong-case","Elapsed":0}
{"Time":"2026-09-05T22:17:17.60639+09:00","Action":"run","Package":"waiting-room/internal/installplan","Test":"TestStrictDecodeAndNoErrorEcho/null"}
{"Time":"2026-09-05T22:17:17.606412+09:00","Action":"output","Package":"waiting-room/internal/installplan","Test":"TestStrictDecodeAndNoErrorEcho/null","Output":"=== RUN   TestStrictDecodeAndNoErrorEcho/null\n"}
{"Time":"2026-09-05T22:17:17.606512+09:00","Action":"output","Package":"waiting-room/internal/installplan","Test":"TestStrictDecodeAndNoErrorEcho/null","Output":"--- PASS: TestStrictDecodeAndNoErrorEcho/null (0.00s)\n"}
{"Time":"2026-09-05T22:17:17.606517+09:00","Action":"pass","Package":"waiting-room/internal/installplan","Test":"TestStrictDecodeAndNoErrorEcho/null","Elapsed":0}
{"Time":"2026-09-05T22:17:17.60655+09:00","Action":"output","Package":"waiting-room/internal/installplan","Test":"TestStrictDecodeAndNoErrorEcho","Output":"--- PASS: TestStrictDecodeAndNoErrorEcho (0.00s)\n"}
{"Time":"2026-09-05T22:17:17.606611+09:00","Action":"pass","Package":"waiting-room/internal/installplan","Test":"TestStrictDecodeAndNoErrorEcho","Elapsed":0}
{"Time":"2026-09-05T22:17:17.606613+09:00","Action":"run","Package":"waiting-room/internal/installplan","Test":"TestDeterministicPlanAndOwnedSlices"}
{"Time":"2026-09-05T22:17:17.606615+09:00","Action":"output","Package":"waiting-room/internal/installplan","Test":"TestDeterministicPlanAndOwnedSlices","Output":"=== RUN   TestDeterministicPlanAndOwnedSlices\n"}
{"Time":"2026-09-05T22:17:17.607362+09:00","Action":"run","Package":"waiting-room/internal/installplan","Test":"TestDeterministicPlanAndOwnedSlices/repeat"}
{"Time":"2026-09-05T22:17:17.60737+09:00","Action":"output","Package":"waiting-room/internal/installplan","Test":"TestDeterministicPlanAndOwnedSlices/repeat","Output":"=== RUN   TestDeterministicPlanAndOwnedSlices/repeat\n"}
{"Time":"2026-09-05T22:17:17.607467+09:00","Action":"output","Package":"waiting-room/internal/installplan","Test":"TestDeterministicPlanAndOwnedSlices/repeat","Output":"=== PAUSE TestDeterministicPlanAndOwnedSlices/repeat\n"}
{"Time":"2026-09-05T22:17:17.607472+09:00","Action":"pause","Package":"waiting-room/internal/installplan","Test":"TestDeterministicPlanAndOwnedSlices/repeat"}
{"Time":"2026-09-05T22:17:17.607493+09:00","Action":"run","Package":"waiting-room/internal/installplan","Test":"TestDeterministicPlanAndOwnedSlices/repeat#01"}
{"Time":"2026-09-05T22:17:17.607496+09:00","Action":"output","Package":"waiting-room/internal/installplan","Test":"TestDeterministicPlanAndOwnedSlices/repeat#01","Output":"=== RUN   TestDeterministicPlanAndOwnedSlices/repeat#01\n"}
{"Time":"2026-09-05T22:17:17.607515+09:00","Action":"output","Package":"waiting-room/internal/installplan","Test":"TestDeterministicPlanAndOwnedSlices/repeat#01","Output":"=== PAUSE TestDeterministicPlanAndOwnedSlices/repeat#01\n"}
{"Time":"2026-09-05T22:17:17.607521+09:00","Action":"pause","Package":"waiting-room/internal/installplan","Test":"TestDeterministicPlanAndOwnedSlices/repeat#01"}
{"Time":"2026-09-05T22:17:17.607541+09:00","Action":"run","Package":"waiting-room/internal/installplan","Test":"TestDeterministicPlanAndOwnedSlices/repeat#02"}
{"Time":"2026-09-05T22:17:17.607544+09:00","Action":"output","Package":"waiting-room/internal/installplan","Test":"TestDeterministicPlanAndOwnedSlices/repeat#02","Output":"=== RUN   TestDeterministicPlanAndOwnedSlices/repeat#02\n"}
{"Time":"2026-09-05T22:17:17.607565+09:00","Action":"output","Package":"waiting-room/internal/installplan","Test":"TestDeterministicPlanAndOwnedSlices/repeat#02","Output":"=== PAUSE TestDeterministicPlanAndOwnedSlices/repeat#02\n"}
{"Time":"2026-09-05T22:17:17.607568+09:00","Action":"pause","Package":"waiting-room/internal/installplan","Test":"TestDeterministicPlanAndOwnedSlices/repeat#02"}
{"Time":"2026-09-05T22:17:17.607587+09:00","Action":"run","Package":"waiting-room/internal/installplan","Test":"TestDeterministicPlanAndOwnedSlices/repeat#03"}
{"Time":"2026-09-05T22:17:17.60759+09:00","Action":"output","Package":"waiting-room/internal/installplan","Test":"TestDeterministicPlanAndOwnedSlices/repeat#03","Output":"=== RUN   TestDeterministicPlanAndOwnedSlices/repeat#03\n"}
{"Time":"2026-09-05T22:17:17.607606+09:00","Action":"output","Package":"waiting-room/internal/installplan","Test":"TestDeterministicPlanAndOwnedSlices/repeat#03","Output":"=== PAUSE TestDeterministicPlanAndOwnedSlices/repeat#03\n"}
{"Time":"2026-09-05T22:17:17.607609+09:00","Action":"pause","Package":"waiting-room/internal/installplan","Test":"TestDeterministicPlanAndOwnedSlices/repeat#03"}
{"Time":"2026-09-05T22:17:17.607628+09:00","Action":"run","Package":"waiting-room/internal/installplan","Test":"TestDeterministicPlanAndOwnedSlices/repeat#04"}
{"Time":"2026-09-05T22:17:17.607632+09:00","Action":"output","Package":"waiting-room/internal/installplan","Test":"TestDeterministicPlanAndOwnedSlices/repeat#04","Output":"=== RUN   TestDeterministicPlanAndOwnedSlices/repeat#04\n"}
{"Time":"2026-09-05T22:17:17.607649+09:00","Action":"output","Package":"waiting-room/internal/installplan","Test":"TestDeterministicPlanAndOwnedSlices/repeat#04","Output":"=== PAUSE TestDeterministicPlanAndOwnedSlices/repeat#04\n"}
{"Time":"2026-09-05T22:17:17.607652+09:00","Action":"pause","Package":"waiting-room/internal/installplan","Test":"TestDeterministicPlanAndOwnedSlices/repeat#04"}
{"Time":"2026-09-05T22:17:17.607677+09:00","Action":"run","Package":"waiting-room/internal/installplan","Test":"TestDeterministicPlanAndOwnedSlices/repeat#05"}
{"Time":"2026-09-05T22:17:17.60768+09:00","Action":"output","Package":"waiting-room/internal/installplan","Test":"TestDeterministicPlanAndOwnedSlices/repeat#05","Output":"=== RUN   TestDeterministicPlanAndOwnedSlices/repeat#05\n"}
{"Time":"2026-09-05T22:17:17.607696+09:00","Action":"output","Package":"waiting-room/internal/installplan","Test":"TestDeterministicPlanAndOwnedSlices/repeat#05","Output":"=== PAUSE TestDeterministicPlanAndOwnedSlices/repeat#05\n"}
{"Time":"2026-09-05T22:17:17.607699+09:00","Action":"pause","Package":"waiting-room/internal/installplan","Test":"TestDeterministicPlanAndOwnedSlices/repeat#05"}
{"Time":"2026-09-05T22:17:17.607717+09:00","Action":"run","Package":"waiting-room/internal/installplan","Test":"TestDeterministicPlanAndOwnedSlices/repeat#06"}
{"Time":"2026-09-05T22:17:17.607719+09:00","Action":"output","Package":"waiting-room/internal/installplan","Test":"TestDeterministicPlanAndOwnedSlices/repeat#06","Output":"=== RUN   TestDeterministicPlanAndOwnedSlices/repeat#06\n"}
{"Time":"2026-09-05T22:17:17.607748+09:00","Action":"output","Package":"waiting-room/internal/installplan","Test":"TestDeterministicPlanAndOwnedSlices/repeat#06","Output":"=== PAUSE TestDeterministicPlanAndOwnedSlices/repeat#06\n"}
{"Time":"2026-09-05T22:17:17.607752+09:00","Action":"pause","Package":"waiting-room/internal/installplan","Test":"TestDeterministicPlanAndOwnedSlices/repeat#06"}
{"Time":"2026-09-05T22:17:17.607768+09:00","Action":"run","Package":"waiting-room/internal/installplan","Test":"TestDeterministicPlanAndOwnedSlices/repeat#07"}
{"Time":"2026-09-05T22:17:17.607777+09:00","Action":"output","Package":"waiting-room/internal/installplan","Test":"TestDeterministicPlanAndOwnedSlices/repeat#07","Output":"=== RUN   TestDeterministicPlanAndOwnedSlices/repeat#07\n"}
{"Time":"2026-09-05T22:17:17.60778+09:00","Action":"output","Package":"waiting-room/internal/installplan","Test":"TestDeterministicPlanAndOwnedSlices/repeat#07","Output":"=== PAUSE TestDeterministicPlanAndOwnedSlices/repeat#07\n"}
{"Time":"2026-09-05T22:17:17.607784+09:00","Action":"pause","Package":"waiting-room/internal/installplan","Test":"TestDeterministicPlanAndOwnedSlices/repeat#07"}
{"Time":"2026-09-05T22:17:17.607805+09:00","Action":"run","Package":"waiting-room/internal/installplan","Test":"TestDeterministicPlanAndOwnedSlices/repeat#08"}
{"Time":"2026-09-05T22:17:17.607807+09:00","Action":"output","Package":"waiting-room/internal/installplan","Test":"TestDeterministicPlanAndOwnedSlices/repeat#08","Output":"=== RUN   TestDeterministicPlanAndOwnedSlices/repeat#08\n"}
{"Time":"2026-09-05T22:17:17.607828+09:00","Action":"output","Package":"waiting-room/internal/installplan","Test":"TestDeterministicPlanAndOwnedSlices/repeat#08","Output":"=== PAUSE TestDeterministicPlanAndOwnedSlices/repeat#08\n"}
{"Time":"2026-09-05T22:17:17.607831+09:00","Action":"pause","Package":"waiting-room/internal/installplan","Test":"TestDeterministicPlanAndOwnedSlices/repeat#08"}
{"Time":"2026-09-05T22:17:17.607849+09:00","Action":"run","Package":"waiting-room/internal/installplan","Test":"TestDeterministicPlanAndOwnedSlices/repeat#09"}
{"Time":"2026-09-05T22:17:17.607852+09:00","Action":"output","Package":"waiting-room/internal/installplan","Test":"TestDeterministicPlanAndOwnedSlices/repeat#09","Output":"=== RUN   TestDeterministicPlanAndOwnedSlices/repeat#09\n"}
{"Time":"2026-09-05T22:17:17.607868+09:00","Action":"output","Package":"waiting-room/internal/installplan","Test":"TestDeterministicPlanAndOwnedSlices/repeat#09","Output":"=== PAUSE TestDeterministicPlanAndOwnedSlices/repeat#09\n"}
{"Time":"2026-09-05T22:17:17.607872+09:00","Action":"pause","Package":"waiting-room/internal/installplan","Test":"TestDeterministicPlanAndOwnedSlices/repeat#09"}
{"Time":"2026-09-05T22:17:17.607889+09:00","Action":"run","Package":"waiting-room/internal/installplan","Test":"TestDeterministicPlanAndOwnedSlices/repeat#10"}
{"Time":"2026-09-05T22:17:17.607892+09:00","Action":"output","Package":"waiting-room/internal/installplan","Test":"TestDeterministicPlanAndOwnedSlices/repeat#10","Output":"=== RUN   TestDeterministicPlanAndOwnedSlices/repeat#10\n"}
{"Time":"2026-09-05T22:17:17.607925+09:00","Action":"output","Package":"waiting-room/internal/installplan","Test":"TestDeterministicPlanAndOwnedSlices/repeat#10","Output":"=== PAUSE TestDeterministicPlanAndOwnedSlices/repeat#10\n"}
{"Time":"2026-09-05T22:17:17.607928+09:00","Action":"pause","Package":"waiting-room/internal/installplan","Test":"TestDeterministicPlanAndOwnedSlices/repeat#10"}
{"Time":"2026-09-05T22:17:17.607931+09:00","Action":"run","Package":"waiting-room/internal/installplan","Test":"TestDeterministicPlanAndOwnedSlices/repeat#11"}
{"Time":"2026-09-05T22:17:17.607932+09:00","Action":"output","Package":"waiting-room/internal/installplan","Test":"TestDeterministicPlanAndOwnedSlices/repeat#11","Output":"=== RUN   TestDeterministicPlanAndOwnedSlices/repeat#11\n"}
{"Time":"2026-09-05T22:17:17.607947+09:00","Action":"output","Package":"waiting-room/internal/installplan","Test":"TestDeterministicPlanAndOwnedSlices/repeat#11","Output":"=== PAUSE TestDeterministicPlanAndOwnedSlices/repeat#11\n"}
{"Time":"2026-09-05T22:17:17.60795+09:00","Action":"pause","Package":"waiting-room/internal/installplan","Test":"TestDeterministicPlanAndOwnedSlices/repeat#11"}
{"Time":"2026-09-05T22:17:17.607972+09:00","Action":"run","Package":"waiting-room/internal/installplan","Test":"TestDeterministicPlanAndOwnedSlices/repeat#12"}
{"Time":"2026-09-05T22:17:17.607975+09:00","Action":"output","Package":"waiting-room/internal/installplan","Test":"TestDeterministicPlanAndOwnedSlices/repeat#12","Output":"=== RUN   TestDeterministicPlanAndOwnedSlices/repeat#12\n"}
{"Time":"2026-09-05T22:17:17.60799+09:00","Action":"output","Package":"waiting-room/internal/installplan","Test":"TestDeterministicPlanAndOwnedSlices/repeat#12","Output":"=== PAUSE TestDeterministicPlanAndOwnedSlices/repeat#12\n"}
{"Time":"2026-09-05T22:17:17.607993+09:00","Action":"pause","Package":"waiting-room/internal/installplan","Test":"TestDeterministicPlanAndOwnedSlices/repeat#12"}
{"Time":"2026-09-05T22:17:17.608013+09:00","Action":"run","Package":"waiting-room/internal/installplan","Test":"TestDeterministicPlanAndOwnedSlices/repeat#13"}
{"Time":"2026-09-05T22:17:17.608016+09:00","Action":"output","Package":"waiting-room/internal/installplan","Test":"TestDeterministicPlanAndOwnedSlices/repeat#13","Output":"=== RUN   TestDeterministicPlanAndOwnedSlices/repeat#13\n"}
{"Time":"2026-09-05T22:17:17.608033+09:00","Action":"output","Package":"waiting-room/internal/installplan","Test":"TestDeterministicPlanAndOwnedSlices/repeat#13","Output":"=== PAUSE TestDeterministicPlanAndOwnedSlices/repeat#13\n"}
{"Time":"2026-09-05T22:17:17.608037+09:00","Action":"pause","Package":"waiting-room/internal/installplan","Test":"TestDeterministicPlanAndOwnedSlices/repeat#13"}
{"Time":"2026-09-05T22:17:17.608056+09:00","Action":"run","Package":"waiting-room/internal/installplan","Test":"TestDeterministicPlanAndOwnedSlices/repeat#14"}
{"Time":"2026-09-05T22:17:17.608058+09:00","Action":"output","Package":"waiting-room/internal/installplan","Test":"TestDeterministicPlanAndOwnedSlices/repeat#14","Output":"=== RUN   TestDeterministicPlanAndOwnedSlices/repeat#14\n"}
{"Time":"2026-09-05T22:17:17.608074+09:00","Action":"output","Package":"waiting-room/internal/installplan","Test":"TestDeterministicPlanAndOwnedSlices/repeat#14","Output":"=== PAUSE TestDeterministicPlanAndOwnedSlices/repeat#14\n"}
{"Time":"2026-09-05T22:17:17.608078+09:00","Action":"pause","Package":"waiting-room/internal/installplan","Test":"TestDeterministicPlanAndOwnedSlices/repeat#14"}
{"Time":"2026-09-05T22:17:17.608098+09:00","Action":"run","Package":"waiting-room/internal/installplan","Test":"TestDeterministicPlanAndOwnedSlices/repeat#15"}
{"Time":"2026-09-05T22:17:17.608101+09:00","Action":"output","Package":"waiting-room/internal/installplan","Test":"TestDeterministicPlanAndOwnedSlices/repeat#15","Output":"=== RUN   TestDeterministicPlanAndOwnedSlices/repeat#15\n"}
{"Time":"2026-09-05T22:17:17.608115+09:00","Action":"output","Package":"waiting-room/internal/installplan","Test":"TestDeterministicPlanAndOwnedSlices/repeat#15","Output":"=== PAUSE TestDeterministicPlanAndOwnedSlices/repeat#15\n"}
{"Time":"2026-09-05T22:17:17.608118+09:00","Action":"pause","Package":"waiting-room/internal/installplan","Test":"TestDeterministicPlanAndOwnedSlices/repeat#15"}
{"Time":"2026-09-05T22:17:17.608143+09:00","Action":"run","Package":"waiting-room/internal/installplan","Test":"TestDeterministicPlanAndOwnedSlices/repeat#16"}
{"Time":"2026-09-05T22:17:17.608145+09:00","Action":"output","Package":"waiting-room/internal/installplan","Test":"TestDeterministicPlanAndOwnedSlices/repeat#16","Output":"=== RUN   TestDeterministicPlanAndOwnedSlices/repeat#16\n"}
{"Time":"2026-09-05T22:17:17.608163+09:00","Action":"output","Package":"waiting-room/internal/installplan","Test":"TestDeterministicPlanAndOwnedSlices/repeat#16","Output":"=== PAUSE TestDeterministicPlanAndOwnedSlices/repeat#16\n"}
{"Time":"2026-09-05T22:17:17.608165+09:00","Action":"pause","Package":"waiting-room/internal/installplan","Test":"TestDeterministicPlanAndOwnedSlices/repeat#16"}
{"Time":"2026-09-05T22:17:17.608187+09:00","Action":"run","Package":"waiting-room/internal/installplan","Test":"TestDeterministicPlanAndOwnedSlices/repeat#17"}
{"Time":"2026-09-05T22:17:17.608191+09:00","Action":"output","Package":"waiting-room/internal/installplan","Test":"TestDeterministicPlanAndOwnedSlices/repeat#17","Output":"=== RUN   TestDeterministicPlanAndOwnedSlices/repeat#17\n"}
{"Time":"2026-09-05T22:17:17.608204+09:00","Action":"output","Package":"waiting-room/internal/installplan","Test":"TestDeterministicPlanAndOwnedSlices/repeat#17","Output":"=== PAUSE TestDeterministicPlanAndOwnedSlices/repeat#17\n"}
{"Time":"2026-09-05T22:17:17.608208+09:00","Action":"pause","Package":"waiting-room/internal/installplan","Test":"TestDeterministicPlanAndOwnedSlices/repeat#17"}
{"Time":"2026-09-05T22:17:17.608222+09:00","Action":"run","Package":"waiting-room/internal/installplan","Test":"TestDeterministicPlanAndOwnedSlices/repeat#18"}
{"Time":"2026-09-05T22:17:17.608225+09:00","Action":"output","Package":"waiting-room/internal/installplan","Test":"TestDeterministicPlanAndOwnedSlices/repeat#18","Output":"=== RUN   TestDeterministicPlanAndOwnedSlices/repeat#18\n"}
{"Time":"2026-09-05T22:17:17.608238+09:00","Action":"output","Package":"waiting-room/internal/installplan","Test":"TestDeterministicPlanAndOwnedSlices/repeat#18","Output":"=== PAUSE TestDeterministicPlanAndOwnedSlices/repeat#18\n"}
{"Time":"2026-09-05T22:17:17.608243+09:00","Action":"pause","Package":"waiting-room/internal/installplan","Test":"TestDeterministicPlanAndOwnedSlices/repeat#18"}
{"Time":"2026-09-05T22:17:17.608258+09:00","Action":"run","Package":"waiting-room/internal/installplan","Test":"TestDeterministicPlanAndOwnedSlices/repeat#19"}
{"Time":"2026-09-05T22:17:17.608261+09:00","Action":"output","Package":"waiting-room/internal/installplan","Test":"TestDeterministicPlanAndOwnedSlices/repeat#19","Output":"=== RUN   TestDeterministicPlanAndOwnedSlices/repeat#19\n"}
{"Time":"2026-09-05T22:17:17.608275+09:00","Action":"output","Package":"waiting-room/internal/installplan","Test":"TestDeterministicPlanAndOwnedSlices/repeat#19","Output":"=== PAUSE TestDeterministicPlanAndOwnedSlices/repeat#19\n"}
{"Time":"2026-09-05T22:17:17.608278+09:00","Action":"pause","Package":"waiting-room/internal/installplan","Test":"TestDeterministicPlanAndOwnedSlices/repeat#19"}
{"Time":"2026-09-05T22:17:17.608295+09:00","Action":"run","Package":"waiting-room/internal/installplan","Test":"TestDeterministicPlanAndOwnedSlices/repeat#20"}
{"Time":"2026-09-05T22:17:17.608298+09:00","Action":"output","Package":"waiting-room/internal/installplan","Test":"TestDeterministicPlanAndOwnedSlices/repeat#20","Output":"=== RUN   TestDeterministicPlanAndOwnedSlices/repeat#20\n"}
{"Time":"2026-09-05T22:17:17.608314+09:00","Action":"output","Package":"waiting-room/internal/installplan","Test":"TestDeterministicPlanAndOwnedSlices/repeat#20","Output":"=== PAUSE TestDeterministicPlanAndOwnedSlices/repeat#20\n"}
{"Time":"2026-09-05T22:17:17.608317+09:00","Action":"pause","Package":"waiting-room/internal/installplan","Test":"TestDeterministicPlanAndOwnedSlices/repeat#20"}
{"Time":"2026-09-05T22:17:17.608337+09:00","Action":"run","Package":"waiting-room/internal/installplan","Test":"TestDeterministicPlanAndOwnedSlices/repeat#21"}
{"Time":"2026-09-05T22:17:17.60834+09:00","Action":"output","Package":"waiting-room/internal/installplan","Test":"TestDeterministicPlanAndOwnedSlices/repeat#21","Output":"=== RUN   TestDeterministicPlanAndOwnedSlices/repeat#21\n"}
{"Time":"2026-09-05T22:17:17.608353+09:00","Action":"output","Package":"waiting-room/internal/installplan","Test":"TestDeterministicPlanAndOwnedSlices/repeat#21","Output":"=== PAUSE TestDeterministicPlanAndOwnedSlices/repeat#21\n"}
{"Time":"2026-09-05T22:17:17.608355+09:00","Action":"pause","Package":"waiting-room/internal/installplan","Test":"TestDeterministicPlanAndOwnedSlices/repeat#21"}
{"Time":"2026-09-05T22:17:17.608373+09:00","Action":"run","Package":"waiting-room/internal/installplan","Test":"TestDeterministicPlanAndOwnedSlices/repeat#22"}
{"Time":"2026-09-05T22:17:17.608376+09:00","Action":"output","Package":"waiting-room/internal/installplan","Test":"TestDeterministicPlanAndOwnedSlices/repeat#22","Output":"=== RUN   TestDeterministicPlanAndOwnedSlices/repeat#22\n"}
{"Time":"2026-09-05T22:17:17.608393+09:00","Action":"output","Package":"waiting-room/internal/installplan","Test":"TestDeterministicPlanAndOwnedSlices/repeat#22","Output":"=== PAUSE TestDeterministicPlanAndOwnedSlices/repeat#22\n"}
{"Time":"2026-09-05T22:17:17.6084+09:00","Action":"pause","Package":"waiting-room/internal/installplan","Test":"TestDeterministicPlanAndOwnedSlices/repeat#22"}
{"Time":"2026-09-05T22:17:17.608417+09:00","Action":"run","Package":"waiting-room/internal/installplan","Test":"TestDeterministicPlanAndOwnedSlices/repeat#23"}
{"Time":"2026-09-05T22:17:17.60842+09:00","Action":"output","Package":"waiting-room/internal/installplan","Test":"TestDeterministicPlanAndOwnedSlices/repeat#23","Output":"=== RUN   TestDeterministicPlanAndOwnedSlices/repeat#23\n"}
{"Time":"2026-09-05T22:17:17.608435+09:00","Action":"output","Package":"waiting-room/internal/installplan","Test":"TestDeterministicPlanAndOwnedSlices/repeat#23","Output":"=== PAUSE TestDeterministicPlanAndOwnedSlices/repeat#23\n"}
{"Time":"2026-09-05T22:17:17.608438+09:00","Action":"pause","Package":"waiting-room/internal/installplan","Test":"TestDeterministicPlanAndOwnedSlices/repeat#23"}
{"Time":"2026-09-05T22:17:17.608457+09:00","Action":"run","Package":"waiting-room/internal/installplan","Test":"TestDeterministicPlanAndOwnedSlices/repeat#24"}
{"Time":"2026-09-05T22:17:17.60846+09:00","Action":"output","Package":"waiting-room/internal/installplan","Test":"TestDeterministicPlanAndOwnedSlices/repeat#24","Output":"=== RUN   TestDeterministicPlanAndOwnedSlices/repeat#24\n"}
{"Time":"2026-09-05T22:17:17.608489+09:00","Action":"output","Package":"waiting-room/internal/installplan","Test":"TestDeterministicPlanAndOwnedSlices/repeat#24","Output":"=== PAUSE TestDeterministicPlanAndOwnedSlices/repeat#24\n"}
{"Time":"2026-09-05T22:17:17.608492+09:00","Action":"pause","Package":"waiting-room/internal/installplan","Test":"TestDeterministicPlanAndOwnedSlices/repeat#24"}
{"Time":"2026-09-05T22:17:17.608541+09:00","Action":"run","Package":"waiting-room/internal/installplan","Test":"TestDeterministicPlanAndOwnedSlices/repeat#25"}
{"Time":"2026-09-05T22:17:17.608546+09:00","Action":"output","Package":"waiting-room/internal/installplan","Test":"TestDeterministicPlanAndOwnedSlices/repeat#25","Output":"=== RUN   TestDeterministicPlanAndOwnedSlices/repeat#25\n"}
{"Time":"2026-09-05T22:17:17.608568+09:00","Action":"output","Package":"waiting-room/internal/installplan","Test":"TestDeterministicPlanAndOwnedSlices/repeat#25","Output":"=== PAUSE TestDeterministicPlanAndOwnedSlices/repeat#25\n"}
{"Time":"2026-09-05T22:17:17.60857+09:00","Action":"pause","Package":"waiting-room/internal/installplan","Test":"TestDeterministicPlanAndOwnedSlices/repeat#25"}
{"Time":"2026-09-05T22:17:17.60859+09:00","Action":"run","Package":"waiting-room/internal/installplan","Test":"TestDeterministicPlanAndOwnedSlices/repeat#26"}
{"Time":"2026-09-05T22:17:17.608592+09:00","Action":"output","Package":"waiting-room/internal/installplan","Test":"TestDeterministicPlanAndOwnedSlices/repeat#26","Output":"=== RUN   TestDeterministicPlanAndOwnedSlices/repeat#26\n"}
{"Time":"2026-09-05T22:17:17.608619+09:00","Action":"output","Package":"waiting-room/internal/installplan","Test":"TestDeterministicPlanAndOwnedSlices/repeat#26","Output":"=== PAUSE TestDeterministicPlanAndOwnedSlices/repeat#26\n"}
{"Time":"2026-09-05T22:17:17.608626+09:00","Action":"pause","Package":"waiting-room/internal/installplan","Test":"TestDeterministicPlanAndOwnedSlices/repeat#26"}
{"Time":"2026-09-05T22:17:17.608647+09:00","Action":"run","Package":"waiting-room/internal/installplan","Test":"TestDeterministicPlanAndOwnedSlices/repeat#27"}
{"Time":"2026-09-05T22:17:17.608651+09:00","Action":"output","Package":"waiting-room/internal/installplan","Test":"TestDeterministicPlanAndOwnedSlices/repeat#27","Output":"=== RUN   TestDeterministicPlanAndOwnedSlices/repeat#27\n"}
{"Time":"2026-09-05T22:17:17.608689+09:00","Action":"output","Package":"waiting-room/internal/installplan","Test":"TestDeterministicPlanAndOwnedSlices/repeat#27","Output":"=== PAUSE TestDeterministicPlanAndOwnedSlices/repeat#27\n"}
{"Time":"2026-09-05T22:17:17.608694+09:00","Action":"pause","Package":"waiting-room/internal/installplan","Test":"TestDeterministicPlanAndOwnedSlices/repeat#27"}
{"Time":"2026-09-05T22:17:17.608699+09:00","Action":"run","Package":"waiting-room/internal/installplan","Test":"TestDeterministicPlanAndOwnedSlices/repeat#28"}
{"Time":"2026-09-05T22:17:17.608701+09:00","Action":"output","Package":"waiting-room/internal/installplan","Test":"TestDeterministicPlanAndOwnedSlices/repeat#28","Output":"=== RUN   TestDeterministicPlanAndOwnedSlices/repeat#28\n"}
{"Time":"2026-09-05T22:17:17.608744+09:00","Action":"output","Package":"waiting-room/internal/installplan","Test":"TestDeterministicPlanAndOwnedSlices/repeat#28","Output":"=== PAUSE TestDeterministicPlanAndOwnedSlices/repeat#28\n"}
{"Time":"2026-09-05T22:17:17.60875+09:00","Action":"pause","Package":"waiting-room/internal/installplan","Test":"TestDeterministicPlanAndOwnedSlices/repeat#28"}
{"Time":"2026-09-05T22:17:17.608771+09:00","Action":"run","Package":"waiting-room/internal/installplan","Test":"TestDeterministicPlanAndOwnedSlices/repeat#29"}
{"Time":"2026-09-05T22:17:17.608775+09:00","Action":"output","Package":"waiting-room/internal/installplan","Test":"TestDeterministicPlanAndOwnedSlices/repeat#29","Output":"=== RUN   TestDeterministicPlanAndOwnedSlices/repeat#29\n"}
{"Time":"2026-09-05T22:17:17.608794+09:00","Action":"output","Package":"waiting-room/internal/installplan","Test":"TestDeterministicPlanAndOwnedSlices/repeat#29","Output":"=== PAUSE TestDeterministicPlanAndOwnedSlices/repeat#29\n"}
{"Time":"2026-09-05T22:17:17.608797+09:00","Action":"pause","Package":"waiting-room/internal/installplan","Test":"TestDeterministicPlanAndOwnedSlices/repeat#29"}
{"Time":"2026-09-05T22:17:17.608816+09:00","Action":"run","Package":"waiting-room/internal/installplan","Test":"TestDeterministicPlanAndOwnedSlices/repeat#30"}
{"Time":"2026-09-05T22:17:17.608818+09:00","Action":"output","Package":"waiting-room/internal/installplan","Test":"TestDeterministicPlanAndOwnedSlices/repeat#30","Output":"=== RUN   TestDeterministicPlanAndOwnedSlices/repeat#30\n"}
{"Time":"2026-09-05T22:17:17.608841+09:00","Action":"output","Package":"waiting-room/internal/installplan","Test":"TestDeterministicPlanAndOwnedSlices/repeat#30","Output":"=== PAUSE TestDeterministicPlanAndOwnedSlices/repeat#30\n"}
{"Time":"2026-09-05T22:17:17.608844+09:00","Action":"pause","Package":"waiting-room/internal/installplan","Test":"TestDeterministicPlanAndOwnedSlices/repeat#30"}
{"Time":"2026-09-05T22:17:17.608878+09:00","Action":"run","Package":"waiting-room/internal/installplan","Test":"TestDeterministicPlanAndOwnedSlices/repeat#31"}
{"Time":"2026-09-05T22:17:17.608884+09:00","Action":"output","Package":"waiting-room/internal/installplan","Test":"TestDeterministicPlanAndOwnedSlices/repeat#31","Output":"=== RUN   TestDeterministicPlanAndOwnedSlices/repeat#31\n"}
{"Time":"2026-09-05T22:17:17.608906+09:00","Action":"output","Package":"waiting-room/internal/installplan","Test":"TestDeterministicPlanAndOwnedSlices/repeat#31","Output":"=== PAUSE TestDeterministicPlanAndOwnedSlices/repeat#31\n"}
{"Time":"2026-09-05T22:17:17.608914+09:00","Action":"pause","Package":"waiting-room/internal/installplan","Test":"TestDeterministicPlanAndOwnedSlices/repeat#31"}
{"Time":"2026-09-05T22:17:17.608925+09:00","Action":"run","Package":"waiting-room/internal/installplan","Test":"TestDeterministicPlanAndOwnedSlices/repeat#32"}
{"Time":"2026-09-05T22:17:17.608927+09:00","Action":"output","Package":"waiting-room/internal/installplan","Test":"TestDeterministicPlanAndOwnedSlices/repeat#32","Output":"=== RUN   TestDeterministicPlanAndOwnedSlices/repeat#32\n"}
{"Time":"2026-09-05T22:17:17.608946+09:00","Action":"output","Package":"waiting-room/internal/installplan","Test":"TestDeterministicPlanAndOwnedSlices/repeat#32","Output":"=== PAUSE TestDeterministicPlanAndOwnedSlices/repeat#32\n"}
{"Time":"2026-09-05T22:17:17.608949+09:00","Action":"pause","Package":"waiting-room/internal/installplan","Test":"TestDeterministicPlanAndOwnedSlices/repeat#32"}
{"Time":"2026-09-05T22:17:17.608978+09:00","Action":"run","Package":"waiting-room/internal/installplan","Test":"TestDeterministicPlanAndOwnedSlices/repeat#33"}
{"Time":"2026-09-05T22:17:17.608982+09:00","Action":"output","Package":"waiting-room/internal/installplan","Test":"TestDeterministicPlanAndOwnedSlices/repeat#33","Output":"=== RUN   TestDeterministicPlanAndOwnedSlices/repeat#33\n"}
{"Time":"2026-09-05T22:17:17.608993+09:00","Action":"output","Package":"waiting-room/internal/installplan","Test":"TestDeterministicPlanAndOwnedSlices/repeat#33","Output":"=== PAUSE TestDeterministicPlanAndOwnedSlices/repeat#33\n"}
{"Time":"2026-09-05T22:17:17.608995+09:00","Action":"pause","Package":"waiting-room/internal/installplan","Test":"TestDeterministicPlanAndOwnedSlices/repeat#33"}
{"Time":"2026-09-05T22:17:17.609057+09:00","Action":"run","Package":"waiting-room/internal/installplan","Test":"TestDeterministicPlanAndOwnedSlices/repeat#34"}
{"Time":"2026-09-05T22:17:17.609061+09:00","Action":"output","Package":"waiting-room/internal/installplan","Test":"TestDeterministicPlanAndOwnedSlices/repeat#34","Output":"=== RUN   TestDeterministicPlanAndOwnedSlices/repeat#34\n"}
{"Time":"2026-09-05T22:17:17.609105+09:00","Action":"output","Package":"waiting-room/internal/installplan","Test":"TestDeterministicPlanAndOwnedSlices/repeat#34","Output":"=== PAUSE TestDeterministicPlanAndOwnedSlices/repeat#34\n"}
{"Time":"2026-09-05T22:17:17.609117+09:00","Action":"pause","Package":"waiting-room/internal/installplan","Test":"TestDeterministicPlanAndOwnedSlices/repeat#34"}
{"Time":"2026-09-05T22:17:17.609121+09:00","Action":"run","Package":"waiting-room/internal/installplan","Test":"TestDeterministicPlanAndOwnedSlices/repeat#35"}
{"Time":"2026-09-05T22:17:17.609122+09:00","Action":"output","Package":"waiting-room/internal/installplan","Test":"TestDeterministicPlanAndOwnedSlices/repeat#35","Output":"=== RUN   TestDeterministicPlanAndOwnedSlices/repeat#35\n"}
{"Time":"2026-09-05T22:17:17.609143+09:00","Action":"output","Package":"waiting-room/internal/installplan","Test":"TestDeterministicPlanAndOwnedSlices/repeat#35","Output":"=== PAUSE TestDeterministicPlanAndOwnedSlices/repeat#35\n"}
{"Time":"2026-09-05T22:17:17.609147+09:00","Action":"pause","Package":"waiting-room/internal/installplan","Test":"TestDeterministicPlanAndOwnedSlices/repeat#35"}
{"Time":"2026-09-05T22:17:17.609167+09:00","Action":"run","Package":"waiting-room/internal/installplan","Test":"TestDeterministicPlanAndOwnedSlices/repeat#36"}
{"Time":"2026-09-05T22:17:17.609171+09:00","Action":"output","Package":"waiting-room/internal/installplan","Test":"TestDeterministicPlanAndOwnedSlices/repeat#36","Output":"=== RUN   TestDeterministicPlanAndOwnedSlices/repeat#36\n"}
{"Time":"2026-09-05T22:17:17.609188+09:00","Action":"output","Package":"waiting-room/internal/installplan","Test":"TestDeterministicPlanAndOwnedSlices/repeat#36","Output":"=== PAUSE TestDeterministicPlanAndOwnedSlices/repeat#36\n"}
{"Time":"2026-09-05T22:17:17.609191+09:00","Action":"pause","Package":"waiting-room/internal/installplan","Test":"TestDeterministicPlanAndOwnedSlices/repeat#36"}
{"Time":"2026-09-05T22:17:17.609213+09:00","Action":"run","Package":"waiting-room/internal/installplan","Test":"TestDeterministicPlanAndOwnedSlices/repeat#37"}
{"Time":"2026-09-05T22:17:17.609216+09:00","Action":"output","Package":"waiting-room/internal/installplan","Test":"TestDeterministicPlanAndOwnedSlices/repeat#37","Output":"=== RUN   TestDeterministicPlanAndOwnedSlices/repeat#37\n"}
{"Time":"2026-09-05T22:17:17.609232+09:00","Action":"output","Package":"waiting-room/internal/installplan","Test":"TestDeterministicPlanAndOwnedSlices/repeat#37","Output":"=== PAUSE TestDeterministicPlanAndOwnedSlices/repeat#37\n"}
{"Time":"2026-09-05T22:17:17.609235+09:00","Action":"pause","Package":"waiting-room/internal/installplan","Test":"TestDeterministicPlanAndOwnedSlices/repeat#37"}
{"Time":"2026-09-05T22:17:17.609252+09:00","Action":"run","Package":"waiting-room/internal/installplan","Test":"TestDeterministicPlanAndOwnedSlices/repeat#38"}
{"Time":"2026-09-05T22:17:17.609254+09:00","Action":"output","Package":"waiting-room/internal/installplan","Test":"TestDeterministicPlanAndOwnedSlices/repeat#38","Output":"=== RUN   TestDeterministicPlanAndOwnedSlices/repeat#38\n"}
{"Time":"2026-09-05T22:17:17.609267+09:00","Action":"output","Package":"waiting-room/internal/installplan","Test":"TestDeterministicPlanAndOwnedSlices/repeat#38","Output":"=== PAUSE TestDeterministicPlanAndOwnedSlices/repeat#38\n"}
{"Time":"2026-09-05T22:17:17.60927+09:00","Action":"pause","Package":"waiting-room/internal/installplan","Test":"TestDeterministicPlanAndOwnedSlices/repeat#38"}
{"Time":"2026-09-05T22:17:17.609287+09:00","Action":"run","Package":"waiting-room/internal/installplan","Test":"TestDeterministicPlanAndOwnedSlices/repeat#39"}
{"Time":"2026-09-05T22:17:17.609289+09:00","Action":"output","Package":"waiting-room/internal/installplan","Test":"TestDeterministicPlanAndOwnedSlices/repeat#39","Output":"=== RUN   TestDeterministicPlanAndOwnedSlices/repeat#39\n"}
{"Time":"2026-09-05T22:17:17.609317+09:00","Action":"output","Package":"waiting-room/internal/installplan","Test":"TestDeterministicPlanAndOwnedSlices/repeat#39","Output":"=== PAUSE TestDeterministicPlanAndOwnedSlices/repeat#39\n"}
{"Time":"2026-09-05T22:17:17.609325+09:00","Action":"pause","Package":"waiting-room/internal/installplan","Test":"TestDeterministicPlanAndOwnedSlices/repeat#39"}
{"Time":"2026-09-05T22:17:17.609331+09:00","Action":"run","Package":"waiting-room/internal/installplan","Test":"TestDeterministicPlanAndOwnedSlices/repeat#40"}
{"Time":"2026-09-05T22:17:17.609336+09:00","Action":"output","Package":"waiting-room/internal/installplan","Test":"TestDeterministicPlanAndOwnedSlices/repeat#40","Output":"=== RUN   TestDeterministicPlanAndOwnedSlices/repeat#40\n"}
{"Time":"2026-09-05T22:17:17.609354+09:00","Action":"output","Package":"waiting-room/internal/installplan","Test":"TestDeterministicPlanAndOwnedSlices/repeat#40","Output":"=== PAUSE TestDeterministicPlanAndOwnedSlices/repeat#40\n"}
{"Time":"2026-09-05T22:17:17.609359+09:00","Action":"pause","Package":"waiting-room/internal/installplan","Test":"TestDeterministicPlanAndOwnedSlices/repeat#40"}
{"Time":"2026-09-05T22:17:17.609377+09:00","Action":"run","Package":"waiting-room/internal/installplan","Test":"TestDeterministicPlanAndOwnedSlices/repeat#41"}
{"Time":"2026-09-05T22:17:17.60938+09:00","Action":"output","Package":"waiting-room/internal/installplan","Test":"TestDeterministicPlanAndOwnedSlices/repeat#41","Output":"=== RUN   TestDeterministicPlanAndOwnedSlices/repeat#41\n"}
{"Time":"2026-09-05T22:17:17.609402+09:00","Action":"output","Package":"waiting-room/internal/installplan","Test":"TestDeterministicPlanAndOwnedSlices/repeat#41","Output":"=== PAUSE TestDeterministicPlanAndOwnedSlices/repeat#41\n"}
{"Time":"2026-09-05T22:17:17.609405+09:00","Action":"pause","Package":"waiting-room/internal/installplan","Test":"TestDeterministicPlanAndOwnedSlices/repeat#41"}
{"Time":"2026-09-05T22:17:17.60943+09:00","Action":"run","Package":"waiting-room/internal/installplan","Test":"TestDeterministicPlanAndOwnedSlices/repeat#42"}
{"Time":"2026-09-05T22:17:17.609434+09:00","Action":"output","Package":"waiting-room/internal/installplan","Test":"TestDeterministicPlanAndOwnedSlices/repeat#42","Output":"=== RUN   TestDeterministicPlanAndOwnedSlices/repeat#42\n"}
{"Time":"2026-09-05T22:17:17.609448+09:00","Action":"output","Package":"waiting-room/internal/installplan","Test":"TestDeterministicPlanAndOwnedSlices/repeat#42","Output":"=== PAUSE TestDeterministicPlanAndOwnedSlices/repeat#42\n"}
{"Time":"2026-09-05T22:17:17.609451+09:00","Action":"pause","Package":"waiting-room/internal/installplan","Test":"TestDeterministicPlanAndOwnedSlices/repeat#42"}
{"Time":"2026-09-05T22:17:17.609476+09:00","Action":"run","Package":"waiting-room/internal/installplan","Test":"TestDeterministicPlanAndOwnedSlices/repeat#43"}
{"Time":"2026-09-05T22:17:17.609478+09:00","Action":"output","Package":"waiting-room/internal/installplan","Test":"TestDeterministicPlanAndOwnedSlices/repeat#43","Output":"=== RUN   TestDeterministicPlanAndOwnedSlices/repeat#43\n"}
{"Time":"2026-09-05T22:17:17.609481+09:00","Action":"output","Package":"waiting-room/internal/installplan","Test":"TestDeterministicPlanAndOwnedSlices/repeat#43","Output":"=== PAUSE TestDeterministicPlanAndOwnedSlices/repeat#43\n"}
{"Time":"2026-09-05T22:17:17.609482+09:00","Action":"pause","Package":"waiting-room/internal/installplan","Test":"TestDeterministicPlanAndOwnedSlices/repeat#43"}
{"Time":"2026-09-05T22:17:17.60951+09:00","Action":"run","Package":"waiting-room/internal/installplan","Test":"TestDeterministicPlanAndOwnedSlices/repeat#44"}
{"Time":"2026-09-05T22:17:17.609514+09:00","Action":"output","Package":"waiting-room/internal/installplan","Test":"TestDeterministicPlanAndOwnedSlices/repeat#44","Output":"=== RUN   TestDeterministicPlanAndOwnedSlices/repeat#44\n"}
{"Time":"2026-09-05T22:17:17.609538+09:00","Action":"output","Package":"waiting-room/internal/installplan","Test":"TestDeterministicPlanAndOwnedSlices/repeat#44","Output":"=== PAUSE TestDeterministicPlanAndOwnedSlices/repeat#44\n"}
{"Time":"2026-09-05T22:17:17.609543+09:00","Action":"pause","Package":"waiting-room/internal/installplan","Test":"TestDeterministicPlanAndOwnedSlices/repeat#44"}
{"Time":"2026-09-05T22:17:17.609547+09:00","Action":"run","Package":"waiting-room/internal/installplan","Test":"TestDeterministicPlanAndOwnedSlices/repeat#45"}
{"Time":"2026-09-05T22:17:17.609549+09:00","Action":"output","Package":"waiting-room/internal/installplan","Test":"TestDeterministicPlanAndOwnedSlices/repeat#45","Output":"=== RUN   TestDeterministicPlanAndOwnedSlices/repeat#45\n"}
{"Time":"2026-09-05T22:17:17.609565+09:00","Action":"output","Package":"waiting-room/internal/installplan","Test":"TestDeterministicPlanAndOwnedSlices/repeat#45","Output":"=== PAUSE TestDeterministicPlanAndOwnedSlices/repeat#45\n"}
{"Time":"2026-09-05T22:17:17.609569+09:00","Action":"pause","Package":"waiting-room/internal/installplan","Test":"TestDeterministicPlanAndOwnedSlices/repeat#45"}
{"Time":"2026-09-05T22:17:17.60959+09:00","Action":"run","Package":"waiting-room/internal/installplan","Test":"TestDeterministicPlanAndOwnedSlices/repeat#46"}
{"Time":"2026-09-05T22:17:17.609593+09:00","Action":"output","Package":"waiting-room/internal/installplan","Test":"TestDeterministicPlanAndOwnedSlices/repeat#46","Output":"=== RUN   TestDeterministicPlanAndOwnedSlices/repeat#46\n"}
{"Time":"2026-09-05T22:17:17.609617+09:00","Action":"output","Package":"waiting-room/internal/installplan","Test":"TestDeterministicPlanAndOwnedSlices/repeat#46","Output":"=== PAUSE TestDeterministicPlanAndOwnedSlices/repeat#46\n"}
{"Time":"2026-09-05T22:17:17.609622+09:00","Action":"pause","Package":"waiting-room/internal/installplan","Test":"TestDeterministicPlanAndOwnedSlices/repeat#46"}
{"Time":"2026-09-05T22:17:17.609626+09:00","Action":"run","Package":"waiting-room/internal/installplan","Test":"TestDeterministicPlanAndOwnedSlices/repeat#47"}
{"Time":"2026-09-05T22:17:17.609628+09:00","Action":"output","Package":"waiting-room/internal/installplan","Test":"TestDeterministicPlanAndOwnedSlices/repeat#47","Output":"=== RUN   TestDeterministicPlanAndOwnedSlices/repeat#47\n"}
{"Time":"2026-09-05T22:17:17.609663+09:00","Action":"output","Package":"waiting-room/internal/installplan","Test":"TestDeterministicPlanAndOwnedSlices/repeat#47","Output":"=== PAUSE TestDeterministicPlanAndOwnedSlices/repeat#47\n"}
{"Time":"2026-09-05T22:17:17.609682+09:00","Action":"pause","Package":"waiting-room/internal/installplan","Test":"TestDeterministicPlanAndOwnedSlices/repeat#47"}
{"Time":"2026-09-05T22:17:17.609688+09:00","Action":"run","Package":"waiting-room/internal/installplan","Test":"TestDeterministicPlanAndOwnedSlices/repeat#48"}
{"Time":"2026-09-05T22:17:17.609692+09:00","Action":"output","Package":"waiting-room/internal/installplan","Test":"TestDeterministicPlanAndOwnedSlices/repeat#48","Output":"=== RUN   TestDeterministicPlanAndOwnedSlices/repeat#48\n"}
{"Time":"2026-09-05T22:17:17.609698+09:00","Action":"output","Package":"waiting-room/internal/installplan","Test":"TestDeterministicPlanAndOwnedSlices/repeat#48","Output":"=== PAUSE TestDeterministicPlanAndOwnedSlices/repeat#48\n"}
{"Time":"2026-09-05T22:17:17.6097+09:00","Action":"pause","Package":"waiting-room/internal/installplan","Test":"TestDeterministicPlanAndOwnedSlices/repeat#48"}
{"Time":"2026-09-05T22:17:17.609709+09:00","Action":"run","Package":"waiting-room/internal/installplan","Test":"TestDeterministicPlanAndOwnedSlices/repeat#49"}
{"Time":"2026-09-05T22:17:17.60971+09:00","Action":"output","Package":"waiting-room/internal/installplan","Test":"TestDeterministicPlanAndOwnedSlices/repeat#49","Output":"=== RUN   TestDeterministicPlanAndOwnedSlices/repeat#49\n"}
{"Time":"2026-09-05T22:17:17.609728+09:00","Action":"output","Package":"waiting-room/internal/installplan","Test":"TestDeterministicPlanAndOwnedSlices/repeat#49","Output":"=== PAUSE TestDeterministicPlanAndOwnedSlices/repeat#49\n"}
{"Time":"2026-09-05T22:17:17.609732+09:00","Action":"pause","Package":"waiting-room/internal/installplan","Test":"TestDeterministicPlanAndOwnedSlices/repeat#49"}
{"Time":"2026-09-05T22:17:17.609754+09:00","Action":"run","Package":"waiting-room/internal/installplan","Test":"TestDeterministicPlanAndOwnedSlices/repeat#50"}
{"Time":"2026-09-05T22:17:17.609758+09:00","Action":"output","Package":"waiting-room/internal/installplan","Test":"TestDeterministicPlanAndOwnedSlices/repeat#50","Output":"=== RUN   TestDeterministicPlanAndOwnedSlices/repeat#50\n"}
{"Time":"2026-09-05T22:17:17.609767+09:00","Action":"output","Package":"waiting-room/internal/installplan","Test":"TestDeterministicPlanAndOwnedSlices/repeat#50","Output":"=== PAUSE TestDeterministicPlanAndOwnedSlices/repeat#50\n"}
{"Time":"2026-09-05T22:17:17.609771+09:00","Action":"pause","Package":"waiting-room/internal/installplan","Test":"TestDeterministicPlanAndOwnedSlices/repeat#50"}
{"Time":"2026-09-05T22:17:17.609787+09:00","Action":"run","Package":"waiting-room/internal/installplan","Test":"TestDeterministicPlanAndOwnedSlices/repeat#51"}
{"Time":"2026-09-05T22:17:17.609794+09:00","Action":"output","Package":"waiting-room/internal/installplan","Test":"TestDeterministicPlanAndOwnedSlices/repeat#51","Output":"=== RUN   TestDeterministicPlanAndOwnedSlices/repeat#51\n"}
{"Time":"2026-09-05T22:17:17.609807+09:00","Action":"output","Package":"waiting-room/internal/installplan","Test":"TestDeterministicPlanAndOwnedSlices/repeat#51","Output":"=== PAUSE TestDeterministicPlanAndOwnedSlices/repeat#51\n"}
{"Time":"2026-09-05T22:17:17.60981+09:00","Action":"pause","Package":"waiting-room/internal/installplan","Test":"TestDeterministicPlanAndOwnedSlices/repeat#51"}
{"Time":"2026-09-05T22:17:17.609825+09:00","Action":"run","Package":"waiting-room/internal/installplan","Test":"TestDeterministicPlanAndOwnedSlices/repeat#52"}
{"Time":"2026-09-05T22:17:17.609828+09:00","Action":"output","Package":"waiting-room/internal/installplan","Test":"TestDeterministicPlanAndOwnedSlices/repeat#52","Output":"=== RUN   TestDeterministicPlanAndOwnedSlices/repeat#52\n"}
{"Time":"2026-09-05T22:17:17.609847+09:00","Action":"output","Package":"waiting-room/internal/installplan","Test":"TestDeterministicPlanAndOwnedSlices/repeat#52","Output":"=== PAUSE TestDeterministicPlanAndOwnedSlices/repeat#52\n"}
{"Time":"2026-09-05T22:17:17.60985+09:00","Action":"pause","Package":"waiting-room/internal/installplan","Test":"TestDeterministicPlanAndOwnedSlices/repeat#52"}
{"Time":"2026-09-05T22:17:17.609866+09:00","Action":"run","Package":"waiting-room/internal/installplan","Test":"TestDeterministicPlanAndOwnedSlices/repeat#53"}
{"Time":"2026-09-05T22:17:17.60987+09:00","Action":"output","Package":"waiting-room/internal/installplan","Test":"TestDeterministicPlanAndOwnedSlices/repeat#53","Output":"=== RUN   TestDeterministicPlanAndOwnedSlices/repeat#53\n"}
{"Time":"2026-09-05T22:17:17.60988+09:00","Action":"output","Package":"waiting-room/internal/installplan","Test":"TestDeterministicPlanAndOwnedSlices/repeat#53","Output":"=== PAUSE TestDeterministicPlanAndOwnedSlices/repeat#53\n"}
{"Time":"2026-09-05T22:17:17.609883+09:00","Action":"pause","Package":"waiting-room/internal/installplan","Test":"TestDeterministicPlanAndOwnedSlices/repeat#53"}
{"Time":"2026-09-05T22:17:17.609902+09:00","Action":"run","Package":"waiting-room/internal/installplan","Test":"TestDeterministicPlanAndOwnedSlices/repeat#54"}
{"Time":"2026-09-05T22:17:17.609905+09:00","Action":"output","Package":"waiting-room/internal/installplan","Test":"TestDeterministicPlanAndOwnedSlices/repeat#54","Output":"=== RUN   TestDeterministicPlanAndOwnedSlices/repeat#54\n"}
{"Time":"2026-09-05T22:17:17.609921+09:00","Action":"output","Package":"waiting-room/internal/installplan","Test":"TestDeterministicPlanAndOwnedSlices/repeat#54","Output":"=== PAUSE TestDeterministicPlanAndOwnedSlices/repeat#54\n"}
{"Time":"2026-09-05T22:17:17.609923+09:00","Action":"pause","Package":"waiting-room/internal/installplan","Test":"TestDeterministicPlanAndOwnedSlices/repeat#54"}
{"Time":"2026-09-05T22:17:17.609942+09:00","Action":"run","Package":"waiting-room/internal/installplan","Test":"TestDeterministicPlanAndOwnedSlices/repeat#55"}
{"Time":"2026-09-05T22:17:17.609944+09:00","Action":"output","Package":"waiting-room/internal/installplan","Test":"TestDeterministicPlanAndOwnedSlices/repeat#55","Output":"=== RUN   TestDeterministicPlanAndOwnedSlices/repeat#55\n"}
{"Time":"2026-09-05T22:17:17.609961+09:00","Action":"output","Package":"waiting-room/internal/installplan","Test":"TestDeterministicPlanAndOwnedSlices/repeat#55","Output":"=== PAUSE TestDeterministicPlanAndOwnedSlices/repeat#55\n"}
{"Time":"2026-09-05T22:17:17.609964+09:00","Action":"pause","Package":"waiting-room/internal/installplan","Test":"TestDeterministicPlanAndOwnedSlices/repeat#55"}
{"Time":"2026-09-05T22:17:17.609979+09:00","Action":"run","Package":"waiting-room/internal/installplan","Test":"TestDeterministicPlanAndOwnedSlices/repeat#56"}
{"Time":"2026-09-05T22:17:17.609983+09:00","Action":"output","Package":"waiting-room/internal/installplan","Test":"TestDeterministicPlanAndOwnedSlices/repeat#56","Output":"=== RUN   TestDeterministicPlanAndOwnedSlices/repeat#56\n"}
{"Time":"2026-09-05T22:17:17.610001+09:00","Action":"output","Package":"waiting-room/internal/installplan","Test":"TestDeterministicPlanAndOwnedSlices/repeat#56","Output":"=== PAUSE TestDeterministicPlanAndOwnedSlices/repeat#56\n"}
{"Time":"2026-09-05T22:17:17.610003+09:00","Action":"pause","Package":"waiting-room/internal/installplan","Test":"TestDeterministicPlanAndOwnedSlices/repeat#56"}
{"Time":"2026-09-05T22:17:17.610024+09:00","Action":"run","Package":"waiting-room/internal/installplan","Test":"TestDeterministicPlanAndOwnedSlices/repeat#57"}
{"Time":"2026-09-05T22:17:17.610027+09:00","Action":"output","Package":"waiting-room/internal/installplan","Test":"TestDeterministicPlanAndOwnedSlices/repeat#57","Output":"=== RUN   TestDeterministicPlanAndOwnedSlices/repeat#57\n"}
{"Time":"2026-09-05T22:17:17.610046+09:00","Action":"output","Package":"waiting-room/internal/installplan","Test":"TestDeterministicPlanAndOwnedSlices/repeat#57","Output":"=== PAUSE TestDeterministicPlanAndOwnedSlices/repeat#57\n"}
{"Time":"2026-09-05T22:17:17.610049+09:00","Action":"pause","Package":"waiting-room/internal/installplan","Test":"TestDeterministicPlanAndOwnedSlices/repeat#57"}
{"Time":"2026-09-05T22:17:17.610066+09:00","Action":"run","Package":"waiting-room/internal/installplan","Test":"TestDeterministicPlanAndOwnedSlices/repeat#58"}
{"Time":"2026-09-05T22:17:17.610068+09:00","Action":"output","Package":"waiting-room/internal/installplan","Test":"TestDeterministicPlanAndOwnedSlices/repeat#58","Output":"=== RUN   TestDeterministicPlanAndOwnedSlices/repeat#58\n"}
{"Time":"2026-09-05T22:17:17.610086+09:00","Action":"output","Package":"waiting-room/internal/installplan","Test":"TestDeterministicPlanAndOwnedSlices/repeat#58","Output":"=== PAUSE TestDeterministicPlanAndOwnedSlices/repeat#58\n"}
{"Time":"2026-09-05T22:17:17.610089+09:00","Action":"pause","Package":"waiting-room/internal/installplan","Test":"TestDeterministicPlanAndOwnedSlices/repeat#58"}
{"Time":"2026-09-05T22:17:17.610105+09:00","Action":"run","Package":"waiting-room/internal/installplan","Test":"TestDeterministicPlanAndOwnedSlices/repeat#59"}
{"Time":"2026-09-05T22:17:17.610108+09:00","Action":"output","Package":"waiting-room/internal/installplan","Test":"TestDeterministicPlanAndOwnedSlices/repeat#59","Output":"=== RUN   TestDeterministicPlanAndOwnedSlices/repeat#59\n"}
{"Time":"2026-09-05T22:17:17.610122+09:00","Action":"output","Package":"waiting-room/internal/installplan","Test":"TestDeterministicPlanAndOwnedSlices/repeat#59","Output":"=== PAUSE TestDeterministicPlanAndOwnedSlices/repeat#59\n"}
{"Time":"2026-09-05T22:17:17.610125+09:00","Action":"pause","Package":"waiting-room/internal/installplan","Test":"TestDeterministicPlanAndOwnedSlices/repeat#59"}
{"Time":"2026-09-05T22:17:17.610142+09:00","Action":"run","Package":"waiting-room/internal/installplan","Test":"TestDeterministicPlanAndOwnedSlices/repeat#60"}
{"Time":"2026-09-05T22:17:17.610145+09:00","Action":"output","Package":"waiting-room/internal/installplan","Test":"TestDeterministicPlanAndOwnedSlices/repeat#60","Output":"=== RUN   TestDeterministicPlanAndOwnedSlices/repeat#60\n"}
{"Time":"2026-09-05T22:17:17.610164+09:00","Action":"output","Package":"waiting-room/internal/installplan","Test":"TestDeterministicPlanAndOwnedSlices/repeat#60","Output":"=== PAUSE TestDeterministicPlanAndOwnedSlices/repeat#60\n"}
{"Time":"2026-09-05T22:17:17.610167+09:00","Action":"pause","Package":"waiting-room/internal/installplan","Test":"TestDeterministicPlanAndOwnedSlices/repeat#60"}
{"Time":"2026-09-05T22:17:17.610183+09:00","Action":"run","Package":"waiting-room/internal/installplan","Test":"TestDeterministicPlanAndOwnedSlices/repeat#61"}
{"Time":"2026-09-05T22:17:17.610186+09:00","Action":"output","Package":"waiting-room/internal/installplan","Test":"TestDeterministicPlanAndOwnedSlices/repeat#61","Output":"=== RUN   TestDeterministicPlanAndOwnedSlices/repeat#61\n"}
{"Time":"2026-09-05T22:17:17.610202+09:00","Action":"output","Package":"waiting-room/internal/installplan","Test":"TestDeterministicPlanAndOwnedSlices/repeat#61","Output":"=== PAUSE TestDeterministicPlanAndOwnedSlices/repeat#61\n"}
{"Time":"2026-09-05T22:17:17.610204+09:00","Action":"pause","Package":"waiting-room/internal/installplan","Test":"TestDeterministicPlanAndOwnedSlices/repeat#61"}
{"Time":"2026-09-05T22:17:17.610224+09:00","Action":"run","Package":"waiting-room/internal/installplan","Test":"TestDeterministicPlanAndOwnedSlices/repeat#62"}
{"Time":"2026-09-05T22:17:17.61023+09:00","Action":"output","Package":"waiting-room/internal/installplan","Test":"TestDeterministicPlanAndOwnedSlices/repeat#62","Output":"=== RUN   TestDeterministicPlanAndOwnedSlices/repeat#62\n"}
{"Time":"2026-09-05T22:17:17.610244+09:00","Action":"output","Package":"waiting-room/internal/installplan","Test":"TestDeterministicPlanAndOwnedSlices/repeat#62","Output":"=== PAUSE TestDeterministicPlanAndOwnedSlices/repeat#62\n"}
{"Time":"2026-09-05T22:17:17.610248+09:00","Action":"pause","Package":"waiting-room/internal/installplan","Test":"TestDeterministicPlanAndOwnedSlices/repeat#62"}
{"Time":"2026-09-05T22:17:17.610264+09:00","Action":"run","Package":"waiting-room/internal/installplan","Test":"TestDeterministicPlanAndOwnedSlices/repeat#63"}
{"Time":"2026-09-05T22:17:17.610267+09:00","Action":"output","Package":"waiting-room/internal/installplan","Test":"TestDeterministicPlanAndOwnedSlices/repeat#63","Output":"=== RUN   TestDeterministicPlanAndOwnedSlices/repeat#63\n"}
{"Time":"2026-09-05T22:17:17.610285+09:00","Action":"output","Package":"waiting-room/internal/installplan","Test":"TestDeterministicPlanAndOwnedSlices/repeat#63","Output":"=== PAUSE TestDeterministicPlanAndOwnedSlices/repeat#63\n"}
{"Time":"2026-09-05T22:17:17.610287+09:00","Action":"pause","Package":"waiting-room/internal/installplan","Test":"TestDeterministicPlanAndOwnedSlices/repeat#63"}
{"Time":"2026-09-05T22:17:17.610301+09:00","Action":"run","Package":"waiting-room/internal/installplan","Test":"TestDeterministicPlanAndOwnedSlices/repeat#64"}
{"Time":"2026-09-05T22:17:17.610305+09:00","Action":"output","Package":"waiting-room/internal/installplan","Test":"TestDeterministicPlanAndOwnedSlices/repeat#64","Output":"=== RUN   TestDeterministicPlanAndOwnedSlices/repeat#64\n"}
{"Time":"2026-09-05T22:17:17.610345+09:00","Action":"output","Package":"waiting-room/internal/installplan","Test":"TestDeterministicPlanAndOwnedSlices/repeat#64","Output":"=== PAUSE TestDeterministicPlanAndOwnedSlices/repeat#64\n"}
{"Time":"2026-09-05T22:17:17.610349+09:00","Action":"pause","Package":"waiting-room/internal/installplan","Test":"TestDeterministicPlanAndOwnedSlices/repeat#64"}
{"Time":"2026-09-05T22:17:17.610367+09:00","Action":"run","Package":"waiting-room/internal/installplan","Test":"TestDeterministicPlanAndOwnedSlices/repeat#65"}
{"Time":"2026-09-05T22:17:17.61037+09:00","Action":"output","Package":"waiting-room/internal/installplan","Test":"TestDeterministicPlanAndOwnedSlices/repeat#65","Output":"=== RUN   TestDeterministicPlanAndOwnedSlices/repeat#65\n"}
{"Time":"2026-09-05T22:17:17.610384+09:00","Action":"output","Package":"waiting-room/internal/installplan","Test":"TestDeterministicPlanAndOwnedSlices/repeat#65","Output":"=== PAUSE TestDeterministicPlanAndOwnedSlices/repeat#65\n"}
{"Time":"2026-09-05T22:17:17.610386+09:00","Action":"pause","Package":"waiting-room/internal/installplan","Test":"TestDeterministicPlanAndOwnedSlices/repeat#65"}
{"Time":"2026-09-05T22:17:17.610404+09:00","Action":"run","Package":"waiting-room/internal/installplan","Test":"TestDeterministicPlanAndOwnedSlices/repeat#66"}
{"Time":"2026-09-05T22:17:17.610407+09:00","Action":"output","Package":"waiting-room/internal/installplan","Test":"TestDeterministicPlanAndOwnedSlices/repeat#66","Output":"=== RUN   TestDeterministicPlanAndOwnedSlices/repeat#66\n"}
{"Time":"2026-09-05T22:17:17.610423+09:00","Action":"output","Package":"waiting-room/internal/installplan","Test":"TestDeterministicPlanAndOwnedSlices/repeat#66","Output":"=== PAUSE TestDeterministicPlanAndOwnedSlices/repeat#66\n"}
{"Time":"2026-09-05T22:17:17.610429+09:00","Action":"pause","Package":"waiting-room/internal/installplan","Test":"TestDeterministicPlanAndOwnedSlices/repeat#66"}
{"Time":"2026-09-05T22:17:17.610487+09:00","Action":"run","Package":"waiting-room/internal/installplan","Test":"TestDeterministicPlanAndOwnedSlices/repeat#67"}
{"Time":"2026-09-05T22:17:17.610493+09:00","Action":"output","Package":"waiting-room/internal/installplan","Test":"TestDeterministicPlanAndOwnedSlices/repeat#67","Output":"=== RUN   TestDeterministicPlanAndOwnedSlices/repeat#67\n"}
{"Time":"2026-09-05T22:17:17.610517+09:00","Action":"output","Package":"waiting-room/internal/installplan","Test":"TestDeterministicPlanAndOwnedSlices/repeat#67","Output":"=== PAUSE TestDeterministicPlanAndOwnedSlices/repeat#67\n"}
{"Time":"2026-09-05T22:17:17.610531+09:00","Action":"pause","Package":"waiting-room/internal/installplan","Test":"TestDeterministicPlanAndOwnedSlices/repeat#67"}
{"Time":"2026-09-05T22:17:17.610556+09:00","Action":"run","Package":"waiting-room/internal/installplan","Test":"TestDeterministicPlanAndOwnedSlices/repeat#68"}
{"Time":"2026-09-05T22:17:17.61056+09:00","Action":"output","Package":"waiting-room/internal/installplan","Test":"TestDeterministicPlanAndOwnedSlices/repeat#68","Output":"=== RUN   TestDeterministicPlanAndOwnedSlices/repeat#68\n"}
{"Time":"2026-09-05T22:17:17.610622+09:00","Action":"output","Package":"waiting-room/internal/installplan","Test":"TestDeterministicPlanAndOwnedSlices/repeat#68","Output":"=== PAUSE TestDeterministicPlanAndOwnedSlices/repeat#68\n"}
{"Time":"2026-09-05T22:17:17.610633+09:00","Action":"pause","Package":"waiting-room/internal/installplan","Test":"TestDeterministicPlanAndOwnedSlices/repeat#68"}
{"Time":"2026-09-05T22:17:17.61068+09:00","Action":"run","Package":"waiting-room/internal/installplan","Test":"TestDeterministicPlanAndOwnedSlices/repeat#69"}
{"Time":"2026-09-05T22:17:17.610687+09:00","Action":"output","Package":"waiting-room/internal/installplan","Test":"TestDeterministicPlanAndOwnedSlices/repeat#69","Output":"=== RUN   TestDeterministicPlanAndOwnedSlices/repeat#69\n"}
{"Time":"2026-09-05T22:17:17.610737+09:00","Action":"output","Package":"waiting-room/internal/installplan","Test":"TestDeterministicPlanAndOwnedSlices/repeat#69","Output":"=== PAUSE TestDeterministicPlanAndOwnedSlices/repeat#69\n"}
{"Time":"2026-09-05T22:17:17.610748+09:00","Action":"pause","Package":"waiting-room/internal/installplan","Test":"TestDeterministicPlanAndOwnedSlices/repeat#69"}
{"Time":"2026-09-05T22:17:17.610766+09:00","Action":"run","Package":"waiting-room/internal/installplan","Test":"TestDeterministicPlanAndOwnedSlices/repeat#70"}
{"Time":"2026-09-05T22:17:17.610773+09:00","Action":"output","Package":"waiting-room/internal/installplan","Test":"TestDeterministicPlanAndOwnedSlices/repeat#70","Output":"=== RUN   TestDeterministicPlanAndOwnedSlices/repeat#70\n"}
{"Time":"2026-09-05T22:17:17.610816+09:00","Action":"output","Package":"waiting-room/internal/installplan","Test":"TestDeterministicPlanAndOwnedSlices/repeat#70","Output":"=== PAUSE TestDeterministicPlanAndOwnedSlices/repeat#70\n"}
{"Time":"2026-09-05T22:17:17.610821+09:00","Action":"pause","Package":"waiting-room/internal/installplan","Test":"TestDeterministicPlanAndOwnedSlices/repeat#70"}
{"Time":"2026-09-05T22:17:17.610853+09:00","Action":"run","Package":"waiting-room/internal/installplan","Test":"TestDeterministicPlanAndOwnedSlices/repeat#71"}
{"Time":"2026-09-05T22:17:17.610872+09:00","Action":"output","Package":"waiting-room/internal/installplan","Test":"TestDeterministicPlanAndOwnedSlices/repeat#71","Output":"=== RUN   TestDeterministicPlanAndOwnedSlices/repeat#71\n"}
{"Time":"2026-09-05T22:17:17.610938+09:00","Action":"output","Package":"waiting-room/internal/installplan","Test":"TestDeterministicPlanAndOwnedSlices/repeat#71","Output":"=== PAUSE TestDeterministicPlanAndOwnedSlices/repeat#71\n"}
{"Time":"2026-09-05T22:17:17.610943+09:00","Action":"pause","Package":"waiting-room/internal/installplan","Test":"TestDeterministicPlanAndOwnedSlices/repeat#71"}
{"Time":"2026-09-05T22:17:17.610964+09:00","Action":"run","Package":"waiting-room/internal/installplan","Test":"TestDeterministicPlanAndOwnedSlices/repeat#72"}
{"Time":"2026-09-05T22:17:17.610968+09:00","Action":"output","Package":"waiting-room/internal/installplan","Test":"TestDeterministicPlanAndOwnedSlices/repeat#72","Output":"=== RUN   TestDeterministicPlanAndOwnedSlices/repeat#72\n"}
{"Time":"2026-09-05T22:17:17.610993+09:00","Action":"output","Package":"waiting-room/internal/installplan","Test":"TestDeterministicPlanAndOwnedSlices/repeat#72","Output":"=== PAUSE TestDeterministicPlanAndOwnedSlices/repeat#72\n"}
{"Time":"2026-09-05T22:17:17.610998+09:00","Action":"pause","Package":"waiting-room/internal/installplan","Test":"TestDeterministicPlanAndOwnedSlices/repeat#72"}
{"Time":"2026-09-05T22:17:17.61102+09:00","Action":"run","Package":"waiting-room/internal/installplan","Test":"TestDeterministicPlanAndOwnedSlices/repeat#73"}
{"Time":"2026-09-05T22:17:17.611035+09:00","Action":"output","Package":"waiting-room/internal/installplan","Test":"TestDeterministicPlanAndOwnedSlices/repeat#73","Output":"=== RUN   TestDeterministicPlanAndOwnedSlices/repeat#73\n"}
{"Time":"2026-09-05T22:17:17.611043+09:00","Action":"output","Package":"waiting-room/internal/installplan","Test":"TestDeterministicPlanAndOwnedSlices/repeat#73","Output":"=== PAUSE TestDeterministicPlanAndOwnedSlices/repeat#73\n"}
{"Time":"2026-09-05T22:17:17.611045+09:00","Action":"pause","Package":"waiting-room/internal/installplan","Test":"TestDeterministicPlanAndOwnedSlices/repeat#73"}
{"Time":"2026-09-05T22:17:17.611064+09:00","Action":"run","Package":"waiting-room/internal/installplan","Test":"TestDeterministicPlanAndOwnedSlices/repeat#74"}
{"Time":"2026-09-05T22:17:17.611068+09:00","Action":"output","Package":"waiting-room/internal/installplan","Test":"TestDeterministicPlanAndOwnedSlices/repeat#74","Output":"=== RUN   TestDeterministicPlanAndOwnedSlices/repeat#74\n"}
{"Time":"2026-09-05T22:17:17.611084+09:00","Action":"output","Package":"waiting-room/internal/installplan","Test":"TestDeterministicPlanAndOwnedSlices/repeat#74","Output":"=== PAUSE TestDeterministicPlanAndOwnedSlices/repeat#74\n"}
{"Time":"2026-09-05T22:17:17.611087+09:00","Action":"pause","Package":"waiting-room/internal/installplan","Test":"TestDeterministicPlanAndOwnedSlices/repeat#74"}
{"Time":"2026-09-05T22:17:17.611105+09:00","Action":"run","Package":"waiting-room/internal/installplan","Test":"TestDeterministicPlanAndOwnedSlices/repeat#75"}
{"Time":"2026-09-05T22:17:17.611108+09:00","Action":"output","Package":"waiting-room/internal/installplan","Test":"TestDeterministicPlanAndOwnedSlices/repeat#75","Output":"=== RUN   TestDeterministicPlanAndOwnedSlices/repeat#75\n"}
{"Time":"2026-09-05T22:17:17.611169+09:00","Action":"output","Package":"waiting-room/internal/installplan","Test":"TestDeterministicPlanAndOwnedSlices/repeat#75","Output":"=== PAUSE TestDeterministicPlanAndOwnedSlices/repeat#75\n"}
{"Time":"2026-09-05T22:17:17.611174+09:00","Action":"pause","Package":"waiting-room/internal/installplan","Test":"TestDeterministicPlanAndOwnedSlices/repeat#75"}
{"Time":"2026-09-05T22:17:17.611221+09:00","Action":"run","Package":"waiting-room/internal/installplan","Test":"TestDeterministicPlanAndOwnedSlices/repeat#76"}
{"Time":"2026-09-05T22:17:17.611227+09:00","Action":"output","Package":"waiting-room/internal/installplan","Test":"TestDeterministicPlanAndOwnedSlices/repeat#76","Output":"=== RUN   TestDeterministicPlanAndOwnedSlices/repeat#76\n"}
{"Time":"2026-09-05T22:17:17.611265+09:00","Action":"output","Package":"waiting-room/internal/installplan","Test":"TestDeterministicPlanAndOwnedSlices/repeat#76","Output":"=== PAUSE TestDeterministicPlanAndOwnedSlices/repeat#76\n"}
{"Time":"2026-09-05T22:17:17.611269+09:00","Action":"pause","Package":"waiting-room/internal/installplan","Test":"TestDeterministicPlanAndOwnedSlices/repeat#76"}
{"Time":"2026-09-05T22:17:17.611293+09:00","Action":"run","Package":"waiting-room/internal/installplan","Test":"TestDeterministicPlanAndOwnedSlices/repeat#77"}
{"Time":"2026-09-05T22:17:17.611297+09:00","Action":"output","Package":"waiting-room/internal/installplan","Test":"TestDeterministicPlanAndOwnedSlices/repeat#77","Output":"=== RUN   TestDeterministicPlanAndOwnedSlices/repeat#77\n"}
{"Time":"2026-09-05T22:17:17.611318+09:00","Action":"output","Package":"waiting-room/internal/installplan","Test":"TestDeterministicPlanAndOwnedSlices/repeat#77","Output":"=== PAUSE TestDeterministicPlanAndOwnedSlices/repeat#77\n"}
{"Time":"2026-09-05T22:17:17.611321+09:00","Action":"pause","Package":"waiting-room/internal/installplan","Test":"TestDeterministicPlanAndOwnedSlices/repeat#77"}
{"Time":"2026-09-05T22:17:17.611349+09:00","Action":"run","Package":"waiting-room/internal/installplan","Test":"TestDeterministicPlanAndOwnedSlices/repeat#78"}
{"Time":"2026-09-05T22:17:17.611353+09:00","Action":"output","Package":"waiting-room/internal/installplan","Test":"TestDeterministicPlanAndOwnedSlices/repeat#78","Output":"=== RUN   TestDeterministicPlanAndOwnedSlices/repeat#78\n"}
{"Time":"2026-09-05T22:17:17.611376+09:00","Action":"output","Package":"waiting-room/internal/installplan","Test":"TestDeterministicPlanAndOwnedSlices/repeat#78","Output":"=== PAUSE TestDeterministicPlanAndOwnedSlices/repeat#78\n"}
{"Time":"2026-09-05T22:17:17.611378+09:00","Action":"pause","Package":"waiting-room/internal/installplan","Test":"TestDeterministicPlanAndOwnedSlices/repeat#78"}
{"Time":"2026-09-05T22:17:17.611398+09:00","Action":"run","Package":"waiting-room/internal/installplan","Test":"TestDeterministicPlanAndOwnedSlices/repeat#79"}
{"Time":"2026-09-05T22:17:17.611401+09:00","Action":"output","Package":"waiting-room/internal/installplan","Test":"TestDeterministicPlanAndOwnedSlices/repeat#79","Output":"=== RUN   TestDeterministicPlanAndOwnedSlices/repeat#79\n"}
{"Time":"2026-09-05T22:17:17.611424+09:00","Action":"output","Package":"waiting-room/internal/installplan","Test":"TestDeterministicPlanAndOwnedSlices/repeat#79","Output":"=== PAUSE TestDeterministicPlanAndOwnedSlices/repeat#79\n"}
{"Time":"2026-09-05T22:17:17.611426+09:00","Action":"pause","Package":"waiting-room/internal/installplan","Test":"TestDeterministicPlanAndOwnedSlices/repeat#79"}
{"Time":"2026-09-05T22:17:17.61146+09:00","Action":"run","Package":"waiting-room/internal/installplan","Test":"TestDeterministicPlanAndOwnedSlices/repeat#80"}
{"Time":"2026-09-05T22:17:17.611465+09:00","Action":"output","Package":"waiting-room/internal/installplan","Test":"TestDeterministicPlanAndOwnedSlices/repeat#80","Output":"=== RUN   TestDeterministicPlanAndOwnedSlices/repeat#80\n"}
{"Time":"2026-09-05T22:17:17.611478+09:00","Action":"output","Package":"waiting-room/internal/installplan","Test":"TestDeterministicPlanAndOwnedSlices/repeat#80","Output":"=== PAUSE TestDeterministicPlanAndOwnedSlices/repeat#80\n"}
{"Time":"2026-09-05T22:17:17.611482+09:00","Action":"pause","Package":"waiting-room/internal/installplan","Test":"TestDeterministicPlanAndOwnedSlices/repeat#80"}
{"Time":"2026-09-05T22:17:17.611511+09:00","Action":"run","Package":"waiting-room/internal/installplan","Test":"TestDeterministicPlanAndOwnedSlices/repeat#81"}
{"Time":"2026-09-05T22:17:17.611517+09:00","Action":"output","Package":"waiting-room/internal/installplan","Test":"TestDeterministicPlanAndOwnedSlices/repeat#81","Output":"=== RUN   TestDeterministicPlanAndOwnedSlices/repeat#81\n"}
{"Time":"2026-09-05T22:17:17.611537+09:00","Action":"output","Package":"waiting-room/internal/installplan","Test":"TestDeterministicPlanAndOwnedSlices/repeat#81","Output":"=== PAUSE TestDeterministicPlanAndOwnedSlices/repeat#81\n"}
{"Time":"2026-09-05T22:17:17.611541+09:00","Action":"pause","Package":"waiting-room/internal/installplan","Test":"TestDeterministicPlanAndOwnedSlices/repeat#81"}
{"Time":"2026-09-05T22:17:17.61156+09:00","Action":"run","Package":"waiting-room/internal/installplan","Test":"TestDeterministicPlanAndOwnedSlices/repeat#82"}
{"Time":"2026-09-05T22:17:17.611563+09:00","Action":"output","Package":"waiting-room/internal/installplan","Test":"TestDeterministicPlanAndOwnedSlices/repeat#82","Output":"=== RUN   TestDeterministicPlanAndOwnedSlices/repeat#82\n"}
{"Time":"2026-09-05T22:17:17.611583+09:00","Action":"output","Package":"waiting-room/internal/installplan","Test":"TestDeterministicPlanAndOwnedSlices/repeat#82","Output":"=== PAUSE TestDeterministicPlanAndOwnedSlices/repeat#82\n"}
{"Time":"2026-09-05T22:17:17.611586+09:00","Action":"pause","Package":"waiting-room/internal/installplan","Test":"TestDeterministicPlanAndOwnedSlices/repeat#82"}
{"Time":"2026-09-05T22:17:17.611611+09:00","Action":"run","Package":"waiting-room/internal/installplan","Test":"TestDeterministicPlanAndOwnedSlices/repeat#83"}
{"Time":"2026-09-05T22:17:17.611616+09:00","Action":"output","Package":"waiting-room/internal/installplan","Test":"TestDeterministicPlanAndOwnedSlices/repeat#83","Output":"=== RUN   TestDeterministicPlanAndOwnedSlices/repeat#83\n"}
{"Time":"2026-09-05T22:17:17.611634+09:00","Action":"output","Package":"waiting-room/internal/installplan","Test":"TestDeterministicPlanAndOwnedSlices/repeat#83","Output":"=== PAUSE TestDeterministicPlanAndOwnedSlices/repeat#83\n"}
{"Time":"2026-09-05T22:17:17.611638+09:00","Action":"pause","Package":"waiting-room/internal/installplan","Test":"TestDeterministicPlanAndOwnedSlices/repeat#83"}
{"Time":"2026-09-05T22:17:17.611659+09:00","Action":"run","Package":"waiting-room/internal/installplan","Test":"TestDeterministicPlanAndOwnedSlices/repeat#84"}
{"Time":"2026-09-05T22:17:17.611669+09:00","Action":"output","Package":"waiting-room/internal/installplan","Test":"TestDeterministicPlanAndOwnedSlices/repeat#84","Output":"=== RUN   TestDeterministicPlanAndOwnedSlices/repeat#84\n"}
{"Time":"2026-09-05T22:17:17.611686+09:00","Action":"output","Package":"waiting-room/internal/installplan","Test":"TestDeterministicPlanAndOwnedSlices/repeat#84","Output":"=== PAUSE TestDeterministicPlanAndOwnedSlices/repeat#84\n"}
{"Time":"2026-09-05T22:17:17.611688+09:00","Action":"pause","Package":"waiting-room/internal/installplan","Test":"TestDeterministicPlanAndOwnedSlices/repeat#84"}
{"Time":"2026-09-05T22:17:17.611709+09:00","Action":"run","Package":"waiting-room/internal/installplan","Test":"TestDeterministicPlanAndOwnedSlices/repeat#85"}
{"Time":"2026-09-05T22:17:17.611711+09:00","Action":"output","Package":"waiting-room/internal/installplan","Test":"TestDeterministicPlanAndOwnedSlices/repeat#85","Output":"=== RUN   TestDeterministicPlanAndOwnedSlices/repeat#85\n"}
{"Time":"2026-09-05T22:17:17.611729+09:00","Action":"output","Package":"waiting-room/internal/installplan","Test":"TestDeterministicPlanAndOwnedSlices/repeat#85","Output":"=== PAUSE TestDeterministicPlanAndOwnedSlices/repeat#85\n"}
{"Time":"2026-09-05T22:17:17.611731+09:00","Action":"pause","Package":"waiting-room/internal/installplan","Test":"TestDeterministicPlanAndOwnedSlices/repeat#85"}
{"Time":"2026-09-05T22:17:17.611754+09:00","Action":"run","Package":"waiting-room/internal/installplan","Test":"TestDeterministicPlanAndOwnedSlices/repeat#86"}
{"Time":"2026-09-05T22:17:17.611759+09:00","Action":"output","Package":"waiting-room/internal/installplan","Test":"TestDeterministicPlanAndOwnedSlices/repeat#86","Output":"=== RUN   TestDeterministicPlanAndOwnedSlices/repeat#86\n"}
{"Time":"2026-09-05T22:17:17.611777+09:00","Action":"output","Package":"waiting-room/internal/installplan","Test":"TestDeterministicPlanAndOwnedSlices/repeat#86","Output":"=== PAUSE TestDeterministicPlanAndOwnedSlices/repeat#86\n"}
{"Time":"2026-09-05T22:17:17.61178+09:00","Action":"pause","Package":"waiting-room/internal/installplan","Test":"TestDeterministicPlanAndOwnedSlices/repeat#86"}
{"Time":"2026-09-05T22:17:17.611807+09:00","Action":"run","Package":"waiting-room/internal/installplan","Test":"TestDeterministicPlanAndOwnedSlices/repeat#87"}
{"Time":"2026-09-05T22:17:17.61181+09:00","Action":"output","Package":"waiting-room/internal/installplan","Test":"TestDeterministicPlanAndOwnedSlices/repeat#87","Output":"=== RUN   TestDeterministicPlanAndOwnedSlices/repeat#87\n"}
{"Time":"2026-09-05T22:17:17.611814+09:00","Action":"output","Package":"waiting-room/internal/installplan","Test":"TestDeterministicPlanAndOwnedSlices/repeat#87","Output":"=== PAUSE TestDeterministicPlanAndOwnedSlices/repeat#87\n"}
{"Time":"2026-09-05T22:17:17.611816+09:00","Action":"pause","Package":"waiting-room/internal/installplan","Test":"TestDeterministicPlanAndOwnedSlices/repeat#87"}
{"Time":"2026-09-05T22:17:17.611845+09:00","Action":"run","Package":"waiting-room/internal/installplan","Test":"TestDeterministicPlanAndOwnedSlices/repeat#88"}
{"Time":"2026-09-05T22:17:17.61185+09:00","Action":"output","Package":"waiting-room/internal/installplan","Test":"TestDeterministicPlanAndOwnedSlices/repeat#88","Output":"=== RUN   TestDeterministicPlanAndOwnedSlices/repeat#88\n"}
{"Time":"2026-09-05T22:17:17.611867+09:00","Action":"output","Package":"waiting-room/internal/installplan","Test":"TestDeterministicPlanAndOwnedSlices/repeat#88","Output":"=== PAUSE TestDeterministicPlanAndOwnedSlices/repeat#88\n"}
{"Time":"2026-09-05T22:17:17.61187+09:00","Action":"pause","Package":"waiting-room/internal/installplan","Test":"TestDeterministicPlanAndOwnedSlices/repeat#88"}
{"Time":"2026-09-05T22:17:17.611888+09:00","Action":"run","Package":"waiting-room/internal/installplan","Test":"TestDeterministicPlanAndOwnedSlices/repeat#89"}
{"Time":"2026-09-05T22:17:17.611891+09:00","Action":"output","Package":"waiting-room/internal/installplan","Test":"TestDeterministicPlanAndOwnedSlices/repeat#89","Output":"=== RUN   TestDeterministicPlanAndOwnedSlices/repeat#89\n"}
{"Time":"2026-09-05T22:17:17.611909+09:00","Action":"output","Package":"waiting-room/internal/installplan","Test":"TestDeterministicPlanAndOwnedSlices/repeat#89","Output":"=== PAUSE TestDeterministicPlanAndOwnedSlices/repeat#89\n"}
{"Time":"2026-09-05T22:17:17.611912+09:00","Action":"pause","Package":"waiting-room/internal/installplan","Test":"TestDeterministicPlanAndOwnedSlices/repeat#89"}
{"Time":"2026-09-05T22:17:17.611932+09:00","Action":"run","Package":"waiting-room/internal/installplan","Test":"TestDeterministicPlanAndOwnedSlices/repeat#90"}
{"Time":"2026-09-05T22:17:17.611934+09:00","Action":"output","Package":"waiting-room/internal/installplan","Test":"TestDeterministicPlanAndOwnedSlices/repeat#90","Output":"=== RUN   TestDeterministicPlanAndOwnedSlices/repeat#90\n"}
{"Time":"2026-09-05T22:17:17.611954+09:00","Action":"output","Package":"waiting-room/internal/installplan","Test":"TestDeterministicPlanAndOwnedSlices/repeat#90","Output":"=== PAUSE TestDeterministicPlanAndOwnedSlices/repeat#90\n"}
{"Time":"2026-09-05T22:17:17.611957+09:00","Action":"pause","Package":"waiting-room/internal/installplan","Test":"TestDeterministicPlanAndOwnedSlices/repeat#90"}
{"Time":"2026-09-05T22:17:17.61198+09:00","Action":"run","Package":"waiting-room/internal/installplan","Test":"TestDeterministicPlanAndOwnedSlices/repeat#91"}
{"Time":"2026-09-05T22:17:17.611983+09:00","Action":"output","Package":"waiting-room/internal/installplan","Test":"TestDeterministicPlanAndOwnedSlices/repeat#91","Output":"=== RUN   TestDeterministicPlanAndOwnedSlices/repeat#91\n"}
{"Time":"2026-09-05T22:17:17.611997+09:00","Action":"output","Package":"waiting-room/internal/installplan","Test":"TestDeterministicPlanAndOwnedSlices/repeat#91","Output":"=== PAUSE TestDeterministicPlanAndOwnedSlices/repeat#91\n"}
{"Time":"2026-09-05T22:17:17.611999+09:00","Action":"pause","Package":"waiting-room/internal/installplan","Test":"TestDeterministicPlanAndOwnedSlices/repeat#91"}
{"Time":"2026-09-05T22:17:17.61202+09:00","Action":"run","Package":"waiting-room/internal/installplan","Test":"TestDeterministicPlanAndOwnedSlices/repeat#92"}
{"Time":"2026-09-05T22:17:17.612024+09:00","Action":"output","Package":"waiting-room/internal/installplan","Test":"TestDeterministicPlanAndOwnedSlices/repeat#92","Output":"=== RUN   TestDeterministicPlanAndOwnedSlices/repeat#92\n"}
{"Time":"2026-09-05T22:17:17.612041+09:00","Action":"output","Package":"waiting-room/internal/installplan","Test":"TestDeterministicPlanAndOwnedSlices/repeat#92","Output":"=== PAUSE TestDeterministicPlanAndOwnedSlices/repeat#92\n"}
{"Time":"2026-09-05T22:17:17.612044+09:00","Action":"pause","Package":"waiting-room/internal/installplan","Test":"TestDeterministicPlanAndOwnedSlices/repeat#92"}
{"Time":"2026-09-05T22:17:17.612066+09:00","Action":"run","Package":"waiting-room/internal/installplan","Test":"TestDeterministicPlanAndOwnedSlices/repeat#93"}
{"Time":"2026-09-05T22:17:17.612069+09:00","Action":"output","Package":"waiting-room/internal/installplan","Test":"TestDeterministicPlanAndOwnedSlices/repeat#93","Output":"=== RUN   TestDeterministicPlanAndOwnedSlices/repeat#93\n"}
{"Time":"2026-09-05T22:17:17.612092+09:00","Action":"output","Package":"waiting-room/internal/installplan","Test":"TestDeterministicPlanAndOwnedSlices/repeat#93","Output":"=== PAUSE TestDeterministicPlanAndOwnedSlices/repeat#93\n"}
{"Time":"2026-09-05T22:17:17.612097+09:00","Action":"pause","Package":"waiting-room/internal/installplan","Test":"TestDeterministicPlanAndOwnedSlices/repeat#93"}
{"Time":"2026-09-05T22:17:17.612112+09:00","Action":"run","Package":"waiting-room/internal/installplan","Test":"TestDeterministicPlanAndOwnedSlices/repeat#94"}
{"Time":"2026-09-05T22:17:17.612118+09:00","Action":"output","Package":"waiting-room/internal/installplan","Test":"TestDeterministicPlanAndOwnedSlices/repeat#94","Output":"=== RUN   TestDeterministicPlanAndOwnedSlices/repeat#94\n"}
{"Time":"2026-09-05T22:17:17.612131+09:00","Action":"output","Package":"waiting-room/internal/installplan","Test":"TestDeterministicPlanAndOwnedSlices/repeat#94","Output":"=== PAUSE TestDeterministicPlanAndOwnedSlices/repeat#94\n"}
{"Time":"2026-09-05T22:17:17.612134+09:00","Action":"pause","Package":"waiting-room/internal/installplan","Test":"TestDeterministicPlanAndOwnedSlices/repeat#94"}
{"Time":"2026-09-05T22:17:17.612157+09:00","Action":"run","Package":"waiting-room/internal/installplan","Test":"TestDeterministicPlanAndOwnedSlices/repeat#95"}
{"Time":"2026-09-05T22:17:17.612161+09:00","Action":"output","Package":"waiting-room/internal/installplan","Test":"TestDeterministicPlanAndOwnedSlices/repeat#95","Output":"=== RUN   TestDeterministicPlanAndOwnedSlices/repeat#95\n"}
{"Time":"2026-09-05T22:17:17.612173+09:00","Action":"output","Package":"waiting-room/internal/installplan","Test":"TestDeterministicPlanAndOwnedSlices/repeat#95","Output":"=== PAUSE TestDeterministicPlanAndOwnedSlices/repeat#95\n"}
{"Time":"2026-09-05T22:17:17.612176+09:00","Action":"pause","Package":"waiting-room/internal/installplan","Test":"TestDeterministicPlanAndOwnedSlices/repeat#95"}
{"Time":"2026-09-05T22:17:17.612194+09:00","Action":"run","Package":"waiting-room/internal/installplan","Test":"TestDeterministicPlanAndOwnedSlices/repeat#96"}
{"Time":"2026-09-05T22:17:17.612196+09:00","Action":"output","Package":"waiting-room/internal/installplan","Test":"TestDeterministicPlanAndOwnedSlices/repeat#96","Output":"=== RUN   TestDeterministicPlanAndOwnedSlices/repeat#96\n"}
{"Time":"2026-09-05T22:17:17.612219+09:00","Action":"output","Package":"waiting-room/internal/installplan","Test":"TestDeterministicPlanAndOwnedSlices/repeat#96","Output":"=== PAUSE TestDeterministicPlanAndOwnedSlices/repeat#96\n"}
{"Time":"2026-09-05T22:17:17.612222+09:00","Action":"pause","Package":"waiting-room/internal/installplan","Test":"TestDeterministicPlanAndOwnedSlices/repeat#96"}
{"Time":"2026-09-05T22:17:17.612242+09:00","Action":"run","Package":"waiting-room/internal/installplan","Test":"TestDeterministicPlanAndOwnedSlices/repeat#97"}
{"Time":"2026-09-05T22:17:17.612245+09:00","Action":"output","Package":"waiting-room/internal/installplan","Test":"TestDeterministicPlanAndOwnedSlices/repeat#97","Output":"=== RUN   TestDeterministicPlanAndOwnedSlices/repeat#97\n"}
{"Time":"2026-09-05T22:17:17.612265+09:00","Action":"output","Package":"waiting-room/internal/installplan","Test":"TestDeterministicPlanAndOwnedSlices/repeat#97","Output":"=== PAUSE TestDeterministicPlanAndOwnedSlices/repeat#97\n"}
{"Time":"2026-09-05T22:17:17.612268+09:00","Action":"pause","Package":"waiting-room/internal/installplan","Test":"TestDeterministicPlanAndOwnedSlices/repeat#97"}
{"Time":"2026-09-05T22:17:17.61229+09:00","Action":"run","Package":"waiting-room/internal/installplan","Test":"TestDeterministicPlanAndOwnedSlices/repeat#98"}
{"Time":"2026-09-05T22:17:17.612293+09:00","Action":"output","Package":"waiting-room/internal/installplan","Test":"TestDeterministicPlanAndOwnedSlices/repeat#98","Output":"=== RUN   TestDeterministicPlanAndOwnedSlices/repeat#98\n"}
{"Time":"2026-09-05T22:17:17.612312+09:00","Action":"output","Package":"waiting-room/internal/installplan","Test":"TestDeterministicPlanAndOwnedSlices/repeat#98","Output":"=== PAUSE TestDeterministicPlanAndOwnedSlices/repeat#98\n"}
{"Time":"2026-09-05T22:17:17.612315+09:00","Action":"pause","Package":"waiting-room/internal/installplan","Test":"TestDeterministicPlanAndOwnedSlices/repeat#98"}
{"Time":"2026-09-05T22:17:17.61234+09:00","Action":"run","Package":"waiting-room/internal/installplan","Test":"TestDeterministicPlanAndOwnedSlices/repeat#99"}
{"Time":"2026-09-05T22:17:17.612344+09:00","Action":"output","Package":"waiting-room/internal/installplan","Test":"TestDeterministicPlanAndOwnedSlices/repeat#99","Output":"=== RUN   TestDeterministicPlanAndOwnedSlices/repeat#99\n"}
{"Time":"2026-09-05T22:17:17.612363+09:00","Action":"output","Package":"waiting-room/internal/installplan","Test":"TestDeterministicPlanAndOwnedSlices/repeat#99","Output":"=== PAUSE TestDeterministicPlanAndOwnedSlices/repeat#99\n"}
{"Time":"2026-09-05T22:17:17.612366+09:00","Action":"pause","Package":"waiting-room/internal/installplan","Test":"TestDeterministicPlanAndOwnedSlices/repeat#99"}
{"Time":"2026-09-05T22:17:17.61241+09:00","Action":"cont","Package":"waiting-room/internal/installplan","Test":"TestDeterministicPlanAndOwnedSlices/repeat"}
{"Time":"2026-09-05T22:17:17.612412+09:00","Action":"output","Package":"waiting-room/internal/installplan","Test":"TestDeterministicPlanAndOwnedSlices/repeat","Output":"=== CONT  TestDeterministicPlanAndOwnedSlices/repeat\n"}
{"Time":"2026-09-05T22:17:17.612442+09:00","Action":"cont","Package":"waiting-room/internal/installplan","Test":"TestDeterministicPlanAndOwnedSlices/repeat#51"}
{"Time":"2026-09-05T22:17:17.612445+09:00","Action":"output","Package":"waiting-room/internal/installplan","Test":"TestDeterministicPlanAndOwnedSlices/repeat#51","Output":"=== CONT  TestDeterministicPlanAndOwnedSlices/repeat#51\n"}
{"Time":"2026-09-05T22:17:17.612465+09:00","Action":"cont","Package":"waiting-room/internal/installplan","Test":"TestDeterministicPlanAndOwnedSlices/repeat#76"}
{"Time":"2026-09-05T22:17:17.612467+09:00","Action":"output","Package":"waiting-room/internal/installplan","Test":"TestDeterministicPlanAndOwnedSlices/repeat#76","Output":"=== CONT  TestDeterministicPlanAndOwnedSlices/repeat#76\n"}
{"Time":"2026-09-05T22:17:17.612567+09:00","Action":"cont","Package":"waiting-room/internal/installplan","Test":"TestDeterministicPlanAndOwnedSlices/repeat#62"}
{"Time":"2026-09-05T22:17:17.612573+09:00","Action":"output","Package":"waiting-room/internal/installplan","Test":"TestDeterministicPlanAndOwnedSlices/repeat#62","Output":"=== CONT  TestDeterministicPlanAndOwnedSlices/repeat#62\n"}
{"Time":"2026-09-05T22:17:17.612648+09:00","Action":"cont","Package":"waiting-room/internal/installplan","Test":"TestDeterministicPlanAndOwnedSlices/repeat#69"}
{"Time":"2026-09-05T22:17:17.612656+09:00","Action":"output","Package":"waiting-room/internal/installplan","Test":"TestDeterministicPlanAndOwnedSlices/repeat#69","Output":"=== CONT  TestDeterministicPlanAndOwnedSlices/repeat#69\n"}
{"Time":"2026-09-05T22:17:17.612747+09:00","Action":"cont","Package":"waiting-room/internal/installplan","Test":"TestDeterministicPlanAndOwnedSlices/repeat#65"}
{"Time":"2026-09-05T22:17:17.612755+09:00","Action":"output","Package":"waiting-room/internal/installplan","Test":"TestDeterministicPlanAndOwnedSlices/repeat#65","Output":"=== CONT  TestDeterministicPlanAndOwnedSlices/repeat#65\n"}
{"Time":"2026-09-05T22:17:17.612834+09:00","Action":"cont","Package":"waiting-room/internal/installplan","Test":"TestDeterministicPlanAndOwnedSlices/repeat#71"}
{"Time":"2026-09-05T22:17:17.612842+09:00","Action":"output","Package":"waiting-room/internal/installplan","Test":"TestDeterministicPlanAndOwnedSlices/repeat#71","Output":"=== CONT  TestDeterministicPlanAndOwnedSlices/repeat#71\n"}
{"Time":"2026-09-05T22:17:17.612846+09:00","Action":"output","Package":"waiting-room/internal/installplan","Test":"TestDeterministicPlanAndOwnedSlices/repeat","Output":"--- PASS: TestDeterministicPlanAndOwnedSlices/repeat (0.00s)\n"}
{"Time":"2026-09-05T22:17:17.612866+09:00","Action":"pass","Package":"waiting-room/internal/installplan","Test":"TestDeterministicPlanAndOwnedSlices/repeat","Elapsed":0}
{"Time":"2026-09-05T22:17:17.612871+09:00","Action":"output","Package":"waiting-room/internal/installplan","Test":"TestDeterministicPlanAndOwnedSlices/repeat#76","Output":"--- PASS: TestDeterministicPlanAndOwnedSlices/repeat#76 (0.00s)\n"}
{"Time":"2026-09-05T22:17:17.612889+09:00","Action":"pass","Package":"waiting-room/internal/installplan","Test":"TestDeterministicPlanAndOwnedSlices/repeat#76","Elapsed":0}
{"Time":"2026-09-05T22:17:17.612891+09:00","Action":"cont","Package":"waiting-room/internal/installplan","Test":"TestDeterministicPlanAndOwnedSlices/repeat#49"}
{"Time":"2026-09-05T22:17:17.612893+09:00","Action":"output","Package":"waiting-room/internal/installplan","Test":"TestDeterministicPlanAndOwnedSlices/repeat#49","Output":"=== CONT  TestDeterministicPlanAndOwnedSlices/repeat#49\n"}
{"Time":"2026-09-05T22:17:17.612942+09:00","Action":"cont","Package":"waiting-room/internal/installplan","Test":"TestDeterministicPlanAndOwnedSlices/repeat#39"}
{"Time":"2026-09-05T22:17:17.612944+09:00","Action":"output","Package":"waiting-room/internal/installplan","Test":"TestDeterministicPlanAndOwnedSlices/repeat#39","Output":"=== CONT  TestDeterministicPlanAndOwnedSlices/repeat#39\n"}
{"Time":"2026-09-05T22:17:17.613034+09:00","Action":"cont","Package":"waiting-room/internal/installplan","Test":"TestDeterministicPlanAndOwnedSlices/repeat#47"}
{"Time":"2026-09-05T22:17:17.613039+09:00","Action":"output","Package":"waiting-room/internal/installplan","Test":"TestDeterministicPlanAndOwnedSlices/repeat#47","Output":"=== CONT  TestDeterministicPlanAndOwnedSlices/repeat#47\n"}
{"Time":"2026-09-05T22:17:17.613047+09:00","Action":"cont","Package":"waiting-room/internal/installplan","Test":"TestDeterministicPlanAndOwnedSlices/repeat#38"}
{"Time":"2026-09-05T22:17:17.613051+09:00","Action":"output","Package":"waiting-room/internal/installplan","Test":"TestDeterministicPlanAndOwnedSlices/repeat#38","Output":"=== CONT  TestDeterministicPlanAndOwnedSlices/repeat#38\n"}
{"Time":"2026-09-05T22:17:17.613073+09:00","Action":"cont","Package":"waiting-room/internal/installplan","Test":"TestDeterministicPlanAndOwnedSlices/repeat#48"}
{"Time":"2026-09-05T22:17:17.613076+09:00","Action":"output","Package":"waiting-room/internal/installplan","Test":"TestDeterministicPlanAndOwnedSlices/repeat#48","Output":"=== CONT  TestDeterministicPlanAndOwnedSlices/repeat#48\n"}
{"Time":"2026-09-05T22:17:17.613112+09:00","Action":"cont","Package":"waiting-room/internal/installplan","Test":"TestDeterministicPlanAndOwnedSlices/repeat#45"}
{"Time":"2026-09-05T22:17:17.613116+09:00","Action":"output","Package":"waiting-room/internal/installplan","Test":"TestDeterministicPlanAndOwnedSlices/repeat#45","Output":"=== CONT  TestDeterministicPlanAndOwnedSlices/repeat#45\n"}
{"Time":"2026-09-05T22:17:17.613157+09:00","Action":"cont","Package":"waiting-room/internal/installplan","Test":"TestDeterministicPlanAndOwnedSlices/repeat#46"}
{"Time":"2026-09-05T22:17:17.61317+09:00","Action":"output","Package":"waiting-room/internal/installplan","Test":"TestDeterministicPlanAndOwnedSlices/repeat#46","Output":"=== CONT  TestDeterministicPlanAndOwnedSlices/repeat#46\n"}
{"Time":"2026-09-05T22:17:17.613187+09:00","Action":"cont","Package":"waiting-room/internal/installplan","Test":"TestDeterministicPlanAndOwnedSlices/repeat#44"}
{"Time":"2026-09-05T22:17:17.613191+09:00","Action":"output","Package":"waiting-room/internal/installplan","Test":"TestDeterministicPlanAndOwnedSlices/repeat#44","Output":"=== CONT  TestDeterministicPlanAndOwnedSlices/repeat#44\n"}
{"Time":"2026-09-05T22:17:17.613194+09:00","Action":"cont","Package":"waiting-room/internal/installplan","Test":"TestDeterministicPlanAndOwnedSlices/repeat#42"}
{"Time":"2026-09-05T22:17:17.613195+09:00","Action":"output","Package":"waiting-room/internal/installplan","Test":"TestDeterministicPlanAndOwnedSlices/repeat#42","Output":"=== CONT  TestDeterministicPlanAndOwnedSlices/repeat#42\n"}
{"Time":"2026-09-05T22:17:17.61322+09:00","Action":"cont","Package":"waiting-room/internal/installplan","Test":"TestDeterministicPlanAndOwnedSlices/repeat#43"}
{"Time":"2026-09-05T22:17:17.613223+09:00","Action":"output","Package":"waiting-room/internal/installplan","Test":"TestDeterministicPlanAndOwnedSlices/repeat#43","Output":"=== CONT  TestDeterministicPlanAndOwnedSlices/repeat#43\n"}
{"Time":"2026-09-05T22:17:17.613264+09:00","Action":"cont","Package":"waiting-room/internal/installplan","Test":"TestDeterministicPlanAndOwnedSlices/repeat#33"}
{"Time":"2026-09-05T22:17:17.613268+09:00","Action":"output","Package":"waiting-room/internal/installplan","Test":"TestDeterministicPlanAndOwnedSlices/repeat#33","Output":"=== CONT  TestDeterministicPlanAndOwnedSlices/repeat#33\n"}
{"Time":"2026-09-05T22:17:17.613286+09:00","Action":"cont","Package":"waiting-room/internal/installplan","Test":"TestDeterministicPlanAndOwnedSlices/repeat#41"}
{"Time":"2026-09-05T22:17:17.613289+09:00","Action":"output","Package":"waiting-room/internal/installplan","Test":"TestDeterministicPlanAndOwnedSlices/repeat#41","Output":"=== CONT  TestDeterministicPlanAndOwnedSlices/repeat#41\n"}
{"Time":"2026-09-05T22:17:17.613657+09:00","Action":"output","Package":"waiting-room/internal/installplan","Test":"TestDeterministicPlanAndOwnedSlices/repeat#51","Output":"--- PASS: TestDeterministicPlanAndOwnedSlices/repeat#51 (0.00s)\n"}
{"Time":"2026-09-05T22:17:17.613664+09:00","Action":"pass","Package":"waiting-room/internal/installplan","Test":"TestDeterministicPlanAndOwnedSlices/repeat#51","Elapsed":0}
{"Time":"2026-09-05T22:17:17.613666+09:00","Action":"cont","Package":"waiting-room/internal/installplan","Test":"TestDeterministicPlanAndOwnedSlices/repeat#37"}
{"Time":"2026-09-05T22:17:17.613668+09:00","Action":"output","Package":"waiting-room/internal/installplan","Test":"TestDeterministicPlanAndOwnedSlices/repeat#37","Output":"=== CONT  TestDeterministicPlanAndOwnedSlices/repeat#37\n"}
{"Time":"2026-09-05T22:17:17.613716+09:00","Action":"output","Package":"waiting-room/internal/installplan","Test":"TestDeterministicPlanAndOwnedSlices/repeat#62","Output":"--- PASS: TestDeterministicPlanAndOwnedSlices/repeat#62 (0.00s)\n"}
{"Time":"2026-09-05T22:17:17.613748+09:00","Action":"pass","Package":"waiting-room/internal/installplan","Test":"TestDeterministicPlanAndOwnedSlices/repeat#62","Elapsed":0}
{"Time":"2026-09-05T22:17:17.613767+09:00","Action":"cont","Package":"waiting-room/internal/installplan","Test":"TestDeterministicPlanAndOwnedSlices/repeat#36"}
{"Time":"2026-09-05T22:17:17.613771+09:00","Action":"output","Package":"waiting-room/internal/installplan","Test":"TestDeterministicPlanAndOwnedSlices/repeat#36","Output":"=== CONT  TestDeterministicPlanAndOwnedSlices/repeat#36\n"}
{"Time":"2026-09-05T22:17:17.613782+09:00","Action":"output","Package":"waiting-room/internal/installplan","Test":"TestDeterministicPlanAndOwnedSlices/repeat#69","Output":"--- PASS: TestDeterministicPlanAndOwnedSlices/repeat#69 (0.00s)\n"}
{"Time":"2026-09-05T22:17:17.613973+09:00","Action":"pass","Package":"waiting-room/internal/installplan","Test":"TestDeterministicPlanAndOwnedSlices/repeat#69","Elapsed":0}
{"Time":"2026-09-05T22:17:17.613979+09:00","Action":"cont","Package":"waiting-room/internal/installplan","Test":"TestDeterministicPlanAndOwnedSlices/repeat#27"}
{"Time":"2026-09-05T22:17:17.613981+09:00","Action":"output","Package":"waiting-room/internal/installplan","Test":"TestDeterministicPlanAndOwnedSlices/repeat#27","Output":"=== CONT  TestDeterministicPlanAndOwnedSlices/repeat#27\n"}
{"Time":"2026-09-05T22:17:17.614004+09:00","Action":"cont","Package":"waiting-room/internal/installplan","Test":"TestDeterministicPlanAndOwnedSlices/repeat#40"}
{"Time":"2026-09-05T22:17:17.614018+09:00","Action":"output","Package":"waiting-room/internal/installplan","Test":"TestDeterministicPlanAndOwnedSlices/repeat#40","Output":"=== CONT  TestDeterministicPlanAndOwnedSlices/repeat#40\n"}
{"Time":"2026-09-05T22:17:17.614118+09:00","Action":"cont","Package":"waiting-room/internal/installplan","Test":"TestDeterministicPlanAndOwnedSlices/repeat#11"}
{"Time":"2026-09-05T22:17:17.614129+09:00","Action":"output","Package":"waiting-room/internal/installplan","Test":"TestDeterministicPlanAndOwnedSlices/repeat#11","Output":"=== CONT  TestDeterministicPlanAndOwnedSlices/repeat#11\n"}
{"Time":"2026-09-05T22:17:17.614186+09:00","Action":"cont","Package":"waiting-room/internal/installplan","Test":"TestDeterministicPlanAndOwnedSlices/repeat#31"}
{"Time":"2026-09-05T22:17:17.614191+09:00","Action":"output","Package":"waiting-room/internal/installplan","Test":"TestDeterministicPlanAndOwnedSlices/repeat#31","Output":"=== CONT  TestDeterministicPlanAndOwnedSlices/repeat#31\n"}
{"Time":"2026-09-05T22:17:17.614698+09:00","Action":"cont","Package":"waiting-room/internal/installplan","Test":"TestDeterministicPlanAndOwnedSlices/repeat#30"}
{"Time":"2026-09-05T22:17:17.614703+09:00","Action":"output","Package":"waiting-room/internal/installplan","Test":"TestDeterministicPlanAndOwnedSlices/repeat#30","Output":"=== CONT  TestDeterministicPlanAndOwnedSlices/repeat#30\n"}
{"Time":"2026-09-05T22:17:17.614735+09:00","Action":"cont","Package":"waiting-room/internal/installplan","Test":"TestDeterministicPlanAndOwnedSlices/repeat#67"}
{"Time":"2026-09-05T22:17:17.614743+09:00","Action":"output","Package":"waiting-room/internal/installplan","Test":"TestDeterministicPlanAndOwnedSlices/repeat#67","Output":"=== CONT  TestDeterministicPlanAndOwnedSlices/repeat#67\n"}
{"Time":"2026-09-05T22:17:17.614758+09:00","Action":"cont","Package":"waiting-room/internal/installplan","Test":"TestDeterministicPlanAndOwnedSlices/repeat#35"}
{"Time":"2026-09-05T22:17:17.614761+09:00","Action":"output","Package":"waiting-room/internal/installplan","Test":"TestDeterministicPlanAndOwnedSlices/repeat#35","Output":"=== CONT  TestDeterministicPlanAndOwnedSlices/repeat#35\n"}
{"Time":"2026-09-05T22:17:17.614785+09:00","Action":"output","Package":"waiting-room/internal/installplan","Test":"TestDeterministicPlanAndOwnedSlices/repeat#65","Output":"--- PASS: TestDeterministicPlanAndOwnedSlices/repeat#65 (0.00s)\n"}
{"Time":"2026-09-05T22:17:17.614837+09:00","Action":"pass","Package":"waiting-room/internal/installplan","Test":"TestDeterministicPlanAndOwnedSlices/repeat#65","Elapsed":0}
{"Time":"2026-09-05T22:17:17.614848+09:00","Action":"cont","Package":"waiting-room/internal/installplan","Test":"TestDeterministicPlanAndOwnedSlices/repeat#26"}
{"Time":"2026-09-05T22:17:17.614852+09:00","Action":"output","Package":"waiting-room/internal/installplan","Test":"TestDeterministicPlanAndOwnedSlices/repeat#26","Output":"=== CONT  TestDeterministicPlanAndOwnedSlices/repeat#26\n"}
{"Time":"2026-09-05T22:17:17.614862+09:00","Action":"cont","Package":"waiting-room/internal/installplan","Test":"TestDeterministicPlanAndOwnedSlices/repeat#32"}
{"Time":"2026-09-05T22:17:17.614866+09:00","Action":"output","Package":"waiting-room/internal/installplan","Test":"TestDeterministicPlanAndOwnedSlices/repeat#32","Output":"=== CONT  TestDeterministicPlanAndOwnedSlices/repeat#32\n"}
{"Time":"2026-09-05T22:17:17.614881+09:00","Action":"cont","Package":"waiting-room/internal/installplan","Test":"TestDeterministicPlanAndOwnedSlices/repeat#05"}
{"Time":"2026-09-05T22:17:17.614884+09:00","Action":"output","Package":"waiting-room/internal/installplan","Test":"TestDeterministicPlanAndOwnedSlices/repeat#05","Output":"=== CONT  TestDeterministicPlanAndOwnedSlices/repeat#05\n"}
{"Time":"2026-09-05T22:17:17.614887+09:00","Action":"cont","Package":"waiting-room/internal/installplan","Test":"TestDeterministicPlanAndOwnedSlices/repeat#55"}
{"Time":"2026-09-05T22:17:17.614889+09:00","Action":"output","Package":"waiting-room/internal/installplan","Test":"TestDeterministicPlanAndOwnedSlices/repeat#55","Output":"=== CONT  TestDeterministicPlanAndOwnedSlices/repeat#55\n"}
{"Time":"2026-09-05T22:17:17.614894+09:00","Action":"cont","Package":"waiting-room/internal/installplan","Test":"TestDeterministicPlanAndOwnedSlices/repeat#29"}
{"Time":"2026-09-05T22:17:17.614899+09:00","Action":"output","Package":"waiting-room/internal/installplan","Test":"TestDeterministicPlanAndOwnedSlices/repeat#29","Output":"=== CONT  TestDeterministicPlanAndOwnedSlices/repeat#29\n"}
{"Time":"2026-09-05T22:17:17.61495+09:00","Action":"cont","Package":"waiting-room/internal/installplan","Test":"TestDeterministicPlanAndOwnedSlices/repeat#07"}
{"Time":"2026-09-05T22:17:17.614956+09:00","Action":"output","Package":"waiting-room/internal/installplan","Test":"TestDeterministicPlanAndOwnedSlices/repeat#07","Output":"=== CONT  TestDeterministicPlanAndOwnedSlices/repeat#07\n"}
{"Time":"2026-09-05T22:17:17.615018+09:00","Action":"cont","Package":"waiting-room/internal/installplan","Test":"TestDeterministicPlanAndOwnedSlices/repeat#13"}
{"Time":"2026-09-05T22:17:17.615025+09:00","Action":"output","Package":"waiting-room/internal/installplan","Test":"TestDeterministicPlanAndOwnedSlices/repeat#13","Output":"=== CONT  TestDeterministicPlanAndOwnedSlices/repeat#13\n"}
{"Time":"2026-09-05T22:17:17.615029+09:00","Action":"cont","Package":"waiting-room/internal/installplan","Test":"TestDeterministicPlanAndOwnedSlices/repeat#08"}
{"Time":"2026-09-05T22:17:17.615031+09:00","Action":"output","Package":"waiting-room/internal/installplan","Test":"TestDeterministicPlanAndOwnedSlices/repeat#08","Output":"=== CONT  TestDeterministicPlanAndOwnedSlices/repeat#08\n"}
{"Time":"2026-09-05T22:17:17.615035+09:00","Action":"cont","Package":"waiting-room/internal/installplan","Test":"TestDeterministicPlanAndOwnedSlices/repeat#02"}
{"Time":"2026-09-05T22:17:17.615038+09:00","Action":"output","Package":"waiting-room/internal/installplan","Test":"TestDeterministicPlanAndOwnedSlices/repeat#02","Output":"=== CONT  TestDeterministicPlanAndOwnedSlices/repeat#02\n"}
{"Time":"2026-09-05T22:17:17.615065+09:00","Action":"cont","Package":"waiting-room/internal/installplan","Test":"TestDeterministicPlanAndOwnedSlices/repeat#57"}
{"Time":"2026-09-05T22:17:17.615074+09:00","Action":"output","Package":"waiting-room/internal/installplan","Test":"TestDeterministicPlanAndOwnedSlices/repeat#57","Output":"=== CONT  TestDeterministicPlanAndOwnedSlices/repeat#57\n"}
{"Time":"2026-09-05T22:17:17.615082+09:00","Action":"cont","Package":"waiting-room/internal/installplan","Test":"TestDeterministicPlanAndOwnedSlices/repeat#20"}
{"Time":"2026-09-05T22:17:17.615085+09:00","Action":"output","Package":"waiting-room/internal/installplan","Test":"TestDeterministicPlanAndOwnedSlices/repeat#20","Output":"=== CONT  TestDeterministicPlanAndOwnedSlices/repeat#20\n"}
{"Time":"2026-09-05T22:17:17.615088+09:00","Action":"cont","Package":"waiting-room/internal/installplan","Test":"TestDeterministicPlanAndOwnedSlices/repeat#64"}
{"Time":"2026-09-05T22:17:17.61509+09:00","Action":"output","Package":"waiting-room/internal/installplan","Test":"TestDeterministicPlanAndOwnedSlices/repeat#64","Output":"=== CONT  TestDeterministicPlanAndOwnedSlices/repeat#64\n"}
{"Time":"2026-09-05T22:17:17.615191+09:00","Action":"cont","Package":"waiting-room/internal/installplan","Test":"TestDeterministicPlanAndOwnedSlices/repeat#17"}
{"Time":"2026-09-05T22:17:17.615196+09:00","Action":"output","Package":"waiting-room/internal/installplan","Test":"TestDeterministicPlanAndOwnedSlices/repeat#17","Output":"=== CONT  TestDeterministicPlanAndOwnedSlices/repeat#17\n"}
{"Time":"2026-09-05T22:17:17.615202+09:00","Action":"output","Package":"waiting-room/internal/installplan","Test":"TestDeterministicPlanAndOwnedSlices/repeat#49","Output":"--- PASS: TestDeterministicPlanAndOwnedSlices/repeat#49 (0.00s)\n"}
{"Time":"2026-09-05T22:17:17.615205+09:00","Action":"pass","Package":"waiting-room/internal/installplan","Test":"TestDeterministicPlanAndOwnedSlices/repeat#49","Elapsed":0}
{"Time":"2026-09-05T22:17:17.615206+09:00","Action":"cont","Package":"waiting-room/internal/installplan","Test":"TestDeterministicPlanAndOwnedSlices/repeat#56"}
{"Time":"2026-09-05T22:17:17.615208+09:00","Action":"output","Package":"waiting-room/internal/installplan","Test":"TestDeterministicPlanAndOwnedSlices/repeat#56","Output":"=== CONT  TestDeterministicPlanAndOwnedSlices/repeat#56\n"}
{"Time":"2026-09-05T22:17:17.615258+09:00","Action":"output","Package":"waiting-room/internal/installplan","Test":"TestDeterministicPlanAndOwnedSlices/repeat#46","Output":"--- PASS: TestDeterministicPlanAndOwnedSlices/repeat#46 (0.00s)\n"}
{"Time":"2026-09-05T22:17:17.615263+09:00","Action":"pass","Package":"waiting-room/internal/installplan","Test":"TestDeterministicPlanAndOwnedSlices/repeat#46","Elapsed":0}
{"Time":"2026-09-05T22:17:17.615265+09:00","Action":"cont","Package":"waiting-room/internal/installplan","Test":"TestDeterministicPlanAndOwnedSlices/repeat#24"}
{"Time":"2026-09-05T22:17:17.615266+09:00","Action":"output","Package":"waiting-room/internal/installplan","Test":"TestDeterministicPlanAndOwnedSlices/repeat#24","Output":"=== CONT  TestDeterministicPlanAndOwnedSlices/repeat#24\n"}
{"Time":"2026-09-05T22:17:17.615283+09:00","Action":"cont","Package":"waiting-room/internal/installplan","Test":"TestDeterministicPlanAndOwnedSlices/repeat#18"}
{"Time":"2026-09-05T22:17:17.615285+09:00","Action":"output","Package":"waiting-room/internal/installplan","Test":"TestDeterministicPlanAndOwnedSlices/repeat#18","Output":"=== CONT  TestDeterministicPlanAndOwnedSlices/repeat#18\n"}
{"Time":"2026-09-05T22:17:17.61531+09:00","Action":"cont","Package":"waiting-room/internal/installplan","Test":"TestDeterministicPlanAndOwnedSlices/repeat#25"}
{"Time":"2026-09-05T22:17:17.615323+09:00","Action":"output","Package":"waiting-room/internal/installplan","Test":"TestDeterministicPlanAndOwnedSlices/repeat#25","Output":"=== CONT  TestDeterministicPlanAndOwnedSlices/repeat#25\n"}
{"Time":"2026-09-05T22:17:17.61536+09:00","Action":"cont","Package":"waiting-room/internal/installplan","Test":"TestDeterministicPlanAndOwnedSlices/repeat#58"}
{"Time":"2026-09-05T22:17:17.61537+09:00","Action":"output","Package":"waiting-room/internal/installplan","Test":"TestDeterministicPlanAndOwnedSlices/repeat#58","Output":"=== CONT  TestDeterministicPlanAndOwnedSlices/repeat#58\n"}
{"Time":"2026-09-05T22:17:17.615373+09:00","Action":"cont","Package":"waiting-room/internal/installplan","Test":"TestDeterministicPlanAndOwnedSlices/repeat#63"}
{"Time":"2026-09-05T22:17:17.615376+09:00","Action":"output","Package":"waiting-room/internal/installplan","Test":"TestDeterministicPlanAndOwnedSlices/repeat#63","Output":"=== CONT  TestDeterministicPlanAndOwnedSlices/repeat#63\n"}
{"Time":"2026-09-05T22:17:17.61538+09:00","Action":"cont","Package":"waiting-room/internal/installplan","Test":"TestDeterministicPlanAndOwnedSlices/repeat#19"}
{"Time":"2026-09-05T22:17:17.615382+09:00","Action":"output","Package":"waiting-room/internal/installplan","Test":"TestDeterministicPlanAndOwnedSlices/repeat#19","Output":"=== CONT  TestDeterministicPlanAndOwnedSlices/repeat#19\n"}
{"Time":"2026-09-05T22:17:17.615433+09:00","Action":"cont","Package":"waiting-room/internal/installplan","Test":"TestDeterministicPlanAndOwnedSlices/repeat#23"}
{"Time":"2026-09-05T22:17:17.615439+09:00","Action":"output","Package":"waiting-room/internal/installplan","Test":"TestDeterministicPlanAndOwnedSlices/repeat#23","Output":"=== CONT  TestDeterministicPlanAndOwnedSlices/repeat#23\n"}
{"Time":"2026-09-05T22:17:17.615443+09:00","Action":"cont","Package":"waiting-room/internal/installplan","Test":"TestDeterministicPlanAndOwnedSlices/repeat#06"}
{"Time":"2026-09-05T22:17:17.615446+09:00","Action":"output","Package":"waiting-room/internal/installplan","Test":"TestDeterministicPlanAndOwnedSlices/repeat#06","Output":"=== CONT  TestDeterministicPlanAndOwnedSlices/repeat#06\n"}
{"Time":"2026-09-05T22:17:17.61545+09:00","Action":"cont","Package":"waiting-room/internal/installplan","Test":"TestDeterministicPlanAndOwnedSlices/repeat#22"}
{"Time":"2026-09-05T22:17:17.615452+09:00","Action":"output","Package":"waiting-room/internal/installplan","Test":"TestDeterministicPlanAndOwnedSlices/repeat#22","Output":"=== CONT  TestDeterministicPlanAndOwnedSlices/repeat#22\n"}
{"Time":"2026-09-05T22:17:17.615668+09:00","Action":"cont","Package":"waiting-room/internal/installplan","Test":"TestDeterministicPlanAndOwnedSlices/repeat#50"}
{"Time":"2026-09-05T22:17:17.615673+09:00","Action":"output","Package":"waiting-room/internal/installplan","Test":"TestDeterministicPlanAndOwnedSlices/repeat#50","Output":"=== CONT  TestDeterministicPlanAndOwnedSlices/repeat#50\n"}
{"Time":"2026-09-05T22:17:17.615675+09:00","Action":"cont","Package":"waiting-room/internal/installplan","Test":"TestDeterministicPlanAndOwnedSlices/repeat#15"}
{"Time":"2026-09-05T22:17:17.615676+09:00","Action":"output","Package":"waiting-room/internal/installplan","Test":"TestDeterministicPlanAndOwnedSlices/repeat#15","Output":"=== CONT  TestDeterministicPlanAndOwnedSlices/repeat#15\n"}
{"Time":"2026-09-05T22:17:17.615678+09:00","Action":"cont","Package":"waiting-room/internal/installplan","Test":"TestDeterministicPlanAndOwnedSlices/repeat#74"}
{"Time":"2026-09-05T22:17:17.615679+09:00","Action":"output","Package":"waiting-room/internal/installplan","Test":"TestDeterministicPlanAndOwnedSlices/repeat#74","Output":"=== CONT  TestDeterministicPlanAndOwnedSlices/repeat#74\n"}
{"Time":"2026-09-05T22:17:17.615681+09:00","Action":"cont","Package":"waiting-room/internal/installplan","Test":"TestDeterministicPlanAndOwnedSlices/repeat#99"}
{"Time":"2026-09-05T22:17:17.615682+09:00","Action":"output","Package":"waiting-room/internal/installplan","Test":"TestDeterministicPlanAndOwnedSlices/repeat#99","Output":"=== CONT  TestDeterministicPlanAndOwnedSlices/repeat#99\n"}
{"Time":"2026-09-05T22:17:17.615683+09:00","Action":"cont","Package":"waiting-room/internal/installplan","Test":"TestDeterministicPlanAndOwnedSlices/repeat#89"}
{"Time":"2026-09-05T22:17:17.615685+09:00","Action":"output","Package":"waiting-room/internal/installplan","Test":"TestDeterministicPlanAndOwnedSlices/repeat#89","Output":"=== CONT  TestDeterministicPlanAndOwnedSlices/repeat#89\n"}
{"Time":"2026-09-05T22:17:17.615689+09:00","Action":"cont","Package":"waiting-room/internal/installplan","Test":"TestDeterministicPlanAndOwnedSlices/repeat#68"}
{"Time":"2026-09-05T22:17:17.615691+09:00","Action":"output","Package":"waiting-room/internal/installplan","Test":"TestDeterministicPlanAndOwnedSlices/repeat#68","Output":"=== CONT  TestDeterministicPlanAndOwnedSlices/repeat#68\n"}
{"Time":"2026-09-05T22:17:17.615693+09:00","Action":"cont","Package":"waiting-room/internal/installplan","Test":"TestDeterministicPlanAndOwnedSlices/repeat#97"}
{"Time":"2026-09-05T22:17:17.615694+09:00","Action":"output","Package":"waiting-room/internal/installplan","Test":"TestDeterministicPlanAndOwnedSlices/repeat#97","Output":"=== CONT  TestDeterministicPlanAndOwnedSlices/repeat#97\n"}
{"Time":"2026-09-05T22:17:17.615696+09:00","Action":"cont","Package":"waiting-room/internal/installplan","Test":"TestDeterministicPlanAndOwnedSlices/repeat#70"}
{"Time":"2026-09-05T22:17:17.615698+09:00","Action":"output","Package":"waiting-room/internal/installplan","Test":"TestDeterministicPlanAndOwnedSlices/repeat#70","Output":"=== CONT  TestDeterministicPlanAndOwnedSlices/repeat#70\n"}
{"Time":"2026-09-05T22:17:17.615752+09:00","Action":"output","Package":"waiting-room/internal/installplan","Test":"TestDeterministicPlanAndOwnedSlices/repeat#37","Output":"--- PASS: TestDeterministicPlanAndOwnedSlices/repeat#37 (0.00s)\n"}
{"Time":"2026-09-05T22:17:17.616111+09:00","Action":"pass","Package":"waiting-room/internal/installplan","Test":"TestDeterministicPlanAndOwnedSlices/repeat#37","Elapsed":0}
{"Time":"2026-09-05T22:17:17.616116+09:00","Action":"output","Package":"waiting-room/internal/installplan","Test":"TestDeterministicPlanAndOwnedSlices/repeat#63","Output":"--- PASS: TestDeterministicPlanAndOwnedSlices/repeat#63 (0.00s)\n"}
{"Time":"2026-09-05T22:17:17.616119+09:00","Action":"pass","Package":"waiting-room/internal/installplan","Test":"TestDeterministicPlanAndOwnedSlices/repeat#63","Elapsed":0}
{"Time":"2026-09-05T22:17:17.61612+09:00","Action":"cont","Package":"waiting-room/internal/installplan","Test":"TestDeterministicPlanAndOwnedSlices/repeat#84"}
{"Time":"2026-09-05T22:17:17.616122+09:00","Action":"output","Package":"waiting-room/internal/installplan","Test":"TestDeterministicPlanAndOwnedSlices/repeat#84","Output":"=== CONT  TestDeterministicPlanAndOwnedSlices/repeat#84\n"}
{"Time":"2026-09-05T22:17:17.616152+09:00","Action":"cont","Package":"waiting-room/internal/installplan","Test":"TestDeterministicPlanAndOwnedSlices/repeat#21"}
{"Time":"2026-09-05T22:17:17.61616+09:00","Action":"output","Package":"waiting-room/internal/installplan","Test":"TestDeterministicPlanAndOwnedSlices/repeat#21","Output":"=== CONT  TestDeterministicPlanAndOwnedSlices/repeat#21\n"}
{"Time":"2026-09-05T22:17:17.616162+09:00","Action":"output","Package":"waiting-room/internal/installplan","Test":"TestDeterministicPlanAndOwnedSlices/repeat#05","Output":"--- PASS: TestDeterministicPlanAndOwnedSlices/repeat#05 (0.00s)\n"}
{"Time":"2026-09-05T22:17:17.616163+09:00","Action":"pass","Package":"waiting-room/internal/installplan","Test":"TestDeterministicPlanAndOwnedSlices/repeat#05","Elapsed":0}
{"Time":"2026-09-05T22:17:17.616165+09:00","Action":"cont","Package":"waiting-room/internal/installplan","Test":"TestDeterministicPlanAndOwnedSlices/repeat#83"}
{"Time":"2026-09-05T22:17:17.616166+09:00","Action":"output","Package":"waiting-room/internal/installplan","Test":"TestDeterministicPlanAndOwnedSlices/repeat#83","Output":"=== CONT  TestDeterministicPlanAndOwnedSlices/repeat#83\n"}
{"Time":"2026-09-05T22:17:17.616168+09:00","Action":"cont","Package":"waiting-room/internal/installplan","Test":"TestDeterministicPlanAndOwnedSlices/repeat#28"}
{"Time":"2026-09-05T22:17:17.61617+09:00","Action":"output","Package":"waiting-room/internal/installplan","Test":"TestDeterministicPlanAndOwnedSlices/repeat#28","Output":"=== CONT  TestDeterministicPlanAndOwnedSlices/repeat#28\n"}
{"Time":"2026-09-05T22:17:17.616205+09:00","Action":"cont","Package":"waiting-room/internal/installplan","Test":"TestDeterministicPlanAndOwnedSlices/repeat#78"}
{"Time":"2026-09-05T22:17:17.61621+09:00","Action":"output","Package":"waiting-room/internal/installplan","Test":"TestDeterministicPlanAndOwnedSlices/repeat#78","Output":"=== CONT  TestDeterministicPlanAndOwnedSlices/repeat#78\n"}
{"Time":"2026-09-05T22:17:17.61708+09:00","Action":"cont","Package":"waiting-room/internal/installplan","Test":"TestDeterministicPlanAndOwnedSlices/repeat#73"}
{"Time":"2026-09-05T22:17:17.617086+09:00","Action":"output","Package":"waiting-room/internal/installplan","Test":"TestDeterministicPlanAndOwnedSlices/repeat#73","Output":"=== CONT  TestDeterministicPlanAndOwnedSlices/repeat#73\n"}
{"Time":"2026-09-05T22:17:17.617088+09:00","Action":"cont","Package":"waiting-room/internal/installplan","Test":"TestDeterministicPlanAndOwnedSlices/repeat#75"}
{"Time":"2026-09-05T22:17:17.61709+09:00","Action":"output","Package":"waiting-room/internal/installplan","Test":"TestDeterministicPlanAndOwnedSlices/repeat#75","Output":"=== CONT  TestDeterministicPlanAndOwnedSlices/repeat#75\n"}
{"Time":"2026-09-05T22:17:17.617093+09:00","Action":"cont","Package":"waiting-room/internal/installplan","Test":"TestDeterministicPlanAndOwnedSlices/repeat#82"}
{"Time":"2026-09-05T22:17:17.617094+09:00","Action":"output","Package":"waiting-room/internal/installplan","Test":"TestDeterministicPlanAndOwnedSlices/repeat#82","Output":"=== CONT  TestDeterministicPlanAndOwnedSlices/repeat#82\n"}
{"Time":"2026-09-05T22:17:17.617097+09:00","Action":"cont","Package":"waiting-room/internal/installplan","Test":"TestDeterministicPlanAndOwnedSlices/repeat#60"}
{"Time":"2026-09-05T22:17:17.617099+09:00","Action":"output","Package":"waiting-room/internal/installplan","Test":"TestDeterministicPlanAndOwnedSlices/repeat#60","Output":"=== CONT  TestDeterministicPlanAndOwnedSlices/repeat#60\n"}
{"Time":"2026-09-05T22:17:17.617154+09:00","Action":"cont","Package":"waiting-room/internal/installplan","Test":"TestDeterministicPlanAndOwnedSlices/repeat#59"}
{"Time":"2026-09-05T22:17:17.61716+09:00","Action":"output","Package":"waiting-room/internal/installplan","Test":"TestDeterministicPlanAndOwnedSlices/repeat#59","Output":"=== CONT  TestDeterministicPlanAndOwnedSlices/repeat#59\n"}
{"Time":"2026-09-05T22:17:17.617162+09:00","Action":"cont","Package":"waiting-room/internal/installplan","Test":"TestDeterministicPlanAndOwnedSlices/repeat#61"}
{"Time":"2026-09-05T22:17:17.617164+09:00","Action":"output","Package":"waiting-room/internal/installplan","Test":"TestDeterministicPlanAndOwnedSlices/repeat#61","Output":"=== CONT  TestDeterministicPlanAndOwnedSlices/repeat#61\n"}
{"Time":"2026-09-05T22:17:17.61718+09:00","Action":"cont","Package":"waiting-room/internal/installplan","Test":"TestDeterministicPlanAndOwnedSlices/repeat#66"}
{"Time":"2026-09-05T22:17:17.617183+09:00","Action":"output","Package":"waiting-room/internal/installplan","Test":"TestDeterministicPlanAndOwnedSlices/repeat#66","Output":"=== CONT  TestDeterministicPlanAndOwnedSlices/repeat#66\n"}
{"Time":"2026-09-05T22:17:17.617198+09:00","Action":"cont","Package":"waiting-room/internal/installplan","Test":"TestDeterministicPlanAndOwnedSlices/repeat#72"}
{"Time":"2026-09-05T22:17:17.6172+09:00","Action":"output","Package":"waiting-room/internal/installplan","Test":"TestDeterministicPlanAndOwnedSlices/repeat#72","Output":"=== CONT  TestDeterministicPlanAndOwnedSlices/repeat#72\n"}
{"Time":"2026-09-05T22:17:17.617203+09:00","Action":"cont","Package":"waiting-room/internal/installplan","Test":"TestDeterministicPlanAndOwnedSlices/repeat#87"}
{"Time":"2026-09-05T22:17:17.617205+09:00","Action":"output","Package":"waiting-room/internal/installplan","Test":"TestDeterministicPlanAndOwnedSlices/repeat#87","Output":"=== CONT  TestDeterministicPlanAndOwnedSlices/repeat#87\n"}
{"Time":"2026-09-05T22:17:17.617216+09:00","Action":"cont","Package":"waiting-room/internal/installplan","Test":"TestDeterministicPlanAndOwnedSlices/repeat#04"}
{"Time":"2026-09-05T22:17:17.61722+09:00","Action":"output","Package":"waiting-room/internal/installplan","Test":"TestDeterministicPlanAndOwnedSlices/repeat#04","Output":"=== CONT  TestDeterministicPlanAndOwnedSlices/repeat#04\n"}
{"Time":"2026-09-05T22:17:17.617262+09:00","Action":"output","Package":"waiting-room/internal/installplan","Test":"TestDeterministicPlanAndOwnedSlices/repeat#58","Output":"--- PASS: TestDeterministicPlanAndOwnedSlices/repeat#58 (0.00s)\n"}
{"Time":"2026-09-05T22:17:17.617271+09:00","Action":"pass","Package":"waiting-room/internal/installplan","Test":"TestDeterministicPlanAndOwnedSlices/repeat#58","Elapsed":0}
{"Time":"2026-09-05T22:17:17.617274+09:00","Action":"cont","Package":"waiting-room/internal/installplan","Test":"TestDeterministicPlanAndOwnedSlices/repeat#80"}
{"Time":"2026-09-05T22:17:17.617277+09:00","Action":"output","Package":"waiting-room/internal/installplan","Test":"TestDeterministicPlanAndOwnedSlices/repeat#80","Output":"=== CONT  TestDeterministicPlanAndOwnedSlices/repeat#80\n"}
{"Time":"2026-09-05T22:17:17.617282+09:00","Action":"output","Package":"waiting-room/internal/installplan","Test":"TestDeterministicPlanAndOwnedSlices/repeat#11","Output":"--- PASS: TestDeterministicPlanAndOwnedSlices/repeat#11 (0.00s)\n"}
{"Time":"2026-09-05T22:17:17.617384+09:00","Action":"pass","Package":"waiting-room/internal/installplan","Test":"TestDeterministicPlanAndOwnedSlices/repeat#11","Elapsed":0}
{"Time":"2026-09-05T22:17:17.61739+09:00","Action":"output","Package":"waiting-room/internal/installplan","Test":"TestDeterministicPlanAndOwnedSlices/repeat#27","Output":"--- PASS: TestDeterministicPlanAndOwnedSlices/repeat#27 (0.00s)\n"}
{"Time":"2026-09-05T22:17:17.617393+09:00","Action":"pass","Package":"waiting-room/internal/installplan","Test":"TestDeterministicPlanAndOwnedSlices/repeat#27","Elapsed":0}
{"Time":"2026-09-05T22:17:17.617395+09:00","Action":"output","Package":"waiting-room/internal/installplan","Test":"TestDeterministicPlanAndOwnedSlices/repeat#31","Output":"--- PASS: TestDeterministicPlanAndOwnedSlices/repeat#31 (0.00s)\n"}
{"Time":"2026-09-05T22:17:17.617398+09:00","Action":"pass","Package":"waiting-room/internal/installplan","Test":"TestDeterministicPlanAndOwnedSlices/repeat#31","Elapsed":0}
{"Time":"2026-09-05T22:17:17.617401+09:00","Action":"output","Package":"waiting-room/internal/installplan","Test":"TestDeterministicPlanAndOwnedSlices/repeat#30","Output":"--- PASS: TestDeterministicPlanAndOwnedSlices/repeat#30 (0.00s)\n"}
{"Time":"2026-09-05T22:17:17.617403+09:00","Action":"pass","Package":"waiting-room/internal/installplan","Test":"TestDeterministicPlanAndOwnedSlices/repeat#30","Elapsed":0}
{"Time":"2026-09-05T22:17:17.617406+09:00","Action":"output","Package":"waiting-room/internal/installplan","Test":"TestDeterministicPlanAndOwnedSlices/repeat#67","Output":"--- PASS: TestDeterministicPlanAndOwnedSlices/repeat#67 (0.00s)\n"}
{"Time":"2026-09-05T22:17:17.617408+09:00","Action":"pass","Package":"waiting-room/internal/installplan","Test":"TestDeterministicPlanAndOwnedSlices/repeat#67","Elapsed":0}
{"Time":"2026-09-05T22:17:17.61741+09:00","Action":"cont","Package":"waiting-room/internal/installplan","Test":"TestDeterministicPlanAndOwnedSlices/repeat#77"}
{"Time":"2026-09-05T22:17:17.617412+09:00","Action":"output","Package":"waiting-room/internal/installplan","Test":"TestDeterministicPlanAndOwnedSlices/repeat#77","Output":"=== CONT  TestDeterministicPlanAndOwnedSlices/repeat#77\n"}
{"Time":"2026-09-05T22:17:17.617416+09:00","Action":"cont","Package":"waiting-room/internal/installplan","Test":"TestDeterministicPlanAndOwnedSlices/repeat#81"}
{"Time":"2026-09-05T22:17:17.617419+09:00","Action":"output","Package":"waiting-room/internal/installplan","Test":"TestDeterministicPlanAndOwnedSlices/repeat#81","Output":"=== CONT  TestDeterministicPlanAndOwnedSlices/repeat#81\n"}
{"Time":"2026-09-05T22:17:17.617484+09:00","Action":"cont","Package":"waiting-room/internal/installplan","Test":"TestDeterministicPlanAndOwnedSlices/repeat#03"}
{"Time":"2026-09-05T22:17:17.617489+09:00","Action":"output","Package":"waiting-room/internal/installplan","Test":"TestDeterministicPlanAndOwnedSlices/repeat#03","Output":"=== CONT  TestDeterministicPlanAndOwnedSlices/repeat#03\n"}
{"Time":"2026-09-05T22:17:17.617491+09:00","Action":"cont","Package":"waiting-room/internal/installplan","Test":"TestDeterministicPlanAndOwnedSlices/repeat#79"}
{"Time":"2026-09-05T22:17:17.617492+09:00","Action":"output","Package":"waiting-room/internal/installplan","Test":"TestDeterministicPlanAndOwnedSlices/repeat#79","Output":"=== CONT  TestDeterministicPlanAndOwnedSlices/repeat#79\n"}
{"Time":"2026-09-05T22:17:17.617494+09:00","Action":"output","Package":"waiting-room/internal/installplan","Test":"TestDeterministicPlanAndOwnedSlices/repeat#71","Output":"--- PASS: TestDeterministicPlanAndOwnedSlices/repeat#71 (0.00s)\n"}
{"Time":"2026-09-05T22:17:17.617497+09:00","Action":"pass","Package":"waiting-room/internal/installplan","Test":"TestDeterministicPlanAndOwnedSlices/repeat#71","Elapsed":0}
{"Time":"2026-09-05T22:17:17.617499+09:00","Action":"output","Package":"waiting-room/internal/installplan","Test":"TestDeterministicPlanAndOwnedSlices/repeat#38","Output":"--- PASS: TestDeterministicPlanAndOwnedSlices/repeat#38 (0.00s)\n"}
{"Time":"2026-09-05T22:17:17.617506+09:00","Action":"pass","Package":"waiting-room/internal/installplan","Test":"TestDeterministicPlanAndOwnedSlices/repeat#38","Elapsed":0}
{"Time":"2026-09-05T22:17:17.617508+09:00","Action":"cont","Package":"waiting-room/internal/installplan","Test":"TestDeterministicPlanAndOwnedSlices/repeat#01"}
{"Time":"2026-09-05T22:17:17.617509+09:00","Action":"output","Package":"waiting-room/internal/installplan","Test":"TestDeterministicPlanAndOwnedSlices/repeat#01","Output":"=== CONT  TestDeterministicPlanAndOwnedSlices/repeat#01\n"}
{"Time":"2026-09-05T22:17:17.617534+09:00","Action":"cont","Package":"waiting-room/internal/installplan","Test":"TestDeterministicPlanAndOwnedSlices/repeat#34"}
{"Time":"2026-09-05T22:17:17.61754+09:00","Action":"output","Package":"waiting-room/internal/installplan","Test":"TestDeterministicPlanAndOwnedSlices/repeat#34","Output":"=== CONT  TestDeterministicPlanAndOwnedSlices/repeat#34\n"}
{"Time":"2026-09-05T22:17:17.617543+09:00","Action":"cont","Package":"waiting-room/internal/installplan","Test":"TestDeterministicPlanAndOwnedSlices/repeat#54"}
{"Time":"2026-09-05T22:17:17.617545+09:00","Action":"output","Package":"waiting-room/internal/installplan","Test":"TestDeterministicPlanAndOwnedSlices/repeat#54","Output":"=== CONT  TestDeterministicPlanAndOwnedSlices/repeat#54\n"}
{"Time":"2026-09-05T22:17:17.617567+09:00","Action":"cont","Package":"waiting-room/internal/installplan","Test":"TestDeterministicPlanAndOwnedSlices/repeat#12"}
{"Time":"2026-09-05T22:17:17.61757+09:00","Action":"output","Package":"waiting-room/internal/installplan","Test":"TestDeterministicPlanAndOwnedSlices/repeat#12","Output":"=== CONT  TestDeterministicPlanAndOwnedSlices/repeat#12\n"}
{"Time":"2026-09-05T22:17:17.617572+09:00","Action":"cont","Package":"waiting-room/internal/installplan","Test":"TestDeterministicPlanAndOwnedSlices/repeat#52"}
{"Time":"2026-09-05T22:17:17.617573+09:00","Action":"output","Package":"waiting-room/internal/installplan","Test":"TestDeterministicPlanAndOwnedSlices/repeat#52","Output":"=== CONT  TestDeterministicPlanAndOwnedSlices/repeat#52\n"}
{"Time":"2026-09-05T22:17:17.617605+09:00","Action":"cont","Package":"waiting-room/internal/installplan","Test":"TestDeterministicPlanAndOwnedSlices/repeat#53"}
{"Time":"2026-09-05T22:17:17.617614+09:00","Action":"output","Package":"waiting-room/internal/installplan","Test":"TestDeterministicPlanAndOwnedSlices/repeat#53","Output":"=== CONT  TestDeterministicPlanAndOwnedSlices/repeat#53\n"}
{"Time":"2026-09-05T22:17:17.61771+09:00","Action":"cont","Package":"waiting-room/internal/installplan","Test":"TestDeterministicPlanAndOwnedSlices/repeat#09"}
{"Time":"2026-09-05T22:17:17.617714+09:00","Action":"output","Package":"waiting-room/internal/installplan","Test":"TestDeterministicPlanAndOwnedSlices/repeat#09","Output":"=== CONT  TestDeterministicPlanAndOwnedSlices/repeat#09\n"}
{"Time":"2026-09-05T22:17:17.617716+09:00","Action":"cont","Package":"waiting-room/internal/installplan","Test":"TestDeterministicPlanAndOwnedSlices/repeat#14"}
{"Time":"2026-09-05T22:17:17.617718+09:00","Action":"output","Package":"waiting-room/internal/installplan","Test":"TestDeterministicPlanAndOwnedSlices/repeat#14","Output":"=== CONT  TestDeterministicPlanAndOwnedSlices/repeat#14\n"}
{"Time":"2026-09-05T22:17:17.617719+09:00","Action":"cont","Package":"waiting-room/internal/installplan","Test":"TestDeterministicPlanAndOwnedSlices/repeat#10"}
{"Time":"2026-09-05T22:17:17.617721+09:00","Action":"output","Package":"waiting-room/internal/installplan","Test":"TestDeterministicPlanAndOwnedSlices/repeat#10","Output":"=== CONT  TestDeterministicPlanAndOwnedSlices/repeat#10\n"}
{"Time":"2026-09-05T22:17:17.617724+09:00","Action":"cont","Package":"waiting-room/internal/installplan","Test":"TestDeterministicPlanAndOwnedSlices/repeat#16"}
{"Time":"2026-09-05T22:17:17.617728+09:00","Action":"output","Package":"waiting-room/internal/installplan","Test":"TestDeterministicPlanAndOwnedSlices/repeat#16","Output":"=== CONT  TestDeterministicPlanAndOwnedSlices/repeat#16\n"}
{"Time":"2026-09-05T22:17:17.617753+09:00","Action":"cont","Package":"waiting-room/internal/installplan","Test":"TestDeterministicPlanAndOwnedSlices/repeat#94"}
{"Time":"2026-09-05T22:17:17.617757+09:00","Action":"output","Package":"waiting-room/internal/installplan","Test":"TestDeterministicPlanAndOwnedSlices/repeat#94","Output":"=== CONT  TestDeterministicPlanAndOwnedSlices/repeat#94\n"}
{"Time":"2026-09-05T22:17:17.617924+09:00","Action":"cont","Package":"waiting-room/internal/installplan","Test":"TestDeterministicPlanAndOwnedSlices/repeat#92"}
{"Time":"2026-09-05T22:17:17.617927+09:00","Action":"output","Package":"waiting-room/internal/installplan","Test":"TestDeterministicPlanAndOwnedSlices/repeat#92","Output":"=== CONT  TestDeterministicPlanAndOwnedSlices/repeat#92\n"}
{"Time":"2026-09-05T22:17:17.617932+09:00","Action":"cont","Package":"waiting-room/internal/installplan","Test":"TestDeterministicPlanAndOwnedSlices/repeat#93"}
{"Time":"2026-09-05T22:17:17.617933+09:00","Action":"output","Package":"waiting-room/internal/installplan","Test":"TestDeterministicPlanAndOwnedSlices/repeat#93","Output":"=== CONT  TestDeterministicPlanAndOwnedSlices/repeat#93\n"}
{"Time":"2026-09-05T22:17:17.617943+09:00","Action":"cont","Package":"waiting-room/internal/installplan","Test":"TestDeterministicPlanAndOwnedSlices/repeat#91"}
{"Time":"2026-09-05T22:17:17.617944+09:00","Action":"output","Package":"waiting-room/internal/installplan","Test":"TestDeterministicPlanAndOwnedSlices/repeat#91","Output":"=== CONT  TestDeterministicPlanAndOwnedSlices/repeat#91\n"}
{"Time":"2026-09-05T22:17:17.617946+09:00","Action":"cont","Package":"waiting-room/internal/installplan","Test":"TestDeterministicPlanAndOwnedSlices/repeat#90"}
{"Time":"2026-09-05T22:17:17.617947+09:00","Action":"output","Package":"waiting-room/internal/installplan","Test":"TestDeterministicPlanAndOwnedSlices/repeat#90","Output":"=== CONT  TestDeterministicPlanAndOwnedSlices/repeat#90\n"}
{"Time":"2026-09-05T22:17:17.617949+09:00","Action":"cont","Package":"waiting-room/internal/installplan","Test":"TestDeterministicPlanAndOwnedSlices/repeat#98"}
{"Time":"2026-09-05T22:17:17.617954+09:00","Action":"output","Package":"waiting-room/internal/installplan","Test":"TestDeterministicPlanAndOwnedSlices/repeat#98","Output":"=== CONT  TestDeterministicPlanAndOwnedSlices/repeat#98\n"}
{"Time":"2026-09-05T22:17:17.617956+09:00","Action":"cont","Package":"waiting-room/internal/installplan","Test":"TestDeterministicPlanAndOwnedSlices/repeat#96"}
{"Time":"2026-09-05T22:17:17.617957+09:00","Action":"output","Package":"waiting-room/internal/installplan","Test":"TestDeterministicPlanAndOwnedSlices/repeat#96","Output":"=== CONT  TestDeterministicPlanAndOwnedSlices/repeat#96\n"}
{"Time":"2026-09-05T22:17:17.61796+09:00","Action":"cont","Package":"waiting-room/internal/installplan","Test":"TestDeterministicPlanAndOwnedSlices/repeat#88"}
{"Time":"2026-09-05T22:17:17.617961+09:00","Action":"output","Package":"waiting-room/internal/installplan","Test":"TestDeterministicPlanAndOwnedSlices/repeat#88","Output":"=== CONT  TestDeterministicPlanAndOwnedSlices/repeat#88\n"}
{"Time":"2026-09-05T22:17:17.618103+09:00","Action":"cont","Package":"waiting-room/internal/installplan","Test":"TestDeterministicPlanAndOwnedSlices/repeat#95"}
{"Time":"2026-09-05T22:17:17.618112+09:00","Action":"output","Package":"waiting-room/internal/installplan","Test":"TestDeterministicPlanAndOwnedSlices/repeat#95","Output":"=== CONT  TestDeterministicPlanAndOwnedSlices/repeat#95\n"}
{"Time":"2026-09-05T22:17:17.618115+09:00","Action":"cont","Package":"waiting-room/internal/installplan","Test":"TestDeterministicPlanAndOwnedSlices/repeat#86"}
{"Time":"2026-09-05T22:17:17.618118+09:00","Action":"output","Package":"waiting-room/internal/installplan","Test":"TestDeterministicPlanAndOwnedSlices/repeat#86","Output":"=== CONT  TestDeterministicPlanAndOwnedSlices/repeat#86\n"}
{"Time":"2026-09-05T22:17:17.618143+09:00","Action":"output","Package":"waiting-room/internal/installplan","Test":"TestDeterministicPlanAndOwnedSlices/repeat#44","Output":"--- PASS: TestDeterministicPlanAndOwnedSlices/repeat#44 (0.00s)\n"}
{"Time":"2026-09-05T22:17:17.618169+09:00","Action":"pass","Package":"waiting-room/internal/installplan","Test":"TestDeterministicPlanAndOwnedSlices/repeat#44","Elapsed":0}
{"Time":"2026-09-05T22:17:17.618174+09:00","Action":"output","Package":"waiting-room/internal/installplan","Test":"TestDeterministicPlanAndOwnedSlices/repeat#39","Output":"--- PASS: TestDeterministicPlanAndOwnedSlices/repeat#39 (0.00s)\n"}
{"Time":"2026-09-05T22:17:17.618178+09:00","Action":"pass","Package":"waiting-room/internal/installplan","Test":"TestDeterministicPlanAndOwnedSlices/repeat#39","Elapsed":0}
{"Time":"2026-09-05T22:17:17.61818+09:00","Action":"cont","Package":"waiting-room/internal/installplan","Test":"TestDeterministicPlanAndOwnedSlices/repeat#85"}
{"Time":"2026-09-05T22:17:17.618189+09:00","Action":"output","Package":"waiting-room/internal/installplan","Test":"TestDeterministicPlanAndOwnedSlices/repeat#85","Output":"=== CONT  TestDeterministicPlanAndOwnedSlices/repeat#85\n"}
{"Time":"2026-09-05T22:17:17.618208+09:00","Action":"output","Package":"waiting-room/internal/installplan","Test":"TestDeterministicPlanAndOwnedSlices/repeat#42","Output":"--- PASS: TestDeterministicPlanAndOwnedSlices/repeat#42 (0.00s)\n"}
{"Time":"2026-09-05T22:17:17.61822+09:00","Action":"pass","Package":"waiting-room/internal/installplan","Test":"TestDeterministicPlanAndOwnedSlices/repeat#42","Elapsed":0}
{"Time":"2026-09-05T22:17:17.618222+09:00","Action":"output","Package":"waiting-room/internal/installplan","Test":"TestDeterministicPlanAndOwnedSlices/repeat#45","Output":"--- PASS: TestDeterministicPlanAndOwnedSlices/repeat#45 (0.00s)\n"}
{"Time":"2026-09-05T22:17:17.618225+09:00","Action":"pass","Package":"waiting-room/internal/installplan","Test":"TestDeterministicPlanAndOwnedSlices/repeat#45","Elapsed":0}
{"Time":"2026-09-05T22:17:17.618228+09:00","Action":"output","Package":"waiting-room/internal/installplan","Test":"TestDeterministicPlanAndOwnedSlices/repeat#43","Output":"--- PASS: TestDeterministicPlanAndOwnedSlices/repeat#43 (0.00s)\n"}
{"Time":"2026-09-05T22:17:17.618232+09:00","Action":"pass","Package":"waiting-room/internal/installplan","Test":"TestDeterministicPlanAndOwnedSlices/repeat#43","Elapsed":0}
{"Time":"2026-09-05T22:17:17.618237+09:00","Action":"output","Package":"waiting-room/internal/installplan","Test":"TestDeterministicPlanAndOwnedSlices/repeat#47","Output":"--- PASS: TestDeterministicPlanAndOwnedSlices/repeat#47 (0.00s)\n"}
{"Time":"2026-09-05T22:17:17.61824+09:00","Action":"pass","Package":"waiting-room/internal/installplan","Test":"TestDeterministicPlanAndOwnedSlices/repeat#47","Elapsed":0}
{"Time":"2026-09-05T22:17:17.618243+09:00","Action":"output","Package":"waiting-room/internal/installplan","Test":"TestDeterministicPlanAndOwnedSlices/repeat#36","Output":"--- PASS: TestDeterministicPlanAndOwnedSlices/repeat#36 (0.00s)\n"}
{"Time":"2026-09-05T22:17:17.618245+09:00","Action":"pass","Package":"waiting-room/internal/installplan","Test":"TestDeterministicPlanAndOwnedSlices/repeat#36","Elapsed":0}
{"Time":"2026-09-05T22:17:17.618246+09:00","Action":"output","Package":"waiting-room/internal/installplan","Test":"TestDeterministicPlanAndOwnedSlices/repeat#33","Output":"--- PASS: TestDeterministicPlanAndOwnedSlices/repeat#33 (0.00s)\n"}
{"Time":"2026-09-05T22:17:17.618249+09:00","Action":"pass","Package":"waiting-room/internal/installplan","Test":"TestDeterministicPlanAndOwnedSlices/repeat#33","Elapsed":0}
{"Time":"2026-09-05T22:17:17.618254+09:00","Action":"output","Package":"waiting-room/internal/installplan","Test":"TestDeterministicPlanAndOwnedSlices/repeat#48","Output":"--- PASS: TestDeterministicPlanAndOwnedSlices/repeat#48 (0.00s)\n"}
{"Time":"2026-09-05T22:17:17.618323+09:00","Action":"pass","Package":"waiting-room/internal/installplan","Test":"TestDeterministicPlanAndOwnedSlices/repeat#48","Elapsed":0}
{"Time":"2026-09-05T22:17:17.61833+09:00","Action":"output","Package":"waiting-room/internal/installplan","Test":"TestDeterministicPlanAndOwnedSlices/repeat#25","Output":"--- PASS: TestDeterministicPlanAndOwnedSlices/repeat#25 (0.00s)\n"}
{"Time":"2026-09-05T22:17:17.618332+09:00","Action":"pass","Package":"waiting-room/internal/installplan","Test":"TestDeterministicPlanAndOwnedSlices/repeat#25","Elapsed":0}
{"Time":"2026-09-05T22:17:17.618334+09:00","Action":"output","Package":"waiting-room/internal/installplan","Test":"TestDeterministicPlanAndOwnedSlices/repeat#56","Output":"--- PASS: TestDeterministicPlanAndOwnedSlices/repeat#56 (0.00s)\n"}
{"Time":"2026-09-05T22:17:17.618336+09:00","Action":"pass","Package":"waiting-room/internal/installplan","Test":"TestDeterministicPlanAndOwnedSlices/repeat#56","Elapsed":0}
{"Time":"2026-09-05T22:17:17.618338+09:00","Action":"output","Package":"waiting-room/internal/installplan","Test":"TestDeterministicPlanAndOwnedSlices/repeat#06","Output":"--- PASS: TestDeterministicPlanAndOwnedSlices/repeat#06 (0.00s)\n"}
{"Time":"2026-09-05T22:17:17.618363+09:00","Action":"pass","Package":"waiting-room/internal/installplan","Test":"TestDeterministicPlanAndOwnedSlices/repeat#06","Elapsed":0}
{"Time":"2026-09-05T22:17:17.618368+09:00","Action":"output","Package":"waiting-room/internal/installplan","Test":"TestDeterministicPlanAndOwnedSlices/repeat#88","Output":"--- PASS: TestDeterministicPlanAndOwnedSlices/repeat#88 (0.00s)\n"}
{"Time":"2026-09-05T22:17:17.618396+09:00","Action":"pass","Package":"waiting-room/internal/installplan","Test":"TestDeterministicPlanAndOwnedSlices/repeat#88","Elapsed":0}
{"Time":"2026-09-05T22:17:17.618402+09:00","Action":"output","Package":"waiting-room/internal/installplan","Test":"TestDeterministicPlanAndOwnedSlices/repeat#40","Output":"--- PASS: TestDeterministicPlanAndOwnedSlices/repeat#40 (0.00s)\n"}
{"Time":"2026-09-05T22:17:17.618419+09:00","Action":"pass","Package":"waiting-room/internal/installplan","Test":"TestDeterministicPlanAndOwnedSlices/repeat#40","Elapsed":0}
{"Time":"2026-09-05T22:17:17.618425+09:00","Action":"output","Package":"waiting-room/internal/installplan","Test":"TestDeterministicPlanAndOwnedSlices/repeat#86","Output":"--- PASS: TestDeterministicPlanAndOwnedSlices/repeat#86 (0.00s)\n"}
{"Time":"2026-09-05T22:17:17.618438+09:00","Action":"pass","Package":"waiting-room/internal/installplan","Test":"TestDeterministicPlanAndOwnedSlices/repeat#86","Elapsed":0}
{"Time":"2026-09-05T22:17:17.618442+09:00","Action":"output","Package":"waiting-room/internal/installplan","Test":"TestDeterministicPlanAndOwnedSlices/repeat#22","Output":"--- PASS: TestDeterministicPlanAndOwnedSlices/repeat#22 (0.00s)\n"}
{"Time":"2026-09-05T22:17:17.618474+09:00","Action":"pass","Package":"waiting-room/internal/installplan","Test":"TestDeterministicPlanAndOwnedSlices/repeat#22","Elapsed":0}
{"Time":"2026-09-05T22:17:17.618481+09:00","Action":"output","Package":"waiting-room/internal/installplan","Test":"TestDeterministicPlanAndOwnedSlices/repeat#95","Output":"--- PASS: TestDeterministicPlanAndOwnedSlices/repeat#95 (0.00s)\n"}
{"Time":"2026-09-05T22:17:17.618499+09:00","Action":"pass","Package":"waiting-room/internal/installplan","Test":"TestDeterministicPlanAndOwnedSlices/repeat#95","Elapsed":0}
{"Time":"2026-09-05T22:17:17.618504+09:00","Action":"output","Package":"waiting-room/internal/installplan","Test":"TestDeterministicPlanAndOwnedSlices/repeat#68","Output":"--- PASS: TestDeterministicPlanAndOwnedSlices/repeat#68 (0.00s)\n"}
{"Time":"2026-09-05T22:17:17.618525+09:00","Action":"pass","Package":"waiting-room/internal/installplan","Test":"TestDeterministicPlanAndOwnedSlices/repeat#68","Elapsed":0}
{"Time":"2026-09-05T22:17:17.618528+09:00","Action":"output","Package":"waiting-room/internal/installplan","Test":"TestDeterministicPlanAndOwnedSlices/repeat#50","Output":"--- PASS: TestDeterministicPlanAndOwnedSlices/repeat#50 (0.00s)\n"}
{"Time":"2026-09-05T22:17:17.618568+09:00","Action":"pass","Package":"waiting-room/internal/installplan","Test":"TestDeterministicPlanAndOwnedSlices/repeat#50","Elapsed":0}
{"Time":"2026-09-05T22:17:17.618577+09:00","Action":"output","Package":"waiting-room/internal/installplan","Test":"TestDeterministicPlanAndOwnedSlices/repeat#84","Output":"--- PASS: TestDeterministicPlanAndOwnedSlices/repeat#84 (0.00s)\n"}
{"Time":"2026-09-05T22:17:17.61858+09:00","Action":"pass","Package":"waiting-room/internal/installplan","Test":"TestDeterministicPlanAndOwnedSlices/repeat#84","Elapsed":0}
{"Time":"2026-09-05T22:17:17.618582+09:00","Action":"output","Package":"waiting-room/internal/installplan","Test":"TestDeterministicPlanAndOwnedSlices/repeat#59","Output":"--- PASS: TestDeterministicPlanAndOwnedSlices/repeat#59 (0.00s)\n"}
{"Time":"2026-09-05T22:17:17.618604+09:00","Action":"pass","Package":"waiting-room/internal/installplan","Test":"TestDeterministicPlanAndOwnedSlices/repeat#59","Elapsed":0}
{"Time":"2026-09-05T22:17:17.618609+09:00","Action":"output","Package":"waiting-room/internal/installplan","Test":"TestDeterministicPlanAndOwnedSlices/repeat#35","Output":"--- PASS: TestDeterministicPlanAndOwnedSlices/repeat#35 (0.00s)\n"}
{"Time":"2026-09-05T22:17:17.618624+09:00","Action":"pass","Package":"waiting-room/internal/installplan","Test":"TestDeterministicPlanAndOwnedSlices/repeat#35","Elapsed":0}
{"Time":"2026-09-05T22:17:17.618628+09:00","Action":"output","Package":"waiting-room/internal/installplan","Test":"TestDeterministicPlanAndOwnedSlices/repeat#26","Output":"--- PASS: TestDeterministicPlanAndOwnedSlices/repeat#26 (0.00s)\n"}
{"Time":"2026-09-05T22:17:17.618648+09:00","Action":"pass","Package":"waiting-room/internal/installplan","Test":"TestDeterministicPlanAndOwnedSlices/repeat#26","Elapsed":0}
{"Time":"2026-09-05T22:17:17.618652+09:00","Action":"output","Package":"waiting-room/internal/installplan","Test":"TestDeterministicPlanAndOwnedSlices/repeat#32","Output":"--- PASS: TestDeterministicPlanAndOwnedSlices/repeat#32 (0.00s)\n"}
{"Time":"2026-09-05T22:17:17.618682+09:00","Action":"pass","Package":"waiting-room/internal/installplan","Test":"TestDeterministicPlanAndOwnedSlices/repeat#32","Elapsed":0}
{"Time":"2026-09-05T22:17:17.618686+09:00","Action":"output","Package":"waiting-room/internal/installplan","Test":"TestDeterministicPlanAndOwnedSlices/repeat#60","Output":"--- PASS: TestDeterministicPlanAndOwnedSlices/repeat#60 (0.00s)\n"}
{"Time":"2026-09-05T22:17:17.618726+09:00","Action":"pass","Package":"waiting-room/internal/installplan","Test":"TestDeterministicPlanAndOwnedSlices/repeat#60","Elapsed":0}
{"Time":"2026-09-05T22:17:17.61873+09:00","Action":"output","Package":"waiting-room/internal/installplan","Test":"TestDeterministicPlanAndOwnedSlices/repeat#87","Output":"--- PASS: TestDeterministicPlanAndOwnedSlices/repeat#87 (0.00s)\n"}
{"Time":"2026-09-05T22:17:17.618747+09:00","Action":"pass","Package":"waiting-room/internal/installplan","Test":"TestDeterministicPlanAndOwnedSlices/repeat#87","Elapsed":0}
{"Time":"2026-09-05T22:17:17.61875+09:00","Action":"output","Package":"waiting-room/internal/installplan","Test":"TestDeterministicPlanAndOwnedSlices/repeat#03","Output":"--- PASS: TestDeterministicPlanAndOwnedSlices/repeat#03 (0.00s)\n"}
{"Time":"2026-09-05T22:17:17.618786+09:00","Action":"pass","Package":"waiting-room/internal/installplan","Test":"TestDeterministicPlanAndOwnedSlices/repeat#03","Elapsed":0}
{"Time":"2026-09-05T22:17:17.618793+09:00","Action":"output","Package":"waiting-room/internal/installplan","Test":"TestDeterministicPlanAndOwnedSlices/repeat#79","Output":"--- PASS: TestDeterministicPlanAndOwnedSlices/repeat#79 (0.00s)\n"}
{"Time":"2026-09-05T22:17:17.61882+09:00","Action":"pass","Package":"waiting-room/internal/installplan","Test":"TestDeterministicPlanAndOwnedSlices/repeat#79","Elapsed":0}
{"Time":"2026-09-05T22:17:17.618824+09:00","Action":"output","Package":"waiting-room/internal/installplan","Test":"TestDeterministicPlanAndOwnedSlices/repeat#34","Output":"--- PASS: TestDeterministicPlanAndOwnedSlices/repeat#34 (0.00s)\n"}
{"Time":"2026-09-05T22:17:17.618836+09:00","Action":"pass","Package":"waiting-room/internal/installplan","Test":"TestDeterministicPlanAndOwnedSlices/repeat#34","Elapsed":0}
{"Time":"2026-09-05T22:17:17.618839+09:00","Action":"output","Package":"waiting-room/internal/installplan","Test":"TestDeterministicPlanAndOwnedSlices/repeat#77","Output":"--- PASS: TestDeterministicPlanAndOwnedSlices/repeat#77 (0.00s)\n"}
{"Time":"2026-09-05T22:17:17.618854+09:00","Action":"pass","Package":"waiting-room/internal/installplan","Test":"TestDeterministicPlanAndOwnedSlices/repeat#77","Elapsed":0}
{"Time":"2026-09-05T22:17:17.618858+09:00","Action":"output","Package":"waiting-room/internal/installplan","Test":"TestDeterministicPlanAndOwnedSlices/repeat#54","Output":"--- PASS: TestDeterministicPlanAndOwnedSlices/repeat#54 (0.00s)\n"}
{"Time":"2026-09-05T22:17:17.618874+09:00","Action":"pass","Package":"waiting-room/internal/installplan","Test":"TestDeterministicPlanAndOwnedSlices/repeat#54","Elapsed":0}
{"Time":"2026-09-05T22:17:17.618878+09:00","Action":"output","Package":"waiting-room/internal/installplan","Test":"TestDeterministicPlanAndOwnedSlices/repeat#12","Output":"--- PASS: TestDeterministicPlanAndOwnedSlices/repeat#12 (0.00s)\n"}
{"Time":"2026-09-05T22:17:17.618893+09:00","Action":"pass","Package":"waiting-room/internal/installplan","Test":"TestDeterministicPlanAndOwnedSlices/repeat#12","Elapsed":0}
{"Time":"2026-09-05T22:17:17.618897+09:00","Action":"output","Package":"waiting-room/internal/installplan","Test":"TestDeterministicPlanAndOwnedSlices/repeat#52","Output":"--- PASS: TestDeterministicPlanAndOwnedSlices/repeat#52 (0.00s)\n"}
{"Time":"2026-09-05T22:17:17.618918+09:00","Action":"pass","Package":"waiting-room/internal/installplan","Test":"TestDeterministicPlanAndOwnedSlices/repeat#52","Elapsed":0}
{"Time":"2026-09-05T22:17:17.618921+09:00","Action":"output","Package":"waiting-room/internal/installplan","Test":"TestDeterministicPlanAndOwnedSlices/repeat#09","Output":"--- PASS: TestDeterministicPlanAndOwnedSlices/repeat#09 (0.00s)\n"}
{"Time":"2026-09-05T22:17:17.618946+09:00","Action":"pass","Package":"waiting-room/internal/installplan","Test":"TestDeterministicPlanAndOwnedSlices/repeat#09","Elapsed":0}
{"Time":"2026-09-05T22:17:17.618949+09:00","Action":"output","Package":"waiting-room/internal/installplan","Test":"TestDeterministicPlanAndOwnedSlices/repeat#94","Output":"--- PASS: TestDeterministicPlanAndOwnedSlices/repeat#94 (0.00s)\n"}
{"Time":"2026-09-05T22:17:17.618969+09:00","Action":"pass","Package":"waiting-room/internal/installplan","Test":"TestDeterministicPlanAndOwnedSlices/repeat#94","Elapsed":0}
{"Time":"2026-09-05T22:17:17.618973+09:00","Action":"output","Package":"waiting-room/internal/installplan","Test":"TestDeterministicPlanAndOwnedSlices/repeat#14","Output":"--- PASS: TestDeterministicPlanAndOwnedSlices/repeat#14 (0.00s)\n"}
{"Time":"2026-09-05T22:17:17.618994+09:00","Action":"pass","Package":"waiting-room/internal/installplan","Test":"TestDeterministicPlanAndOwnedSlices/repeat#14","Elapsed":0}
{"Time":"2026-09-05T22:17:17.619+09:00","Action":"output","Package":"waiting-room/internal/installplan","Test":"TestDeterministicPlanAndOwnedSlices/repeat#92","Output":"--- PASS: TestDeterministicPlanAndOwnedSlices/repeat#92 (0.00s)\n"}
{"Time":"2026-09-05T22:17:17.619023+09:00","Action":"pass","Package":"waiting-room/internal/installplan","Test":"TestDeterministicPlanAndOwnedSlices/repeat#92","Elapsed":0}
{"Time":"2026-09-05T22:17:17.619028+09:00","Action":"output","Package":"waiting-room/internal/installplan","Test":"TestDeterministicPlanAndOwnedSlices/repeat#93","Output":"--- PASS: TestDeterministicPlanAndOwnedSlices/repeat#93 (0.00s)\n"}
{"Time":"2026-09-05T22:17:17.619056+09:00","Action":"pass","Package":"waiting-room/internal/installplan","Test":"TestDeterministicPlanAndOwnedSlices/repeat#93","Elapsed":0}
{"Time":"2026-09-05T22:17:17.619065+09:00","Action":"output","Package":"waiting-room/internal/installplan","Test":"TestDeterministicPlanAndOwnedSlices/repeat#91","Output":"--- PASS: TestDeterministicPlanAndOwnedSlices/repeat#91 (0.00s)\n"}
{"Time":"2026-09-05T22:17:17.619086+09:00","Action":"pass","Package":"waiting-room/internal/installplan","Test":"TestDeterministicPlanAndOwnedSlices/repeat#91","Elapsed":0}
{"Time":"2026-09-05T22:17:17.619089+09:00","Action":"output","Package":"waiting-room/internal/installplan","Test":"TestDeterministicPlanAndOwnedSlices/repeat#98","Output":"--- PASS: TestDeterministicPlanAndOwnedSlices/repeat#98 (0.00s)\n"}
{"Time":"2026-09-05T22:17:17.61914+09:00","Action":"pass","Package":"waiting-room/internal/installplan","Test":"TestDeterministicPlanAndOwnedSlices/repeat#98","Elapsed":0}
{"Time":"2026-09-05T22:17:17.619144+09:00","Action":"output","Package":"waiting-room/internal/installplan","Test":"TestDeterministicPlanAndOwnedSlices/repeat#90","Output":"--- PASS: TestDeterministicPlanAndOwnedSlices/repeat#90 (0.00s)\n"}
{"Time":"2026-09-05T22:17:17.619209+09:00","Action":"pass","Package":"waiting-room/internal/installplan","Test":"TestDeterministicPlanAndOwnedSlices/repeat#90","Elapsed":0}
{"Time":"2026-09-05T22:17:17.619214+09:00","Action":"output","Package":"waiting-room/internal/installplan","Test":"TestDeterministicPlanAndOwnedSlices/repeat#41","Output":"--- PASS: TestDeterministicPlanAndOwnedSlices/repeat#41 (0.00s)\n"}
{"Time":"2026-09-05T22:17:17.619234+09:00","Action":"pass","Package":"waiting-room/internal/installplan","Test":"TestDeterministicPlanAndOwnedSlices/repeat#41","Elapsed":0}
{"Time":"2026-09-05T22:17:17.619237+09:00","Action":"output","Package":"waiting-room/internal/installplan","Test":"TestDeterministicPlanAndOwnedSlices/repeat#02","Output":"--- PASS: TestDeterministicPlanAndOwnedSlices/repeat#02 (0.00s)\n"}
{"Time":"2026-09-05T22:17:17.619253+09:00","Action":"pass","Package":"waiting-room/internal/installplan","Test":"TestDeterministicPlanAndOwnedSlices/repeat#02","Elapsed":0}
{"Time":"2026-09-05T22:17:17.619256+09:00","Action":"output","Package":"waiting-room/internal/installplan","Test":"TestDeterministicPlanAndOwnedSlices/repeat#29","Output":"--- PASS: TestDeterministicPlanAndOwnedSlices/repeat#29 (0.00s)\n"}
{"Time":"2026-09-05T22:17:17.619269+09:00","Action":"pass","Package":"waiting-room/internal/installplan","Test":"TestDeterministicPlanAndOwnedSlices/repeat#29","Elapsed":0}
{"Time":"2026-09-05T22:17:17.619272+09:00","Action":"output","Package":"waiting-room/internal/installplan","Test":"TestDeterministicPlanAndOwnedSlices/repeat#57","Output":"--- PASS: TestDeterministicPlanAndOwnedSlices/repeat#57 (0.00s)\n"}
{"Time":"2026-09-05T22:17:17.619285+09:00","Action":"pass","Package":"waiting-room/internal/installplan","Test":"TestDeterministicPlanAndOwnedSlices/repeat#57","Elapsed":0}
{"Time":"2026-09-05T22:17:17.619287+09:00","Action":"output","Package":"waiting-room/internal/installplan","Test":"TestDeterministicPlanAndOwnedSlices/repeat#20","Output":"--- PASS: TestDeterministicPlanAndOwnedSlices/repeat#20 (0.00s)\n"}
{"Time":"2026-09-05T22:17:17.619304+09:00","Action":"pass","Package":"waiting-room/internal/installplan","Test":"TestDeterministicPlanAndOwnedSlices/repeat#20","Elapsed":0}
{"Time":"2026-09-05T22:17:17.619307+09:00","Action":"output","Package":"waiting-room/internal/installplan","Test":"TestDeterministicPlanAndOwnedSlices/repeat#08","Output":"--- PASS: TestDeterministicPlanAndOwnedSlices/repeat#08 (0.00s)\n"}
{"Time":"2026-09-05T22:17:17.619327+09:00","Action":"pass","Package":"waiting-room/internal/installplan","Test":"TestDeterministicPlanAndOwnedSlices/repeat#08","Elapsed":0}
{"Time":"2026-09-05T22:17:17.619331+09:00","Action":"output","Package":"waiting-room/internal/installplan","Test":"TestDeterministicPlanAndOwnedSlices/repeat#13","Output":"--- PASS: TestDeterministicPlanAndOwnedSlices/repeat#13 (0.00s)\n"}
{"Time":"2026-09-05T22:17:17.619352+09:00","Action":"pass","Package":"waiting-room/internal/installplan","Test":"TestDeterministicPlanAndOwnedSlices/repeat#13","Elapsed":0}
{"Time":"2026-09-05T22:17:17.619354+09:00","Action":"output","Package":"waiting-room/internal/installplan","Test":"TestDeterministicPlanAndOwnedSlices/repeat#17","Output":"--- PASS: TestDeterministicPlanAndOwnedSlices/repeat#17 (0.00s)\n"}
{"Time":"2026-09-05T22:17:17.619399+09:00","Action":"pass","Package":"waiting-room/internal/installplan","Test":"TestDeterministicPlanAndOwnedSlices/repeat#17","Elapsed":0}
{"Time":"2026-09-05T22:17:17.619403+09:00","Action":"output","Package":"waiting-room/internal/installplan","Test":"TestDeterministicPlanAndOwnedSlices/repeat#24","Output":"--- PASS: TestDeterministicPlanAndOwnedSlices/repeat#24 (0.00s)\n"}
{"Time":"2026-09-05T22:17:17.619405+09:00","Action":"pass","Package":"waiting-room/internal/installplan","Test":"TestDeterministicPlanAndOwnedSlices/repeat#24","Elapsed":0}
{"Time":"2026-09-05T22:17:17.619406+09:00","Action":"output","Package":"waiting-room/internal/installplan","Test":"TestDeterministicPlanAndOwnedSlices/repeat#64","Output":"--- PASS: TestDeterministicPlanAndOwnedSlices/repeat#64 (0.00s)\n"}
{"Time":"2026-09-05T22:17:17.619422+09:00","Action":"pass","Package":"waiting-room/internal/installplan","Test":"TestDeterministicPlanAndOwnedSlices/repeat#64","Elapsed":0}
{"Time":"2026-09-05T22:17:17.619424+09:00","Action":"output","Package":"waiting-room/internal/installplan","Test":"TestDeterministicPlanAndOwnedSlices/repeat#07","Output":"--- PASS: TestDeterministicPlanAndOwnedSlices/repeat#07 (0.00s)\n"}
{"Time":"2026-09-05T22:17:17.619439+09:00","Action":"pass","Package":"waiting-room/internal/installplan","Test":"TestDeterministicPlanAndOwnedSlices/repeat#07","Elapsed":0}
{"Time":"2026-09-05T22:17:17.619441+09:00","Action":"output","Package":"waiting-room/internal/installplan","Test":"TestDeterministicPlanAndOwnedSlices/repeat#15","Output":"--- PASS: TestDeterministicPlanAndOwnedSlices/repeat#15 (0.00s)\n"}
{"Time":"2026-09-05T22:17:17.619457+09:00","Action":"pass","Package":"waiting-room/internal/installplan","Test":"TestDeterministicPlanAndOwnedSlices/repeat#15","Elapsed":0}
{"Time":"2026-09-05T22:17:17.61946+09:00","Action":"output","Package":"waiting-room/internal/installplan","Test":"TestDeterministicPlanAndOwnedSlices/repeat#18","Output":"--- PASS: TestDeterministicPlanAndOwnedSlices/repeat#18 (0.00s)\n"}
{"Time":"2026-09-05T22:17:17.619476+09:00","Action":"pass","Package":"waiting-room/internal/installplan","Test":"TestDeterministicPlanAndOwnedSlices/repeat#18","Elapsed":0}
{"Time":"2026-09-05T22:17:17.619479+09:00","Action":"output","Package":"waiting-room/internal/installplan","Test":"TestDeterministicPlanAndOwnedSlices/repeat#23","Output":"--- PASS: TestDeterministicPlanAndOwnedSlices/repeat#23 (0.00s)\n"}
{"Time":"2026-09-05T22:17:17.619502+09:00","Action":"pass","Package":"waiting-room/internal/installplan","Test":"TestDeterministicPlanAndOwnedSlices/repeat#23","Elapsed":0}
{"Time":"2026-09-05T22:17:17.619505+09:00","Action":"output","Package":"waiting-room/internal/installplan","Test":"TestDeterministicPlanAndOwnedSlices/repeat#99","Output":"--- PASS: TestDeterministicPlanAndOwnedSlices/repeat#99 (0.00s)\n"}
{"Time":"2026-09-05T22:17:17.619508+09:00","Action":"pass","Package":"waiting-room/internal/installplan","Test":"TestDeterministicPlanAndOwnedSlices/repeat#99","Elapsed":0}
{"Time":"2026-09-05T22:17:17.619509+09:00","Action":"output","Package":"waiting-room/internal/installplan","Test":"TestDeterministicPlanAndOwnedSlices/repeat#19","Output":"--- PASS: TestDeterministicPlanAndOwnedSlices/repeat#19 (0.00s)\n"}
{"Time":"2026-09-05T22:17:17.619519+09:00","Action":"pass","Package":"waiting-room/internal/installplan","Test":"TestDeterministicPlanAndOwnedSlices/repeat#19","Elapsed":0}
{"Time":"2026-09-05T22:17:17.619524+09:00","Action":"output","Package":"waiting-room/internal/installplan","Test":"TestDeterministicPlanAndOwnedSlices/repeat#96","Output":"--- PASS: TestDeterministicPlanAndOwnedSlices/repeat#96 (0.00s)\n"}
{"Time":"2026-09-05T22:17:17.61958+09:00","Action":"pass","Package":"waiting-room/internal/installplan","Test":"TestDeterministicPlanAndOwnedSlices/repeat#96","Elapsed":0}
{"Time":"2026-09-05T22:17:17.619584+09:00","Action":"output","Package":"waiting-room/internal/installplan","Test":"TestDeterministicPlanAndOwnedSlices/repeat#85","Output":"--- PASS: TestDeterministicPlanAndOwnedSlices/repeat#85 (0.00s)\n"}
{"Time":"2026-09-05T22:17:17.619586+09:00","Action":"pass","Package":"waiting-room/internal/installplan","Test":"TestDeterministicPlanAndOwnedSlices/repeat#85","Elapsed":0}
{"Time":"2026-09-05T22:17:17.619587+09:00","Action":"output","Package":"waiting-room/internal/installplan","Test":"TestDeterministicPlanAndOwnedSlices/repeat#97","Output":"--- PASS: TestDeterministicPlanAndOwnedSlices/repeat#97 (0.00s)\n"}
{"Time":"2026-09-05T22:17:17.61959+09:00","Action":"pass","Package":"waiting-room/internal/installplan","Test":"TestDeterministicPlanAndOwnedSlices/repeat#97","Elapsed":0}
{"Time":"2026-09-05T22:17:17.619594+09:00","Action":"output","Package":"waiting-room/internal/installplan","Test":"TestDeterministicPlanAndOwnedSlices/repeat#89","Output":"--- PASS: TestDeterministicPlanAndOwnedSlices/repeat#89 (0.00s)\n"}
{"Time":"2026-09-05T22:17:17.619609+09:00","Action":"pass","Package":"waiting-room/internal/installplan","Test":"TestDeterministicPlanAndOwnedSlices/repeat#89","Elapsed":0}
{"Time":"2026-09-05T22:17:17.619615+09:00","Action":"output","Package":"waiting-room/internal/installplan","Test":"TestDeterministicPlanAndOwnedSlices/repeat#28","Output":"--- PASS: TestDeterministicPlanAndOwnedSlices/repeat#28 (0.00s)\n"}
{"Time":"2026-09-05T22:17:17.619633+09:00","Action":"pass","Package":"waiting-room/internal/installplan","Test":"TestDeterministicPlanAndOwnedSlices/repeat#28","Elapsed":0}
{"Time":"2026-09-05T22:17:17.619636+09:00","Action":"output","Package":"waiting-room/internal/installplan","Test":"TestDeterministicPlanAndOwnedSlices/repeat#83","Output":"--- PASS: TestDeterministicPlanAndOwnedSlices/repeat#83 (0.00s)\n"}
{"Time":"2026-09-05T22:17:17.619645+09:00","Action":"pass","Package":"waiting-room/internal/installplan","Test":"TestDeterministicPlanAndOwnedSlices/repeat#83","Elapsed":0}
{"Time":"2026-09-05T22:17:17.619648+09:00","Action":"output","Package":"waiting-room/internal/installplan","Test":"TestDeterministicPlanAndOwnedSlices/repeat#21","Output":"--- PASS: TestDeterministicPlanAndOwnedSlices/repeat#21 (0.00s)\n"}
{"Time":"2026-09-05T22:17:17.619665+09:00","Action":"pass","Package":"waiting-room/internal/installplan","Test":"TestDeterministicPlanAndOwnedSlices/repeat#21","Elapsed":0}
{"Time":"2026-09-05T22:17:17.619668+09:00","Action":"output","Package":"waiting-room/internal/installplan","Test":"TestDeterministicPlanAndOwnedSlices/repeat#70","Output":"--- PASS: TestDeterministicPlanAndOwnedSlices/repeat#70 (0.00s)\n"}
{"Time":"2026-09-05T22:17:17.619701+09:00","Action":"pass","Package":"waiting-room/internal/installplan","Test":"TestDeterministicPlanAndOwnedSlices/repeat#70","Elapsed":0}
{"Time":"2026-09-05T22:17:17.619705+09:00","Action":"output","Package":"waiting-room/internal/installplan","Test":"TestDeterministicPlanAndOwnedSlices/repeat#82","Output":"--- PASS: TestDeterministicPlanAndOwnedSlices/repeat#82 (0.00s)\n"}
{"Time":"2026-09-05T22:17:17.619719+09:00","Action":"pass","Package":"waiting-room/internal/installplan","Test":"TestDeterministicPlanAndOwnedSlices/repeat#82","Elapsed":0}
{"Time":"2026-09-05T22:17:17.619722+09:00","Action":"output","Package":"waiting-room/internal/installplan","Test":"TestDeterministicPlanAndOwnedSlices/repeat#78","Output":"--- PASS: TestDeterministicPlanAndOwnedSlices/repeat#78 (0.00s)\n"}
{"Time":"2026-09-05T22:17:17.619735+09:00","Action":"pass","Package":"waiting-room/internal/installplan","Test":"TestDeterministicPlanAndOwnedSlices/repeat#78","Elapsed":0}
{"Time":"2026-09-05T22:17:17.619739+09:00","Action":"output","Package":"waiting-room/internal/installplan","Test":"TestDeterministicPlanAndOwnedSlices/repeat#55","Output":"--- PASS: TestDeterministicPlanAndOwnedSlices/repeat#55 (0.00s)\n"}
{"Time":"2026-09-05T22:17:17.619755+09:00","Action":"pass","Package":"waiting-room/internal/installplan","Test":"TestDeterministicPlanAndOwnedSlices/repeat#55","Elapsed":0}
{"Time":"2026-09-05T22:17:17.619758+09:00","Action":"output","Package":"waiting-room/internal/installplan","Test":"TestDeterministicPlanAndOwnedSlices/repeat#61","Output":"--- PASS: TestDeterministicPlanAndOwnedSlices/repeat#61 (0.00s)\n"}
{"Time":"2026-09-05T22:17:17.619775+09:00","Action":"pass","Package":"waiting-room/internal/installplan","Test":"TestDeterministicPlanAndOwnedSlices/repeat#61","Elapsed":0}
{"Time":"2026-09-05T22:17:17.619777+09:00","Action":"output","Package":"waiting-room/internal/installplan","Test":"TestDeterministicPlanAndOwnedSlices/repeat#72","Output":"--- PASS: TestDeterministicPlanAndOwnedSlices/repeat#72 (0.00s)\n"}
{"Time":"2026-09-05T22:17:17.619794+09:00","Action":"pass","Package":"waiting-room/internal/installplan","Test":"TestDeterministicPlanAndOwnedSlices/repeat#72","Elapsed":0}
{"Time":"2026-09-05T22:17:17.619797+09:00","Action":"output","Package":"waiting-room/internal/installplan","Test":"TestDeterministicPlanAndOwnedSlices/repeat#66","Output":"--- PASS: TestDeterministicPlanAndOwnedSlices/repeat#66 (0.00s)\n"}
{"Time":"2026-09-05T22:17:17.619814+09:00","Action":"pass","Package":"waiting-room/internal/installplan","Test":"TestDeterministicPlanAndOwnedSlices/repeat#66","Elapsed":0}
{"Time":"2026-09-05T22:17:17.619821+09:00","Action":"output","Package":"waiting-room/internal/installplan","Test":"TestDeterministicPlanAndOwnedSlices/repeat#04","Output":"--- PASS: TestDeterministicPlanAndOwnedSlices/repeat#04 (0.00s)\n"}
{"Time":"2026-09-05T22:17:17.619824+09:00","Action":"pass","Package":"waiting-room/internal/installplan","Test":"TestDeterministicPlanAndOwnedSlices/repeat#04","Elapsed":0}
{"Time":"2026-09-05T22:17:17.619825+09:00","Action":"output","Package":"waiting-room/internal/installplan","Test":"TestDeterministicPlanAndOwnedSlices/repeat#75","Output":"--- PASS: TestDeterministicPlanAndOwnedSlices/repeat#75 (0.00s)\n"}
{"Time":"2026-09-05T22:17:17.619854+09:00","Action":"pass","Package":"waiting-room/internal/installplan","Test":"TestDeterministicPlanAndOwnedSlices/repeat#75","Elapsed":0}
{"Time":"2026-09-05T22:17:17.619859+09:00","Action":"output","Package":"waiting-room/internal/installplan","Test":"TestDeterministicPlanAndOwnedSlices/repeat#80","Output":"--- PASS: TestDeterministicPlanAndOwnedSlices/repeat#80 (0.00s)\n"}
{"Time":"2026-09-05T22:17:17.619862+09:00","Action":"pass","Package":"waiting-room/internal/installplan","Test":"TestDeterministicPlanAndOwnedSlices/repeat#80","Elapsed":0}
{"Time":"2026-09-05T22:17:17.619866+09:00","Action":"output","Package":"waiting-room/internal/installplan","Test":"TestDeterministicPlanAndOwnedSlices/repeat#81","Output":"--- PASS: TestDeterministicPlanAndOwnedSlices/repeat#81 (0.00s)\n"}
{"Time":"2026-09-05T22:17:17.619902+09:00","Action":"pass","Package":"waiting-room/internal/installplan","Test":"TestDeterministicPlanAndOwnedSlices/repeat#81","Elapsed":0}
{"Time":"2026-09-05T22:17:17.619908+09:00","Action":"output","Package":"waiting-room/internal/installplan","Test":"TestDeterministicPlanAndOwnedSlices/repeat#01","Output":"--- PASS: TestDeterministicPlanAndOwnedSlices/repeat#01 (0.00s)\n"}
{"Time":"2026-09-05T22:17:17.61991+09:00","Action":"pass","Package":"waiting-room/internal/installplan","Test":"TestDeterministicPlanAndOwnedSlices/repeat#01","Elapsed":0}
{"Time":"2026-09-05T22:17:17.619911+09:00","Action":"output","Package":"waiting-room/internal/installplan","Test":"TestDeterministicPlanAndOwnedSlices/repeat#53","Output":"--- PASS: TestDeterministicPlanAndOwnedSlices/repeat#53 (0.00s)\n"}
{"Time":"2026-09-05T22:17:17.619917+09:00","Action":"pass","Package":"waiting-room/internal/installplan","Test":"TestDeterministicPlanAndOwnedSlices/repeat#53","Elapsed":0}
{"Time":"2026-09-05T22:17:17.619921+09:00","Action":"output","Package":"waiting-room/internal/installplan","Test":"TestDeterministicPlanAndOwnedSlices/repeat#16","Output":"--- PASS: TestDeterministicPlanAndOwnedSlices/repeat#16 (0.00s)\n"}
{"Time":"2026-09-05T22:17:17.619944+09:00","Action":"pass","Package":"waiting-room/internal/installplan","Test":"TestDeterministicPlanAndOwnedSlices/repeat#16","Elapsed":0}
{"Time":"2026-09-05T22:17:17.619949+09:00","Action":"output","Package":"waiting-room/internal/installplan","Test":"TestDeterministicPlanAndOwnedSlices/repeat#10","Output":"--- PASS: TestDeterministicPlanAndOwnedSlices/repeat#10 (0.00s)\n"}
{"Time":"2026-09-05T22:17:17.619983+09:00","Action":"pass","Package":"waiting-room/internal/installplan","Test":"TestDeterministicPlanAndOwnedSlices/repeat#10","Elapsed":0}
{"Time":"2026-09-05T22:17:17.619988+09:00","Action":"output","Package":"waiting-room/internal/installplan","Test":"TestDeterministicPlanAndOwnedSlices/repeat#74","Output":"--- PASS: TestDeterministicPlanAndOwnedSlices/repeat#74 (0.00s)\n"}
{"Time":"2026-09-05T22:17:17.620002+09:00","Action":"pass","Package":"waiting-room/internal/installplan","Test":"TestDeterministicPlanAndOwnedSlices/repeat#74","Elapsed":0}
{"Time":"2026-09-05T22:17:17.620005+09:00","Action":"output","Package":"waiting-room/internal/installplan","Test":"TestDeterministicPlanAndOwnedSlices/repeat#73","Output":"--- PASS: TestDeterministicPlanAndOwnedSlices/repeat#73 (0.00s)\n"}
{"Time":"2026-09-05T22:17:17.620043+09:00","Action":"pass","Package":"waiting-room/internal/installplan","Test":"TestDeterministicPlanAndOwnedSlices/repeat#73","Elapsed":0}
{"Time":"2026-09-05T22:17:17.620046+09:00","Action":"output","Package":"waiting-room/internal/installplan","Test":"TestDeterministicPlanAndOwnedSlices","Output":"--- PASS: TestDeterministicPlanAndOwnedSlices (0.01s)\n"}
{"Time":"2026-09-05T22:17:17.620049+09:00","Action":"pass","Package":"waiting-room/internal/installplan","Test":"TestDeterministicPlanAndOwnedSlices","Elapsed":0.01}
{"Time":"2026-09-05T22:17:17.620102+09:00","Action":"run","Package":"waiting-room/internal/installplan","Test":"FuzzDecode"}
{"Time":"2026-09-05T22:17:17.620105+09:00","Action":"output","Package":"waiting-room/internal/installplan","Test":"FuzzDecode","Output":"=== RUN   FuzzDecode\n"}
{"Time":"2026-09-05T22:17:17.620823+09:00","Action":"run","Package":"waiting-room/internal/installplan","Test":"FuzzDecode/seed#0"}
{"Time":"2026-09-05T22:17:17.620827+09:00","Action":"output","Package":"waiting-room/internal/installplan","Test":"FuzzDecode/seed#0","Output":"=== RUN   FuzzDecode/seed#0\n"}
{"Time":"2026-09-05T22:17:17.621021+09:00","Action":"output","Package":"waiting-room/internal/installplan","Test":"FuzzDecode/seed#0","Output":"--- PASS: FuzzDecode/seed#0 (0.00s)\n"}
{"Time":"2026-09-05T22:17:17.621025+09:00","Action":"pass","Package":"waiting-room/internal/installplan","Test":"FuzzDecode/seed#0","Elapsed":0}
{"Time":"2026-09-05T22:17:17.621043+09:00","Action":"run","Package":"waiting-room/internal/installplan","Test":"FuzzDecode/seed#1"}
{"Time":"2026-09-05T22:17:17.621045+09:00","Action":"output","Package":"waiting-room/internal/installplan","Test":"FuzzDecode/seed#1","Output":"=== RUN   FuzzDecode/seed#1\n"}
{"Time":"2026-09-05T22:17:17.621081+09:00","Action":"output","Package":"waiting-room/internal/installplan","Test":"FuzzDecode/seed#1","Output":"--- PASS: FuzzDecode/seed#1 (0.00s)\n"}
{"Time":"2026-09-05T22:17:17.621085+09:00","Action":"pass","Package":"waiting-room/internal/installplan","Test":"FuzzDecode/seed#1","Elapsed":0}
{"Time":"2026-09-05T22:17:17.621102+09:00","Action":"run","Package":"waiting-room/internal/installplan","Test":"FuzzDecode/seed#2"}
{"Time":"2026-09-05T22:17:17.621104+09:00","Action":"output","Package":"waiting-room/internal/installplan","Test":"FuzzDecode/seed#2","Output":"=== RUN   FuzzDecode/seed#2\n"}
{"Time":"2026-09-05T22:17:17.621148+09:00","Action":"output","Package":"waiting-room/internal/installplan","Test":"FuzzDecode/seed#2","Output":"--- PASS: FuzzDecode/seed#2 (0.00s)\n"}
{"Time":"2026-09-05T22:17:17.621154+09:00","Action":"pass","Package":"waiting-room/internal/installplan","Test":"FuzzDecode/seed#2","Elapsed":0}
{"Time":"2026-09-05T22:17:17.621173+09:00","Action":"output","Package":"waiting-room/internal/installplan","Test":"FuzzDecode","Output":"--- PASS: FuzzDecode (0.00s)\n"}
{"Time":"2026-09-05T22:17:17.621183+09:00","Action":"pass","Package":"waiting-room/internal/installplan","Test":"FuzzDecode","Elapsed":0}
{"Time":"2026-09-05T22:17:17.621191+09:00","Action":"output","Package":"waiting-room/internal/installplan","Output":"PASS\n"}
{"Time":"2026-09-05T22:17:18.038231+09:00","Action":"run","Package":"waiting-room/internal/installplan/preflight","Test":"TestClockBoundaries"}
{"Time":"2026-09-05T22:17:18.038249+09:00","Action":"output","Package":"waiting-room/internal/installplan/preflight","Test":"TestClockBoundaries","Output":"=== RUN   TestClockBoundaries\n"}
{"Time":"2026-09-05T22:17:18.038307+09:00","Action":"run","Package":"waiting-room/internal/installplan/preflight","Test":"TestClockBoundaries/zero"}
{"Time":"2026-09-05T22:17:18.038313+09:00","Action":"output","Package":"waiting-room/internal/installplan/preflight","Test":"TestClockBoundaries/zero","Output":"=== RUN   TestClockBoundaries/zero\n"}
{"Time":"2026-09-05T22:17:18.038939+09:00","Action":"output","Package":"waiting-room/internal/installplan/preflight","Test":"TestClockBoundaries/zero","Output":"--- PASS: TestClockBoundaries/zero (0.00s)\n"}
{"Time":"2026-09-05T22:17:18.038946+09:00","Action":"pass","Package":"waiting-room/internal/installplan/preflight","Test":"TestClockBoundaries/zero","Elapsed":0}
{"Time":"2026-09-05T22:17:18.038949+09:00","Action":"run","Package":"waiting-room/internal/installplan/preflight","Test":"TestClockBoundaries/plus2"}
{"Time":"2026-09-05T22:17:18.038951+09:00","Action":"output","Package":"waiting-room/internal/installplan/preflight","Test":"TestClockBoundaries/plus2","Output":"=== RUN   TestClockBoundaries/plus2\n"}
{"Time":"2026-09-05T22:17:18.039341+09:00","Action":"output","Package":"waiting-room/internal/installplan/preflight","Test":"TestClockBoundaries/plus2","Output":"--- PASS: TestClockBoundaries/plus2 (0.00s)\n"}
{"Time":"2026-09-05T22:17:18.039347+09:00","Action":"pass","Package":"waiting-room/internal/installplan/preflight","Test":"TestClockBoundaries/plus2","Elapsed":0}
{"Time":"2026-09-05T22:17:18.039356+09:00","Action":"run","Package":"waiting-room/internal/installplan/preflight","Test":"TestClockBoundaries/minus2"}
{"Time":"2026-09-05T22:17:18.039358+09:00","Action":"output","Package":"waiting-room/internal/installplan/preflight","Test":"TestClockBoundaries/minus2","Output":"=== RUN   TestClockBoundaries/minus2\n"}
{"Time":"2026-09-05T22:17:18.039593+09:00","Action":"output","Package":"waiting-room/internal/installplan/preflight","Test":"TestClockBoundaries/minus2","Output":"--- PASS: TestClockBoundaries/minus2 (0.00s)\n"}
{"Time":"2026-09-05T22:17:18.039598+09:00","Action":"pass","Package":"waiting-room/internal/installplan/preflight","Test":"TestClockBoundaries/minus2","Elapsed":0}
{"Time":"2026-09-05T22:17:18.03961+09:00","Action":"run","Package":"waiting-room/internal/installplan/preflight","Test":"TestClockBoundaries/above2"}
{"Time":"2026-09-05T22:17:18.039612+09:00","Action":"output","Package":"waiting-room/internal/installplan/preflight","Test":"TestClockBoundaries/above2","Output":"=== RUN   TestClockBoundaries/above2\n"}
{"Time":"2026-09-05T22:17:18.039853+09:00","Action":"output","Package":"waiting-room/internal/installplan/preflight","Test":"TestClockBoundaries/above2","Output":"--- PASS: TestClockBoundaries/above2 (0.00s)\n"}
{"Time":"2026-09-05T22:17:18.039857+09:00","Action":"pass","Package":"waiting-room/internal/installplan/preflight","Test":"TestClockBoundaries/above2","Elapsed":0}
{"Time":"2026-09-05T22:17:18.03986+09:00","Action":"run","Package":"waiting-room/internal/installplan/preflight","Test":"TestClockBoundaries/belowMinus2"}
{"Time":"2026-09-05T22:17:18.039861+09:00","Action":"output","Package":"waiting-room/internal/installplan/preflight","Test":"TestClockBoundaries/belowMinus2","Output":"=== RUN   TestClockBoundaries/belowMinus2\n"}
{"Time":"2026-09-05T22:17:18.040311+09:00","Action":"output","Package":"waiting-room/internal/installplan/preflight","Test":"TestClockBoundaries/belowMinus2","Output":"--- PASS: TestClockBoundaries/belowMinus2 (0.00s)\n"}
{"Time":"2026-09-05T22:17:18.040317+09:00","Action":"pass","Package":"waiting-room/internal/installplan/preflight","Test":"TestClockBoundaries/belowMinus2","Elapsed":0}
{"Time":"2026-09-05T22:17:18.040335+09:00","Action":"run","Package":"waiting-room/internal/installplan/preflight","Test":"TestClockBoundaries/plus5"}
{"Time":"2026-09-05T22:17:18.040337+09:00","Action":"output","Package":"waiting-room/internal/installplan/preflight","Test":"TestClockBoundaries/plus5","Output":"=== RUN   TestClockBoundaries/plus5\n"}
{"Time":"2026-09-05T22:17:18.040788+09:00","Action":"output","Package":"waiting-room/internal/installplan/preflight","Test":"TestClockBoundaries/plus5","Output":"--- PASS: TestClockBoundaries/plus5 (0.00s)\n"}
{"Time":"2026-09-05T22:17:18.040796+09:00","Action":"pass","Package":"waiting-room/internal/installplan/preflight","Test":"TestClockBoundaries/plus5","Elapsed":0}
{"Time":"2026-09-05T22:17:18.040801+09:00","Action":"run","Package":"waiting-room/internal/installplan/preflight","Test":"TestClockBoundaries/minus5"}
{"Time":"2026-09-05T22:17:18.040803+09:00","Action":"output","Package":"waiting-room/internal/installplan/preflight","Test":"TestClockBoundaries/minus5","Output":"=== RUN   TestClockBoundaries/minus5\n"}
{"Time":"2026-09-05T22:17:18.041232+09:00","Action":"output","Package":"waiting-room/internal/installplan/preflight","Test":"TestClockBoundaries/minus5","Output":"--- PASS: TestClockBoundaries/minus5 (0.00s)\n"}
{"Time":"2026-09-05T22:17:18.041238+09:00","Action":"pass","Package":"waiting-room/internal/installplan/preflight","Test":"TestClockBoundaries/minus5","Elapsed":0}
{"Time":"2026-09-05T22:17:18.041253+09:00","Action":"run","Package":"waiting-room/internal/installplan/preflight","Test":"TestClockBoundaries/above5"}
{"Time":"2026-09-05T22:17:18.041256+09:00","Action":"output","Package":"waiting-room/internal/installplan/preflight","Test":"TestClockBoundaries/above5","Output":"=== RUN   TestClockBoundaries/above5\n"}
{"Time":"2026-09-05T22:17:18.041694+09:00","Action":"output","Package":"waiting-room/internal/installplan/preflight","Test":"TestClockBoundaries/above5","Output":"--- PASS: TestClockBoundaries/above5 (0.00s)\n"}
{"Time":"2026-09-05T22:17:18.041703+09:00","Action":"pass","Package":"waiting-room/internal/installplan/preflight","Test":"TestClockBoundaries/above5","Elapsed":0}
{"Time":"2026-09-05T22:17:18.041722+09:00","Action":"run","Package":"waiting-room/internal/installplan/preflight","Test":"TestClockBoundaries/belowMinus5"}
{"Time":"2026-09-05T22:17:18.041725+09:00","Action":"output","Package":"waiting-room/internal/installplan/preflight","Test":"TestClockBoundaries/belowMinus5","Output":"=== RUN   TestClockBoundaries/belowMinus5\n"}
{"Time":"2026-09-05T22:17:18.042163+09:00","Action":"output","Package":"waiting-room/internal/installplan/preflight","Test":"TestClockBoundaries/belowMinus5","Output":"--- PASS: TestClockBoundaries/belowMinus5 (0.00s)\n"}
{"Time":"2026-09-05T22:17:18.042187+09:00","Action":"pass","Package":"waiting-room/internal/installplan/preflight","Test":"TestClockBoundaries/belowMinus5","Elapsed":0}
{"Time":"2026-09-05T22:17:18.042211+09:00","Action":"run","Package":"waiting-room/internal/installplan/preflight","Test":"TestClockBoundaries/minDuration"}
{"Time":"2026-09-05T22:17:18.042215+09:00","Action":"output","Package":"waiting-room/internal/installplan/preflight","Test":"TestClockBoundaries/minDuration","Output":"=== RUN   TestClockBoundaries/minDuration\n"}
{"Time":"2026-09-05T22:17:18.042611+09:00","Action":"output","Package":"waiting-room/internal/installplan/preflight","Test":"TestClockBoundaries/minDuration","Output":"--- PASS: TestClockBoundaries/minDuration (0.00s)\n"}
{"Time":"2026-09-05T22:17:18.042617+09:00","Action":"pass","Package":"waiting-room/internal/installplan/preflight","Test":"TestClockBoundaries/minDuration","Elapsed":0}
{"Time":"2026-09-05T22:17:18.042631+09:00","Action":"run","Package":"waiting-room/internal/installplan/preflight","Test":"TestClockBoundaries/maxDuration"}
{"Time":"2026-09-05T22:17:18.042635+09:00","Action":"output","Package":"waiting-room/internal/installplan/preflight","Test":"TestClockBoundaries/maxDuration","Output":"=== RUN   TestClockBoundaries/maxDuration\n"}
{"Time":"2026-09-05T22:17:18.043062+09:00","Action":"output","Package":"waiting-room/internal/installplan/preflight","Test":"TestClockBoundaries/maxDuration","Output":"--- PASS: TestClockBoundaries/maxDuration (0.00s)\n"}
{"Time":"2026-09-05T22:17:18.043068+09:00","Action":"pass","Package":"waiting-room/internal/installplan/preflight","Test":"TestClockBoundaries/maxDuration","Elapsed":0}
{"Time":"2026-09-05T22:17:18.0431+09:00","Action":"output","Package":"waiting-room/internal/installplan/preflight","Test":"TestClockBoundaries","Output":"--- PASS: TestClockBoundaries (0.00s)\n"}
{"Time":"2026-09-05T22:17:18.043131+09:00","Action":"pass","Package":"waiting-room/internal/installplan/preflight","Test":"TestClockBoundaries","Elapsed":0}
{"Time":"2026-09-05T22:17:18.043191+09:00","Action":"run","Package":"waiting-room/internal/installplan/preflight","Test":"TestObservationValidity"}
{"Time":"2026-09-05T22:17:18.043199+09:00","Action":"output","Package":"waiting-room/internal/installplan/preflight","Test":"TestObservationValidity","Output":"=== RUN   TestObservationValidity\n"}
{"Time":"2026-09-05T22:17:18.043268+09:00","Action":"run","Package":"waiting-room/internal/installplan/preflight","Test":"TestObservationValidity/missing"}
{"Time":"2026-09-05T22:17:18.043274+09:00","Action":"output","Package":"waiting-room/internal/installplan/preflight","Test":"TestObservationValidity/missing","Output":"=== RUN   TestObservationValidity/missing\n"}
{"Time":"2026-09-05T22:17:18.044157+09:00","Action":"output","Package":"waiting-room/internal/installplan/preflight","Test":"TestObservationValidity/missing","Output":"--- PASS: TestObservationValidity/missing (0.00s)\n"}
{"Time":"2026-09-05T22:17:18.044175+09:00","Action":"pass","Package":"waiting-room/internal/installplan/preflight","Test":"TestObservationValidity/missing","Elapsed":0}
{"Time":"2026-09-05T22:17:18.044206+09:00","Action":"run","Package":"waiting-room/internal/installplan/preflight","Test":"TestObservationValidity/unsynchronized"}
{"Time":"2026-09-05T22:17:18.044209+09:00","Action":"output","Package":"waiting-room/internal/installplan/preflight","Test":"TestObservationValidity/unsynchronized","Output":"=== RUN   TestObservationValidity/unsynchronized\n"}
{"Time":"2026-09-05T22:17:18.044766+09:00","Action":"output","Package":"waiting-room/internal/installplan/preflight","Test":"TestObservationValidity/unsynchronized","Output":"--- PASS: TestObservationValidity/unsynchronized (0.00s)\n"}
{"Time":"2026-09-05T22:17:18.044782+09:00","Action":"pass","Package":"waiting-room/internal/installplan/preflight","Test":"TestObservationValidity/unsynchronized","Elapsed":0}
{"Time":"2026-09-05T22:17:18.044798+09:00","Action":"run","Package":"waiting-room/internal/installplan/preflight","Test":"TestObservationValidity/future"}
{"Time":"2026-09-05T22:17:18.044801+09:00","Action":"output","Package":"waiting-room/internal/installplan/preflight","Test":"TestObservationValidity/future","Output":"=== RUN   TestObservationValidity/future\n"}
{"Time":"2026-09-05T22:17:18.045362+09:00","Action":"output","Package":"waiting-room/internal/installplan/preflight","Test":"TestObservationValidity/future","Output":"--- PASS: TestObservationValidity/future (0.00s)\n"}
{"Time":"2026-09-05T22:17:18.04538+09:00","Action":"pass","Package":"waiting-room/internal/installplan/preflight","Test":"TestObservationValidity/future","Elapsed":0}
{"Time":"2026-09-05T22:17:18.045394+09:00","Action":"run","Package":"waiting-room/internal/installplan/preflight","Test":"TestObservationValidity/stale"}
{"Time":"2026-09-05T22:17:18.045398+09:00","Action":"output","Package":"waiting-room/internal/installplan/preflight","Test":"TestObservationValidity/stale","Output":"=== RUN   TestObservationValidity/stale\n"}
{"Time":"2026-09-05T22:17:18.045743+09:00","Action":"output","Package":"waiting-room/internal/installplan/preflight","Test":"TestObservationValidity/stale","Output":"--- PASS: TestObservationValidity/stale (0.00s)\n"}
{"Time":"2026-09-05T22:17:18.045747+09:00","Action":"pass","Package":"waiting-room/internal/installplan/preflight","Test":"TestObservationValidity/stale","Elapsed":0}
{"Time":"2026-09-05T22:17:18.04576+09:00","Action":"run","Package":"waiting-room/internal/installplan/preflight","Test":"TestObservationValidity/exact-age"}
{"Time":"2026-09-05T22:17:18.045762+09:00","Action":"output","Package":"waiting-room/internal/installplan/preflight","Test":"TestObservationValidity/exact-age","Output":"=== RUN   TestObservationValidity/exact-age\n"}
{"Time":"2026-09-05T22:17:18.046079+09:00","Action":"output","Package":"waiting-room/internal/installplan/preflight","Test":"TestObservationValidity/exact-age","Output":"--- PASS: TestObservationValidity/exact-age (0.00s)\n"}
{"Time":"2026-09-05T22:17:18.046083+09:00","Action":"pass","Package":"waiting-room/internal/installplan/preflight","Test":"TestObservationValidity/exact-age","Elapsed":0}
{"Time":"2026-09-05T22:17:18.046096+09:00","Action":"run","Package":"waiting-room/internal/installplan/preflight","Test":"TestObservationValidity/wrong-plan"}
{"Time":"2026-09-05T22:17:18.046099+09:00","Action":"output","Package":"waiting-room/internal/installplan/preflight","Test":"TestObservationValidity/wrong-plan","Output":"=== RUN   TestObservationValidity/wrong-plan\n"}
{"Time":"2026-09-05T22:17:18.046395+09:00","Action":"output","Package":"waiting-room/internal/installplan/preflight","Test":"TestObservationValidity/wrong-plan","Output":"--- PASS: TestObservationValidity/wrong-plan (0.00s)\n"}
{"Time":"2026-09-05T22:17:18.046399+09:00","Action":"pass","Package":"waiting-room/internal/installplan/preflight","Test":"TestObservationValidity/wrong-plan","Elapsed":0}
{"Time":"2026-09-05T22:17:18.046414+09:00","Action":"run","Package":"waiting-room/internal/installplan/preflight","Test":"TestObservationValidity/no-artifact"}
{"Time":"2026-09-05T22:17:18.046416+09:00","Action":"output","Package":"waiting-room/internal/installplan/preflight","Test":"TestObservationValidity/no-artifact","Output":"=== RUN   TestObservationValidity/no-artifact\n"}
{"Time":"2026-09-05T22:17:18.046686+09:00","Action":"output","Package":"waiting-room/internal/installplan/preflight","Test":"TestObservationValidity/no-artifact","Output":"--- PASS: TestObservationValidity/no-artifact (0.00s)\n"}
{"Time":"2026-09-05T22:17:18.04669+09:00","Action":"pass","Package":"waiting-room/internal/installplan/preflight","Test":"TestObservationValidity/no-artifact","Elapsed":0}
{"Time":"2026-09-05T22:17:18.046716+09:00","Action":"run","Package":"waiting-room/internal/installplan/preflight","Test":"TestObservationValidity/no-source"}
{"Time":"2026-09-05T22:17:18.046718+09:00","Action":"output","Package":"waiting-room/internal/installplan/preflight","Test":"TestObservationValidity/no-source","Output":"=== RUN   TestObservationValidity/no-source\n"}
{"Time":"2026-09-05T22:17:18.047032+09:00","Action":"output","Package":"waiting-room/internal/installplan/preflight","Test":"TestObservationValidity/no-source","Output":"--- PASS: TestObservationValidity/no-source (0.00s)\n"}
{"Time":"2026-09-05T22:17:18.047038+09:00","Action":"pass","Package":"waiting-room/internal/installplan/preflight","Test":"TestObservationValidity/no-source","Elapsed":0}
{"Time":"2026-09-05T22:17:18.047043+09:00","Action":"run","Package":"waiting-room/internal/installplan/preflight","Test":"TestObservationValidity/unsafe-method"}
{"Time":"2026-09-05T22:17:18.047044+09:00","Action":"output","Package":"waiting-room/internal/installplan/preflight","Test":"TestObservationValidity/unsafe-method","Output":"=== RUN   TestObservationValidity/unsafe-method\n"}
{"Time":"2026-09-05T22:17:18.047328+09:00","Action":"output","Package":"waiting-room/internal/installplan/preflight","Test":"TestObservationValidity/unsafe-method","Output":"--- PASS: TestObservationValidity/unsafe-method (0.00s)\n"}
{"Time":"2026-09-05T22:17:18.047332+09:00","Action":"pass","Package":"waiting-room/internal/installplan/preflight","Test":"TestObservationValidity/unsafe-method","Elapsed":0}
{"Time":"2026-09-05T22:17:18.047346+09:00","Action":"output","Package":"waiting-room/internal/installplan/preflight","Test":"TestObservationValidity","Output":"--- PASS: TestObservationValidity (0.00s)\n"}
{"Time":"2026-09-05T22:17:18.047358+09:00","Action":"pass","Package":"waiting-room/internal/installplan/preflight","Test":"TestObservationValidity","Elapsed":0}
{"Time":"2026-09-05T22:17:18.047368+09:00","Action":"run","Package":"waiting-room/internal/installplan/preflight","Test":"TestStoreSeverityAndResponsibility"}
{"Time":"2026-09-05T22:17:18.04737+09:00","Action":"output","Package":"waiting-room/internal/installplan/preflight","Test":"TestStoreSeverityAndResponsibility","Output":"=== RUN   TestStoreSeverityAndResponsibility\n"}
{"Time":"2026-09-05T22:17:18.050115+09:00","Action":"output","Package":"waiting-room/internal/installplan/preflight","Test":"TestStoreSeverityAndResponsibility","Output":"--- PASS: TestStoreSeverityAndResponsibility (0.00s)\n"}
{"Time":"2026-09-05T22:17:18.050131+09:00","Action":"pass","Package":"waiting-room/internal/installplan/preflight","Test":"TestStoreSeverityAndResponsibility","Elapsed":0}
{"Time":"2026-09-05T22:17:18.050147+09:00","Action":"run","Package":"waiting-room/internal/installplan/preflight","Test":"TestOriginMustHaveActiveProbe"}
{"Time":"2026-09-05T22:17:18.05015+09:00","Action":"output","Package":"waiting-room/internal/installplan/preflight","Test":"TestOriginMustHaveActiveProbe","Output":"=== RUN   TestOriginMustHaveActiveProbe\n"}
{"Time":"2026-09-05T22:17:18.051369+09:00","Action":"output","Package":"waiting-room/internal/installplan/preflight","Test":"TestOriginMustHaveActiveProbe","Output":"--- PASS: TestOriginMustHaveActiveProbe (0.00s)\n"}
{"Time":"2026-09-05T22:17:18.051373+09:00","Action":"pass","Package":"waiting-room/internal/installplan/preflight","Test":"TestOriginMustHaveActiveProbe","Elapsed":0}
{"Time":"2026-09-05T22:17:18.051384+09:00","Action":"run","Package":"waiting-room/internal/installplan/preflight","Test":"TestEventDeadlineBoundaries"}
{"Time":"2026-09-05T22:17:18.051392+09:00","Action":"output","Package":"waiting-room/internal/installplan/preflight","Test":"TestEventDeadlineBoundaries","Output":"=== RUN   TestEventDeadlineBoundaries\n"}
{"Time":"2026-09-05T22:17:18.054211+09:00","Action":"output","Package":"waiting-room/internal/installplan/preflight","Test":"TestEventDeadlineBoundaries","Output":"--- PASS: TestEventDeadlineBoundaries (0.00s)\n"}
{"Time":"2026-09-05T22:17:18.05423+09:00","Action":"pass","Package":"waiting-room/internal/installplan/preflight","Test":"TestEventDeadlineBoundaries","Elapsed":0}
{"Time":"2026-09-05T22:17:18.054246+09:00","Action":"run","Package":"waiting-room/internal/installplan/preflight","Test":"TestEventReadinessFailures"}
{"Time":"2026-09-05T22:17:18.054248+09:00","Action":"output","Package":"waiting-room/internal/installplan/preflight","Test":"TestEventReadinessFailures","Output":"=== RUN   TestEventReadinessFailures\n"}
{"Time":"2026-09-05T22:17:18.054316+09:00","Action":"run","Package":"waiting-room/internal/installplan/preflight","Test":"TestEventReadinessFailures/lessGateway"}
{"Time":"2026-09-05T22:17:18.054319+09:00","Action":"output","Package":"waiting-room/internal/installplan/preflight","Test":"TestEventReadinessFailures/lessGateway","Output":"=== RUN   TestEventReadinessFailures/lessGateway\n"}
{"Time":"2026-09-05T22:17:18.05473+09:00","Action":"output","Package":"waiting-room/internal/installplan/preflight","Test":"TestEventReadinessFailures/lessGateway","Output":"--- PASS: TestEventReadinessFailures/lessGateway (0.00s)\n"}
{"Time":"2026-09-05T22:17:18.054736+09:00","Action":"pass","Package":"waiting-room/internal/installplan/preflight","Test":"TestEventReadinessFailures/lessGateway","Elapsed":0}
{"Time":"2026-09-05T22:17:18.054756+09:00","Action":"run","Package":"waiting-room/internal/installplan/preflight","Test":"TestEventReadinessFailures/lessCoordinator"}
{"Time":"2026-09-05T22:17:18.054761+09:00","Action":"output","Package":"waiting-room/internal/installplan/preflight","Test":"TestEventReadinessFailures/lessCoordinator","Output":"=== RUN   TestEventReadinessFailures/lessCoordinator\n"}
{"Time":"2026-09-05T22:17:18.055165+09:00","Action":"output","Package":"waiting-room/internal/installplan/preflight","Test":"TestEventReadinessFailures/lessCoordinator","Output":"--- PASS: TestEventReadinessFailures/lessCoordinator (0.00s)\n"}
{"Time":"2026-09-05T22:17:18.05517+09:00","Action":"pass","Package":"waiting-room/internal/installplan/preflight","Test":"TestEventReadinessFailures/lessCoordinator","Elapsed":0}
{"Time":"2026-09-05T22:17:18.055191+09:00","Action":"run","Package":"waiting-room/internal/installplan/preflight","Test":"TestEventReadinessFailures/pendingGateway"}
{"Time":"2026-09-05T22:17:18.055195+09:00","Action":"output","Package":"waiting-room/internal/installplan/preflight","Test":"TestEventReadinessFailures/pendingGateway","Output":"=== RUN   TestEventReadinessFailures/pendingGateway\n"}
{"Time":"2026-09-05T22:17:18.055576+09:00","Action":"output","Package":"waiting-room/internal/installplan/preflight","Test":"TestEventReadinessFailures/pendingGateway","Output":"--- PASS: TestEventReadinessFailures/pendingGateway (0.00s)\n"}
{"Time":"2026-09-05T22:17:18.055589+09:00","Action":"pass","Package":"waiting-room/internal/installplan/preflight","Test":"TestEventReadinessFailures/pendingGateway","Elapsed":0}
{"Time":"2026-09-05T22:17:18.055603+09:00","Action":"run","Package":"waiting-room/internal/installplan/preflight","Test":"TestEventReadinessFailures/pendingCoordinator"}
{"Time":"2026-09-05T22:17:18.055606+09:00","Action":"output","Package":"waiting-room/internal/installplan/preflight","Test":"TestEventReadinessFailures/pendingCoordinator","Output":"=== RUN   TestEventReadinessFailures/pendingCoordinator\n"}
{"Time":"2026-09-05T22:17:18.056015+09:00","Action":"output","Package":"waiting-room/internal/installplan/preflight","Test":"TestEventReadinessFailures/pendingCoordinator","Output":"--- PASS: TestEventReadinessFailures/pendingCoordinator (0.00s)\n"}
{"Time":"2026-09-05T22:17:18.056022+09:00","Action":"pass","Package":"waiting-room/internal/installplan/preflight","Test":"TestEventReadinessFailures/pendingCoordinator","Elapsed":0}
{"Time":"2026-09-05T22:17:18.056044+09:00","Action":"run","Package":"waiting-room/internal/installplan/preflight","Test":"TestEventReadinessFailures/pendingControl"}
{"Time":"2026-09-05T22:17:18.056047+09:00","Action":"output","Package":"waiting-room/internal/installplan/preflight","Test":"TestEventReadinessFailures/pendingControl","Output":"=== RUN   TestEventReadinessFailures/pendingControl\n"}
{"Time":"2026-09-05T22:17:18.056444+09:00","Action":"output","Package":"waiting-room/internal/installplan/preflight","Test":"TestEventReadinessFailures/pendingControl","Output":"--- PASS: TestEventReadinessFailures/pendingControl (0.00s)\n"}
{"Time":"2026-09-05T22:17:18.056449+09:00","Action":"pass","Package":"waiting-room/internal/installplan/preflight","Test":"TestEventReadinessFailures/pendingControl","Elapsed":0}
{"Time":"2026-09-05T22:17:18.056465+09:00","Action":"run","Package":"waiting-room/internal/installplan/preflight","Test":"TestEventReadinessFailures/invalidCounts"}
{"Time":"2026-09-05T22:17:18.056468+09:00","Action":"output","Package":"waiting-room/internal/installplan/preflight","Test":"TestEventReadinessFailures/invalidCounts","Output":"=== RUN   TestEventReadinessFailures/invalidCounts\n"}
{"Time":"2026-09-05T22:17:18.056866+09:00","Action":"output","Package":"waiting-room/internal/installplan/preflight","Test":"TestEventReadinessFailures/invalidCounts","Output":"--- PASS: TestEventReadinessFailures/invalidCounts (0.00s)\n"}
{"Time":"2026-09-05T22:17:18.056892+09:00","Action":"pass","Package":"waiting-room/internal/installplan/preflight","Test":"TestEventReadinessFailures/invalidCounts","Elapsed":0}
{"Time":"2026-09-05T22:17:18.056914+09:00","Action":"run","Package":"waiting-room/internal/installplan/preflight","Test":"TestEventReadinessFailures/overMax"}
{"Time":"2026-09-05T22:17:18.056919+09:00","Action":"output","Package":"waiting-room/internal/installplan/preflight","Test":"TestEventReadinessFailures/overMax","Output":"=== RUN   TestEventReadinessFailures/overMax\n"}
{"Time":"2026-09-05T22:17:18.057198+09:00","Action":"output","Package":"waiting-room/internal/installplan/preflight","Test":"TestEventReadinessFailures/overMax","Output":"--- PASS: TestEventReadinessFailures/overMax (0.00s)\n"}
{"Time":"2026-09-05T22:17:18.057203+09:00","Action":"pass","Package":"waiting-room/internal/installplan/preflight","Test":"TestEventReadinessFailures/overMax","Elapsed":0}
{"Time":"2026-09-05T22:17:18.057214+09:00","Action":"run","Package":"waiting-room/internal/installplan/preflight","Test":"TestEventReadinessFailures/negative"}
{"Time":"2026-09-05T22:17:18.057217+09:00","Action":"output","Package":"waiting-room/internal/installplan/preflight","Test":"TestEventReadinessFailures/negative","Output":"=== RUN   TestEventReadinessFailures/negative\n"}
{"Time":"2026-09-05T22:17:18.057489+09:00","Action":"output","Package":"waiting-room/internal/installplan/preflight","Test":"TestEventReadinessFailures/negative","Output":"--- PASS: TestEventReadinessFailures/negative (0.00s)\n"}
{"Time":"2026-09-05T22:17:18.057494+09:00","Action":"pass","Package":"waiting-room/internal/installplan/preflight","Test":"TestEventReadinessFailures/negative","Elapsed":0}
{"Time":"2026-09-05T22:17:18.057507+09:00","Action":"run","Package":"waiting-room/internal/installplan/preflight","Test":"TestEventReadinessFailures/rttExact2"}
{"Time":"2026-09-05T22:17:18.057543+09:00","Action":"output","Package":"waiting-room/internal/installplan/preflight","Test":"TestEventReadinessFailures/rttExact2","Output":"=== RUN   TestEventReadinessFailures/rttExact2\n"}
{"Time":"2026-09-05T22:17:18.057809+09:00","Action":"output","Package":"waiting-room/internal/installplan/preflight","Test":"TestEventReadinessFailures/rttExact2","Output":"--- PASS: TestEventReadinessFailures/rttExact2 (0.00s)\n"}
{"Time":"2026-09-05T22:17:18.05782+09:00","Action":"pass","Package":"waiting-room/internal/installplan/preflight","Test":"TestEventReadinessFailures/rttExact2","Elapsed":0}
{"Time":"2026-09-05T22:17:18.057824+09:00","Action":"run","Package":"waiting-room/internal/installplan/preflight","Test":"TestEventReadinessFailures/rttBelow2"}
{"Time":"2026-09-05T22:17:18.057825+09:00","Action":"output","Package":"waiting-room/internal/installplan/preflight","Test":"TestEventReadinessFailures/rttBelow2","Output":"=== RUN   TestEventReadinessFailures/rttBelow2\n"}
{"Time":"2026-09-05T22:17:18.058103+09:00","Action":"output","Package":"waiting-room/internal/installplan/preflight","Test":"TestEventReadinessFailures/rttBelow2","Output":"--- PASS: TestEventReadinessFailures/rttBelow2 (0.00s)\n"}
{"Time":"2026-09-05T22:17:18.058109+09:00","Action":"pass","Package":"waiting-room/internal/installplan/preflight","Test":"TestEventReadinessFailures/rttBelow2","Elapsed":0}
{"Time":"2026-09-05T22:17:18.058118+09:00","Action":"run","Package":"waiting-room/internal/installplan/preflight","Test":"TestEventReadinessFailures/rttZero"}
{"Time":"2026-09-05T22:17:18.058119+09:00","Action":"output","Package":"waiting-room/internal/installplan/preflight","Test":"TestEventReadinessFailures/rttZero","Output":"=== RUN   TestEventReadinessFailures/rttZero\n"}
{"Time":"2026-09-05T22:17:18.05839+09:00","Action":"output","Package":"waiting-room/internal/installplan/preflight","Test":"TestEventReadinessFailures/rttZero","Output":"--- PASS: TestEventReadinessFailures/rttZero (0.00s)\n"}
{"Time":"2026-09-05T22:17:18.058393+09:00","Action":"pass","Package":"waiting-room/internal/installplan/preflight","Test":"TestEventReadinessFailures/rttZero","Elapsed":0}
{"Time":"2026-09-05T22:17:18.058402+09:00","Action":"run","Package":"waiting-room/internal/installplan/preflight","Test":"TestEventReadinessFailures/rttNegative"}
{"Time":"2026-09-05T22:17:18.058404+09:00","Action":"output","Package":"waiting-room/internal/installplan/preflight","Test":"TestEventReadinessFailures/rttNegative","Output":"=== RUN   TestEventReadinessFailures/rttNegative\n"}
{"Time":"2026-09-05T22:17:18.058669+09:00","Action":"output","Package":"waiting-room/internal/installplan/preflight","Test":"TestEventReadinessFailures/rttNegative","Output":"--- PASS: TestEventReadinessFailures/rttNegative (0.00s)\n"}
{"Time":"2026-09-05T22:17:18.058672+09:00","Action":"pass","Package":"waiting-room/internal/installplan/preflight","Test":"TestEventReadinessFailures/rttNegative","Elapsed":0}
{"Time":"2026-09-05T22:17:18.058683+09:00","Action":"run","Package":"waiting-room/internal/installplan/preflight","Test":"TestEventReadinessFailures/noSamples"}
{"Time":"2026-09-05T22:17:18.058685+09:00","Action":"output","Package":"waiting-room/internal/installplan/preflight","Test":"TestEventReadinessFailures/noSamples","Output":"=== RUN   TestEventReadinessFailures/noSamples\n"}
{"Time":"2026-09-05T22:17:18.058945+09:00","Action":"output","Package":"waiting-room/internal/installplan/preflight","Test":"TestEventReadinessFailures/noSamples","Output":"--- PASS: TestEventReadinessFailures/noSamples (0.00s)\n"}
{"Time":"2026-09-05T22:17:18.058955+09:00","Action":"pass","Package":"waiting-room/internal/installplan/preflight","Test":"TestEventReadinessFailures/noSamples","Elapsed":0}
{"Time":"2026-09-05T22:17:18.058962+09:00","Action":"run","Package":"waiting-room/internal/installplan/preflight","Test":"TestEventReadinessFailures/wrongEvent"}
{"Time":"2026-09-05T22:17:18.058965+09:00","Action":"output","Package":"waiting-room/internal/installplan/preflight","Test":"TestEventReadinessFailures/wrongEvent","Output":"=== RUN   TestEventReadinessFailures/wrongEvent\n"}
{"Time":"2026-09-05T22:17:18.059242+09:00","Action":"output","Package":"waiting-room/internal/installplan/preflight","Test":"TestEventReadinessFailures/wrongEvent","Output":"--- PASS: TestEventReadinessFailures/wrongEvent (0.00s)\n"}
{"Time":"2026-09-05T22:17:18.059246+09:00","Action":"pass","Package":"waiting-room/internal/installplan/preflight","Test":"TestEventReadinessFailures/wrongEvent","Elapsed":0}
{"Time":"2026-09-05T22:17:18.05926+09:00","Action":"output","Package":"waiting-room/internal/installplan/preflight","Test":"TestEventReadinessFailures","Output":"--- PASS: TestEventReadinessFailures (0.00s)\n"}
{"Time":"2026-09-05T22:17:18.059268+09:00","Action":"pass","Package":"waiting-room/internal/installplan/preflight","Test":"TestEventReadinessFailures","Elapsed":0}
{"Time":"2026-09-05T22:17:18.059275+09:00","Action":"run","Package":"waiting-room/internal/installplan/preflight","Test":"TestReportNeverGrantsActivation"}
{"Time":"2026-09-05T22:17:18.059277+09:00","Action":"output","Package":"waiting-room/internal/installplan/preflight","Test":"TestReportNeverGrantsActivation","Output":"=== RUN   TestReportNeverGrantsActivation\n"}
{"Time":"2026-09-05T22:17:18.060257+09:00","Action":"output","Package":"waiting-room/internal/installplan/preflight","Test":"TestReportNeverGrantsActivation","Output":"--- PASS: TestReportNeverGrantsActivation (0.00s)\n"}
{"Time":"2026-09-05T22:17:18.060262+09:00","Action":"pass","Package":"waiting-room/internal/installplan/preflight","Test":"TestReportNeverGrantsActivation","Elapsed":0}
{"Time":"2026-09-05T22:17:18.060278+09:00","Action":"run","Package":"waiting-room/internal/installplan/preflight","Test":"TestMissingAndInvalidEventEvidence"}
{"Time":"2026-09-05T22:17:18.060281+09:00","Action":"output","Package":"waiting-room/internal/installplan/preflight","Test":"TestMissingAndInvalidEventEvidence","Output":"=== RUN   TestMissingAndInvalidEventEvidence\n"}
{"Time":"2026-09-05T22:17:18.060304+09:00","Action":"run","Package":"waiting-room/internal/installplan/preflight","Test":"TestMissingAndInvalidEventEvidence/missing-snapshots"}
{"Time":"2026-09-05T22:17:18.060309+09:00","Action":"output","Package":"waiting-room/internal/installplan/preflight","Test":"TestMissingAndInvalidEventEvidence/missing-snapshots","Output":"=== RUN   TestMissingAndInvalidEventEvidence/missing-snapshots\n"}
{"Time":"2026-09-05T22:17:18.060719+09:00","Action":"output","Package":"waiting-room/internal/installplan/preflight","Test":"TestMissingAndInvalidEventEvidence/missing-snapshots","Output":"--- PASS: TestMissingAndInvalidEventEvidence/missing-snapshots (0.00s)\n"}
{"Time":"2026-09-05T22:17:18.060733+09:00","Action":"pass","Package":"waiting-room/internal/installplan/preflight","Test":"TestMissingAndInvalidEventEvidence/missing-snapshots","Elapsed":0}
{"Time":"2026-09-05T22:17:18.060754+09:00","Action":"run","Package":"waiting-room/internal/installplan/preflight","Test":"TestMissingAndInvalidEventEvidence/invalid-time"}
{"Time":"2026-09-05T22:17:18.060758+09:00","Action":"output","Package":"waiting-room/internal/installplan/preflight","Test":"TestMissingAndInvalidEventEvidence/invalid-time","Output":"=== RUN   TestMissingAndInvalidEventEvidence/invalid-time\n"}
{"Time":"2026-09-05T22:17:18.061113+09:00","Action":"output","Package":"waiting-room/internal/installplan/preflight","Test":"TestMissingAndInvalidEventEvidence/invalid-time","Output":"--- PASS: TestMissingAndInvalidEventEvidence/invalid-time (0.00s)\n"}
{"Time":"2026-09-05T22:17:18.061125+09:00","Action":"pass","Package":"waiting-room/internal/installplan/preflight","Test":"TestMissingAndInvalidEventEvidence/invalid-time","Elapsed":0}
{"Time":"2026-09-05T22:17:18.061142+09:00","Action":"run","Package":"waiting-room/internal/installplan/preflight","Test":"TestMissingAndInvalidEventEvidence/invalid-identity"}
{"Time":"2026-09-05T22:17:18.061145+09:00","Action":"output","Package":"waiting-room/internal/installplan/preflight","Test":"TestMissingAndInvalidEventEvidence/invalid-identity","Output":"=== RUN   TestMissingAndInvalidEventEvidence/invalid-identity\n"}
{"Time":"2026-09-05T22:17:18.061474+09:00","Action":"output","Package":"waiting-room/internal/installplan/preflight","Test":"TestMissingAndInvalidEventEvidence/invalid-identity","Output":"--- PASS: TestMissingAndInvalidEventEvidence/invalid-identity (0.00s)\n"}
{"Time":"2026-09-05T22:17:18.061479+09:00","Action":"pass","Package":"waiting-room/internal/installplan/preflight","Test":"TestMissingAndInvalidEventEvidence/invalid-identity","Elapsed":0}
{"Time":"2026-09-05T22:17:18.061745+09:00","Action":"output","Package":"waiting-room/internal/installplan/preflight","Test":"TestMissingAndInvalidEventEvidence","Output":"--- PASS: TestMissingAndInvalidEventEvidence (0.00s)\n"}
{"Time":"2026-09-05T22:17:18.061749+09:00","Action":"pass","Package":"waiting-room/internal/installplan/preflight","Test":"TestMissingAndInvalidEventEvidence","Elapsed":0}
{"Time":"2026-09-05T22:17:18.061762+09:00","Action":"run","Package":"waiting-room/internal/installplan/preflight","Test":"TestContextBindingAndDeterminism"}
{"Time":"2026-09-05T22:17:18.061765+09:00","Action":"output","Package":"waiting-room/internal/installplan/preflight","Test":"TestContextBindingAndDeterminism","Output":"=== RUN   TestContextBindingAndDeterminism\n"}
{"Time":"2026-09-05T22:17:18.06227+09:00","Action":"run","Package":"waiting-room/internal/installplan/preflight","Test":"TestContextBindingAndDeterminism/repeat"}
{"Time":"2026-09-05T22:17:18.062274+09:00","Action":"output","Package":"waiting-room/internal/installplan/preflight","Test":"TestContextBindingAndDeterminism/repeat","Output":"=== RUN   TestContextBindingAndDeterminism/repeat\n"}
{"Time":"2026-09-05T22:17:18.062277+09:00","Action":"output","Package":"waiting-room/internal/installplan/preflight","Test":"TestContextBindingAndDeterminism/repeat","Output":"=== PAUSE TestContextBindingAndDeterminism/repeat\n"}
{"Time":"2026-09-05T22:17:18.062279+09:00","Action":"pause","Package":"waiting-room/internal/installplan/preflight","Test":"TestContextBindingAndDeterminism/repeat"}
{"Time":"2026-09-05T22:17:18.062309+09:00","Action":"run","Package":"waiting-room/internal/installplan/preflight","Test":"TestContextBindingAndDeterminism/repeat#01"}
{"Time":"2026-09-05T22:17:18.062312+09:00","Action":"output","Package":"waiting-room/internal/installplan/preflight","Test":"TestContextBindingAndDeterminism/repeat#01","Output":"=== RUN   TestContextBindingAndDeterminism/repeat#01\n"}
{"Time":"2026-09-05T22:17:18.062328+09:00","Action":"output","Package":"waiting-room/internal/installplan/preflight","Test":"TestContextBindingAndDeterminism/repeat#01","Output":"=== PAUSE TestContextBindingAndDeterminism/repeat#01\n"}
{"Time":"2026-09-05T22:17:18.062331+09:00","Action":"pause","Package":"waiting-room/internal/installplan/preflight","Test":"TestContextBindingAndDeterminism/repeat#01"}
{"Time":"2026-09-05T22:17:18.062356+09:00","Action":"run","Package":"waiting-room/internal/installplan/preflight","Test":"TestContextBindingAndDeterminism/repeat#02"}
{"Time":"2026-09-05T22:17:18.06236+09:00","Action":"output","Package":"waiting-room/internal/installplan/preflight","Test":"TestContextBindingAndDeterminism/repeat#02","Output":"=== RUN   TestContextBindingAndDeterminism/repeat#02\n"}
{"Time":"2026-09-05T22:17:18.062373+09:00","Action":"output","Package":"waiting-room/internal/installplan/preflight","Test":"TestContextBindingAndDeterminism/repeat#02","Output":"=== PAUSE TestContextBindingAndDeterminism/repeat#02\n"}
{"Time":"2026-09-05T22:17:18.062377+09:00","Action":"pause","Package":"waiting-room/internal/installplan/preflight","Test":"TestContextBindingAndDeterminism/repeat#02"}
{"Time":"2026-09-05T22:17:18.062394+09:00","Action":"run","Package":"waiting-room/internal/installplan/preflight","Test":"TestContextBindingAndDeterminism/repeat#03"}
{"Time":"2026-09-05T22:17:18.062397+09:00","Action":"output","Package":"waiting-room/internal/installplan/preflight","Test":"TestContextBindingAndDeterminism/repeat#03","Output":"=== RUN   TestContextBindingAndDeterminism/repeat#03\n"}
{"Time":"2026-09-05T22:17:18.062404+09:00","Action":"output","Package":"waiting-room/internal/installplan/preflight","Test":"TestContextBindingAndDeterminism/repeat#03","Output":"=== PAUSE TestContextBindingAndDeterminism/repeat#03\n"}
{"Time":"2026-09-05T22:17:18.062406+09:00","Action":"pause","Package":"waiting-room/internal/installplan/preflight","Test":"TestContextBindingAndDeterminism/repeat#03"}
{"Time":"2026-09-05T22:17:18.062431+09:00","Action":"run","Package":"waiting-room/internal/installplan/preflight","Test":"TestContextBindingAndDeterminism/repeat#04"}
{"Time":"2026-09-05T22:17:18.062433+09:00","Action":"output","Package":"waiting-room/internal/installplan/preflight","Test":"TestContextBindingAndDeterminism/repeat#04","Output":"=== RUN   TestContextBindingAndDeterminism/repeat#04\n"}
{"Time":"2026-09-05T22:17:18.062461+09:00","Action":"output","Package":"waiting-room/internal/installplan/preflight","Test":"TestContextBindingAndDeterminism/repeat#04","Output":"=== PAUSE TestContextBindingAndDeterminism/repeat#04\n"}
{"Time":"2026-09-05T22:17:18.062464+09:00","Action":"pause","Package":"waiting-room/internal/installplan/preflight","Test":"TestContextBindingAndDeterminism/repeat#04"}
{"Time":"2026-09-05T22:17:18.062487+09:00","Action":"run","Package":"waiting-room/internal/installplan/preflight","Test":"TestContextBindingAndDeterminism/repeat#05"}
{"Time":"2026-09-05T22:17:18.06249+09:00","Action":"output","Package":"waiting-room/internal/installplan/preflight","Test":"TestContextBindingAndDeterminism/repeat#05","Output":"=== RUN   TestContextBindingAndDeterminism/repeat#05\n"}
{"Time":"2026-09-05T22:17:18.062506+09:00","Action":"output","Package":"waiting-room/internal/installplan/preflight","Test":"TestContextBindingAndDeterminism/repeat#05","Output":"=== PAUSE TestContextBindingAndDeterminism/repeat#05\n"}
{"Time":"2026-09-05T22:17:18.062509+09:00","Action":"pause","Package":"waiting-room/internal/installplan/preflight","Test":"TestContextBindingAndDeterminism/repeat#05"}
{"Time":"2026-09-05T22:17:18.062527+09:00","Action":"run","Package":"waiting-room/internal/installplan/preflight","Test":"TestContextBindingAndDeterminism/repeat#06"}
{"Time":"2026-09-05T22:17:18.06253+09:00","Action":"output","Package":"waiting-room/internal/installplan/preflight","Test":"TestContextBindingAndDeterminism/repeat#06","Output":"=== RUN   TestContextBindingAndDeterminism/repeat#06\n"}
{"Time":"2026-09-05T22:17:18.062545+09:00","Action":"output","Package":"waiting-room/internal/installplan/preflight","Test":"TestContextBindingAndDeterminism/repeat#06","Output":"=== PAUSE TestContextBindingAndDeterminism/repeat#06\n"}
{"Time":"2026-09-05T22:17:18.062548+09:00","Action":"pause","Package":"waiting-room/internal/installplan/preflight","Test":"TestContextBindingAndDeterminism/repeat#06"}
{"Time":"2026-09-05T22:17:18.062571+09:00","Action":"run","Package":"waiting-room/internal/installplan/preflight","Test":"TestContextBindingAndDeterminism/repeat#07"}
{"Time":"2026-09-05T22:17:18.062575+09:00","Action":"output","Package":"waiting-room/internal/installplan/preflight","Test":"TestContextBindingAndDeterminism/repeat#07","Output":"=== RUN   TestContextBindingAndDeterminism/repeat#07\n"}
{"Time":"2026-09-05T22:17:18.062578+09:00","Action":"output","Package":"waiting-room/internal/installplan/preflight","Test":"TestContextBindingAndDeterminism/repeat#07","Output":"=== PAUSE TestContextBindingAndDeterminism/repeat#07\n"}
{"Time":"2026-09-05T22:17:18.062579+09:00","Action":"pause","Package":"waiting-room/internal/installplan/preflight","Test":"TestContextBindingAndDeterminism/repeat#07"}
{"Time":"2026-09-05T22:17:18.0626+09:00","Action":"run","Package":"waiting-room/internal/installplan/preflight","Test":"TestContextBindingAndDeterminism/repeat#08"}
{"Time":"2026-09-05T22:17:18.062602+09:00","Action":"output","Package":"waiting-room/internal/installplan/preflight","Test":"TestContextBindingAndDeterminism/repeat#08","Output":"=== RUN   TestContextBindingAndDeterminism/repeat#08\n"}
{"Time":"2026-09-05T22:17:18.062605+09:00","Action":"output","Package":"waiting-room/internal/installplan/preflight","Test":"TestContextBindingAndDeterminism/repeat#08","Output":"=== PAUSE TestContextBindingAndDeterminism/repeat#08\n"}
{"Time":"2026-09-05T22:17:18.062607+09:00","Action":"pause","Package":"waiting-room/internal/installplan/preflight","Test":"TestContextBindingAndDeterminism/repeat#08"}
{"Time":"2026-09-05T22:17:18.062636+09:00","Action":"run","Package":"waiting-room/internal/installplan/preflight","Test":"TestContextBindingAndDeterminism/repeat#09"}
{"Time":"2026-09-05T22:17:18.062645+09:00","Action":"output","Package":"waiting-room/internal/installplan/preflight","Test":"TestContextBindingAndDeterminism/repeat#09","Output":"=== RUN   TestContextBindingAndDeterminism/repeat#09\n"}
{"Time":"2026-09-05T22:17:18.062699+09:00","Action":"output","Package":"waiting-room/internal/installplan/preflight","Test":"TestContextBindingAndDeterminism/repeat#09","Output":"=== PAUSE TestContextBindingAndDeterminism/repeat#09\n"}
{"Time":"2026-09-05T22:17:18.062702+09:00","Action":"pause","Package":"waiting-room/internal/installplan/preflight","Test":"TestContextBindingAndDeterminism/repeat#09"}
{"Time":"2026-09-05T22:17:18.062708+09:00","Action":"run","Package":"waiting-room/internal/installplan/preflight","Test":"TestContextBindingAndDeterminism/repeat#10"}
{"Time":"2026-09-05T22:17:18.062712+09:00","Action":"output","Package":"waiting-room/internal/installplan/preflight","Test":"TestContextBindingAndDeterminism/repeat#10","Output":"=== RUN   TestContextBindingAndDeterminism/repeat#10\n"}
{"Time":"2026-09-05T22:17:18.062724+09:00","Action":"output","Package":"waiting-room/internal/installplan/preflight","Test":"TestContextBindingAndDeterminism/repeat#10","Output":"=== PAUSE TestContextBindingAndDeterminism/repeat#10\n"}
{"Time":"2026-09-05T22:17:18.062727+09:00","Action":"pause","Package":"waiting-room/internal/installplan/preflight","Test":"TestContextBindingAndDeterminism/repeat#10"}
{"Time":"2026-09-05T22:17:18.062753+09:00","Action":"run","Package":"waiting-room/internal/installplan/preflight","Test":"TestContextBindingAndDeterminism/repeat#11"}
{"Time":"2026-09-05T22:17:18.062755+09:00","Action":"output","Package":"waiting-room/internal/installplan/preflight","Test":"TestContextBindingAndDeterminism/repeat#11","Output":"=== RUN   TestContextBindingAndDeterminism/repeat#11\n"}
{"Time":"2026-09-05T22:17:18.062785+09:00","Action":"output","Package":"waiting-room/internal/installplan/preflight","Test":"TestContextBindingAndDeterminism/repeat#11","Output":"=== PAUSE TestContextBindingAndDeterminism/repeat#11\n"}
{"Time":"2026-09-05T22:17:18.062788+09:00","Action":"pause","Package":"waiting-room/internal/installplan/preflight","Test":"TestContextBindingAndDeterminism/repeat#11"}
{"Time":"2026-09-05T22:17:18.062806+09:00","Action":"run","Package":"waiting-room/internal/installplan/preflight","Test":"TestContextBindingAndDeterminism/repeat#12"}
{"Time":"2026-09-05T22:17:18.062808+09:00","Action":"output","Package":"waiting-room/internal/installplan/preflight","Test":"TestContextBindingAndDeterminism/repeat#12","Output":"=== RUN   TestContextBindingAndDeterminism/repeat#12\n"}
{"Time":"2026-09-05T22:17:18.062816+09:00","Action":"output","Package":"waiting-room/internal/installplan/preflight","Test":"TestContextBindingAndDeterminism/repeat#12","Output":"=== PAUSE TestContextBindingAndDeterminism/repeat#12\n"}
{"Time":"2026-09-05T22:17:18.062823+09:00","Action":"pause","Package":"waiting-room/internal/installplan/preflight","Test":"TestContextBindingAndDeterminism/repeat#12"}
{"Time":"2026-09-05T22:17:18.062838+09:00","Action":"run","Package":"waiting-room/internal/installplan/preflight","Test":"TestContextBindingAndDeterminism/repeat#13"}
{"Time":"2026-09-05T22:17:18.06284+09:00","Action":"output","Package":"waiting-room/internal/installplan/preflight","Test":"TestContextBindingAndDeterminism/repeat#13","Output":"=== RUN   TestContextBindingAndDeterminism/repeat#13\n"}
{"Time":"2026-09-05T22:17:18.062853+09:00","Action":"output","Package":"waiting-room/internal/installplan/preflight","Test":"TestContextBindingAndDeterminism/repeat#13","Output":"=== PAUSE TestContextBindingAndDeterminism/repeat#13\n"}
{"Time":"2026-09-05T22:17:18.062856+09:00","Action":"pause","Package":"waiting-room/internal/installplan/preflight","Test":"TestContextBindingAndDeterminism/repeat#13"}
{"Time":"2026-09-05T22:17:18.062872+09:00","Action":"run","Package":"waiting-room/internal/installplan/preflight","Test":"TestContextBindingAndDeterminism/repeat#14"}
{"Time":"2026-09-05T22:17:18.062874+09:00","Action":"output","Package":"waiting-room/internal/installplan/preflight","Test":"TestContextBindingAndDeterminism/repeat#14","Output":"=== RUN   TestContextBindingAndDeterminism/repeat#14\n"}
{"Time":"2026-09-05T22:17:18.062885+09:00","Action":"output","Package":"waiting-room/internal/installplan/preflight","Test":"TestContextBindingAndDeterminism/repeat#14","Output":"=== PAUSE TestContextBindingAndDeterminism/repeat#14\n"}
{"Time":"2026-09-05T22:17:18.062889+09:00","Action":"pause","Package":"waiting-room/internal/installplan/preflight","Test":"TestContextBindingAndDeterminism/repeat#14"}
{"Time":"2026-09-05T22:17:18.062898+09:00","Action":"run","Package":"waiting-room/internal/installplan/preflight","Test":"TestContextBindingAndDeterminism/repeat#15"}
{"Time":"2026-09-05T22:17:18.0629+09:00","Action":"output","Package":"waiting-room/internal/installplan/preflight","Test":"TestContextBindingAndDeterminism/repeat#15","Output":"=== RUN   TestContextBindingAndDeterminism/repeat#15\n"}
{"Time":"2026-09-05T22:17:18.062915+09:00","Action":"output","Package":"waiting-room/internal/installplan/preflight","Test":"TestContextBindingAndDeterminism/repeat#15","Output":"=== PAUSE TestContextBindingAndDeterminism/repeat#15\n"}
{"Time":"2026-09-05T22:17:18.062918+09:00","Action":"pause","Package":"waiting-room/internal/installplan/preflight","Test":"TestContextBindingAndDeterminism/repeat#15"}
{"Time":"2026-09-05T22:17:18.062937+09:00","Action":"run","Package":"waiting-room/internal/installplan/preflight","Test":"TestContextBindingAndDeterminism/repeat#16"}
{"Time":"2026-09-05T22:17:18.06294+09:00","Action":"output","Package":"waiting-room/internal/installplan/preflight","Test":"TestContextBindingAndDeterminism/repeat#16","Output":"=== RUN   TestContextBindingAndDeterminism/repeat#16\n"}
{"Time":"2026-09-05T22:17:18.062955+09:00","Action":"output","Package":"waiting-room/internal/installplan/preflight","Test":"TestContextBindingAndDeterminism/repeat#16","Output":"=== PAUSE TestContextBindingAndDeterminism/repeat#16\n"}
{"Time":"2026-09-05T22:17:18.062958+09:00","Action":"pause","Package":"waiting-room/internal/installplan/preflight","Test":"TestContextBindingAndDeterminism/repeat#16"}
{"Time":"2026-09-05T22:17:18.06298+09:00","Action":"run","Package":"waiting-room/internal/installplan/preflight","Test":"TestContextBindingAndDeterminism/repeat#17"}
{"Time":"2026-09-05T22:17:18.062984+09:00","Action":"output","Package":"waiting-room/internal/installplan/preflight","Test":"TestContextBindingAndDeterminism/repeat#17","Output":"=== RUN   TestContextBindingAndDeterminism/repeat#17\n"}
{"Time":"2026-09-05T22:17:18.063002+09:00","Action":"output","Package":"waiting-room/internal/installplan/preflight","Test":"TestContextBindingAndDeterminism/repeat#17","Output":"=== PAUSE TestContextBindingAndDeterminism/repeat#17\n"}
{"Time":"2026-09-05T22:17:18.063004+09:00","Action":"pause","Package":"waiting-room/internal/installplan/preflight","Test":"TestContextBindingAndDeterminism/repeat#17"}
{"Time":"2026-09-05T22:17:18.063021+09:00","Action":"run","Package":"waiting-room/internal/installplan/preflight","Test":"TestContextBindingAndDeterminism/repeat#18"}
{"Time":"2026-09-05T22:17:18.063023+09:00","Action":"output","Package":"waiting-room/internal/installplan/preflight","Test":"TestContextBindingAndDeterminism/repeat#18","Output":"=== RUN   TestContextBindingAndDeterminism/repeat#18\n"}
{"Time":"2026-09-05T22:17:18.063042+09:00","Action":"output","Package":"waiting-room/internal/installplan/preflight","Test":"TestContextBindingAndDeterminism/repeat#18","Output":"=== PAUSE TestContextBindingAndDeterminism/repeat#18\n"}
{"Time":"2026-09-05T22:17:18.063045+09:00","Action":"pause","Package":"waiting-room/internal/installplan/preflight","Test":"TestContextBindingAndDeterminism/repeat#18"}
{"Time":"2026-09-05T22:17:18.063068+09:00","Action":"run","Package":"waiting-room/internal/installplan/preflight","Test":"TestContextBindingAndDeterminism/repeat#19"}
{"Time":"2026-09-05T22:17:18.063072+09:00","Action":"output","Package":"waiting-room/internal/installplan/preflight","Test":"TestContextBindingAndDeterminism/repeat#19","Output":"=== RUN   TestContextBindingAndDeterminism/repeat#19\n"}
{"Time":"2026-09-05T22:17:18.063077+09:00","Action":"output","Package":"waiting-room/internal/installplan/preflight","Test":"TestContextBindingAndDeterminism/repeat#19","Output":"=== PAUSE TestContextBindingAndDeterminism/repeat#19\n"}
{"Time":"2026-09-05T22:17:18.063079+09:00","Action":"pause","Package":"waiting-room/internal/installplan/preflight","Test":"TestContextBindingAndDeterminism/repeat#19"}
{"Time":"2026-09-05T22:17:18.06311+09:00","Action":"run","Package":"waiting-room/internal/installplan/preflight","Test":"TestContextBindingAndDeterminism/repeat#20"}
{"Time":"2026-09-05T22:17:18.063113+09:00","Action":"output","Package":"waiting-room/internal/installplan/preflight","Test":"TestContextBindingAndDeterminism/repeat#20","Output":"=== RUN   TestContextBindingAndDeterminism/repeat#20\n"}
{"Time":"2026-09-05T22:17:18.063133+09:00","Action":"output","Package":"waiting-room/internal/installplan/preflight","Test":"TestContextBindingAndDeterminism/repeat#20","Output":"=== PAUSE TestContextBindingAndDeterminism/repeat#20\n"}
{"Time":"2026-09-05T22:17:18.063136+09:00","Action":"pause","Package":"waiting-room/internal/installplan/preflight","Test":"TestContextBindingAndDeterminism/repeat#20"}
{"Time":"2026-09-05T22:17:18.063153+09:00","Action":"run","Package":"waiting-room/internal/installplan/preflight","Test":"TestContextBindingAndDeterminism/repeat#21"}
{"Time":"2026-09-05T22:17:18.063156+09:00","Action":"output","Package":"waiting-room/internal/installplan/preflight","Test":"TestContextBindingAndDeterminism/repeat#21","Output":"=== RUN   TestContextBindingAndDeterminism/repeat#21\n"}
{"Time":"2026-09-05T22:17:18.06317+09:00","Action":"output","Package":"waiting-room/internal/installplan/preflight","Test":"TestContextBindingAndDeterminism/repeat#21","Output":"=== PAUSE TestContextBindingAndDeterminism/repeat#21\n"}
{"Time":"2026-09-05T22:17:18.063173+09:00","Action":"pause","Package":"waiting-room/internal/installplan/preflight","Test":"TestContextBindingAndDeterminism/repeat#21"}
{"Time":"2026-09-05T22:17:18.06319+09:00","Action":"run","Package":"waiting-room/internal/installplan/preflight","Test":"TestContextBindingAndDeterminism/repeat#22"}
{"Time":"2026-09-05T22:17:18.063193+09:00","Action":"output","Package":"waiting-room/internal/installplan/preflight","Test":"TestContextBindingAndDeterminism/repeat#22","Output":"=== RUN   TestContextBindingAndDeterminism/repeat#22\n"}
{"Time":"2026-09-05T22:17:18.063206+09:00","Action":"output","Package":"waiting-room/internal/installplan/preflight","Test":"TestContextBindingAndDeterminism/repeat#22","Output":"=== PAUSE TestContextBindingAndDeterminism/repeat#22\n"}
{"Time":"2026-09-05T22:17:18.063208+09:00","Action":"pause","Package":"waiting-room/internal/installplan/preflight","Test":"TestContextBindingAndDeterminism/repeat#22"}
{"Time":"2026-09-05T22:17:18.063228+09:00","Action":"run","Package":"waiting-room/internal/installplan/preflight","Test":"TestContextBindingAndDeterminism/repeat#23"}
{"Time":"2026-09-05T22:17:18.063231+09:00","Action":"output","Package":"waiting-room/internal/installplan/preflight","Test":"TestContextBindingAndDeterminism/repeat#23","Output":"=== RUN   TestContextBindingAndDeterminism/repeat#23\n"}
{"Time":"2026-09-05T22:17:18.063249+09:00","Action":"output","Package":"waiting-room/internal/installplan/preflight","Test":"TestContextBindingAndDeterminism/repeat#23","Output":"=== PAUSE TestContextBindingAndDeterminism/repeat#23\n"}
{"Time":"2026-09-05T22:17:18.063252+09:00","Action":"pause","Package":"waiting-room/internal/installplan/preflight","Test":"TestContextBindingAndDeterminism/repeat#23"}
{"Time":"2026-09-05T22:17:18.063268+09:00","Action":"run","Package":"waiting-room/internal/installplan/preflight","Test":"TestContextBindingAndDeterminism/repeat#24"}
{"Time":"2026-09-05T22:17:18.063271+09:00","Action":"output","Package":"waiting-room/internal/installplan/preflight","Test":"TestContextBindingAndDeterminism/repeat#24","Output":"=== RUN   TestContextBindingAndDeterminism/repeat#24\n"}
{"Time":"2026-09-05T22:17:18.063285+09:00","Action":"output","Package":"waiting-room/internal/installplan/preflight","Test":"TestContextBindingAndDeterminism/repeat#24","Output":"=== PAUSE TestContextBindingAndDeterminism/repeat#24\n"}
{"Time":"2026-09-05T22:17:18.063288+09:00","Action":"pause","Package":"waiting-room/internal/installplan/preflight","Test":"TestContextBindingAndDeterminism/repeat#24"}
{"Time":"2026-09-05T22:17:18.063304+09:00","Action":"run","Package":"waiting-room/internal/installplan/preflight","Test":"TestContextBindingAndDeterminism/repeat#25"}
{"Time":"2026-09-05T22:17:18.063306+09:00","Action":"output","Package":"waiting-room/internal/installplan/preflight","Test":"TestContextBindingAndDeterminism/repeat#25","Output":"=== RUN   TestContextBindingAndDeterminism/repeat#25\n"}
{"Time":"2026-09-05T22:17:18.063324+09:00","Action":"output","Package":"waiting-room/internal/installplan/preflight","Test":"TestContextBindingAndDeterminism/repeat#25","Output":"=== PAUSE TestContextBindingAndDeterminism/repeat#25\n"}
{"Time":"2026-09-05T22:17:18.063326+09:00","Action":"pause","Package":"waiting-room/internal/installplan/preflight","Test":"TestContextBindingAndDeterminism/repeat#25"}
{"Time":"2026-09-05T22:17:18.063345+09:00","Action":"run","Package":"waiting-room/internal/installplan/preflight","Test":"TestContextBindingAndDeterminism/repeat#26"}
{"Time":"2026-09-05T22:17:18.063348+09:00","Action":"output","Package":"waiting-room/internal/installplan/preflight","Test":"TestContextBindingAndDeterminism/repeat#26","Output":"=== RUN   TestContextBindingAndDeterminism/repeat#26\n"}
{"Time":"2026-09-05T22:17:18.063365+09:00","Action":"output","Package":"waiting-room/internal/installplan/preflight","Test":"TestContextBindingAndDeterminism/repeat#26","Output":"=== PAUSE TestContextBindingAndDeterminism/repeat#26\n"}
{"Time":"2026-09-05T22:17:18.063368+09:00","Action":"pause","Package":"waiting-room/internal/installplan/preflight","Test":"TestContextBindingAndDeterminism/repeat#26"}
{"Time":"2026-09-05T22:17:18.063388+09:00","Action":"run","Package":"waiting-room/internal/installplan/preflight","Test":"TestContextBindingAndDeterminism/repeat#27"}
{"Time":"2026-09-05T22:17:18.06339+09:00","Action":"output","Package":"waiting-room/internal/installplan/preflight","Test":"TestContextBindingAndDeterminism/repeat#27","Output":"=== RUN   TestContextBindingAndDeterminism/repeat#27\n"}
{"Time":"2026-09-05T22:17:18.063409+09:00","Action":"output","Package":"waiting-room/internal/installplan/preflight","Test":"TestContextBindingAndDeterminism/repeat#27","Output":"=== PAUSE TestContextBindingAndDeterminism/repeat#27\n"}
{"Time":"2026-09-05T22:17:18.063411+09:00","Action":"pause","Package":"waiting-room/internal/installplan/preflight","Test":"TestContextBindingAndDeterminism/repeat#27"}
{"Time":"2026-09-05T22:17:18.06343+09:00","Action":"run","Package":"waiting-room/internal/installplan/preflight","Test":"TestContextBindingAndDeterminism/repeat#28"}
{"Time":"2026-09-05T22:17:18.063433+09:00","Action":"output","Package":"waiting-room/internal/installplan/preflight","Test":"TestContextBindingAndDeterminism/repeat#28","Output":"=== RUN   TestContextBindingAndDeterminism/repeat#28\n"}
{"Time":"2026-09-05T22:17:18.063508+09:00","Action":"output","Package":"waiting-room/internal/installplan/preflight","Test":"TestContextBindingAndDeterminism/repeat#28","Output":"=== PAUSE TestContextBindingAndDeterminism/repeat#28\n"}
{"Time":"2026-09-05T22:17:18.063512+09:00","Action":"pause","Package":"waiting-room/internal/installplan/preflight","Test":"TestContextBindingAndDeterminism/repeat#28"}
{"Time":"2026-09-05T22:17:18.063519+09:00","Action":"run","Package":"waiting-room/internal/installplan/preflight","Test":"TestContextBindingAndDeterminism/repeat#29"}
{"Time":"2026-09-05T22:17:18.06352+09:00","Action":"output","Package":"waiting-room/internal/installplan/preflight","Test":"TestContextBindingAndDeterminism/repeat#29","Output":"=== RUN   TestContextBindingAndDeterminism/repeat#29\n"}
{"Time":"2026-09-05T22:17:18.063534+09:00","Action":"output","Package":"waiting-room/internal/installplan/preflight","Test":"TestContextBindingAndDeterminism/repeat#29","Output":"=== PAUSE TestContextBindingAndDeterminism/repeat#29\n"}
{"Time":"2026-09-05T22:17:18.063536+09:00","Action":"pause","Package":"waiting-room/internal/installplan/preflight","Test":"TestContextBindingAndDeterminism/repeat#29"}
{"Time":"2026-09-05T22:17:18.063556+09:00","Action":"run","Package":"waiting-room/internal/installplan/preflight","Test":"TestContextBindingAndDeterminism/repeat#30"}
{"Time":"2026-09-05T22:17:18.063559+09:00","Action":"output","Package":"waiting-room/internal/installplan/preflight","Test":"TestContextBindingAndDeterminism/repeat#30","Output":"=== RUN   TestContextBindingAndDeterminism/repeat#30\n"}
{"Time":"2026-09-05T22:17:18.063576+09:00","Action":"output","Package":"waiting-room/internal/installplan/preflight","Test":"TestContextBindingAndDeterminism/repeat#30","Output":"=== PAUSE TestContextBindingAndDeterminism/repeat#30\n"}
{"Time":"2026-09-05T22:17:18.06358+09:00","Action":"pause","Package":"waiting-room/internal/installplan/preflight","Test":"TestContextBindingAndDeterminism/repeat#30"}
{"Time":"2026-09-05T22:17:18.0636+09:00","Action":"run","Package":"waiting-room/internal/installplan/preflight","Test":"TestContextBindingAndDeterminism/repeat#31"}
{"Time":"2026-09-05T22:17:18.063603+09:00","Action":"output","Package":"waiting-room/internal/installplan/preflight","Test":"TestContextBindingAndDeterminism/repeat#31","Output":"=== RUN   TestContextBindingAndDeterminism/repeat#31\n"}
{"Time":"2026-09-05T22:17:18.063608+09:00","Action":"output","Package":"waiting-room/internal/installplan/preflight","Test":"TestContextBindingAndDeterminism/repeat#31","Output":"=== PAUSE TestContextBindingAndDeterminism/repeat#31\n"}
{"Time":"2026-09-05T22:17:18.063611+09:00","Action":"pause","Package":"waiting-room/internal/installplan/preflight","Test":"TestContextBindingAndDeterminism/repeat#31"}
{"Time":"2026-09-05T22:17:18.063633+09:00","Action":"run","Package":"waiting-room/internal/installplan/preflight","Test":"TestContextBindingAndDeterminism/repeat#32"}
{"Time":"2026-09-05T22:17:18.063636+09:00","Action":"output","Package":"waiting-room/internal/installplan/preflight","Test":"TestContextBindingAndDeterminism/repeat#32","Output":"=== RUN   TestContextBindingAndDeterminism/repeat#32\n"}
{"Time":"2026-09-05T22:17:18.063651+09:00","Action":"output","Package":"waiting-room/internal/installplan/preflight","Test":"TestContextBindingAndDeterminism/repeat#32","Output":"=== PAUSE TestContextBindingAndDeterminism/repeat#32\n"}
{"Time":"2026-09-05T22:17:18.063653+09:00","Action":"pause","Package":"waiting-room/internal/installplan/preflight","Test":"TestContextBindingAndDeterminism/repeat#32"}
{"Time":"2026-09-05T22:17:18.06367+09:00","Action":"run","Package":"waiting-room/internal/installplan/preflight","Test":"TestContextBindingAndDeterminism/repeat#33"}
{"Time":"2026-09-05T22:17:18.063674+09:00","Action":"output","Package":"waiting-room/internal/installplan/preflight","Test":"TestContextBindingAndDeterminism/repeat#33","Output":"=== RUN   TestContextBindingAndDeterminism/repeat#33\n"}
{"Time":"2026-09-05T22:17:18.063692+09:00","Action":"output","Package":"waiting-room/internal/installplan/preflight","Test":"TestContextBindingAndDeterminism/repeat#33","Output":"=== PAUSE TestContextBindingAndDeterminism/repeat#33\n"}
{"Time":"2026-09-05T22:17:18.063695+09:00","Action":"pause","Package":"waiting-room/internal/installplan/preflight","Test":"TestContextBindingAndDeterminism/repeat#33"}
{"Time":"2026-09-05T22:17:18.063712+09:00","Action":"run","Package":"waiting-room/internal/installplan/preflight","Test":"TestContextBindingAndDeterminism/repeat#34"}
{"Time":"2026-09-05T22:17:18.063714+09:00","Action":"output","Package":"waiting-room/internal/installplan/preflight","Test":"TestContextBindingAndDeterminism/repeat#34","Output":"=== RUN   TestContextBindingAndDeterminism/repeat#34\n"}
{"Time":"2026-09-05T22:17:18.063728+09:00","Action":"output","Package":"waiting-room/internal/installplan/preflight","Test":"TestContextBindingAndDeterminism/repeat#34","Output":"=== PAUSE TestContextBindingAndDeterminism/repeat#34\n"}
{"Time":"2026-09-05T22:17:18.06373+09:00","Action":"pause","Package":"waiting-room/internal/installplan/preflight","Test":"TestContextBindingAndDeterminism/repeat#34"}
{"Time":"2026-09-05T22:17:18.063748+09:00","Action":"run","Package":"waiting-room/internal/installplan/preflight","Test":"TestContextBindingAndDeterminism/repeat#35"}
{"Time":"2026-09-05T22:17:18.063751+09:00","Action":"output","Package":"waiting-room/internal/installplan/preflight","Test":"TestContextBindingAndDeterminism/repeat#35","Output":"=== RUN   TestContextBindingAndDeterminism/repeat#35\n"}
{"Time":"2026-09-05T22:17:18.06377+09:00","Action":"output","Package":"waiting-room/internal/installplan/preflight","Test":"TestContextBindingAndDeterminism/repeat#35","Output":"=== PAUSE TestContextBindingAndDeterminism/repeat#35\n"}
{"Time":"2026-09-05T22:17:18.063777+09:00","Action":"pause","Package":"waiting-room/internal/installplan/preflight","Test":"TestContextBindingAndDeterminism/repeat#35"}
{"Time":"2026-09-05T22:17:18.063792+09:00","Action":"run","Package":"waiting-room/internal/installplan/preflight","Test":"TestContextBindingAndDeterminism/repeat#36"}
{"Time":"2026-09-05T22:17:18.063795+09:00","Action":"output","Package":"waiting-room/internal/installplan/preflight","Test":"TestContextBindingAndDeterminism/repeat#36","Output":"=== RUN   TestContextBindingAndDeterminism/repeat#36\n"}
{"Time":"2026-09-05T22:17:18.06381+09:00","Action":"output","Package":"waiting-room/internal/installplan/preflight","Test":"TestContextBindingAndDeterminism/repeat#36","Output":"=== PAUSE TestContextBindingAndDeterminism/repeat#36\n"}
{"Time":"2026-09-05T22:17:18.063814+09:00","Action":"pause","Package":"waiting-room/internal/installplan/preflight","Test":"TestContextBindingAndDeterminism/repeat#36"}
{"Time":"2026-09-05T22:17:18.063828+09:00","Action":"run","Package":"waiting-room/internal/installplan/preflight","Test":"TestContextBindingAndDeterminism/repeat#37"}
{"Time":"2026-09-05T22:17:18.063831+09:00","Action":"output","Package":"waiting-room/internal/installplan/preflight","Test":"TestContextBindingAndDeterminism/repeat#37","Output":"=== RUN   TestContextBindingAndDeterminism/repeat#37\n"}
{"Time":"2026-09-05T22:17:18.063845+09:00","Action":"output","Package":"waiting-room/internal/installplan/preflight","Test":"TestContextBindingAndDeterminism/repeat#37","Output":"=== PAUSE TestContextBindingAndDeterminism/repeat#37\n"}
{"Time":"2026-09-05T22:17:18.063848+09:00","Action":"pause","Package":"waiting-room/internal/installplan/preflight","Test":"TestContextBindingAndDeterminism/repeat#37"}
{"Time":"2026-09-05T22:17:18.063873+09:00","Action":"run","Package":"waiting-room/internal/installplan/preflight","Test":"TestContextBindingAndDeterminism/repeat#38"}
{"Time":"2026-09-05T22:17:18.063876+09:00","Action":"output","Package":"waiting-room/internal/installplan/preflight","Test":"TestContextBindingAndDeterminism/repeat#38","Output":"=== RUN   TestContextBindingAndDeterminism/repeat#38\n"}
{"Time":"2026-09-05T22:17:18.063879+09:00","Action":"output","Package":"waiting-room/internal/installplan/preflight","Test":"TestContextBindingAndDeterminism/repeat#38","Output":"=== PAUSE TestContextBindingAndDeterminism/repeat#38\n"}
{"Time":"2026-09-05T22:17:18.063881+09:00","Action":"pause","Package":"waiting-room/internal/installplan/preflight","Test":"TestContextBindingAndDeterminism/repeat#38"}
{"Time":"2026-09-05T22:17:18.063903+09:00","Action":"run","Package":"waiting-room/internal/installplan/preflight","Test":"TestContextBindingAndDeterminism/repeat#39"}
{"Time":"2026-09-05T22:17:18.063906+09:00","Action":"output","Package":"waiting-room/internal/installplan/preflight","Test":"TestContextBindingAndDeterminism/repeat#39","Output":"=== RUN   TestContextBindingAndDeterminism/repeat#39\n"}
{"Time":"2026-09-05T22:17:18.063918+09:00","Action":"output","Package":"waiting-room/internal/installplan/preflight","Test":"TestContextBindingAndDeterminism/repeat#39","Output":"=== PAUSE TestContextBindingAndDeterminism/repeat#39\n"}
{"Time":"2026-09-05T22:17:18.063921+09:00","Action":"pause","Package":"waiting-room/internal/installplan/preflight","Test":"TestContextBindingAndDeterminism/repeat#39"}
{"Time":"2026-09-05T22:17:18.063939+09:00","Action":"run","Package":"waiting-room/internal/installplan/preflight","Test":"TestContextBindingAndDeterminism/repeat#40"}
{"Time":"2026-09-05T22:17:18.063941+09:00","Action":"output","Package":"waiting-room/internal/installplan/preflight","Test":"TestContextBindingAndDeterminism/repeat#40","Output":"=== RUN   TestContextBindingAndDeterminism/repeat#40\n"}
{"Time":"2026-09-05T22:17:18.063957+09:00","Action":"output","Package":"waiting-room/internal/installplan/preflight","Test":"TestContextBindingAndDeterminism/repeat#40","Output":"=== PAUSE TestContextBindingAndDeterminism/repeat#40\n"}
{"Time":"2026-09-05T22:17:18.06396+09:00","Action":"pause","Package":"waiting-room/internal/installplan/preflight","Test":"TestContextBindingAndDeterminism/repeat#40"}
{"Time":"2026-09-05T22:17:18.063982+09:00","Action":"run","Package":"waiting-room/internal/installplan/preflight","Test":"TestContextBindingAndDeterminism/repeat#41"}
{"Time":"2026-09-05T22:17:18.063985+09:00","Action":"output","Package":"waiting-room/internal/installplan/preflight","Test":"TestContextBindingAndDeterminism/repeat#41","Output":"=== RUN   TestContextBindingAndDeterminism/repeat#41\n"}
{"Time":"2026-09-05T22:17:18.063987+09:00","Action":"output","Package":"waiting-room/internal/installplan/preflight","Test":"TestContextBindingAndDeterminism/repeat#41","Output":"=== PAUSE TestContextBindingAndDeterminism/repeat#41\n"}
{"Time":"2026-09-05T22:17:18.063989+09:00","Action":"pause","Package":"waiting-room/internal/installplan/preflight","Test":"TestContextBindingAndDeterminism/repeat#41"}
{"Time":"2026-09-05T22:17:18.064011+09:00","Action":"run","Package":"waiting-room/internal/installplan/preflight","Test":"TestContextBindingAndDeterminism/repeat#42"}
{"Time":"2026-09-05T22:17:18.064015+09:00","Action":"output","Package":"waiting-room/internal/installplan/preflight","Test":"TestContextBindingAndDeterminism/repeat#42","Output":"=== RUN   TestContextBindingAndDeterminism/repeat#42\n"}
{"Time":"2026-09-05T22:17:18.064052+09:00","Action":"output","Package":"waiting-room/internal/installplan/preflight","Test":"TestContextBindingAndDeterminism/repeat#42","Output":"=== PAUSE TestContextBindingAndDeterminism/repeat#42\n"}
{"Time":"2026-09-05T22:17:18.064056+09:00","Action":"pause","Package":"waiting-room/internal/installplan/preflight","Test":"TestContextBindingAndDeterminism/repeat#42"}
{"Time":"2026-09-05T22:17:18.064071+09:00","Action":"run","Package":"waiting-room/internal/installplan/preflight","Test":"TestContextBindingAndDeterminism/repeat#43"}
{"Time":"2026-09-05T22:17:18.064074+09:00","Action":"output","Package":"waiting-room/internal/installplan/preflight","Test":"TestContextBindingAndDeterminism/repeat#43","Output":"=== RUN   TestContextBindingAndDeterminism/repeat#43\n"}
{"Time":"2026-09-05T22:17:18.064087+09:00","Action":"output","Package":"waiting-room/internal/installplan/preflight","Test":"TestContextBindingAndDeterminism/repeat#43","Output":"=== PAUSE TestContextBindingAndDeterminism/repeat#43\n"}
{"Time":"2026-09-05T22:17:18.06409+09:00","Action":"pause","Package":"waiting-room/internal/installplan/preflight","Test":"TestContextBindingAndDeterminism/repeat#43"}
{"Time":"2026-09-05T22:17:18.06411+09:00","Action":"run","Package":"waiting-room/internal/installplan/preflight","Test":"TestContextBindingAndDeterminism/repeat#44"}
{"Time":"2026-09-05T22:17:18.064113+09:00","Action":"output","Package":"waiting-room/internal/installplan/preflight","Test":"TestContextBindingAndDeterminism/repeat#44","Output":"=== RUN   TestContextBindingAndDeterminism/repeat#44\n"}
{"Time":"2026-09-05T22:17:18.064124+09:00","Action":"output","Package":"waiting-room/internal/installplan/preflight","Test":"TestContextBindingAndDeterminism/repeat#44","Output":"=== PAUSE TestContextBindingAndDeterminism/repeat#44\n"}
{"Time":"2026-09-05T22:17:18.064126+09:00","Action":"pause","Package":"waiting-room/internal/installplan/preflight","Test":"TestContextBindingAndDeterminism/repeat#44"}
{"Time":"2026-09-05T22:17:18.064153+09:00","Action":"run","Package":"waiting-room/internal/installplan/preflight","Test":"TestContextBindingAndDeterminism/repeat#45"}
{"Time":"2026-09-05T22:17:18.064156+09:00","Action":"output","Package":"waiting-room/internal/installplan/preflight","Test":"TestContextBindingAndDeterminism/repeat#45","Output":"=== RUN   TestContextBindingAndDeterminism/repeat#45\n"}
{"Time":"2026-09-05T22:17:18.064173+09:00","Action":"output","Package":"waiting-room/internal/installplan/preflight","Test":"TestContextBindingAndDeterminism/repeat#45","Output":"=== PAUSE TestContextBindingAndDeterminism/repeat#45\n"}
{"Time":"2026-09-05T22:17:18.064175+09:00","Action":"pause","Package":"waiting-room/internal/installplan/preflight","Test":"TestContextBindingAndDeterminism/repeat#45"}
{"Time":"2026-09-05T22:17:18.064193+09:00","Action":"run","Package":"waiting-room/internal/installplan/preflight","Test":"TestContextBindingAndDeterminism/repeat#46"}
{"Time":"2026-09-05T22:17:18.064198+09:00","Action":"output","Package":"waiting-room/internal/installplan/preflight","Test":"TestContextBindingAndDeterminism/repeat#46","Output":"=== RUN   TestContextBindingAndDeterminism/repeat#46\n"}
{"Time":"2026-09-05T22:17:18.06421+09:00","Action":"output","Package":"waiting-room/internal/installplan/preflight","Test":"TestContextBindingAndDeterminism/repeat#46","Output":"=== PAUSE TestContextBindingAndDeterminism/repeat#46\n"}
{"Time":"2026-09-05T22:17:18.064213+09:00","Action":"pause","Package":"waiting-room/internal/installplan/preflight","Test":"TestContextBindingAndDeterminism/repeat#46"}
{"Time":"2026-09-05T22:17:18.064227+09:00","Action":"run","Package":"waiting-room/internal/installplan/preflight","Test":"TestContextBindingAndDeterminism/repeat#47"}
{"Time":"2026-09-05T22:17:18.064231+09:00","Action":"output","Package":"waiting-room/internal/installplan/preflight","Test":"TestContextBindingAndDeterminism/repeat#47","Output":"=== RUN   TestContextBindingAndDeterminism/repeat#47\n"}
{"Time":"2026-09-05T22:17:18.06424+09:00","Action":"output","Package":"waiting-room/internal/installplan/preflight","Test":"TestContextBindingAndDeterminism/repeat#47","Output":"=== PAUSE TestContextBindingAndDeterminism/repeat#47\n"}
{"Time":"2026-09-05T22:17:18.064242+09:00","Action":"pause","Package":"waiting-room/internal/installplan/preflight","Test":"TestContextBindingAndDeterminism/repeat#47"}
{"Time":"2026-09-05T22:17:18.064263+09:00","Action":"run","Package":"waiting-room/internal/installplan/preflight","Test":"TestContextBindingAndDeterminism/repeat#48"}
{"Time":"2026-09-05T22:17:18.064269+09:00","Action":"output","Package":"waiting-room/internal/installplan/preflight","Test":"TestContextBindingAndDeterminism/repeat#48","Output":"=== RUN   TestContextBindingAndDeterminism/repeat#48\n"}
{"Time":"2026-09-05T22:17:18.064279+09:00","Action":"output","Package":"waiting-room/internal/installplan/preflight","Test":"TestContextBindingAndDeterminism/repeat#48","Output":"=== PAUSE TestContextBindingAndDeterminism/repeat#48\n"}
{"Time":"2026-09-05T22:17:18.064283+09:00","Action":"pause","Package":"waiting-room/internal/installplan/preflight","Test":"TestContextBindingAndDeterminism/repeat#48"}
{"Time":"2026-09-05T22:17:18.064299+09:00","Action":"run","Package":"waiting-room/internal/installplan/preflight","Test":"TestContextBindingAndDeterminism/repeat#49"}
{"Time":"2026-09-05T22:17:18.064302+09:00","Action":"output","Package":"waiting-room/internal/installplan/preflight","Test":"TestContextBindingAndDeterminism/repeat#49","Output":"=== RUN   TestContextBindingAndDeterminism/repeat#49\n"}
{"Time":"2026-09-05T22:17:18.064313+09:00","Action":"output","Package":"waiting-room/internal/installplan/preflight","Test":"TestContextBindingAndDeterminism/repeat#49","Output":"=== PAUSE TestContextBindingAndDeterminism/repeat#49\n"}
{"Time":"2026-09-05T22:17:18.064316+09:00","Action":"pause","Package":"waiting-room/internal/installplan/preflight","Test":"TestContextBindingAndDeterminism/repeat#49"}
{"Time":"2026-09-05T22:17:18.064723+09:00","Action":"cont","Package":"waiting-room/internal/installplan/preflight","Test":"TestContextBindingAndDeterminism/repeat"}
{"Time":"2026-09-05T22:17:18.064727+09:00","Action":"output","Package":"waiting-room/internal/installplan/preflight","Test":"TestContextBindingAndDeterminism/repeat","Output":"=== CONT  TestContextBindingAndDeterminism/repeat\n"}
{"Time":"2026-09-05T22:17:18.064779+09:00","Action":"cont","Package":"waiting-room/internal/installplan/preflight","Test":"TestContextBindingAndDeterminism/repeat#37"}
{"Time":"2026-09-05T22:17:18.064795+09:00","Action":"output","Package":"waiting-room/internal/installplan/preflight","Test":"TestContextBindingAndDeterminism/repeat#37","Output":"=== CONT  TestContextBindingAndDeterminism/repeat#37\n"}
{"Time":"2026-09-05T22:17:18.064899+09:00","Action":"cont","Package":"waiting-room/internal/installplan/preflight","Test":"TestContextBindingAndDeterminism/repeat#24"}
{"Time":"2026-09-05T22:17:18.064911+09:00","Action":"output","Package":"waiting-room/internal/installplan/preflight","Test":"TestContextBindingAndDeterminism/repeat#24","Output":"=== CONT  TestContextBindingAndDeterminism/repeat#24\n"}
{"Time":"2026-09-05T22:17:18.064935+09:00","Action":"cont","Package":"waiting-room/internal/installplan/preflight","Test":"TestContextBindingAndDeterminism/repeat#38"}
{"Time":"2026-09-05T22:17:18.064941+09:00","Action":"output","Package":"waiting-room/internal/installplan/preflight","Test":"TestContextBindingAndDeterminism/repeat#38","Output":"=== CONT  TestContextBindingAndDeterminism/repeat#38\n"}
{"Time":"2026-09-05T22:17:18.065007+09:00","Action":"cont","Package":"waiting-room/internal/installplan/preflight","Test":"TestContextBindingAndDeterminism/repeat#36"}
{"Time":"2026-09-05T22:17:18.065012+09:00","Action":"output","Package":"waiting-room/internal/installplan/preflight","Test":"TestContextBindingAndDeterminism/repeat#36","Output":"=== CONT  TestContextBindingAndDeterminism/repeat#36\n"}
{"Time":"2026-09-05T22:17:18.065112+09:00","Action":"cont","Package":"waiting-room/internal/installplan/preflight","Test":"TestContextBindingAndDeterminism/repeat#35"}
{"Time":"2026-09-05T22:17:18.065121+09:00","Action":"output","Package":"waiting-room/internal/installplan/preflight","Test":"TestContextBindingAndDeterminism/repeat#35","Output":"=== CONT  TestContextBindingAndDeterminism/repeat#35\n"}
{"Time":"2026-09-05T22:17:18.06569+09:00","Action":"cont","Package":"waiting-room/internal/installplan/preflight","Test":"TestContextBindingAndDeterminism/repeat#34"}
{"Time":"2026-09-05T22:17:18.065708+09:00","Action":"output","Package":"waiting-room/internal/installplan/preflight","Test":"TestContextBindingAndDeterminism/repeat#34","Output":"=== CONT  TestContextBindingAndDeterminism/repeat#34\n"}
{"Time":"2026-09-05T22:17:18.065845+09:00","Action":"cont","Package":"waiting-room/internal/installplan/preflight","Test":"TestContextBindingAndDeterminism/repeat#26"}
{"Time":"2026-09-05T22:17:18.065851+09:00","Action":"output","Package":"waiting-room/internal/installplan/preflight","Test":"TestContextBindingAndDeterminism/repeat#26","Output":"=== CONT  TestContextBindingAndDeterminism/repeat#26\n"}
{"Time":"2026-09-05T22:17:18.065874+09:00","Action":"cont","Package":"waiting-room/internal/installplan/preflight","Test":"TestContextBindingAndDeterminism/repeat#13"}
{"Time":"2026-09-05T22:17:18.065878+09:00","Action":"output","Package":"waiting-room/internal/installplan/preflight","Test":"TestContextBindingAndDeterminism/repeat#13","Output":"=== CONT  TestContextBindingAndDeterminism/repeat#13\n"}
{"Time":"2026-09-05T22:17:18.066043+09:00","Action":"cont","Package":"waiting-room/internal/installplan/preflight","Test":"TestContextBindingAndDeterminism/repeat#32"}
{"Time":"2026-09-05T22:17:18.066046+09:00","Action":"output","Package":"waiting-room/internal/installplan/preflight","Test":"TestContextBindingAndDeterminism/repeat#32","Output":"=== CONT  TestContextBindingAndDeterminism/repeat#32\n"}
{"Time":"2026-09-05T22:17:18.066053+09:00","Action":"cont","Package":"waiting-room/internal/installplan/preflight","Test":"TestContextBindingAndDeterminism/repeat#25"}
{"Time":"2026-09-05T22:17:18.066054+09:00","Action":"output","Package":"waiting-room/internal/installplan/preflight","Test":"TestContextBindingAndDeterminism/repeat#25","Output":"=== CONT  TestContextBindingAndDeterminism/repeat#25\n"}
{"Time":"2026-09-05T22:17:18.066806+09:00","Action":"cont","Package":"waiting-room/internal/installplan/preflight","Test":"TestContextBindingAndDeterminism/repeat#33"}
{"Time":"2026-09-05T22:17:18.06681+09:00","Action":"output","Package":"waiting-room/internal/installplan/preflight","Test":"TestContextBindingAndDeterminism/repeat#33","Output":"=== CONT  TestContextBindingAndDeterminism/repeat#33\n"}
{"Time":"2026-09-05T22:17:18.066811+09:00","Action":"cont","Package":"waiting-room/internal/installplan/preflight","Test":"TestContextBindingAndDeterminism/repeat#22"}
{"Time":"2026-09-05T22:17:18.066813+09:00","Action":"output","Package":"waiting-room/internal/installplan/preflight","Test":"TestContextBindingAndDeterminism/repeat#22","Output":"=== CONT  TestContextBindingAndDeterminism/repeat#22\n"}
{"Time":"2026-09-05T22:17:18.066814+09:00","Action":"cont","Package":"waiting-room/internal/installplan/preflight","Test":"TestContextBindingAndDeterminism/repeat#21"}
{"Time":"2026-09-05T22:17:18.066815+09:00","Action":"output","Package":"waiting-room/internal/installplan/preflight","Test":"TestContextBindingAndDeterminism/repeat#21","Output":"=== CONT  TestContextBindingAndDeterminism/repeat#21\n"}
{"Time":"2026-09-05T22:17:18.066817+09:00","Action":"cont","Package":"waiting-room/internal/installplan/preflight","Test":"TestContextBindingAndDeterminism/repeat#20"}
{"Time":"2026-09-05T22:17:18.066818+09:00","Action":"output","Package":"waiting-room/internal/installplan/preflight","Test":"TestContextBindingAndDeterminism/repeat#20","Output":"=== CONT  TestContextBindingAndDeterminism/repeat#20\n"}
{"Time":"2026-09-05T22:17:18.066819+09:00","Action":"cont","Package":"waiting-room/internal/installplan/preflight","Test":"TestContextBindingAndDeterminism/repeat#30"}
{"Time":"2026-09-05T22:17:18.06682+09:00","Action":"output","Package":"waiting-room/internal/installplan/preflight","Test":"TestContextBindingAndDeterminism/repeat#30","Output":"=== CONT  TestContextBindingAndDeterminism/repeat#30\n"}
{"Time":"2026-09-05T22:17:18.067038+09:00","Action":"cont","Package":"waiting-room/internal/installplan/preflight","Test":"TestContextBindingAndDeterminism/repeat#19"}
{"Time":"2026-09-05T22:17:18.06705+09:00","Action":"output","Package":"waiting-room/internal/installplan/preflight","Test":"TestContextBindingAndDeterminism/repeat#19","Output":"=== CONT  TestContextBindingAndDeterminism/repeat#19\n"}
{"Time":"2026-09-05T22:17:18.067053+09:00","Action":"cont","Package":"waiting-room/internal/installplan/preflight","Test":"TestContextBindingAndDeterminism/repeat#18"}
{"Time":"2026-09-05T22:17:18.067055+09:00","Action":"output","Package":"waiting-room/internal/installplan/preflight","Test":"TestContextBindingAndDeterminism/repeat#18","Output":"=== CONT  TestContextBindingAndDeterminism/repeat#18\n"}
{"Time":"2026-09-05T22:17:18.067177+09:00","Action":"cont","Package":"waiting-room/internal/installplan/preflight","Test":"TestContextBindingAndDeterminism/repeat#17"}
{"Time":"2026-09-05T22:17:18.067195+09:00","Action":"output","Package":"waiting-room/internal/installplan/preflight","Test":"TestContextBindingAndDeterminism/repeat#17","Output":"=== CONT  TestContextBindingAndDeterminism/repeat#17\n"}
{"Time":"2026-09-05T22:17:18.067204+09:00","Action":"cont","Package":"waiting-room/internal/installplan/preflight","Test":"TestContextBindingAndDeterminism/repeat#31"}
{"Time":"2026-09-05T22:17:18.067208+09:00","Action":"output","Package":"waiting-room/internal/installplan/preflight","Test":"TestContextBindingAndDeterminism/repeat#31","Output":"=== CONT  TestContextBindingAndDeterminism/repeat#31\n"}
{"Time":"2026-09-05T22:17:18.067253+09:00","Action":"cont","Package":"waiting-room/internal/installplan/preflight","Test":"TestContextBindingAndDeterminism/repeat#16"}
{"Time":"2026-09-05T22:17:18.067264+09:00","Action":"output","Package":"waiting-room/internal/installplan/preflight","Test":"TestContextBindingAndDeterminism/repeat#16","Output":"=== CONT  TestContextBindingAndDeterminism/repeat#16\n"}
{"Time":"2026-09-05T22:17:18.06727+09:00","Action":"cont","Package":"waiting-room/internal/installplan/preflight","Test":"TestContextBindingAndDeterminism/repeat#15"}
{"Time":"2026-09-05T22:17:18.067272+09:00","Action":"output","Package":"waiting-room/internal/installplan/preflight","Test":"TestContextBindingAndDeterminism/repeat#15","Output":"=== CONT  TestContextBindingAndDeterminism/repeat#15\n"}
{"Time":"2026-09-05T22:17:18.067291+09:00","Action":"cont","Package":"waiting-room/internal/installplan/preflight","Test":"TestContextBindingAndDeterminism/repeat#06"}
{"Time":"2026-09-05T22:17:18.067297+09:00","Action":"output","Package":"waiting-room/internal/installplan/preflight","Test":"TestContextBindingAndDeterminism/repeat#06","Output":"=== CONT  TestContextBindingAndDeterminism/repeat#06\n"}
{"Time":"2026-09-05T22:17:18.067316+09:00","Action":"cont","Package":"waiting-room/internal/installplan/preflight","Test":"TestContextBindingAndDeterminism/repeat#14"}
{"Time":"2026-09-05T22:17:18.06732+09:00","Action":"output","Package":"waiting-room/internal/installplan/preflight","Test":"TestContextBindingAndDeterminism/repeat#14","Output":"=== CONT  TestContextBindingAndDeterminism/repeat#14\n"}
{"Time":"2026-09-05T22:17:18.067365+09:00","Action":"cont","Package":"waiting-room/internal/installplan/preflight","Test":"TestContextBindingAndDeterminism/repeat#12"}
{"Time":"2026-09-05T22:17:18.067375+09:00","Action":"output","Package":"waiting-room/internal/installplan/preflight","Test":"TestContextBindingAndDeterminism/repeat#12","Output":"=== CONT  TestContextBindingAndDeterminism/repeat#12\n"}
{"Time":"2026-09-05T22:17:18.067381+09:00","Action":"cont","Package":"waiting-room/internal/installplan/preflight","Test":"TestContextBindingAndDeterminism/repeat#27"}
{"Time":"2026-09-05T22:17:18.067384+09:00","Action":"output","Package":"waiting-room/internal/installplan/preflight","Test":"TestContextBindingAndDeterminism/repeat#27","Output":"=== CONT  TestContextBindingAndDeterminism/repeat#27\n"}
{"Time":"2026-09-05T22:17:18.067399+09:00","Action":"cont","Package":"waiting-room/internal/installplan/preflight","Test":"TestContextBindingAndDeterminism/repeat#28"}
{"Time":"2026-09-05T22:17:18.067404+09:00","Action":"output","Package":"waiting-room/internal/installplan/preflight","Test":"TestContextBindingAndDeterminism/repeat#28","Output":"=== CONT  TestContextBindingAndDeterminism/repeat#28\n"}
{"Time":"2026-09-05T22:17:18.067453+09:00","Action":"cont","Package":"waiting-room/internal/installplan/preflight","Test":"TestContextBindingAndDeterminism/repeat#10"}
{"Time":"2026-09-05T22:17:18.067457+09:00","Action":"output","Package":"waiting-room/internal/installplan/preflight","Test":"TestContextBindingAndDeterminism/repeat#10","Output":"=== CONT  TestContextBindingAndDeterminism/repeat#10\n"}
{"Time":"2026-09-05T22:17:18.067578+09:00","Action":"cont","Package":"waiting-room/internal/installplan/preflight","Test":"TestContextBindingAndDeterminism/repeat#09"}
{"Time":"2026-09-05T22:17:18.067581+09:00","Action":"output","Package":"waiting-room/internal/installplan/preflight","Test":"TestContextBindingAndDeterminism/repeat#09","Output":"=== CONT  TestContextBindingAndDeterminism/repeat#09\n"}
{"Time":"2026-09-05T22:17:18.067603+09:00","Action":"cont","Package":"waiting-room/internal/installplan/preflight","Test":"TestContextBindingAndDeterminism/repeat#07"}
{"Time":"2026-09-05T22:17:18.067606+09:00","Action":"output","Package":"waiting-room/internal/installplan/preflight","Test":"TestContextBindingAndDeterminism/repeat#07","Output":"=== CONT  TestContextBindingAndDeterminism/repeat#07\n"}
{"Time":"2026-09-05T22:17:18.067732+09:00","Action":"cont","Package":"waiting-room/internal/installplan/preflight","Test":"TestContextBindingAndDeterminism/repeat#47"}
{"Time":"2026-09-05T22:17:18.067739+09:00","Action":"output","Package":"waiting-room/internal/installplan/preflight","Test":"TestContextBindingAndDeterminism/repeat#47","Output":"=== CONT  TestContextBindingAndDeterminism/repeat#47\n"}
{"Time":"2026-09-05T22:17:18.067743+09:00","Action":"cont","Package":"waiting-room/internal/installplan/preflight","Test":"TestContextBindingAndDeterminism/repeat#49"}
{"Time":"2026-09-05T22:17:18.067745+09:00","Action":"output","Package":"waiting-room/internal/installplan/preflight","Test":"TestContextBindingAndDeterminism/repeat#49","Output":"=== CONT  TestContextBindingAndDeterminism/repeat#49\n"}
{"Time":"2026-09-05T22:17:18.067768+09:00","Action":"output","Package":"waiting-room/internal/installplan/preflight","Test":"TestContextBindingAndDeterminism/repeat#37","Output":"--- PASS: TestContextBindingAndDeterminism/repeat#37 (0.00s)\n"}
{"Time":"2026-09-05T22:17:18.067806+09:00","Action":"pass","Package":"waiting-room/internal/installplan/preflight","Test":"TestContextBindingAndDeterminism/repeat#37","Elapsed":0}
{"Time":"2026-09-05T22:17:18.067813+09:00","Action":"output","Package":"waiting-room/internal/installplan/preflight","Test":"TestContextBindingAndDeterminism/repeat","Output":"--- PASS: TestContextBindingAndDeterminism/repeat (0.00s)\n"}
{"Time":"2026-09-05T22:17:18.067817+09:00","Action":"pass","Package":"waiting-room/internal/installplan/preflight","Test":"TestContextBindingAndDeterminism/repeat","Elapsed":0}
{"Time":"2026-09-05T22:17:18.067819+09:00","Action":"output","Package":"waiting-room/internal/installplan/preflight","Test":"TestContextBindingAndDeterminism/repeat#06","Output":"--- PASS: TestContextBindingAndDeterminism/repeat#06 (0.00s)\n"}
{"Time":"2026-09-05T22:17:18.067864+09:00","Action":"pass","Package":"waiting-room/internal/installplan/preflight","Test":"TestContextBindingAndDeterminism/repeat#06","Elapsed":0}
{"Time":"2026-09-05T22:17:18.06787+09:00","Action":"cont","Package":"waiting-room/internal/installplan/preflight","Test":"TestContextBindingAndDeterminism/repeat#48"}
{"Time":"2026-09-05T22:17:18.067872+09:00","Action":"output","Package":"waiting-room/internal/installplan/preflight","Test":"TestContextBindingAndDeterminism/repeat#48","Output":"=== CONT  TestContextBindingAndDeterminism/repeat#48\n"}
{"Time":"2026-09-05T22:17:18.067873+09:00","Action":"cont","Package":"waiting-room/internal/installplan/preflight","Test":"TestContextBindingAndDeterminism/repeat#23"}
{"Time":"2026-09-05T22:17:18.067874+09:00","Action":"output","Package":"waiting-room/internal/installplan/preflight","Test":"TestContextBindingAndDeterminism/repeat#23","Output":"=== CONT  TestContextBindingAndDeterminism/repeat#23\n"}
{"Time":"2026-09-05T22:17:18.067877+09:00","Action":"cont","Package":"waiting-room/internal/installplan/preflight","Test":"TestContextBindingAndDeterminism/repeat#29"}
{"Time":"2026-09-05T22:17:18.067878+09:00","Action":"output","Package":"waiting-room/internal/installplan/preflight","Test":"TestContextBindingAndDeterminism/repeat#29","Output":"=== CONT  TestContextBindingAndDeterminism/repeat#29\n"}
{"Time":"2026-09-05T22:17:18.067901+09:00","Action":"cont","Package":"waiting-room/internal/installplan/preflight","Test":"TestContextBindingAndDeterminism/repeat#05"}
{"Time":"2026-09-05T22:17:18.067912+09:00","Action":"output","Package":"waiting-room/internal/installplan/preflight","Test":"TestContextBindingAndDeterminism/repeat#05","Output":"=== CONT  TestContextBindingAndDeterminism/repeat#05\n"}
{"Time":"2026-09-05T22:17:18.067971+09:00","Action":"output","Package":"waiting-room/internal/installplan/preflight","Test":"TestContextBindingAndDeterminism/repeat#38","Output":"--- PASS: TestContextBindingAndDeterminism/repeat#38 (0.00s)\n"}
{"Time":"2026-09-05T22:17:18.068203+09:00","Action":"pass","Package":"waiting-room/internal/installplan/preflight","Test":"TestContextBindingAndDeterminism/repeat#38","Elapsed":0}
{"Time":"2026-09-05T22:17:18.068238+09:00","Action":"cont","Package":"waiting-room/internal/installplan/preflight","Test":"TestContextBindingAndDeterminism/repeat#11"}
{"Time":"2026-09-05T22:17:18.068241+09:00","Action":"output","Package":"waiting-room/internal/installplan/preflight","Test":"TestContextBindingAndDeterminism/repeat#11","Output":"=== CONT  TestContextBindingAndDeterminism/repeat#11\n"}
{"Time":"2026-09-05T22:17:18.068246+09:00","Action":"cont","Package":"waiting-room/internal/installplan/preflight","Test":"TestContextBindingAndDeterminism/repeat#03"}
{"Time":"2026-09-05T22:17:18.068248+09:00","Action":"output","Package":"waiting-room/internal/installplan/preflight","Test":"TestContextBindingAndDeterminism/repeat#03","Output":"=== CONT  TestContextBindingAndDeterminism/repeat#03\n"}
{"Time":"2026-09-05T22:17:18.068249+09:00","Action":"cont","Package":"waiting-room/internal/installplan/preflight","Test":"TestContextBindingAndDeterminism/repeat#08"}
{"Time":"2026-09-05T22:17:18.06825+09:00","Action":"output","Package":"waiting-room/internal/installplan/preflight","Test":"TestContextBindingAndDeterminism/repeat#08","Output":"=== CONT  TestContextBindingAndDeterminism/repeat#08\n"}
{"Time":"2026-09-05T22:17:18.068967+09:00","Action":"cont","Package":"waiting-room/internal/installplan/preflight","Test":"TestContextBindingAndDeterminism/repeat#01"}
{"Time":"2026-09-05T22:17:18.068971+09:00","Action":"output","Package":"waiting-room/internal/installplan/preflight","Test":"TestContextBindingAndDeterminism/repeat#01","Output":"=== CONT  TestContextBindingAndDeterminism/repeat#01\n"}
{"Time":"2026-09-05T22:17:18.068995+09:00","Action":"cont","Package":"waiting-room/internal/installplan/preflight","Test":"TestContextBindingAndDeterminism/repeat#42"}
{"Time":"2026-09-05T22:17:18.069009+09:00","Action":"output","Package":"waiting-room/internal/installplan/preflight","Test":"TestContextBindingAndDeterminism/repeat#42","Output":"=== CONT  TestContextBindingAndDeterminism/repeat#42\n"}
{"Time":"2026-09-05T22:17:18.069015+09:00","Action":"cont","Package":"waiting-room/internal/installplan/preflight","Test":"TestContextBindingAndDeterminism/repeat#41"}
{"Time":"2026-09-05T22:17:18.069018+09:00","Action":"output","Package":"waiting-room/internal/installplan/preflight","Test":"TestContextBindingAndDeterminism/repeat#41","Output":"=== CONT  TestContextBindingAndDeterminism/repeat#41\n"}
{"Time":"2026-09-05T22:17:18.069021+09:00","Action":"output","Package":"waiting-room/internal/installplan/preflight","Test":"TestContextBindingAndDeterminism/repeat#24","Output":"--- PASS: TestContextBindingAndDeterminism/repeat#24 (0.00s)\n"}
{"Time":"2026-09-05T22:17:18.069026+09:00","Action":"pass","Package":"waiting-room/internal/installplan/preflight","Test":"TestContextBindingAndDeterminism/repeat#24","Elapsed":0}
{"Time":"2026-09-05T22:17:18.069029+09:00","Action":"cont","Package":"waiting-room/internal/installplan/preflight","Test":"TestContextBindingAndDeterminism/repeat#04"}
{"Time":"2026-09-05T22:17:18.069033+09:00","Action":"output","Package":"waiting-room/internal/installplan/preflight","Test":"TestContextBindingAndDeterminism/repeat#04","Output":"=== CONT  TestContextBindingAndDeterminism/repeat#04\n"}
{"Time":"2026-09-05T22:17:18.069059+09:00","Action":"cont","Package":"waiting-room/internal/installplan/preflight","Test":"TestContextBindingAndDeterminism/repeat#02"}
{"Time":"2026-09-05T22:17:18.069065+09:00","Action":"output","Package":"waiting-room/internal/installplan/preflight","Test":"TestContextBindingAndDeterminism/repeat#02","Output":"=== CONT  TestContextBindingAndDeterminism/repeat#02\n"}
{"Time":"2026-09-05T22:17:18.069207+09:00","Action":"cont","Package":"waiting-room/internal/installplan/preflight","Test":"TestContextBindingAndDeterminism/repeat#44"}
{"Time":"2026-09-05T22:17:18.069213+09:00","Action":"output","Package":"waiting-room/internal/installplan/preflight","Test":"TestContextBindingAndDeterminism/repeat#44","Output":"=== CONT  TestContextBindingAndDeterminism/repeat#44\n"}
{"Time":"2026-09-05T22:17:18.069217+09:00","Action":"cont","Package":"waiting-room/internal/installplan/preflight","Test":"TestContextBindingAndDeterminism/repeat#45"}
{"Time":"2026-09-05T22:17:18.06922+09:00","Action":"output","Package":"waiting-room/internal/installplan/preflight","Test":"TestContextBindingAndDeterminism/repeat#45","Output":"=== CONT  TestContextBindingAndDeterminism/repeat#45\n"}
{"Time":"2026-09-05T22:17:18.06925+09:00","Action":"cont","Package":"waiting-room/internal/installplan/preflight","Test":"TestContextBindingAndDeterminism/repeat#46"}
{"Time":"2026-09-05T22:17:18.069258+09:00","Action":"output","Package":"waiting-room/internal/installplan/preflight","Test":"TestContextBindingAndDeterminism/repeat#46","Output":"=== CONT  TestContextBindingAndDeterminism/repeat#46\n"}
{"Time":"2026-09-05T22:17:18.069286+09:00","Action":"cont","Package":"waiting-room/internal/installplan/preflight","Test":"TestContextBindingAndDeterminism/repeat#43"}
{"Time":"2026-09-05T22:17:18.069294+09:00","Action":"output","Package":"waiting-room/internal/installplan/preflight","Test":"TestContextBindingAndDeterminism/repeat#43","Output":"=== CONT  TestContextBindingAndDeterminism/repeat#43\n"}
{"Time":"2026-09-05T22:17:18.069333+09:00","Action":"output","Package":"waiting-room/internal/installplan/preflight","Test":"TestContextBindingAndDeterminism/repeat#34","Output":"--- PASS: TestContextBindingAndDeterminism/repeat#34 (0.00s)\n"}
{"Time":"2026-09-05T22:17:18.069356+09:00","Action":"pass","Package":"waiting-room/internal/installplan/preflight","Test":"TestContextBindingAndDeterminism/repeat#34","Elapsed":0}
{"Time":"2026-09-05T22:17:18.069359+09:00","Action":"cont","Package":"waiting-room/internal/installplan/preflight","Test":"TestContextBindingAndDeterminism/repeat#39"}
{"Time":"2026-09-05T22:17:18.069361+09:00","Action":"output","Package":"waiting-room/internal/installplan/preflight","Test":"TestContextBindingAndDeterminism/repeat#39","Output":"=== CONT  TestContextBindingAndDeterminism/repeat#39\n"}
{"Time":"2026-09-05T22:17:18.069386+09:00","Action":"output","Package":"waiting-room/internal/installplan/preflight","Test":"TestContextBindingAndDeterminism/repeat#01","Output":"--- PASS: TestContextBindingAndDeterminism/repeat#01 (0.00s)\n"}
{"Time":"2026-09-05T22:17:18.069441+09:00","Action":"pass","Package":"waiting-room/internal/installplan/preflight","Test":"TestContextBindingAndDeterminism/repeat#01","Elapsed":0}
{"Time":"2026-09-05T22:17:18.069445+09:00","Action":"cont","Package":"waiting-room/internal/installplan/preflight","Test":"TestContextBindingAndDeterminism/repeat#40"}
{"Time":"2026-09-05T22:17:18.069448+09:00","Action":"output","Package":"waiting-room/internal/installplan/preflight","Test":"TestContextBindingAndDeterminism/repeat#40","Output":"=== CONT  TestContextBindingAndDeterminism/repeat#40\n"}
{"Time":"2026-09-05T22:17:18.06947+09:00","Action":"output","Package":"waiting-room/internal/installplan/preflight","Test":"TestContextBindingAndDeterminism/repeat#33","Output":"--- PASS: TestContextBindingAndDeterminism/repeat#33 (0.00s)\n"}
{"Time":"2026-09-05T22:17:18.069475+09:00","Action":"pass","Package":"waiting-room/internal/installplan/preflight","Test":"TestContextBindingAndDeterminism/repeat#33","Elapsed":0}
{"Time":"2026-09-05T22:17:18.069478+09:00","Action":"output","Package":"waiting-room/internal/installplan/preflight","Test":"TestContextBindingAndDeterminism/repeat#13","Output":"--- PASS: TestContextBindingAndDeterminism/repeat#13 (0.00s)\n"}
{"Time":"2026-09-05T22:17:18.0695+09:00","Action":"pass","Package":"waiting-room/internal/installplan/preflight","Test":"TestContextBindingAndDeterminism/repeat#13","Elapsed":0}
{"Time":"2026-09-05T22:17:18.069506+09:00","Action":"output","Package":"waiting-room/internal/installplan/preflight","Test":"TestContextBindingAndDeterminism/repeat#36","Output":"--- PASS: TestContextBindingAndDeterminism/repeat#36 (0.00s)\n"}
{"Time":"2026-09-05T22:17:18.069512+09:00","Action":"pass","Package":"waiting-room/internal/installplan/preflight","Test":"TestContextBindingAndDeterminism/repeat#36","Elapsed":0}
{"Time":"2026-09-05T22:17:18.069515+09:00","Action":"output","Package":"waiting-room/internal/installplan/preflight","Test":"TestContextBindingAndDeterminism/repeat#25","Output":"--- PASS: TestContextBindingAndDeterminism/repeat#25 (0.00s)\n"}
{"Time":"2026-09-05T22:17:18.069519+09:00","Action":"pass","Package":"waiting-room/internal/installplan/preflight","Test":"TestContextBindingAndDeterminism/repeat#25","Elapsed":0}
{"Time":"2026-09-05T22:17:18.069523+09:00","Action":"output","Package":"waiting-room/internal/installplan/preflight","Test":"TestContextBindingAndDeterminism/repeat#32","Output":"--- PASS: TestContextBindingAndDeterminism/repeat#32 (0.00s)\n"}
{"Time":"2026-09-05T22:17:18.069532+09:00","Action":"pass","Package":"waiting-room/internal/installplan/preflight","Test":"TestContextBindingAndDeterminism/repeat#32","Elapsed":0}
{"Time":"2026-09-05T22:17:18.069535+09:00","Action":"output","Package":"waiting-room/internal/installplan/preflight","Test":"TestContextBindingAndDeterminism/repeat#48","Output":"--- PASS: TestContextBindingAndDeterminism/repeat#48 (0.00s)\n"}
{"Time":"2026-09-05T22:17:18.069558+09:00","Action":"pass","Package":"waiting-room/internal/installplan/preflight","Test":"TestContextBindingAndDeterminism/repeat#48","Elapsed":0}
{"Time":"2026-09-05T22:17:18.069566+09:00","Action":"output","Package":"waiting-room/internal/installplan/preflight","Test":"TestContextBindingAndDeterminism/repeat#47","Output":"--- PASS: TestContextBindingAndDeterminism/repeat#47 (0.00s)\n"}
{"Time":"2026-09-05T22:17:18.069569+09:00","Action":"pass","Package":"waiting-room/internal/installplan/preflight","Test":"TestContextBindingAndDeterminism/repeat#47","Elapsed":0}
{"Time":"2026-09-05T22:17:18.069571+09:00","Action":"output","Package":"waiting-room/internal/installplan/preflight","Test":"TestContextBindingAndDeterminism/repeat#21","Output":"--- PASS: TestContextBindingAndDeterminism/repeat#21 (0.00s)\n"}
{"Time":"2026-09-05T22:17:18.069592+09:00","Action":"pass","Package":"waiting-room/internal/installplan/preflight","Test":"TestContextBindingAndDeterminism/repeat#21","Elapsed":0}
{"Time":"2026-09-05T22:17:18.069597+09:00","Action":"output","Package":"waiting-room/internal/installplan/preflight","Test":"TestContextBindingAndDeterminism/repeat#07","Output":"--- PASS: TestContextBindingAndDeterminism/repeat#07 (0.00s)\n"}
{"Time":"2026-09-05T22:17:18.06962+09:00","Action":"pass","Package":"waiting-room/internal/installplan/preflight","Test":"TestContextBindingAndDeterminism/repeat#07","Elapsed":0}
{"Time":"2026-09-05T22:17:18.069625+09:00","Action":"output","Package":"waiting-room/internal/installplan/preflight","Test":"TestContextBindingAndDeterminism/repeat#44","Output":"--- PASS: TestContextBindingAndDeterminism/repeat#44 (0.00s)\n"}
{"Time":"2026-09-05T22:17:18.069636+09:00","Action":"pass","Package":"waiting-room/internal/installplan/preflight","Test":"TestContextBindingAndDeterminism/repeat#44","Elapsed":0}
{"Time":"2026-09-05T22:17:18.069641+09:00","Action":"output","Package":"waiting-room/internal/installplan/preflight","Test":"TestContextBindingAndDeterminism/repeat#28","Output":"--- PASS: TestContextBindingAndDeterminism/repeat#28 (0.00s)\n"}
{"Time":"2026-09-05T22:17:18.069658+09:00","Action":"pass","Package":"waiting-room/internal/installplan/preflight","Test":"TestContextBindingAndDeterminism/repeat#28","Elapsed":0}
{"Time":"2026-09-05T22:17:18.069665+09:00","Action":"output","Package":"waiting-room/internal/installplan/preflight","Test":"TestContextBindingAndDeterminism/repeat#26","Output":"--- PASS: TestContextBindingAndDeterminism/repeat#26 (0.00s)\n"}
{"Time":"2026-09-05T22:17:18.069681+09:00","Action":"pass","Package":"waiting-room/internal/installplan/preflight","Test":"TestContextBindingAndDeterminism/repeat#26","Elapsed":0}
{"Time":"2026-09-05T22:17:18.069686+09:00","Action":"output","Package":"waiting-room/internal/installplan/preflight","Test":"TestContextBindingAndDeterminism/repeat#49","Output":"--- PASS: TestContextBindingAndDeterminism/repeat#49 (0.00s)\n"}
{"Time":"2026-09-05T22:17:18.0697+09:00","Action":"pass","Package":"waiting-room/internal/installplan/preflight","Test":"TestContextBindingAndDeterminism/repeat#49","Elapsed":0}
{"Time":"2026-09-05T22:17:18.069706+09:00","Action":"output","Package":"waiting-room/internal/installplan/preflight","Test":"TestContextBindingAndDeterminism/repeat#46","Output":"--- PASS: TestContextBindingAndDeterminism/repeat#46 (0.00s)\n"}
{"Time":"2026-09-05T22:17:18.069722+09:00","Action":"pass","Package":"waiting-room/internal/installplan/preflight","Test":"TestContextBindingAndDeterminism/repeat#46","Elapsed":0}
{"Time":"2026-09-05T22:17:18.069728+09:00","Action":"output","Package":"waiting-room/internal/installplan/preflight","Test":"TestContextBindingAndDeterminism/repeat#05","Output":"--- PASS: TestContextBindingAndDeterminism/repeat#05 (0.00s)\n"}
{"Time":"2026-09-05T22:17:18.069743+09:00","Action":"pass","Package":"waiting-room/internal/installplan/preflight","Test":"TestContextBindingAndDeterminism/repeat#05","Elapsed":0}
{"Time":"2026-09-05T22:17:18.069746+09:00","Action":"output","Package":"waiting-room/internal/installplan/preflight","Test":"TestContextBindingAndDeterminism/repeat#11","Output":"--- PASS: TestContextBindingAndDeterminism/repeat#11 (0.00s)\n"}
{"Time":"2026-09-05T22:17:18.069765+09:00","Action":"pass","Package":"waiting-room/internal/installplan/preflight","Test":"TestContextBindingAndDeterminism/repeat#11","Elapsed":0}
{"Time":"2026-09-05T22:17:18.069768+09:00","Action":"output","Package":"waiting-room/internal/installplan/preflight","Test":"TestContextBindingAndDeterminism/repeat#29","Output":"--- PASS: TestContextBindingAndDeterminism/repeat#29 (0.00s)\n"}
{"Time":"2026-09-05T22:17:18.069782+09:00","Action":"pass","Package":"waiting-room/internal/installplan/preflight","Test":"TestContextBindingAndDeterminism/repeat#29","Elapsed":0}
{"Time":"2026-09-05T22:17:18.069786+09:00","Action":"output","Package":"waiting-room/internal/installplan/preflight","Test":"TestContextBindingAndDeterminism/repeat#39","Output":"--- PASS: TestContextBindingAndDeterminism/repeat#39 (0.00s)\n"}
{"Time":"2026-09-05T22:17:18.069798+09:00","Action":"pass","Package":"waiting-room/internal/installplan/preflight","Test":"TestContextBindingAndDeterminism/repeat#39","Elapsed":0}
{"Time":"2026-09-05T22:17:18.0698+09:00","Action":"output","Package":"waiting-room/internal/installplan/preflight","Test":"TestContextBindingAndDeterminism/repeat#19","Output":"--- PASS: TestContextBindingAndDeterminism/repeat#19 (0.00s)\n"}
{"Time":"2026-09-05T22:17:18.069814+09:00","Action":"pass","Package":"waiting-room/internal/installplan/preflight","Test":"TestContextBindingAndDeterminism/repeat#19","Elapsed":0}
{"Time":"2026-09-05T22:17:18.069823+09:00","Action":"output","Package":"waiting-room/internal/installplan/preflight","Test":"TestContextBindingAndDeterminism/repeat#18","Output":"--- PASS: TestContextBindingAndDeterminism/repeat#18 (0.00s)\n"}
{"Time":"2026-09-05T22:17:18.069832+09:00","Action":"pass","Package":"waiting-room/internal/installplan/preflight","Test":"TestContextBindingAndDeterminism/repeat#18","Elapsed":0}
{"Time":"2026-09-05T22:17:18.069834+09:00","Action":"output","Package":"waiting-room/internal/installplan/preflight","Test":"TestContextBindingAndDeterminism/repeat#22","Output":"--- PASS: TestContextBindingAndDeterminism/repeat#22 (0.00s)\n"}
{"Time":"2026-09-05T22:17:18.069847+09:00","Action":"pass","Package":"waiting-room/internal/installplan/preflight","Test":"TestContextBindingAndDeterminism/repeat#22","Elapsed":0}
{"Time":"2026-09-05T22:17:18.069849+09:00","Action":"output","Package":"waiting-room/internal/installplan/preflight","Test":"TestContextBindingAndDeterminism/repeat#20","Output":"--- PASS: TestContextBindingAndDeterminism/repeat#20 (0.00s)\n"}
{"Time":"2026-09-05T22:17:18.06986+09:00","Action":"pass","Package":"waiting-room/internal/installplan/preflight","Test":"TestContextBindingAndDeterminism/repeat#20","Elapsed":0}
{"Time":"2026-09-05T22:17:18.069864+09:00","Action":"output","Package":"waiting-room/internal/installplan/preflight","Test":"TestContextBindingAndDeterminism/repeat#17","Output":"--- PASS: TestContextBindingAndDeterminism/repeat#17 (0.00s)\n"}
{"Time":"2026-09-05T22:17:18.069878+09:00","Action":"pass","Package":"waiting-room/internal/installplan/preflight","Test":"TestContextBindingAndDeterminism/repeat#17","Elapsed":0}
{"Time":"2026-09-05T22:17:18.06988+09:00","Action":"output","Package":"waiting-room/internal/installplan/preflight","Test":"TestContextBindingAndDeterminism/repeat#31","Output":"--- PASS: TestContextBindingAndDeterminism/repeat#31 (0.00s)\n"}
{"Time":"2026-09-05T22:17:18.069894+09:00","Action":"pass","Package":"waiting-room/internal/installplan/preflight","Test":"TestContextBindingAndDeterminism/repeat#31","Elapsed":0}
{"Time":"2026-09-05T22:17:18.069897+09:00","Action":"output","Package":"waiting-room/internal/installplan/preflight","Test":"TestContextBindingAndDeterminism/repeat#15","Output":"--- PASS: TestContextBindingAndDeterminism/repeat#15 (0.00s)\n"}
{"Time":"2026-09-05T22:17:18.069906+09:00","Action":"pass","Package":"waiting-room/internal/installplan/preflight","Test":"TestContextBindingAndDeterminism/repeat#15","Elapsed":0}
{"Time":"2026-09-05T22:17:18.069908+09:00","Action":"output","Package":"waiting-room/internal/installplan/preflight","Test":"TestContextBindingAndDeterminism/repeat#35","Output":"--- PASS: TestContextBindingAndDeterminism/repeat#35 (0.00s)\n"}
{"Time":"2026-09-05T22:17:18.069918+09:00","Action":"pass","Package":"waiting-room/internal/installplan/preflight","Test":"TestContextBindingAndDeterminism/repeat#35","Elapsed":0}
{"Time":"2026-09-05T22:17:18.069921+09:00","Action":"output","Package":"waiting-room/internal/installplan/preflight","Test":"TestContextBindingAndDeterminism/repeat#14","Output":"--- PASS: TestContextBindingAndDeterminism/repeat#14 (0.00s)\n"}
{"Time":"2026-09-05T22:17:18.069935+09:00","Action":"pass","Package":"waiting-room/internal/installplan/preflight","Test":"TestContextBindingAndDeterminism/repeat#14","Elapsed":0}
{"Time":"2026-09-05T22:17:18.069938+09:00","Action":"output","Package":"waiting-room/internal/installplan/preflight","Test":"TestContextBindingAndDeterminism/repeat#16","Output":"--- PASS: TestContextBindingAndDeterminism/repeat#16 (0.00s)\n"}
{"Time":"2026-09-05T22:17:18.069949+09:00","Action":"pass","Package":"waiting-room/internal/installplan/preflight","Test":"TestContextBindingAndDeterminism/repeat#16","Elapsed":0}
{"Time":"2026-09-05T22:17:18.069951+09:00","Action":"output","Package":"waiting-room/internal/installplan/preflight","Test":"TestContextBindingAndDeterminism/repeat#27","Output":"--- PASS: TestContextBindingAndDeterminism/repeat#27 (0.00s)\n"}
{"Time":"2026-09-05T22:17:18.069966+09:00","Action":"pass","Package":"waiting-room/internal/installplan/preflight","Test":"TestContextBindingAndDeterminism/repeat#27","Elapsed":0}
{"Time":"2026-09-05T22:17:18.069968+09:00","Action":"output","Package":"waiting-room/internal/installplan/preflight","Test":"TestContextBindingAndDeterminism/repeat#12","Output":"--- PASS: TestContextBindingAndDeterminism/repeat#12 (0.00s)\n"}
{"Time":"2026-09-05T22:17:18.069999+09:00","Action":"pass","Package":"waiting-room/internal/installplan/preflight","Test":"TestContextBindingAndDeterminism/repeat#12","Elapsed":0}
{"Time":"2026-09-05T22:17:18.070004+09:00","Action":"output","Package":"waiting-room/internal/installplan/preflight","Test":"TestContextBindingAndDeterminism/repeat#41","Output":"--- PASS: TestContextBindingAndDeterminism/repeat#41 (0.00s)\n"}
{"Time":"2026-09-05T22:17:18.070008+09:00","Action":"pass","Package":"waiting-room/internal/installplan/preflight","Test":"TestContextBindingAndDeterminism/repeat#41","Elapsed":0}
{"Time":"2026-09-05T22:17:18.070009+09:00","Action":"output","Package":"waiting-room/internal/installplan/preflight","Test":"TestContextBindingAndDeterminism/repeat#04","Output":"--- PASS: TestContextBindingAndDeterminism/repeat#04 (0.00s)\n"}
{"Time":"2026-09-05T22:17:18.070022+09:00","Action":"pass","Package":"waiting-room/internal/installplan/preflight","Test":"TestContextBindingAndDeterminism/repeat#04","Elapsed":0}
{"Time":"2026-09-05T22:17:18.070024+09:00","Action":"output","Package":"waiting-room/internal/installplan/preflight","Test":"TestContextBindingAndDeterminism/repeat#10","Output":"--- PASS: TestContextBindingAndDeterminism/repeat#10 (0.00s)\n"}
{"Time":"2026-09-05T22:17:18.070051+09:00","Action":"pass","Package":"waiting-room/internal/installplan/preflight","Test":"TestContextBindingAndDeterminism/repeat#10","Elapsed":0}
{"Time":"2026-09-05T22:17:18.070054+09:00","Action":"output","Package":"waiting-room/internal/installplan/preflight","Test":"TestContextBindingAndDeterminism/repeat#42","Output":"--- PASS: TestContextBindingAndDeterminism/repeat#42 (0.00s)\n"}
{"Time":"2026-09-05T22:17:18.070071+09:00","Action":"pass","Package":"waiting-room/internal/installplan/preflight","Test":"TestContextBindingAndDeterminism/repeat#42","Elapsed":0}
{"Time":"2026-09-05T22:17:18.070074+09:00","Action":"output","Package":"waiting-room/internal/installplan/preflight","Test":"TestContextBindingAndDeterminism/repeat#45","Output":"--- PASS: TestContextBindingAndDeterminism/repeat#45 (0.00s)\n"}
{"Time":"2026-09-05T22:17:18.070076+09:00","Action":"pass","Package":"waiting-room/internal/installplan/preflight","Test":"TestContextBindingAndDeterminism/repeat#45","Elapsed":0}
{"Time":"2026-09-05T22:17:18.070077+09:00","Action":"output","Package":"waiting-room/internal/installplan/preflight","Test":"TestContextBindingAndDeterminism/repeat#09","Output":"--- PASS: TestContextBindingAndDeterminism/repeat#09 (0.00s)\n"}
{"Time":"2026-09-05T22:17:18.070093+09:00","Action":"pass","Package":"waiting-room/internal/installplan/preflight","Test":"TestContextBindingAndDeterminism/repeat#09","Elapsed":0}
{"Time":"2026-09-05T22:17:18.070095+09:00","Action":"output","Package":"waiting-room/internal/installplan/preflight","Test":"TestContextBindingAndDeterminism/repeat#08","Output":"--- PASS: TestContextBindingAndDeterminism/repeat#08 (0.00s)\n"}
{"Time":"2026-09-05T22:17:18.070112+09:00","Action":"pass","Package":"waiting-room/internal/installplan/preflight","Test":"TestContextBindingAndDeterminism/repeat#08","Elapsed":0}
{"Time":"2026-09-05T22:17:18.070115+09:00","Action":"output","Package":"waiting-room/internal/installplan/preflight","Test":"TestContextBindingAndDeterminism/repeat#43","Output":"--- PASS: TestContextBindingAndDeterminism/repeat#43 (0.00s)\n"}
{"Time":"2026-09-05T22:17:18.070125+09:00","Action":"pass","Package":"waiting-room/internal/installplan/preflight","Test":"TestContextBindingAndDeterminism/repeat#43","Elapsed":0}
{"Time":"2026-09-05T22:17:18.070128+09:00","Action":"output","Package":"waiting-room/internal/installplan/preflight","Test":"TestContextBindingAndDeterminism/repeat#23","Output":"--- PASS: TestContextBindingAndDeterminism/repeat#23 (0.00s)\n"}
{"Time":"2026-09-05T22:17:18.070137+09:00","Action":"pass","Package":"waiting-room/internal/installplan/preflight","Test":"TestContextBindingAndDeterminism/repeat#23","Elapsed":0}
{"Time":"2026-09-05T22:17:18.070139+09:00","Action":"output","Package":"waiting-room/internal/installplan/preflight","Test":"TestContextBindingAndDeterminism/repeat#30","Output":"--- PASS: TestContextBindingAndDeterminism/repeat#30 (0.00s)\n"}
{"Time":"2026-09-05T22:17:18.070156+09:00","Action":"pass","Package":"waiting-room/internal/installplan/preflight","Test":"TestContextBindingAndDeterminism/repeat#30","Elapsed":0}
{"Time":"2026-09-05T22:17:18.070158+09:00","Action":"output","Package":"waiting-room/internal/installplan/preflight","Test":"TestContextBindingAndDeterminism/repeat#03","Output":"--- PASS: TestContextBindingAndDeterminism/repeat#03 (0.00s)\n"}
{"Time":"2026-09-05T22:17:18.070174+09:00","Action":"pass","Package":"waiting-room/internal/installplan/preflight","Test":"TestContextBindingAndDeterminism/repeat#03","Elapsed":0}
{"Time":"2026-09-05T22:17:18.070176+09:00","Action":"output","Package":"waiting-room/internal/installplan/preflight","Test":"TestContextBindingAndDeterminism/repeat#40","Output":"--- PASS: TestContextBindingAndDeterminism/repeat#40 (0.00s)\n"}
{"Time":"2026-09-05T22:17:18.070188+09:00","Action":"pass","Package":"waiting-room/internal/installplan/preflight","Test":"TestContextBindingAndDeterminism/repeat#40","Elapsed":0}
{"Time":"2026-09-05T22:17:18.070191+09:00","Action":"output","Package":"waiting-room/internal/installplan/preflight","Test":"TestContextBindingAndDeterminism/repeat#02","Output":"--- PASS: TestContextBindingAndDeterminism/repeat#02 (0.00s)\n"}
{"Time":"2026-09-05T22:17:18.070224+09:00","Action":"pass","Package":"waiting-room/internal/installplan/preflight","Test":"TestContextBindingAndDeterminism/repeat#02","Elapsed":0}
{"Time":"2026-09-05T22:17:18.070227+09:00","Action":"output","Package":"waiting-room/internal/installplan/preflight","Test":"TestContextBindingAndDeterminism","Output":"--- PASS: TestContextBindingAndDeterminism (0.00s)\n"}
{"Time":"2026-09-05T22:17:18.07023+09:00","Action":"pass","Package":"waiting-room/internal/installplan/preflight","Test":"TestContextBindingAndDeterminism","Elapsed":0}
{"Time":"2026-09-05T22:17:18.070274+09:00","Action":"run","Package":"waiting-room/internal/installplan/preflight","Test":"FuzzClockFailClosed"}
{"Time":"2026-09-05T22:17:18.070277+09:00","Action":"output","Package":"waiting-room/internal/installplan/preflight","Test":"FuzzClockFailClosed","Output":"=== RUN   FuzzClockFailClosed\n"}
{"Time":"2026-09-05T22:17:18.070358+09:00","Action":"run","Package":"waiting-room/internal/installplan/preflight","Test":"FuzzClockFailClosed/seed#0"}
{"Time":"2026-09-05T22:17:18.070362+09:00","Action":"output","Package":"waiting-room/internal/installplan/preflight","Test":"FuzzClockFailClosed/seed#0","Output":"=== RUN   FuzzClockFailClosed/seed#0\n"}
{"Time":"2026-09-05T22:17:18.07067+09:00","Action":"output","Package":"waiting-room/internal/installplan/preflight","Test":"FuzzClockFailClosed/seed#0","Output":"--- PASS: FuzzClockFailClosed/seed#0 (0.00s)\n"}
{"Time":"2026-09-05T22:17:18.070674+09:00","Action":"pass","Package":"waiting-room/internal/installplan/preflight","Test":"FuzzClockFailClosed/seed#0","Elapsed":0}
{"Time":"2026-09-05T22:17:18.070692+09:00","Action":"run","Package":"waiting-room/internal/installplan/preflight","Test":"FuzzClockFailClosed/seed#1"}
{"Time":"2026-09-05T22:17:18.070695+09:00","Action":"output","Package":"waiting-room/internal/installplan/preflight","Test":"FuzzClockFailClosed/seed#1","Output":"=== RUN   FuzzClockFailClosed/seed#1\n"}
{"Time":"2026-09-05T22:17:18.071004+09:00","Action":"output","Package":"waiting-room/internal/installplan/preflight","Test":"FuzzClockFailClosed/seed#1","Output":"--- PASS: FuzzClockFailClosed/seed#1 (0.00s)\n"}
{"Time":"2026-09-05T22:17:18.071008+09:00","Action":"pass","Package":"waiting-room/internal/installplan/preflight","Test":"FuzzClockFailClosed/seed#1","Elapsed":0}
{"Time":"2026-09-05T22:17:18.071024+09:00","Action":"run","Package":"waiting-room/internal/installplan/preflight","Test":"FuzzClockFailClosed/seed#2"}
{"Time":"2026-09-05T22:17:18.071026+09:00","Action":"output","Package":"waiting-room/internal/installplan/preflight","Test":"FuzzClockFailClosed/seed#2","Output":"=== RUN   FuzzClockFailClosed/seed#2\n"}
{"Time":"2026-09-05T22:17:18.071305+09:00","Action":"output","Package":"waiting-room/internal/installplan/preflight","Test":"FuzzClockFailClosed/seed#2","Output":"--- PASS: FuzzClockFailClosed/seed#2 (0.00s)\n"}
{"Time":"2026-09-05T22:17:18.07131+09:00","Action":"pass","Package":"waiting-room/internal/installplan/preflight","Test":"FuzzClockFailClosed/seed#2","Elapsed":0}
{"Time":"2026-09-05T22:17:18.071337+09:00","Action":"output","Package":"waiting-room/internal/installplan/preflight","Test":"FuzzClockFailClosed","Output":"--- PASS: FuzzClockFailClosed (0.00s)\n"}
{"Time":"2026-09-05T22:17:18.071342+09:00","Action":"pass","Package":"waiting-room/internal/installplan/preflight","Test":"FuzzClockFailClosed","Elapsed":0}
{"Time":"2026-09-05T22:17:18.07135+09:00","Action":"output","Package":"waiting-room/internal/installplan/preflight","Output":"PASS\n"}
{"Time":"2026-09-05T22:17:18.235556+09:00","Action":"run","Package":"waiting-room/cmd/wrctl","Test":"TestPlanCLI"}
{"Time":"2026-09-05T22:17:18.235583+09:00","Action":"output","Package":"waiting-room/cmd/wrctl","Test":"TestPlanCLI","Output":"=== RUN   TestPlanCLI\n"}
{"Time":"2026-09-05T22:17:18.238329+09:00","Action":"output","Package":"waiting-room/cmd/wrctl","Test":"TestPlanCLI","Output":"--- PASS: TestPlanCLI (0.00s)\n"}
{"Time":"2026-09-05T22:17:18.23834+09:00","Action":"pass","Package":"waiting-room/cmd/wrctl","Test":"TestPlanCLI","Elapsed":0}
{"Time":"2026-09-05T22:17:18.238357+09:00","Action":"run","Package":"waiting-room/cmd/wrctl","Test":"TestCLIRejectsWithoutEcho"}
{"Time":"2026-09-05T22:17:18.238365+09:00","Action":"output","Package":"waiting-room/cmd/wrctl","Test":"TestCLIRejectsWithoutEcho","Output":"=== RUN   TestCLIRejectsWithoutEcho\n"}
{"Time":"2026-09-05T22:17:18.238514+09:00","Action":"output","Package":"waiting-room/cmd/wrctl","Test":"TestCLIRejectsWithoutEcho","Output":"--- PASS: TestCLIRejectsWithoutEcho (0.00s)\n"}
{"Time":"2026-09-05T22:17:18.238522+09:00","Action":"pass","Package":"waiting-room/cmd/wrctl","Test":"TestCLIRejectsWithoutEcho","Elapsed":0}
{"Time":"2026-09-05T22:17:18.238539+09:00","Action":"run","Package":"waiting-room/cmd/wrctl","Test":"TestCLIIOErrors"}
{"Time":"2026-09-05T22:17:18.238542+09:00","Action":"output","Package":"waiting-room/cmd/wrctl","Test":"TestCLIIOErrors","Output":"=== RUN   TestCLIIOErrors\n"}
{"Time":"2026-09-05T22:17:18.239244+09:00","Action":"output","Package":"waiting-room/cmd/wrctl","Test":"TestCLIIOErrors","Output":"--- PASS: TestCLIIOErrors (0.00s)\n"}
{"Time":"2026-09-05T22:17:18.23925+09:00","Action":"pass","Package":"waiting-room/cmd/wrctl","Test":"TestCLIIOErrors","Elapsed":0}
{"Time":"2026-09-05T22:17:18.23927+09:00","Action":"output","Package":"waiting-room/cmd/wrctl","Output":"PASS\n"}
{"Time":"2026-09-05T22:17:18.633483+09:00","Action":"output","Package":"waiting-room/internal/installplan","Output":"ok  \twaiting-room/internal/installplan\t1.334s\n"}
{"Time":"2026-09-05T22:17:18.63355+09:00","Action":"pass","Package":"waiting-room/internal/installplan","Elapsed":1.336}
{"Time":"2026-09-05T22:17:19.082044+09:00","Action":"output","Package":"waiting-room/internal/installplan/preflight","Output":"ok  \twaiting-room/internal/installplan/preflight\t1.782s\n"}
{"Time":"2026-09-05T22:17:19.08213+09:00","Action":"pass","Package":"waiting-room/internal/installplan/preflight","Elapsed":1.783}
{"Time":"2026-09-05T22:17:19.247864+09:00","Action":"output","Package":"waiting-room/cmd/wrctl","Output":"ok  \twaiting-room/cmd/wrctl\t1.948s\n"}
{"Time":"2026-09-05T22:17:19.248828+09:00","Action":"pass","Package":"waiting-room/cmd/wrctl","Elapsed":1.9489999999999998}
